sample,parcela,medida,n_veg_pixels,NDVI,GNDVI,NDRE,CIrededge,SAVI,EVI,VARI,TGI,spec_mean,spec_std,spec_p10,spec_p50,spec_p90,glcm_asm,glcm_contrast,glcm_correlation,glcm_variance,glcm_idm,glcm_sum_average,glcm_sum_variance,glcm_sum_entropy,glcm_entropy,glcm_diff_entropy,glcm_imc1,glcm_imc2,glcm_mcc,glcm_dissimilarity,glcm_inertia,glcm_cluster_shade,glcm_cluster_prominence,glcm_homogeneity,glcmw3_asm,glcmw3_contrast,glcmw3_entropy,glcmw3_correlation,glcmw3_homogeneity,glcmw5_asm,glcmw5_contrast,glcmw5_entropy,glcmw5_correlation,glcmw5_homogeneity,glcmw7_asm,glcmw7_contrast,glcmw7_entropy,glcmw7_correlation,glcmw7_homogeneity
R2_d50_b4,56,R2,65536,0.7589173316955566,0.1808212697505951,0.31341782212257385,0.932828426361084,0.6238576173782349,72.05183410644531,2.187429189682007,0.23826266825199127,0.31743842363357544,0.2490605115890503,0.058082204312086105,0.23365864157676697,0.7231677174568176,0.03345350040368968,1.624954044116022,0.965396748173299,23.47978814462604,0.6742183168729787,14.544577205867808,219.1906151417135,3.279746243659606,4.0754503863508855,1.2082912938861068,-0.46987746094211863,0.9582078984354656,0.9672205863911252,0.804396446077627,1.624954044116022,-206.9460498693319,14351.234666416412,0.6991633172359176,0.5002552395379447,0.4453793062363834,0.9575355008337564,0.4355274051859763,0.8304227692957971,0.38450641875430247,0.4453017982366558,1.3892533294055753,0.6259686737013727,0.8304284070471359,0.32508049105582437,0.4453981985155172,1.6615252937565639,0.7173020597703126,0.8304101218265083
R2_d200_b3,43,R2,65534,0.7945758700370789,0.18817289173603058,0.3764539361000061,1.2399263381958008,0.6469435095787048,-1.5574227571487427,1.881871223449707,0.22840005159378052,0.3065890967845917,0.24687248468399048,0.048729825764894485,0.23194347321987152,0.7176191806793213,0.02991967408599311,1.5864285003009724,0.9655405995515328,23.018805892580545,0.6791236475469005,14.623356031635357,218.49419910087565,3.309408708501335,4.099430136645708,1.1955551567280152,-0.4723129681916083,0.9595440911468276,0.9664292507526325,0.7893116205671026,1.5864285003009724,-194.55354785099593,13848.53816057144,0.7029460850229673,0.4994011692680614,0.4385354175524526,0.9541116786351439,0.4338231561687258,0.8325119922902077,0.3809463467103731,0.43855687021121825,1.385803337736649,0.6317842695974428,0.8325075591230975,0.31954746763232716,0.4385694764547944,1.6590531335185377,0.7253160718579992,0.8324798390078243
R2_d200_b3,42,R2,65532,0.7955386638641357,0.2140710949897766,0.37216347455978394,1.2272238731384277,0.6642583608627319,0.8479130268096924,2.22562575340271,0.23092535138130188,0.3149544298648834,0.25323641300201416,0.05121977627277374,0.23523709177970886,0.7423256635665894,0.0322294577549691,1.5699523539579539,0.9647172076621034,22.248130743214176,0.6773047335555744,15.585287944463754,239.0644869781483,3.270990710800058,4.056589820103912,1.1954304687105455,-0.47066244992199735,0.9579448400897307,0.9673321163123249,0.7906408469037487,1.5699523539579539,-337.76264452626936,14282.505282607824,0.7015499164242397,0.4961378377612493,0.436888760899862,0.9611063278069325,0.43277807765917486,0.8309683167668084,0.37765439322147076,0.43683524831935794,1.3937966240911823,0.6273055457492238,0.8309739676612371,0.3168650273848488,0.436979955178902,1.6651089584978456,0.716123200025266,0.8309495819486437
R2_d0_b1,14,R2,65488,0.6470922231674194,0.086849145591259,0.24350203573703766,0.651579737663269,0.5106411576271057,-5.749439716339111,-5.165852069854736,0.2103465497493744,0.308928906917572,0.22577126324176788,0.07990512996912003,0.23624739050865173,0.6580979824066162,0.04246093477328921,1.6017253278106824,0.9663975057078128,23.833429057714067,0.6819358400936012,11.173199907971343,157.02579634316086,3.217459499938864,3.9837519340343857,1.2012722562281242,-0.47199526828254623,0.9563795596996802,0.9669528659789237,0.7883061114937289,1.6017253278106824,337.4121155988897,14798.724355770022,0.7067665531047006,0.5300415041970648,0.4328185963149433,0.905420236619414,0.41577598532786864,0.8368267299205455,0.4230155570439326,0.4327848141319884,1.3113526010448187,0.5950008902822552,0.836831994348139,0.36703383117737987,0.4329867579580693,1.5682997632263933,0.6914903656578633,0.8367989717320021
R2_d0_b1,1,R2,65478,0.6846897602081299,0.11637399345636368,0.2671124041080475,0.7396544218063354,0.551033079624176,2.907853841781616,2.3279950618743896,0.2189190536737442,0.31266868114471436,0.22610649466514587,0.07656501978635788,0.25055253505706787,0.6642925143241882,0.03373585513868754,1.657058507781488,0.9643880332548822,23.265473086232902,0.6721796526094381,11.89004677554213,165.6378388336164,3.2741890123048787,4.072589113132299,1.2173300459336247,-0.46286847357930916,0.9560023116348026,0.9647193707614349,0.8132428494739202,1.657058507781488,247.07913574069278,13638.711702365234,0.6979811656271204,0.4986580259612666,0.4550280689367422,0.9646053314964111,0.43590013578218423,0.8272110261562717,0.3860435834732597,0.45512921173272713,1.3926568098839023,0.62071532832583,0.8271826002555447,0.3286022415711689,0.4550846633197929,1.6593809225405116,0.7153560471961266,0.8271966784797598
R2_d100_b3,41,R2,65526,0.763098955154419,0.1693844199180603,0.33554941415786743,1.029998779296875,0.6128358244895935,1.6050691604614258,1.935603380203247,0.2248784452676773,0.30523285269737244,0.2449410855770111,0.0540018305182457,0.22409042716026306,0.7084425091743469,0.03776573067561341,1.6367042059280346,0.967089548728343,24.866024964603042,0.6785801141379308,13.798628667725419,208.85791866965627,3.2615264561592627,4.045704432664552,1.2067762769732922,-0.4737386879464046,0.9585687269214116,0.9679399895487147,0.7970964529219027,1.6367042059280346,-93.28391823839047,14955.819505697262,0.7032725256299008,0.5069401597609969,0.4466487817068143,0.9450828714144466,0.42478798798767425,0.8325583037125404,0.39363271894613283,0.4467500201908289,1.3673707372884532,0.6119122241214265,0.8325483051908589,0.3354468513151754,0.44687887357529266,1.6318742632501406,0.704108443440992,0.8325595373086541
R2_d400_b2,16,R2,65536,0.8044286370277405,0.2563609182834625,0.40839049220085144,1.4463902711868286,0.6720969676971436,0.4881129562854767,1.8357679843902588,0.20702940225601196,0.30368930101394653,0.25304901599884033,0.04962847754359245,0.22161537408828735,0.7349644303321838,0.03088248191630791,1.4974034926455615,0.9670848940754069,22.746448028421447,0.6828680458810739,15.494477634788426,238.49752269670054,3.287547878480699,4.058671480083131,1.1744144563379362,-0.47690088033451633,0.9598243329898629,0.969065150824425,0.7696155024502107,1.4974034926455615,-315.48867067126423,14519.836985399856,0.7054328940770647,0.5049096910176107,0.42084865196078436,0.9405380991596168,0.4219898761613927,0.8360538364651416,0.3875188800428543,0.4209045458026961,1.3649205830049285,0.6196804315960768,0.8360500695720996,0.32685945356137736,0.42108410330277946,1.6333371908173628,0.7118179377257641,0.8360219969860051
R2_d400_b3,44,R2,65520,0.8012645244598389,0.21332228183746338,0.40880754590034485,1.4533554315567017,0.6632802486419678,-6.211546897888184,3.363987684249878,0.21778053045272827,0.3069310784339905,0.252319872379303,0.04869183525443077,0.23473858833312988,0.7391725182533264,0.034501436667047164,1.3232319362487726,0.9714447584189804,23.169685544024127,0.7055764055104499,15.42645774268628,239.37880474217687,3.2599753216205363,3.9705116010995014,1.125348262244792,-0.4996542410194484,0.9638277561184806,0.9730618467335466,0.7044747528917941,1.3232319362487726,-338.05766628703975,14860.948599348858,0.7256603489599451,0.5333733853028351,0.3776030207500976,0.8784577897973591,0.39730303617585916,0.8492919213654694,0.41719881101835843,0.37746529751695496,1.278963311198225,0.5974283180671637,0.849286211917428,0.35521130960814684,0.37741944310421904,1.5329833388494514,0.695258107628045,0.8492989999681337
R2_d400_b2,27,R2,65536,0.7922205328941345,0.23999008536338806,0.4064384996891022,1.4251203536987305,0.6431286334991455,1.2203291654586792,1.8420897722244263,0.19755849242210388,0.290776789188385,0.24735060334205627,0.049195751547813416,0.21031656861305237,0.7126005291938782,0.038707193347423764,1.4129901960770184,0.9710203742696368,24.379027685238555,0.7003035354634156,14.297257965671978,218.14467113507752,3.2500162017742364,3.9770988764423088,1.1487370506753085,-0.4960785808280284,0.9630520827034054,0.9724146387623257,0.727175245097312,1.4129901960770184,-186.8180734166694,14997.269464879908,0.7216680617552307,0.5350291503078854,0.39492272603485845,0.8809447438591123,0.3954150394210235,0.8464542625499274,0.42247410669471297,0.3949446784790306,1.2798343559399958,0.5877954669226928,0.8464390134236566,0.3631212929535801,0.3949715636254501,1.5319257915200521,0.6832004016700823,0.8464020173390536
R2_d0_b4,55,R2,65498,0.6935198903083801,0.10064809024333954,0.2853902280330658,0.8209737539291382,0.5441908836364746,0.10680685937404633,2.4882495403289795,0.21670205891132355,0.30474844574928284,0.23147453367710114,0.06743228435516357,0.2330114096403122,0.6678711175918579,0.03820015089221837,1.6776354619371392,0.9653803549875196,24.229530101517923,0.6800151452151401,11.960739224737194,171.0658997047157,3.25296024497154,4.039679432435189,1.2152910876268763,-0.4711585274737126,0.9576437485484541,0.9660594831577589,0.8012356183065855,1.6776354619371392,226.4812257085535,14516.033783874092,0.7054170814040274,0.5178915969095104,0.4536864666485204,0.9303747536489906,0.4202873179030718,0.8329094193344078,0.4089859699642631,0.45370651625700764,1.3455257792353117,0.5998705369356288,0.8328840411107512,0.35287963516929816,0.45378549344995706,1.605305088199097,0.6923078393634465,0.8328631457688656
R2_d100_b3,30,R2,65535,0.7941504716873169,0.23839667439460754,0.36221781373023987,1.1688299179077148,0.6614676713943481,-3.9481265544891357,1.7270889282226562,0.2270844727754593,0.31175801157951355,0.25599560141563416,0.05054641515016556,0.22632576525211334,0.7446389198303223,0.031591868711623075,1.4717862695972477,0.9682682806076125,23.191089194979654,0.6883593092634005,15.579402100216504,242.57514671527505,3.2797038842145483,4.040500644159907,1.1662641051341653,-0.4803767160307287,0.9603495850642092,0.9698424925239091,0.7563286533843553,1.4717862695972477,-335.02521525918365,14863.377304358793,0.7104425841051012,0.5112242166116394,0.4132740937934388,0.9257399352034067,0.41389731437808264,0.8393331825630503,0.3937453121255405,0.413320834036292,1.3448827022732415,0.6115900659031857,0.8393118418281755,0.33284656429856424,0.4133130675367909,1.6086950342999042,0.705712393454716,0.8392949304539705
R2_d100_b1,2,R2,65534,0.7461576461791992,0.18395625054836273,0.32555875182151794,0.9846571087837219,0.6092008352279663,-0.5346544981002808,1.7989331483840942,0.21989043056964874,0.30843135714530945,0.24428217113018036,0.06042304262518883,0.2322133481502533,0.7114617824554443,0.031645215136033425,1.554637232672016,0.9677269120917555,24.085659807273004,0.6864561123024915,13.969965990549177,208.6703860713215,3.2983970302361145,4.067252239120865,1.1868863764769593,-0.482914031167722,0.9617334198986016,0.9689572854883175,0.7720831546042894,1.554637232672016,-79.81628925700375,14166.540281987796,0.7100365322459377,0.5195064181252909,0.42589758675494627,0.9190761957363457,0.41460879591881444,0.8377070289411732,0.4079839980625982,0.4259141626391749,1.3327148979959087,0.5990378328679737,0.8377265666482783,0.350452245720984,0.4258321092665901,1.5937256407144758,0.6874439923831503,0.8377457394321979
R2_d100_b1,13,R2,65536,0.760208010673523,0.1890919804573059,0.3295058012008667,1.0017409324645996,0.6117146015167236,82.25825500488281,1.8485174179077148,0.2260017693042755,0.3043456971645355,0.24569165706634521,0.054743025451898575,0.21747693419456482,0.7090442180633545,0.031238949257547267,1.6592294730375563,0.9646497293534464,23.468412583491556,0.6706566941964377,13.90581341910374,204.55463202026644,3.3067468960954387,4.1166924463448975,1.2177483604789545,-0.4676994362658095,0.9586340974449236,0.9659617672254079,0.8159390318619291,1.6592294730375563,-89.36061359863368,13742.752707989275,0.696328538359092,0.49235398369417205,0.45726485906862746,0.9753465212158452,0.4376893377467262,0.8264679996709332,0.3773934565040812,0.45725529556440625,1.4104604617638627,0.6244565776033127,0.8264908355956677,0.31877939808301103,0.4571010435858371,1.6835303824141188,0.7142432876273792,0.8265244541067295
R2_d50_b3,40,R2,65536,0.7686830759048462,0.17478370666503906,0.32978078722953796,1.0043327808380127,0.6287803053855896,3.6783313751220703,-0.40163254737854004,0.23883311450481415,0.3157656490802765,0.248305544257164,0.0554235614836216,0.2345035821199417,0.7225313782691956,0.032213478601633976,1.6582414215669692,0.9646200445981634,23.434758504208332,0.6708249251535126,14.523437499985477,218.36775334436524,3.285690361483972,4.08903785474902,1.2160903779915049,-0.466073303503166,0.9574247844901159,0.9664531123315968,0.814476102940362,1.6582414215669692,-205.13834525415893,14179.770739790862,0.6962301559663623,0.4949618736383442,0.4538364651416122,0.9668903568928873,0.44145456491376334,0.8284912428513072,0.3788800757645603,0.45386096430759804,1.402522009823231,0.6302727714782742,0.8284665298628131,0.3195888430089864,0.45399785152776384,1.676801904763923,0.7208769291382144,0.8284178474558226
R2_d400_b3,45,R2,65536,0.792536199092865,0.20159806311130524,0.39845407009124756,1.3728548288345337,0.6495225429534912,0.27734994888305664,2.256178140640259,0.2134075164794922,0.30433425307273865,0.24863411486148834,0.050846729427576065,0.23261478543281555,0.7272219061851501,0.03597218215389604,1.4805223651945978,0.9694349566407842,24.219209305351473,0.6906312798875834,14.737737438710756,227.1224609718604,3.2605362940308127,4.006618184369822,1.1687239461428407,-0.48682251219794737,0.9612891970343788,0.970783744184546,0.7540058210776774,1.4805223651945978,-244.874572579041,15077.218130849817,0.713080427324889,0.5192364609809974,0.41136897467320266,0.9133353071959021,0.4158597491417927,0.8399236196214597,0.40442036308338436,0.4114002416938998,1.3258642839790258,0.6098969025009269,0.8399083478009259,0.3444505708823782,0.4115632506474812,1.5865663864092392,0.7035535370828617,0.8398728812705638
R2_d300_b2,26,R2,65536,0.7880585193634033,0.22805005311965942,0.4005545377731323,1.4152483940124512,0.6584411859512329,-0.6514565944671631,1.93260657787323,0.21126364171504974,0.30769163370132446,0.252950519323349,0.05245674401521683,0.2319585084915161,0.7450088262557983,0.032481231220067464,1.4800704656847943,0.9693440462754805,24.14001663217327,0.692491769716141,15.27749693625923,239.30386504139437,3.268172684738523,4.016801457885149,1.1641796787979024,-0.48338778559843093,0.9605919822767085,0.9711490299191526,0.7495557598031719,1.4800704656847943,-310.96988852881975,15180.439135525081,0.7142759616465708,0.5243695250090776,0.41143407883986927,0.9053237162260346,0.4002878062133747,0.8423864293981481,0.4116038994819089,0.41143897867306645,1.3133918789266907,0.5910007420055859,0.8423994399481436,0.3533476443132968,0.4115091139320311,1.5690453751555606,0.6823228918477922,0.8423776929536282
R2_d100_b4,54,R2,65535,0.7916931509971619,0.21014069020748138,0.3601148724555969,1.1606199741363525,0.6611509323120117,-43.70339584350586,-0.9563176035881042,0.23546545207500458,0.3187658488750458,0.25585100054740906,0.052338436245918274,0.2369767129421234,0.7504211068153381,0.034069710354791116,1.6080379300820344,0.9660311688819729,23.66931503142205,0.6784397233513838,15.523093538389453,243.60928697082636,3.253616582341578,4.039972502137788,1.2013390590667012,-0.46835938696709345,0.9568069274648924,0.9683593884434049,0.7938738931944634,1.6080379300820344,-353.86591939154414,15380.282713175136,0.7027345195656747,0.5030970761070251,0.44268844738279317,0.9494442011146786,0.4279888037953995,0.8320917180059042,0.38773705700412686,0.44261606408222404,1.376731588287845,0.6193635639777045,0.8320852093213966,0.3284218723493761,0.4425353812627628,1.6454746782668628,0.7088670728321269,0.8320929080821675
R2_d300_b2,31,R2,65501,0.7959398627281189,0.2288418412208557,0.3974796235561371,1.3793437480926514,0.657136082649231,4.054987907409668,1.9758728742599487,0.21402689814567566,0.3042069375514984,0.25263962149620056,0.04957868158817291,0.22316984832286835,0.7343987822532654,0.03068421477313043,1.545543734860643,0.9666201789033004,23.150869057499705,0.6844614854683675,15.340175368657437,236.2260297338435,3.2916029536996856,4.065045077459925,1.1828219546072622,-0.4762759585972421,0.9598084519381768,0.9681072558908156,0.7735076800433752,1.545543734860643,-297.61902790395817,14536.797557299189,0.7073420971431036,0.508228206909489,0.428229689318851,0.936533147597659,0.4179340280389212,0.8361056855983886,0.3929184781530348,0.4281723888885931,1.3575219567508057,0.6088994946491776,0.8361242150761683,0.33385604716594575,0.42801152854359403,1.6211304277050345,0.7004380250168071,0.8361630788124672
R2_d50_b1,3,R2,65531,0.7158799171447754,0.1549936830997467,0.302693635225296,0.8837687373161316,0.5789856314659119,3.619598150253296,2.3015472888946533,0.21338053047657013,0.3055400252342224,0.23465940356254578,0.06719254702329636,0.23546546697616577,0.6803470849990845,0.036820193132268086,1.5307487245468907,0.9686179127725175,24.38889283193751,0.6892241709540963,12.780063121434726,186.59869808909534,3.2630323089523174,4.021436252545355,1.183553904512758,-0.48459261583234714,0.9610472253217853,0.9694465267145396,0.7648955891582798,1.5307487245468907,89.05918295161837,14344.889949876218,0.7132073898331646,0.5218594715311886,0.4215166133706939,0.9153779091331123,0.4159732870715576,0.8379668127805566,0.4125570289418947,0.4214625641880395,1.3256048038814834,0.5957781357566918,0.8379784341298644,0.35711002691424165,0.4213196448875757,1.5817140496241127,0.685264411541731,0.838012670816115
R2_d50_b1,12,R2,65517,0.7089227437973022,0.13743221759796143,0.2900390028953552,0.8306105732917786,0.5574599504470825,1.544602870941162,1.4638645648956299,0.21096815168857574,0.29760536551475525,0.2317580133676529,0.06434453278779984,0.2202073633670807,0.6602227687835693,0.03933542721996566,1.674040811946127,0.9652332494115029,24.0753131014398,0.6782558593832315,12.04907242088894,171.97508971306297,3.25430817623091,4.042849503487023,1.2151919655618189,-0.4713206035955953,0.9577766769024408,0.9661401994135658,0.8040244902329872,1.674040811946127,195.27075340258216,14458.419709131347,0.7035242908847954,0.5123982431336653,0.45316625558233736,0.9391324912570779,0.424502675080235,0.8317433463913353,0.4028772517065019,0.4532552757241732,1.3567261070304921,0.6031289993095932,0.8317142018113256,0.3468036122900868,0.45332013590633435,1.6191556141427017,0.6926470576411712,0.8317008326621964
R2_d50_b3,39,R2,65470,0.6973293423652649,0.09838566929101944,0.28782814741134644,0.8229023814201355,0.5594354271888733,0.4011313319206238,2.4625675678253174,0.2231956422328949,0.3123040497303009,0.23447731137275696,0.06904825568199158,0.24680662155151367,0.6860156059265137,0.03953765836178814,1.551791590912769,0.9691877301840596,25.1813904023456,0.6948065502407494,12.609332688946342,186.75461917217913,3.2508686507848967,4.0032723363618175,1.1806317164738558,-0.4873033700142187,0.9613369930678586,0.9702167565112365,0.7565875773817026,1.551791590912769,131.9333477910492,14992.735630603574,0.7180726983851922,0.5364585723107977,0.4227573950462363,0.888566741132848,0.3964536064669355,0.8419006547276882,0.4297428539811576,0.4227417604265471,1.2850993234965804,0.5738378933757654,0.841877456725244,0.3744189356897086,0.4226514999517479,1.5334899063501095,0.6615784693283486,0.8418886170432573
R2_d0_b2,25,R2,65503,0.6725673675537109,0.09899748861789703,0.2547057271003723,0.6940352916717529,0.543707549571991,-1.3243778944015503,1.8204848766326904,0.2262871265411377,0.3183240592479706,0.23188969492912292,0.07881469279527664,0.24755072593688965,0.6832798719406128,0.04114890640144331,1.647823087534762,0.9664669100430965,24.570105075036892,0.6818682342805413,12.092587766353079,175.09680848599825,3.2345850979605197,4.010561283886371,1.2093625485709902,-0.4738345074208688,0.957663281850301,0.9675571006150555,0.794473401808189,1.647823087534762,182.7878585625922,14673.929071175682,0.7070212605450054,0.52783425591642,0.44060783806869114,0.9129006357323739,0.4096062981900347,0.8358734019440535,0.42330412521277905,0.44058528239313977,1.317232027823371,0.5799621317407382,0.8358561331847449,0.36981141871451634,0.440500752332886,1.5690852098645591,0.6664738965310593,0.8358729937296134
R2_d100_b4,53,R2,65419,0.7663772702217102,0.16778631508350372,0.3424309194087982,1.073830246925354,0.6271694302558899,15.81184196472168,1.8659437894821167,0.23589634895324707,0.31356969475746155,0.24922820925712585,0.056039586663246155,0.24402882158756256,0.726222038269043,0.029574398544297956,1.6406176811600055,0.9655655855360864,23.82235485340317,0.6735381401906301,14.486020778767507,218.5463039128326,3.3102656731748166,4.110005462660459,1.2112744740381511,-0.46829536654823484,0.9586379917284604,0.9667356417414195,0.807946002809626,1.6406176811600055,-165.9797344525918,14270.401279063773,0.6985744891135321,0.5023939193900366,0.44798807286790915,0.9527968190879248,0.4353463382737425,0.8309220063859314,0.38639227856556285,0.44804906916706466,1.3825771416212111,0.625698728545091,0.8309191994407825,0.32699360442564956,0.44805751788973647,1.6534367001865915,0.7142053446995937,0.8309117081220461
R2_d0_b2,32,R2,65518,0.6619501709938049,0.08087519556283951,0.25447550415992737,0.6919663548469543,0.5221427083015442,-8.349494934082031,2.1975622177124023,0.21859674155712128,0.31122010946273804,0.22993768751621246,0.07642167806625366,0.23880252242088318,0.6734094023704529,0.04678473978227573,1.6129561232761913,0.9670325201591609,24.46283627076518,0.6854113121732113,11.465954544746472,164.69626985709118,3.192026765439631,3.9476219709758658,1.202054422396001,-0.47730668524686676,0.9569875770932976,0.9681212265941007,0.7837887541945543,1.6129561232761913,265.95423738098924,14798.740099833467,0.7104836290615612,0.5352552558058283,0.4300002586130473,0.8986944788679272,0.40350347117683755,0.8383164490523969,0.4327186391924847,0.42999607979186505,1.2965248314219153,0.5680768041033796,0.8383103173622851,0.380828524620319,0.4300801615133676,1.5428613358121632,0.6525818167063571,0.8382721068235341
R2_d200_b1,4,R2,65532,0.7930458784103394,0.2329055815935135,0.39251014590263367,1.34308922290802,0.6513974070549011,3.825139284133911,1.9223322868347168,0.21177059412002563,0.2996693551540375,0.2521199584007263,0.04931909218430519,0.21522676944732666,0.7309263348579407,0.031921041671594874,1.412850642683924,0.9700155379348244,23.55971301905368,0.6956395382922469,15.057313130988573,231.66493421305,3.2743197600618474,4.015212052864822,1.1499954782018749,-0.4880743495247684,0.9618504178731508,0.9719495372166741,0.7347142003577596,1.412850642683924,-278.7353653457885,14595.233760379228,0.7169085967799173,0.5244846304069268,0.39751859681807233,0.9001140791559803,0.4080911899145886,0.8438540432120993,0.41061412956030796,0.39743951594501115,1.306782396774576,0.5984079125871835,0.8438738606999832,0.3518008067235938,0.39729359726058855,1.5630202014316796,0.6886791811899885,0.8439167634184661
R2_d200_b1,11,R2,65536,0.7713058590888977,0.20357844233512878,0.3500835597515106,1.1063048839569092,0.628903329372406,0.15315675735473633,1.2779009342193604,0.21836544573307037,0.30446857213974,0.24777215719223022,0.05386767536401749,0.22278888523578644,0.7179235219955444,0.03352969928222896,1.5665211397043157,0.9669723758634744,23.71531680762161,0.6794349526518093,14.474946384789446,218.57005323342483,3.282301159354843,4.059798083396232,1.1944607141581947,-0.47614922364995366,0.9596371154632732,0.9684282482176677,0.7870021446070561,1.5665211397043157,-196.22851066867747,14399.663134764214,0.7036617142509691,0.5062779895908981,0.43307419321895424,0.9422937895879411,0.42920641834702133,0.8328927454951889,0.39099032905381004,0.432984257982707,1.3645777764250413,0.6205093537233071,0.8329060959272309,0.33130047155497533,0.4329001867674153,1.631602572027734,0.7103236482242576,0.8329272727428645
R2_d400_b4,52,R2,65533,0.8138867020606995,0.2557508051395416,0.4244464039802551,1.5587897300720215,0.684247612953186,1.4740123748779297,2.5768375396728516,0.21229033172130585,0.30775243043899536,0.25842779874801636,0.0470893532037735,0.227639839053154,0.7513590455055237,0.0324130681256505,1.4388543765161903,0.9671965098227905,21.931422062317164,0.6884739802035096,16.198523159870128,253.8659477259335,3.2532879803560335,4.008830677823415,1.160709799095872,-0.4782461542491891,0.9589155493215014,0.9705274659128097,0.7516794460310066,1.4388543765161903,-415.1173585877011,14843.195990845054,0.7105026915022183,0.5069715766710121,0.40838469681825684,0.9348890539076398,0.4188159235577732,0.8378457312115577,0.38986978168396635,0.4083346361692831,1.3557924103358352,0.6152888775573497,0.8378611661100901,0.32930575628893377,0.40825899413571975,1.6199265973044983,0.7075852808117356,0.8379069988979123
R2_d200_b2,24,R2,65536,0.7501214742660522,0.176122784614563,0.3530157506465912,1.14042067527771,0.6149955987930298,1.5612396001815796,2.286457061767578,0.2080257683992386,0.3041190505027771,0.24202629923820496,0.05953087657690048,0.23705530166625977,0.7127319574356079,0.03843280297975285,1.2622166053908943,0.9746739887403375,24.919372268161982,0.7173426757081216,14.033785232829102,214.83988056427444,3.2437616880526154,3.9270722507678206,1.1034480535994273,-0.5152137402041486,0.9666833895189696,0.9764328880406107,0.6749463848032465,1.2622166053908943,-137.9070108371784,14965.119539896608,0.7362753094443801,0.5491276419904381,0.3638393161083878,0.8499781129119873,0.3778415368661526,0.8544327852668847,0.43990623235284665,0.3638029981958061,1.2340764937769384,0.5640440961100843,0.8544535164760348,0.38307091990330655,0.3637714758646514,1.4748535953412012,0.6558283304138351,0.8544657903670728
R2_d200_b4,51,R2,65532,0.8103863596916199,0.24058087170124054,0.405239462852478,1.4201728105545044,0.6750561594963074,-0.5352804660797119,1.820120096206665,0.22028851509094238,0.3079601526260376,0.25702738761901855,0.04677661135792732,0.2266448438167572,0.7450118064880371,0.03254133962031312,1.4516297062301158,0.9675250059229015,22.349961060204393,0.6865619453996309,15.811321766424877,245.4008037664662,3.2633104008084364,4.0267274802193525,1.1639761542788656,-0.4773824101041323,0.9591350383164843,0.9699580001966028,0.7567582059818545,1.4516297062301158,-368.61665120921936,14689.831847016909,0.7087296176522686,0.5049084361438558,0.40936447247246877,0.9359239868975405,0.42539015045667883,0.8378833659490665,0.386179578083579,0.4093761874140647,1.3603742285267024,0.6221100345134238,0.8378839573222969,0.32529392410736296,0.40929507635369033,1.6282540377078192,0.7097784667532976,0.8379081886637243
R2_d200_b2,33,R2,65516,0.7505459189414978,0.166428342461586,0.3522944450378418,1.121800422668457,0.6045610308647156,1.4103102684020996,2.31256103515625,0.20468692481517792,0.2983276844024658,0.2394285351037979,0.05642182007431984,0.22842009365558624,0.6942817568778992,0.045345526527068976,1.4228756216603775,0.972014484174476,25.421643653851426,0.7057786603903851,13.48752078590496,205.81563489163264,3.2136736049451553,3.9318033067251505,1.1469664353281055,-0.49914115853193447,0.9627289454724303,0.9734409052910994,0.7189513935179059,1.4228756216603775,-70.19104323792419,15438.986367557027,0.7270979926430252,0.5473727771875911,0.39371758483889086,0.8604904077226743,0.39176309995084985,0.8495191449947375,0.4392426618818596,0.39352491438370885,1.2515650000386294,0.5728362457138297,0.8495530035957859,0.38286297840134065,0.39342345045782917,1.4986856219409104,0.6617774220357701,0.8495815175782235
R2_d300_b1,5,R2,65536,0.7995869517326355,0.24032029509544373,0.4032124876976013,1.4028923511505127,0.6548601388931274,-0.09067755937576294,2.6031436920166016,0.21026794612407684,0.2981616258621216,0.2527218759059906,0.04777482524514198,0.20906101167201996,0.7315967082977295,0.0376844752104525,1.3926317401946857,0.9711650245302876,24.148308042555627,0.7039676599716578,14.987745098024225,233.28094693232222,3.236985696943792,3.9577017552350595,1.1406007152820503,-0.495891412019951,0.9625169686264307,0.9728698726318988,0.717080269607126,1.3926317401946857,-297.7237199528604,15330.137209821973,0.7247485167118315,0.53142479310397,0.39388020833333337,0.8858410069805532,0.4010268473831712,0.8464910130718954,0.41785552183684527,0.393784398828976,1.2867944467644366,0.5926271317706613,0.8465049771355301,0.35877858702351695,0.393832075625389,1.5394491703804902,0.6842797475573958,0.8464939727771896
R2_d300_b1,10,R2,65536,0.7860325574874878,0.22726839780807495,0.3798576593399048,1.267615795135498,0.6443910598754883,0.9730808734893799,2.812608480453491,0.2116982340812683,0.3017265200614929,0.25070467591285706,0.050634805113077164,0.21613359451293945,0.7285485863685608,0.037309977389462304,1.4883042279396879,0.9689648680869702,23.97773323474673,0.6924195857440133,14.831916360279283,228.541844071443,3.250931282999099,4.000433728253932,1.1683115241393243,-0.48669331048311265,0.9610959066533402,0.9707765255104814,0.7512944240188564,1.4883042279396879,-263.201235031146,15039.793697065677,0.7147971197291945,0.5194000133328794,0.413728894335512,0.9143649471388591,0.41261049523878573,0.8401925527155307,0.4051242176436547,0.41379127519063186,1.3267293999519536,0.6044872230905158,0.8401608623049914,0.34534475373574486,0.4136904960769029,1.5876289102574552,0.6957899935825828,0.8401632517011435
R2_d300_b3,50,R2,65536,0.8093584179878235,0.22452250123023987,0.4195539653301239,1.5005764961242676,0.6542585492134094,2.236997365951538,1.892792820930481,0.20834466814994812,0.293305903673172,0.2487250417470932,0.04502969607710838,0.21442937850952148,0.7133926749229431,0.0319644712677008,1.5907398897042917,0.9657817771747716,23.244045982806917,0.6771229379325121,14.638886335769678,220.04140271983698,3.296225330603815,4.088520795747667,1.1996035728892531,-0.473060953295114,0.959482011323865,0.9670891053022409,0.7946767769599896,1.5907398897042917,-197.64767382673733,14179.026598241087,0.7015295317930765,0.49919343171296293,0.4397267327069717,0.9561331465604359,0.43863806972421315,0.8313283590345861,0.38019915594953746,0.43987595103145427,1.3895063107753445,0.6369939940989575,0.8313051523777915,0.31838259054173657,0.43987332098638066,1.6640789789237553,0.7281423337714786,0.8313265203868005
R2_d0_b3,37,R2,65532,0.7217667698860168,0.11333540827035904,0.2988901734352112,0.8664020895957947,0.5721120834350586,-0.4597899317741394,1.5099540948867798,0.2285166233778,0.3066479563713074,0.23480309545993805,0.06278812885284424,0.23450607061386108,0.6833045482635498,0.04218325646841962,1.6694549131337293,0.9659491834730464,24.514168577091006,0.6799485723035921,12.41056163249058,180.65919686244936,3.230584646295266,4.008866229371866,1.2132757063928492,-0.4729810639576821,0.9573625380991047,0.9670143575585327,0.8000582161342615,1.6694549131337293,103.73251922929182,14395.258024823655,0.705129498015892,0.521035701961771,0.44968342641187997,0.9242124157872375,0.41783444831269456,0.8338796418822927,0.4133534833915117,0.4497432396544542,1.3371834526594584,0.5949529931185185,0.8338705322739984,0.3576933607033478,0.4496605267789884,1.5976414148375135,0.6850036408971172,0.833867701797898
R2_d50_b2,20,R2,65536,0.7306497693061829,0.15962126851081848,0.3032386004924774,0.8872311115264893,0.5812014937400818,1.6674573421478271,2.0662615299224854,0.21966204047203064,0.3011264204978943,0.23872889578342438,0.06049622967839241,0.21431106328964233,0.6846923828125,0.04250639854226122,1.6472579656846271,0.9665181858339625,24.599293775346872,0.6752199563046539,12.860937499987136,189.28224914109308,3.2415647550917974,4.025763404269682,1.2134619517514718,-0.4744912709699622,0.9582639320955514,0.9678264524867607,0.8060355392148801,1.6472579656846271,42.50295339033403,14619.844972657429,0.7007336956634866,0.5079815604386044,0.4495491642837691,0.947088274016902,0.4317708052826912,0.830842715992647,0.39658131443279465,0.44955535556236387,1.3717324067952164,0.6142340654104878,0.8308079895152505,0.3398875696646919,0.44945137890225534,1.6392462588401142,0.7027156230537521,0.830812338650738
R2_d300_b3,48,R2,65517,0.793315052986145,0.20484569668769836,0.40371161699295044,1.4347978830337524,0.6535477042198181,1.1008929014205933,2.305076837539673,0.2142471969127655,0.30125483870506287,0.2493957281112671,0.04899808391928673,0.22741714119911194,0.7245182394981384,0.03337171799172559,1.4556405265805124,0.9690901048596339,23.546513500938943,0.6956287041585223,14.96311167643444,229.31766183775676,3.276056942226666,4.0321361346785345,1.158976048877133,-0.48560127341842996,0.9615969131325304,0.9707776618390503,0.7407549309581716,1.4556405265805124,-258.68289234909327,14697.458991904774,0.7173715971748291,0.5227194074604942,0.407224498246608,0.9064868012630818,0.4025518001204885,0.842649952413852,0.40874373972926925,0.40706662691956375,1.3157817733660115,0.596617199485635,0.8426756509161109,0.3491735668915969,0.4069834849833027,1.5743903878448167,0.6901513564749635,0.8427001005170545
R2_d100_b2,23,R2,65515,0.7415562272071838,0.1679912507534027,0.3125383257865906,0.9299012422561646,0.5938367247581482,0.255107045173645,1.7562199831008911,0.21731778979301453,0.3018178641796112,0.24097831547260284,0.05818841978907585,0.21952097117900848,0.6938387155532837,0.037847247593502255,1.527858024074916,0.9686484010401796,24.366508801436932,0.6927540027165527,13.392318832792485,198.50412571990194,3.2648340247041294,4.0217605658376465,1.176631287555712,-0.486125133876467,0.9614800802712933,0.9697775305276342,0.7571359606432226,1.527858024074916,-35.54458952750838,14414.998195218035,0.7155615300879062,0.525652338006332,0.4199445072391209,0.9055543379125799,0.40958992754353307,0.8401739296316547,0.4142658467569964,0.42006752673789505,1.3134507282379708,0.5973130146540144,0.8401466741982069,0.35596717390935606,0.42017685142648575,1.5722821470152453,0.691847127805015,0.8401183409229284
R2_d50_b4,57,R2,65534,0.7163955569267273,0.1337292492389679,0.285106897354126,0.8093604445457458,0.5732595920562744,1.8178528547286987,2.3282763957977295,0.22764340043067932,0.3132469952106476,0.23930561542510986,0.06556029617786407,0.23276185989379883,0.6966173648834229,0.03569312179419509,1.7273576812287401,0.9647120556746684,24.475181456054408,0.6676609173060721,12.914945768722912,189.12591191382876,3.2737558125668897,4.079046467618495,1.2327506020575099,-0.464631230173772,0.9567198255884894,0.9653574007389594,0.8311324223289684,1.7273576812287401,55.31824536480224,14365.861735071596,0.6942957388188741,0.5009624241698845,0.4667534258683762,0.9621640453712552,0.43911040042858557,0.826886649658706,0.3877750291186097,0.46670996386802616,1.392631875671333,0.6261999633841271,0.8269097164866358,0.3292096336019452,0.4667007601035529,1.6645775202529653,0.7217026893805802,0.8269177446116007
R2_d100_b2,34,R2,65508,0.722956120967865,0.11295776814222336,0.30104032158851624,0.8758651614189148,0.572437047958374,-0.38701629638671875,4.168586254119873,0.23029331862926483,0.3056841492652893,0.23801767826080322,0.06152113899588585,0.23062695562839508,0.6902990341186523,0.05232667032407872,1.4926042305319225,0.9707703740191699,25.532386754347016,0.6981437173421745,12.562867872458314,188.63709380588202,3.1820283034816548,3.909408472232821,1.1681530028977982,-0.4938759827950177,0.9607262143650452,0.9718510124142291,0.7424509503364739,1.4926042305319225,75.44075570320956,15398.41847747859,0.7210024558001713,0.5441314592544485,0.40747176716588995,0.8730128461887261,0.4029550643562183,0.8450935468082483,0.43629532154992945,0.40729397208537554,1.2682132375910364,0.5854969405474209,0.8451315098339943,0.3790856789173742,0.4072184052174063,1.5206976190942814,0.6751498356403086,0.8451846856785221
R2_d400_b1,6,R2,65536,0.7896907329559326,0.2328300178050995,0.4123725891113281,1.470716953277588,0.6517947316169739,0.4618239104747772,2.1160247325897217,0.2030239850282669,0.3016339838504791,0.24916359782218933,0.05141827464103699,0.22087666392326355,0.7274399399757385,0.032971135439691296,1.311397058822218,0.9720964915547528,23.49878441426568,0.7076441567888639,14.91079963233803,227.99623618840712,3.278409697765038,3.986563954357138,1.1203748421279331,-0.5048123154213557,0.9655307391099249,0.9738450030844316,0.698651960783615,1.311397058822218,-248.61613669277233,14429.391445447602,0.7273917373128849,0.5321201831427016,0.37900454452614385,0.8816301426125853,0.389241826204506,0.8484119264025054,0.4195582988865154,0.3788945610362201,1.277270771936037,0.5781553611971113,0.8484169155943628,0.3616968900269213,0.3788469893165599,1.5234303728315906,0.6700677848745358,0.8484200847005469
R2_d400_b1,9,R2,65536,0.807645320892334,0.25842955708503723,0.4157915413379669,1.4868526458740234,0.6700034737586975,1.2351536750793457,1.7145681381225586,0.2067398875951767,0.30129748582839966,0.2543795108795166,0.048396769911050797,0.21571668982505798,0.7374505400657654,0.030248624632179803,1.4016314338221276,0.9689881797047069,22.598341863786327,0.6920128668965578,15.579005821062854,239.905498680481,3.2943095424027247,4.040551130197839,1.1511736385978815,-0.48720481448550607,0.9622457541860603,0.970516978555291,0.7402650122541616,1.4016314338221276,-318.8730614736537,14327.75521736909,0.7135644926366191,0.5124859106451223,0.39777582039760345,0.920122979591713,0.41973223793657477,0.8412704035607297,0.393696694581792,0.3978138276143791,1.337801687649931,0.6195270488309331,0.8412583344680464,0.3314635252742526,0.39772458384395426,1.6020851574659338,0.7132944163369224,0.8412370967918417
R2_d0_b4,58,R2,65518,0.6806615591049194,0.09813730418682098,0.2628600597381592,0.724843442440033,0.5403465032577515,-2.1769638061523438,1.9238839149475098,0.22454459965229034,0.31350627541542053,0.23151353001594543,0.07349682599306107,0.2394869327545166,0.6769365072250366,0.04228137950977412,1.7839293787674022,0.9632273108757075,24.256172463621724,0.6705287726591422,11.778458072463874,168.4013692660368,3.225060572628562,4.029840176906992,1.2415490542598675,-0.4606401559485239,0.9541201788555697,0.9644785186457996,0.8337611782457429,1.7839293787674022,217.2534261144528,14482.689983700137,0.6977202652698936,0.5165540910716375,0.471696569378858,0.9387280492396235,0.4249610253622678,0.8286552784616967,0.41067687160837607,0.4715949731712826,1.3555753943973623,0.5954962590542217,0.8286642587201565,0.3566460407610954,0.4717771592603086,1.617358182017482,0.681959761084487,0.8286134030214629
R2_d0_b3,49,R2,65523,0.774553120136261,0.17792360484600067,0.3628454804420471,1.1708862781524658,0.6096401810646057,0.9909833669662476,2.30342698097229,0.21429623663425446,0.2901514172554016,0.2442975789308548,0.04805399104952812,0.20475919544696808,0.6955520510673523,0.03904597271851532,1.6094152261844887,0.9669134556081719,24.321295192306458,0.6846614397073749,13.594458747074798,202.55764875079254,3.2560892814590017,4.032548608998551,1.1993418422924287,-0.4787020654267584,0.9596673378566796,0.968026341848831,0.7836061051849464,1.6094152261844887,-73.71083508300023,14554.19711556761,0.7090285959555259,0.5159840021654833,0.43850634518788534,0.9288446354105372,0.41974532193545244,0.8351804760829468,0.4035335972929638,0.4383303672188532,1.3475734538940802,0.6065857154935541,0.8352029638287183,0.34485177578587517,0.43830191577203104,1.6128548444462623,0.6975652796185935,0.8351891112745005
R2_d300_b4,60,R2,65531,0.8117566108703613,0.25263115763664246,0.4169214963912964,1.4907917976379395,0.6666795015335083,-10.157058715820312,2.14223313331604,0.2073608785867691,0.2974694073200226,0.25443872809410095,0.045025598257780075,0.21512284874916077,0.7340535521507263,0.03441647003535281,1.4731544395318608,0.9684078193982263,23.315175010918608,0.6857117282731505,15.493117210405595,241.523699044006,3.2564447280828763,4.013794123330532,1.1713708929113174,-0.4805920796840583,0.959721862128946,0.9703934311134434,0.7624460905594362,1.4731544395318608,-345.1362482297594,15128.013370831974,0.7085909966863562,0.5108233012793226,0.41242421860315653,0.926810474525509,0.42921821741629096,0.8377482735787147,0.3927711071319047,0.41237458026461776,1.347689558304884,0.6272551264694545,0.8377589394650005,0.331219695530659,0.4123456092305884,1.6147777929206693,0.7168165183315633,0.8377508502243389
R2_d50_b2,8,R2,65210,0.76978600025177,0.1910385638475418,0.3675369322299957,1.2041577100753784,0.6378702521324158,2.6256959438323975,1.8415908813476562,0.22303633391857147,0.3126084506511688,0.24650205671787262,0.05690176039934158,0.2396835833787918,0.7296066284179688,0.03159937316435456,1.3410830603185664,0.9709733289942579,23.100876086451983,0.7040867840456504,14.747658508368371,222.2400861387428,3.2943766707007573,4.015912233443527,1.1285609459701662,-0.4980469647214841,0.9645131801676797,0.9722226249876752,0.7094546155321484,1.3410830603185664,-227.50585836007667,13880.686918153153,0.7241050757547658,0.5280362651278969,0.3857836956329701,0.8870899841708021,0.4026216375546073,0.8469952850165703,0.4109086390346732,0.3858594241282553,1.2899238277754834,0.6024134566095944,0.8470018667837065,0.34946977920712075,0.38577594573106455,1.5450270740027447,0.6977598572793613,0.8470134791629613
R2_d300_b4,61,R2,65536,0.8220664262771606,0.23576068878173828,0.42601755261421204,1.527903437614441,0.6640266180038452,1.1565430164337158,2.0890729427337646,0.21385006606578827,0.29455700516700745,0.2500646412372589,0.04220810532569885,0.21237212419509888,0.7149027585983276,0.030133760944263645,1.4847120098024367,0.9667174117362842,22.30463565406197,0.6802644028620167,14.944990808808583,223.14291142979135,3.3084500503557734,4.081928709229991,1.1766361245870662,-0.48034380852438946,0.9613860587689983,0.9683748943600395,0.7736825980384419,1.4847120098024367,-226.9286852971552,13669.029215216247,0.703550790975409,0.49904952408239533,0.42066376463779953,0.9500848753290081,0.44399887085881923,0.8333986289828432,0.37784583252248627,0.4206627774373639,1.3822813673561454,0.6492452202875059,0.8333902867136438,0.3131311417096374,0.4207616841875638,1.6607030838306156,0.7460508506360733,0.8333707750027093
R2_d400_b4,62,R2,65536,0.8227345943450928,0.2544739842414856,0.43133050203323364,1.5704684257507324,0.66905677318573,3.028573751449585,1.8490744829177856,0.20634415745735168,0.2927367389202118,0.2501325309276581,0.042366307228803635,0.21034875512123108,0.7175946235656738,0.027374396465265828,1.4706341911749998,0.9661221451892834,21.70494854647333,0.679329041756509,15.096017156847646,223.90678000329635,3.324967075892204,4.105675472377193,1.1728892523437715,-0.475581248871774,0.9606402319197558,0.967190522917885,0.7732996323521678,1.4706341911749998,-237.609120570034,13132.556194460463,0.7022697859518732,0.49562844669117645,0.41477609272875815,0.9532938527660596,0.4404168220456566,0.8343501887878995,0.37341698390054806,0.4148303781147876,1.3870664393444763,0.6420537721791613,0.8343572323424451,0.31006069845192746,0.41473612852258956,1.6611444885812316,0.7358329773401973,0.8343666206897979
R2_d200_b4,63,R2,65536,0.8380874395370483,0.27837860584259033,0.43971484899520874,1.6240288019180298,0.6917073130607605,0.40796834230422974,2.5065057277679443,0.2150958925485611,0.30008745193481445,0.2580181062221527,0.04055411368608475,0.2141527533531189,0.7381591796875,0.027633769421373685,1.1915594362733182,0.9711410975167303,20.644572967367857,0.7054382908644398,15.95032169116052,240.73290188367517,3.3270824297730637,4.025933259720089,1.0944654675326746,-0.5065198893487656,0.9668683438743054,0.9718687766607815,0.6860600490189217,1.1915594362733182,-293.73906979736546,12920.279192286162,0.7240826877618809,0.5235635477184701,0.35506046602668845,0.8848785527752161,0.42450993275216564,0.8493920206971678,0.3985192208858611,0.3550676828022876,1.296743484275882,0.6444875277322442,0.8493950184674564,0.32957508970372085,0.354988816880919,1.5657842536150695,0.7505419463359924,0.8494253515787102
R5_d50_b4,56,R5,61933,0.7003101706504822,0.23135273158550262,0.22144190967082977,0.5933420062065125,0.5506021976470947,-7.175354957580566,2.046708106994629,0.18971961736679077,0.3109864592552185,0.2412683218717575,0.0563337467610836,0.24116352200508118,0.681157112121582,0.02000960566514663,2.0000082327544915,0.9473763350448032,19.002935602840132,0.6149709836133452,14.02141339962044,187.62082493754846,3.362656869951651,4.329465815714749,1.2975956910442015,-0.4080983417232458,0.9441232146315017,0.9530817843063998,0.9627961734138197,2.0000082327544915,-86.1714204308505,10365.558159266171,0.6468315357524801,0.41313526990646715,0.5469907175520662,1.1408780318158422,0.49517858567773665,0.7935892900394981,0.2931467662040848,0.5467754065938402,1.6384149474139744,0.6730028245069526,0.7936733192791366,0.23661274041611646,0.5469481419078277,1.9419852407669917,0.7576640984729088,0.79364253319291
R5_d200_b3,43,R5,63864,0.7378896474838257,0.23684270679950714,0.2723467946052551,0.7838576436042786,0.5830428004264832,2.5868844985961914,2.062987804412842,0.19138915836811066,0.30887651443481445,0.2400432527065277,0.054077133536338806,0.2444646954536438,0.6686789393424988,0.019548596961162526,2.029850035325804,0.943312540812946,17.903872076250565,0.6125199075786303,14.302025197861264,189.4497933254724,3.3537762485724953,4.334612017540868,1.3023295567597701,-0.39982185571702983,0.9409442998003982,0.948045177652619,0.9707612552882807,2.029850035325804,-108.80955844672053,9813.793354877178,0.6446246784319775,0.40895793113252965,0.5505568689757816,1.1476908291542185,0.4949658188785909,0.7932428123079596,0.2868669082459756,0.550585941152762,1.6481707640328964,0.6763612675945805,0.7932236928276721,0.2290457333760773,0.5504939061979677,1.9494247526106099,0.7594770263853456,0.7932500021784243
R5_d200_b3,42,R5,60432,0.7161564826965332,0.2699344754219055,0.26036322116851807,0.7427094578742981,0.5704340934753418,1.199400782585144,1.0947210788726807,0.17380543053150177,0.3076484203338623,0.24006091058254242,0.05181276425719261,0.24269188940525055,0.6694851517677307,0.02044644609918608,1.8439466504470998,0.9489118200113128,18.046705233500294,0.6235381781149656,14.510359915180311,194.97516057967198,3.346476796125432,4.287710246709863,1.2627906981182433,-0.4137421661935782,0.9450881613247503,0.9553425594224291,0.9238949564561794,1.8439466504470998,-142.6715751647937,10034.100821979804,0.6531240307530559,0.41939898961805866,0.5104775292136262,1.1189870528551165,0.4789645392747081,0.8015066435426078,0.29929990754416336,0.5102217560113392,1.6029960810652892,0.6567750096201951,0.8016021384577225,0.24305411616183165,0.5100848892891505,1.8910896853651509,0.7402631126190753,0.8016088725410822
R5_d0_b1,14,R5,54313,0.6276179552078247,0.19314678013324738,0.1775837242603302,0.4504163861274719,0.500255286693573,7.3227972984313965,1.5768648386001587,0.1717987209558487,0.32952991127967834,0.23192255198955536,0.07133648544549942,0.2760283946990967,0.6711735725402832,0.019741925915396724,1.9275963648946797,0.9457061600321013,17.75151993253401,0.6154166200583157,13.313980130141868,168.13534009106235,3.361249011215016,4.321551865915593,1.2837799703888044,-0.40874616506333533,0.9441441040341677,0.9505860999372135,0.952202626207219,1.9275963648946797,2.4054978419775352,9501.193622486284,0.646804190985309,0.4149578392709396,0.5326102630973989,1.1312312622404121,0.49707460309371526,0.7942812180996841,0.29467758505109853,0.5325297446770556,1.6228379086048275,0.6733655436014419,0.7943691692529358,0.23732437244325788,0.5324879761347913,1.9223100588386506,0.7588706025963208,0.7943530686395053
R5_d0_b1,1,R5,58342,0.6729119420051575,0.1975860297679901,0.20717333257198334,0.5445030331611633,0.536113440990448,-0.0002846061543095857,15.212557792663574,0.18887095153331757,0.32805564999580383,0.23765748739242554,0.06604538857936859,0.2706085741519928,0.6788351535797119,0.01857033825655368,1.90411321253612,0.9484018116106855,18.451357226699212,0.6101840162279537,13.748613499082492,179.52440468207084,3.3744586425347802,4.334067469850226,1.2777377793028746,-0.40862955025412945,0.9444669910009958,0.951354303453177,0.9580478772639541,1.90411321253612,-43.19504480714852,9871.041299401179,0.6416241342891453,0.40315726638149174,0.5281544498649129,1.1538063911510315,0.507353249604042,0.7926751172071704,0.2809058393899156,0.5282538165812248,1.6562733559258334,0.6859101645585679,0.7926295693133296,0.2233640911580061,0.5281501762019706,1.9606166033946684,0.768891463880444,0.7926449283897123
R5_d100_b3,41,R5,60319,0.6890331506729126,0.23875845968723297,0.23103754222393036,0.6293038725852966,0.5375641584396362,1.3510552644729614,1.2100058794021606,0.17152543365955353,0.3103320896625519,0.2417396754026413,0.0536789745092392,0.24211975932121277,0.6764569878578186,0.0229901000283915,1.96700727692948,0.9500423649575294,19.686753337723946,0.6202862665167537,13.933427978767348,189.0741487104055,3.336534913521472,4.287905985670486,1.2895800427004436,-0.41315688720007915,0.9448681253729257,0.9571485317035743,0.948185867790129,1.96700727692948,-109.6052401661102,10945.273139069344,0.6512796768932292,0.42367599483571255,0.5391897076597217,1.1209483056808425,0.4759366775273289,0.7978331340471547,0.3072126417178135,0.5392012834425631,1.6052664369888359,0.6508582770082619,0.797909548834735,0.25263674127226116,0.5393006094715224,1.8950814762691874,0.7347390438214574,0.7979074113923101
R5_d400_b2,16,R5,62976,0.7485390305519104,0.2801879048347473,0.30938610434532166,0.9549344778060913,0.6010962724685669,-4.434363842010498,1.5607779026031494,0.17233620584011078,0.30296236276626587,0.23939259350299835,0.05042619630694389,0.23790615797042847,0.66757732629776,0.020468285084053073,1.7457135724104922,0.94796626771731,16.774825634417958,0.6270261577264218,14.974696185084603,201.00733180334487,3.3276475100824094,4.256388241506318,1.2429166053737573,-0.41451889196127195,0.9444583019568836,0.9584469491450202,0.9042771661651086,1.7457135724104922,-175.3145988858679,9407.886306846334,0.6557475047524541,0.41744291389822946,0.48992631664252473,1.1222275669336512,0.4709403878250499,0.8025777282697348,0.29658847367015084,0.48978675612563505,1.6051952219067183,0.6515731174547499,0.8026251740470521,0.24053805755316007,0.48977803762963007,1.889686961291864,0.7349117935091507,0.8026203574907914
R5_d400_b3,44,R5,63780,0.7647438049316406,0.2615639269351959,0.32163071632385254,1.0133064985275269,0.6033202409744263,0.2666003704071045,1.6255226135253906,0.18176934123039246,0.30026912689208984,0.2429303079843521,0.04606938362121582,0.22952371835708618,0.676102876663208,0.021564065080675085,1.8173437004107502,0.9502249224961663,18.2555587197607,0.6330738553353541,14.758457632482864,201.84868606750544,3.3285059751631048,4.255048319588745,1.2563125380163214,-0.41783661302248676,0.9456909929954688,0.9586333003588684,0.9028879720714552,1.8173437004107502,-191.4818366615412,10306.616526992142,0.6617088178441051,0.4272417112952063,0.5046405569373428,1.1065311794336052,0.4577561339352689,0.8052068101516543,0.3096290904517571,0.5042482602453636,1.5806817122161818,0.6357581237199985,0.8053076984740413,0.25484961945449663,0.5042734365036162,1.8599313336439363,0.7212934072016002,0.8053164288250714
R5_d400_b2,27,R5,62625,0.7521156072616577,0.2602374851703644,0.3186473250389099,0.9929254651069641,0.5970695614814758,0.6561271548271179,0.9231460690498352,0.17546440660953522,0.3029423952102661,0.2417004257440567,0.0481061227619648,0.2375391572713852,0.6714836955070496,0.021066501083962498,1.7078498625588017,0.9519378864551279,17.767111519756085,0.6396668721432174,14.61676680692952,196.39436699045558,3.345840901140434,4.24861975981623,1.2323136293367274,-0.4287215133958386,0.9495131113306202,0.9588455001894274,0.8758665985541849,1.7078498625588017,-140.2679868600481,9911.43046019978,0.6668127941534638,0.43582511701818905,0.47904956830656487,1.081380493322888,0.45846790299023893,0.8105088856163357,0.3155814310433248,0.47908006737527536,1.54947397654773,0.6431182158073258,0.8105265732066975,0.2579885695071824,0.47910101997153803,1.8303375285446482,0.732391696068009,0.810558807801075
R5_d0_b4,55,R5,60278,0.6682857871055603,0.2237028330564499,0.21686871349811554,0.588604748249054,0.5161512494087219,0.004729713313281536,1.4918750524520874,0.16929158568382263,0.30893272161483765,0.23750683665275574,0.05853305384516716,0.2399475872516632,0.6710692644119263,0.023590582774906554,1.7657441039528052,0.9548622807803314,19.55951845145816,0.6350200238060405,13.192902576682291,173.4701007459743,3.344157933636076,4.2459376103755,1.2490139365126738,-0.43302204641663555,0.9509532372082254,0.9606060341427527,0.8935386504313978,1.7657441039528052,-9.692108183534856,10730.305166821228,0.6637040653085072,0.44175894233642093,0.49087453894965916,1.0756714311003488,0.4714129326364944,0.8069962359055989,0.32404022990945336,0.4908406351183144,1.5455595093561145,0.6516372045528136,0.8070798402064829,0.2671006777644453,0.49070374763618596,1.8316839660961475,0.7425480097531504,0.8071267582976167
R5_d100_b3,30,R5,63959,0.7318437099456787,0.2524650990962982,0.2657504379749298,0.7603816390037537,0.575325608253479,-0.17432884871959686,-5.499502658843994,0.18544703722000122,0.3035312592983246,0.24036483466625214,0.051242392510175705,0.2352304309606552,0.6707118153572083,0.021722253260208574,1.7454762393901344,0.9512332301146103,17.89616416456638,0.639558268841265,14.344430045657859,190.97075338074893,3.338451081400345,4.244944371325109,1.238584001059203,-0.4268525274428192,0.9487376950965836,0.9580495360971372,0.8810231205642531,1.7454762393901344,-135.94261863039787,9861.21025073554,0.6667244592990964,0.43328106574804204,0.4914922353670147,1.0872720423504298,0.4656427031621063,0.8089527669853697,0.31206686063147226,0.49140697659041066,1.5609272943604229,0.6506937023130989,0.8090079991527044,0.2540051602819043,0.49150142127657415,1.8477489093972106,0.7369867380217595,0.8089925287335917
R5_d100_b1,2,R5,59145,0.7051616907119751,0.23076704144477844,0.23554803431034088,69.92229461669922,0.56324702501297,-0.685756266117096,0.7219905853271484,0.19594615697860718,0.323172926902771,0.24528907239437103,0.05615994334220886,0.25806382298469543,0.6927947402000427,0.02084835606923513,1.8693155857460377,0.950403378541168,18.845190767625148,0.6220712444373194,14.504021655717967,197.96938816490228,3.3479497359090735,4.2878360388521335,1.270592781688734,-0.4156679130232415,0.9458293148007486,0.9561683642561262,0.9313947774502095,1.8693155857460377,-152.65163455012868,10461.876783626192,0.6522784285191876,0.4178820826706812,0.5173599960429381,1.1259771256345954,0.4844419200453065,0.7988165659398649,0.298915630652777,0.517100565924704,1.6130206746810467,0.6601033273579282,0.7989117135065915,0.2439755701273048,0.5165979901699471,1.9033574364200168,0.7405745814843934,0.7990620698406754
R5_d100_b1,13,R5,62185,0.6890037059783936,0.22692377865314484,0.22204773128032684,14.971155166625977,0.541692852973938,0.5648463368415833,1.5034983158111572,0.18367348611354828,0.31682088971138,0.24181120097637177,0.05878303572535515,0.24830733239650726,0.682327389717102,0.0219045441192874,1.9217631936579167,0.9496518252374424,19.084735470808695,0.6203569408629246,13.92148482911938,186.3156917941498,3.3432754766632553,4.289047622060105,1.2808564820463388,-0.41422220672555143,0.9453121179434031,0.9556653492645609,0.941674444498084,1.9217631936579167,-100.96984370556635,10497.38144929897,0.6510251306500383,0.4217995572662885,0.524788986255811,1.121316200321786,0.4848939891622633,0.7984393296943015,0.30310640499654523,0.5244291557022869,1.6086149825253269,0.6616819033640199,0.7986039152821018,0.24712639754349253,0.5244059046126262,1.9025113751772058,0.7470106578060773,0.7986287121451773
R5_d50_b3,40,R5,62409,0.7062628269195557,0.24020621180534363,0.23417878150939941,0.6397542357444763,0.5455272793769836,-2.2125117778778076,-0.885167121887207,0.1815098077058792,0.3042227625846863,0.2412589192390442,0.0519527904689312,0.23133467137813568,0.6717868447303772,0.022155635633234395,1.897957519668696,0.9506407136824915,19.225941673541662,0.6287323573570508,13.743397610977329,183.0801815004653,3.3475151411823925,4.280646392263272,1.2746319677219216,-0.4210991334204897,0.9476581210454984,0.9577988788674774,0.9229157323974626,1.897957519668696,-73.83710168984476,10537.48579950878,0.6584871101414315,0.4285082160158763,0.5236618103822965,1.1073566680651217,0.47290618958103764,0.8015968942850344,0.3109754535589091,0.5236117419090962,1.58888721822104,0.6483526604689905,0.8016708113726432,0.2561139386759974,0.5237514785521944,1.8777450713861774,0.7321212305307292,0.8017194332463643
R5_d400_b3,45,R5,61609,0.7385509014129639,0.2785087525844574,0.28906577825546265,0.8626734614372253,0.5883544683456421,0.6745051145553589,1.9082714319229126,0.1678752303123474,0.3034175634384155,0.23943555355072021,0.05135985463857651,0.23930053412914276,0.6674931049346924,0.021648586961827684,1.925123307361817,0.9478674376668746,18.463731889424967,0.6191127967026955,14.735242359885792,202.05561976471716,3.327972067910891,4.280945606529064,1.2815013908572048,-0.40867613860629626,0.9429031915132767,0.9556993207845842,0.9443980865661951,1.925123307361817,-187.6962810554183,10480.239920348253,0.6498752962960478,0.413387990298417,0.5296114022520104,1.1376135548952684,0.47722854526480996,0.7965597988686703,0.29525005126874515,0.5294599754099655,1.6239774729216139,0.6505500112225677,0.7966374397717827,0.24076739784115142,0.5295477022035182,1.9103334120754445,0.733221290328729,0.7966091002008381
R5_d300_b2,26,R5,61465,0.7587255239486694,0.28783631324768066,0.3206401765346527,1.0131431818008423,0.6296430230140686,-1.6507513523101807,0.9189421534538269,0.1806945949792862,0.32007259130477905,0.24603331089019775,0.05317499861121178,0.26185324788093567,0.6961720585823059,0.02005885624348655,1.7699187462269141,0.9447712378652535,16.023523592482654,0.6211928726471223,16.085411517685333,225.64956546425051,3.3055292866043677,4.246663854667101,1.2477355810132427,-0.4025581599428611,0.9393531790418843,0.9561407842580857,0.9183659974035898,1.7699187462269141,-252.63265112389468,9483.101905212321,0.6504499633079495,0.408183041750114,0.5002019191222626,1.1395930341548364,0.48229358476895545,0.7992886534093225,0.28642044453475013,0.5001174259317507,1.6281930601870758,0.6610676290283758,0.7993637191171034,0.23037466852644323,0.5000630471051053,1.9166561387468093,0.7406499034826814,0.7993879640706264
R5_d100_b4,54,R5,63373,0.7309753894805908,0.24932608008384705,0.25810983777046204,0.7273350358009338,0.589259147644043,0.6547479033470154,1.3751481771469116,0.19652648270130157,0.3162636160850525,0.24451589584350586,0.05409647151827812,0.2515047490596771,0.6863110065460205,0.02166496825452406,1.7975858347637803,0.9484615501608886,17.439269518815863,0.6320002142721327,15.04809145048257,205.54516588141914,3.3183994834825863,4.245792401722126,1.2523101955462845,-0.41476341226911717,0.9442355336709612,0.9569165985053398,0.9026659738589639,1.7975858347637803,-205.88366305030956,9993.07229147261,0.6603989824869347,0.42266173285856823,0.5022208981218976,1.1115167225068192,0.4626587650352493,0.8043796452262227,0.3035003308262636,0.5022625186378082,1.5888643762164358,0.6411722030754954,0.8044093725793711,0.24797883995123143,0.5024020601458403,1.871799128465564,0.7251997803218178,0.8044059684971856
R5_d300_b2,31,R5,63765,0.7636670470237732,0.27633172273635864,0.306395024061203,0.9350160956382751,0.6103829741477966,2.4772348403930664,0.8940919637680054,0.1855221837759018,0.30593881011009216,0.24627791345119476,0.04839259386062622,0.23521001636981964,0.6836612820625305,0.020581448622576777,1.842942519258802,0.9487530200092528,17.980986581846444,0.6273292638167414,15.044267778432058,207.11081861731446,3.338294311480567,4.274445417453826,1.2618425403167506,-0.41469028142335235,0.9450614058750744,0.9571133302919456,0.9173694556282638,1.842942519258802,-195.11243431526384,10254.11717451401,0.6564055672303049,0.42012166764358544,0.5118515013253724,1.1204062325536177,0.47437285519680783,0.8016780449759591,0.3007037046487185,0.5117783245833298,1.60262701816271,0.6531438366796353,0.8017215270807672,0.24492811604513598,0.5117416987981165,1.8894315184376542,0.7361108173630557,0.8017503829148418
R5_d50_b1,3,R5,56389,0.6807175278663635,0.20495183765888214,0.22045648097991943,0.5890854001045227,0.5460520386695862,-7.116164207458496,3.613875150680542,0.1925302892923355,0.33183151483535767,0.2445024698972702,0.061986614018678665,0.2752620577812195,0.6939118504524231,0.024199904185266206,1.742093146478315,0.9537029079551915,18.814282597817353,0.6345805186393434,14.411750196400781,196.745841342123,3.310813114463278,4.215016822422107,1.242257993988217,-0.4266493468590115,0.947801104911395,0.9622870686264902,0.8901262538588969,1.742093146478315,-179.00276797361124,10735.868305034446,0.6628227697690383,0.4373695594321442,0.48821360813013276,1.0822626785724445,0.46494270698104,0.8075555086740039,0.31995533953433286,0.48784869801308106,1.5515005875500347,0.6389481141188464,0.8076948473062042,0.2654655468302095,0.4875115654739106,1.8298241396049455,0.7208808169262237,0.8078260055760594
R5_d50_b1,12,R5,59507,0.6712901592254639,0.22344893217086792,0.206093430519104,380.93011474609375,0.5177175998687744,1.9364345073699951,0.569490909576416,0.17388415336608887,0.31187883019447327,0.24099870026111603,0.05575244501233101,0.2426203191280365,0.6767191290855408,0.02492225281768913,1.7951659439176257,0.9546343042509614,19.785499970738613,0.6334572619286589,13.358545982260617,177.87618698041157,3.332113264628318,4.241391808297379,1.2554578590002483,-0.4289606134426673,0.9493937071616485,0.9589071862545381,0.9006582470922732,1.7951659439176257,-42.38351860788907,10956.404632355014,0.6624813488797205,0.4379484464842559,0.49897046646041393,1.0825420702025497,0.4752021993591339,0.8060680336825459,0.3194514179213064,0.4987750728080147,1.5568227658224192,0.6548957221138245,0.8061574135898728,0.2625216989298641,0.4988714246482815,1.8468795739244008,0.7434423518621815,0.8061275938602097
R5_d50_b3,39,R5,56652,0.6667823195457458,0.22597992420196533,0.20687568187713623,0.5466479659080505,0.5289962291717529,1.9152456521987915,5.468459129333496,0.17014865577220917,0.32334890961647034,0.2396099716424942,0.060728080570697784,0.26263561844825745,0.6801785230636597,0.020769017347230773,1.7398784410549302,0.9523577668154865,18.25983297444697,0.6310243432773448,14.077473323538655,186.27892453461354,3.3546252374332783,4.269598192095181,1.242365719156783,-0.4257561467366727,0.9490430677045101,0.9582527265947169,0.8970029432928586,1.7398784410549302,-93.09934199175933,10003.185920438045,0.6594271316743103,0.42934906718191757,0.48914803872857016,1.093320628699558,0.48036217078004706,0.8050388889135981,0.30802462705694655,0.4890098589481794,1.5702350080132834,0.6615970589063087,0.8051332725289312,0.24929684768372445,0.48927829904183273,1.8607904759588252,0.7488401306293686,0.8050276265912772
R5_d0_b2,25,R5,54652,0.6637184023857117,0.19448593258857727,0.19735203683376312,0.5102188587188721,0.5257011651992798,1.6756020784378052,2.1795434951782227,0.19022119045257568,0.32696011662483215,0.2376997172832489,0.06254950165748596,0.27147918939590454,0.6796197295188904,0.02037243148675375,1.734003940680626,0.9510291826066135,17.704461890597585,0.6252915782703639,13.948214908586733,181.35960330279664,3.352189253611013,4.268191503436585,1.2417505993513105,-0.42507513072714215,0.9487570534801779,0.9581213476182088,0.9066303394822794,1.734003940680626,-78.02292393057002,9549.182722016281,0.6542328815473781,0.42171131417108554,0.49059276334907687,1.11298876426763,0.4897951475464287,0.8016742903850935,0.3014725681933348,0.4904340124401666,1.5972481370824034,0.666380202227338,0.8018536874832218,0.2447409037017114,0.4904492204650669,1.8906606433214346,0.7483304522091796,0.8018315162385241
R5_d100_b4,53,R5,61107,0.7153294086456299,0.23932014405727386,0.2484770119190216,0.6963506937026978,0.5649762153625488,0.8171802759170532,0.8804030418395996,0.18474063277244568,0.3118274211883545,0.24369414150714874,0.05234958231449127,0.24474604427814484,0.681601881980896,0.022784745851323816,1.7634483277952124,0.9533871287299631,18.9158946836653,0.633930889869029,14.321546609977895,194.59616464151537,3.3353719238346176,4.247068059659009,1.2466972564464778,-0.4268182454872561,0.9487859568444083,0.9602656700644467,0.8948900956372364,1.7634483277952124,-142.3551964517904,10611.871175791603,0.6622106727042663,0.4339454743319735,0.49213759338419616,1.0877386659370498,0.47409044257399197,0.8064885901120757,0.3132938315861331,0.49193794386176026,1.5627346665647353,0.6553547578749436,0.8065528025169237,0.2559824482240093,0.4914261532904902,1.8481773957867107,0.7415025180546121,0.8067239170577393
R5_d0_b2,32,R5,55542,0.6437607407569885,0.21196730434894562,0.1902243196964264,0.4910598695278168,0.5046976804733276,0.7109271883964539,1.508652687072754,0.17820173501968384,0.32339370250701904,0.24204009771347046,0.05933037027716637,0.2600187659263611,0.688083827495575,0.02219156741108678,1.8014674875582894,0.9542556675160156,19.690608537092523,0.6246304294432433,13.763665157933254,185.363598861623,3.352006682904745,4.271852287424835,1.2582350799437447,-0.42578108927318326,0.9491158101434883,0.9590138614698916,0.9182761238078023,1.8014674875582894,-71.05050575128229,10881.252476130545,0.6544781552470882,0.4296488641921491,0.499400476509675,1.0969068823434844,0.48943600491153794,0.8021914099202683,0.31102806438308594,0.49902789569512596,1.5753012909489277,0.6626148821820447,0.8023646476785422,0.25441668600211736,0.4989695020596424,1.8666492735693654,0.7465942860232507,0.8024026551412293
R5_d200_b1,4,R5,62367,0.747439444065094,0.25186705589294434,0.29976677894592285,0.9032518863677979,0.5926384329795837,1.2104711532592773,2.4792935848236084,0.18945837020874023,0.3057346045970917,0.24280640482902527,0.04732775688171387,0.24172210693359375,0.6746416687965393,0.0233715112119288,1.7109239312110351,0.9522034660612364,17.897991654533204,0.6396762720611824,14.813803113187348,202.20370854761688,3.310644161817225,4.214545699844512,1.2339259626372088,-0.4259059836360393,0.9475151952164854,0.9616703170508679,0.8763933169700708,1.7109239312110351,-199.10818334541716,10245.919163898912,0.6670431849817542,0.43286587133432153,0.4812307785368739,1.0897347356549667,0.4559452957321096,0.8089362680496198,0.3147534003265622,0.4811275342216429,1.5590735879634767,0.6333949953800042,0.8090042116386233,0.25964709857342494,0.48100959888371847,1.8372079244491548,0.7170631854184162,0.8090261889377528
R5_d200_b1,11,R5,62459,0.7092549800872803,0.24684230983257294,0.23970061540603638,0.6634209752082825,0.5598031878471375,15.136484146118164,0.6337824463844299,0.1888069212436676,0.313693106174469,0.24334929883480072,0.050923172384500504,0.2477516084909439,0.6810274720191956,0.02182186784245234,1.9535160517157188,0.9469161667981291,18.400291894771797,0.620346186592985,14.281251528526631,191.52256084096865,3.3325114497137154,4.290986613355707,1.2876700168750224,-0.40877103332084275,0.9432433657306275,0.9550276094870321,0.9459507932098866,1.9535160517157188,-137.75801743161486,10219.394041353537,0.6514353371220398,0.41879861012820696,0.536275973161712,1.129581633504793,0.4816727637038963,0.7970782838749518,0.3001287782619757,0.5358408327475195,1.6191172066789747,0.656946565032309,0.7972047572626066,0.24453572989653277,0.5356989420463999,1.9131083137526463,0.7401184830852192,0.7972445212194874
R5_d400_b4,52,R5,62630,0.7797888517379761,0.30624398589134216,0.3380173444747925,1.0938442945480347,0.6383271813392639,-0.3554496467113495,2.731745719909668,0.18597930669784546,0.3072555959224701,0.24836838245391846,0.04543326050043106,0.240388423204422,0.6899042129516602,0.02081160103219008,1.7148463735730834,0.9464194036432152,16.002494280093188,0.6280165724928357,16.006384579888344,223.74848041116695,3.299955118229105,4.222906678873989,1.2354731309763194,-0.40996391486992856,0.9416411170650305,0.958484498092631,0.8982189530574692,1.7148463735730834,-250.48236032205403,9490.236419459123,0.6562459949460888,0.41267075058150804,0.4884296128640958,1.1290324487684336,0.4779893720392895,0.8028626249080891,0.2903786539950912,0.48846795760627537,1.6151484302999823,0.657371540222627,0.8028397316998368,0.23465670813114375,0.48827274745827187,1.900545369182932,0.7362431721480296,0.802919847380308
R5_d200_b2,24,R5,59268,0.6974107623100281,0.23044425249099731,0.2568424344062805,0.7306862473487854,0.5511603951454163,0.8766933083534241,2.532351493835449,0.17055314779281616,0.3139668405056,0.23776386678218842,0.05531483516097069,0.2539137005805969,0.6657469272613525,0.022736653813756186,1.6111226467315007,0.9556565445303171,18.166408431279685,0.6475644767763805,14.16595722589945,188.28386593436107,3.3387066581983285,4.214974456125434,1.2096818383003818,-0.439674987838145,0.9523787015076254,0.9623339519595195,0.8479201273524188,1.6111226467315007,-114.66527547915143,10078.438396457503,0.673288735107388,0.4447866808772939,0.45980782302262513,1.0600064720509375,0.45122840391142904,0.8145559594158837,0.32597833010386157,0.45970333079833325,1.5174891915826954,0.6341772501499352,0.814639175688694,0.2687922397077838,0.45976403768910484,1.7916657634664033,0.7232687911232242,0.8146445006209496
R5_d200_b4,51,R5,63064,0.7504954934120178,0.2778182327747345,0.30347955226898193,0.9230796098709106,0.5952591300010681,0.8377330303192139,2.11163330078125,0.1773795634508133,0.3009189963340759,0.2390444427728653,0.04707479476928711,0.23670074343681335,0.6627861261367798,0.020893567673501805,1.6746934673350085,0.9496948723443374,16.645355506214003,0.6390392869710912,14.759220100487754,195.53923798752055,3.3297621330339697,4.234259397114711,1.226109054969694,-0.42335269164857686,0.947149426255066,0.9569810206789178,0.8725869346724942,1.6746934673350085,-157.2052054122911,9147.649649767498,0.6661309499873692,0.43046761540245815,0.47354703426412303,1.0899912902170585,0.46546099169014427,0.8094267423152268,0.3084073581132673,0.47355794578790705,1.5629058491856012,0.6508990012176108,0.8094595150519647,0.25023637592100234,0.4733754839858564,1.8450754285631674,0.7367799271926099,0.8094923945822865
R5_d200_b2,33,R5,59646,0.7085949182510376,0.26591888070106506,0.25418755412101746,0.7173604965209961,0.5508788228034973,-0.3007729649543762,1.777085304260254,0.16085460782051086,0.30089086294174194,0.23763929307460785,0.04972880706191063,0.23481199145317078,0.6549562215805054,0.022536918280105747,1.8582485739793113,0.9504282941510371,18.743036396074505,0.6291106616164197,13.855207545859278,183.65422791880385,3.341391354375602,4.273757310143036,1.2685254720415287,-0.42081401694194875,0.9473544225248025,0.9570929437655477,0.9171964126167722,1.8582485739793113,-80.06701802865132,10360.02375142248,0.6588905653943993,0.4262706092919251,0.5144828754897239,1.1089894938231284,0.4749553478106753,0.8017365393569524,0.3079244688883157,0.5139189246287303,1.58808942231943,0.6519555684298876,0.8019032263068739,0.2522579114704393,0.513711060675681,1.8753031939826248,0.7367313473758682,0.8019408874905256
R5_d300_b1,5,R5,63278,0.7495743036270142,0.2529274821281433,0.3132506310939789,0.963973343372345,0.5905562043190002,0.5123445391654968,1.1048994064331055,0.18563520908355713,0.30267608165740967,0.24226664006710052,0.0472598522901535,0.23353542387485504,0.6713595390319824,0.022171118597481082,1.6999294611779012,0.9516790863190626,17.589997079719403,0.6389634320649733,14.53918110840683,194.3742383784091,3.3269476323990714,4.2302785294852985,1.2315484102037861,-0.42687226555349056,0.9483240880993822,0.9601203362964944,0.8764849223262633,1.6999294611779012,-155.9834442707704,9842.41683323861,0.6662067997431342,0.4346673860443713,0.48036215070817156,1.0851300138639979,0.45820883661101325,0.8097508538167825,0.3139503217122355,0.48026887503982896,1.5570271681593228,0.6415854730987964,0.8097680409822072,0.2566520791602637,0.4804398559016819,1.8401736901459589,0.7276944086838988,0.8097472841533876
R5_d300_b1,10,R5,62003,0.7263990044593811,0.2579224109649658,0.27725523710250854,0.8084864020347595,0.5664725303649902,1.4424537420272827,1.8438072204589844,0.17669276893138885,0.2982431948184967,0.2399275302886963,0.046878233551979065,0.2296508550643921,0.6645524501800537,0.023980451840067852,1.813329934795631,0.9529133780370007,19.255256154519028,0.6293178945622326,14.173284218994056,192.97587579508115,3.3211793028217644,4.242821855880504,1.2585868025094347,-0.4225513691966822,0.9471021547775715,0.960110878977111,0.9101635408349651,1.813329934795631,-148.26158577742672,10771.56847785909,0.6585975717523302,0.43004558390002945,0.5015561743331067,1.1023743572147673,0.4637716957147274,0.8043472647313621,0.312523754046452,0.5013525918678817,1.5764850235766419,0.6416845802132116,0.8044643461967291,0.2575596884904713,0.5011275502401074,1.8578664612349431,0.7277424734295019,0.8045264892853181
R5_d300_b3,50,R5,63491,0.759289562702179,0.26692745089530945,0.33258676528930664,1.0589756965637207,0.597615659236908,-0.17252257466316223,1.4726340770721436,0.1694374978542328,0.29572051763534546,0.23682424426078796,0.04735769331455231,0.2302972674369812,0.6565027236938477,0.01998774858903183,1.793048380269213,0.9471460601718974,16.962296339672655,0.6309565751101056,14.42869120146756,188.91313451739103,3.3446036188664294,4.276424542024481,1.2510725573587742,-0.4154328334647857,0.9454047008879646,0.9538141272945772,0.9035508675542119,1.793048380269213,-122.02523391384653,9180.904574312104,0.6593539321877786,0.4204964441347666,0.5028050302471931,1.1150039223625647,0.4727236673780386,0.8036382013418599,0.2982687452527184,0.5030417695129096,1.5972891038128711,0.6577225747301061,0.8036029649654093,0.2399482931652051,0.5030842914500188,1.887267405691905,0.744557167805965,0.8035714626909891
R5_d0_b3,37,R5,57548,0.679080605506897,0.22831925749778748,0.2194979190826416,0.5867652893066406,0.5349917411804199,-0.16494402289390564,3.0736536979675293,0.17225033044815063,0.31553104519844055,0.24041710793972015,0.05727104842662811,0.25031954050064087,0.6767918467521667,0.021638531956995825,1.7949927659288836,0.9547564748176688,19.8370126841546,0.6280232047003071,13.798587334523713,186.49056785857957,3.3612739882783815,4.276974175230075,1.254883754530567,-0.4277128156552427,0.9499510658090846,0.958787875850047,0.9103334861015886,1.7949927659288836,-62.87761127600879,10962.00250984557,0.6571761532603368,0.4285296110793291,0.5032578883050673,1.1000674882726038,0.4836562808802163,0.8024559229810253,0.3092571120518931,0.5031897057423006,1.5781204711704382,0.6636675361308139,0.8025615591904691,0.2520639449813883,0.5030814088474155,1.8690616147681638,0.752296500637011,0.8026278682838883
R5_d50_b2,20,R5,59900,0.6668881773948669,0.2278491109609604,0.21205715835094452,0.5672928094863892,0.5152571797370911,7.57100772857666,0.7514210939407349,0.1702224314212799,0.31007611751556396,0.23758433759212494,0.054220668971538544,0.24579904973506927,0.6674396991729736,0.023272436865433607,1.7484503511375225,0.9541277981990683,19.057842030760966,0.6361593052862701,13.320661412442249,173.99868766473557,3.3449022988377615,4.246650006497534,1.2446077766285502,-0.43208607273656074,0.9506464893977394,0.9584324941809892,0.8893181545003899,1.7484503511375225,-22.21117638304088,10444.192767864792,0.6643774715131332,0.4401308550297025,0.48918791575438525,1.0759333202458432,0.4811159852513448,0.8074347486393314,0.31927610335480583,0.488917897366382,1.5506385542317347,0.6660068227730913,0.8075609113819817,0.2598470041755882,0.48869302942775533,1.8445043495420825,0.7558831717388415,0.807645458634188
R5_d300_b3,48,R5,62005,0.7417894601821899,0.27136096358299255,0.3083166778087616,0.9560676217079163,0.5962043404579163,1.9644956588745117,1.1969521045684814,0.1700938642024994,0.3005654215812683,0.2354958951473236,0.051752589643001556,0.23522882163524628,0.6578528881072998,0.02047339180865302,1.7436629189508643,0.9482650252165041,16.851877536843865,0.6310097155551981,14.587333218509123,192.24734605212527,3.3363999761732255,4.261035961697445,1.2426211668631577,-0.41751148489986456,0.9457440016139254,0.9559266597460372,0.8972207871010619,1.7436629189508643,-138.82900970566288,9237.076933862563,0.6593445106090123,0.4227410023870305,0.4901337060542234,1.1106255174737396,0.469315535260441,0.804713827867219,0.3011780932189052,0.49021699697455495,1.590789571336332,0.6530714636828894,0.8047093692590057,0.2437387193493675,0.49022770591275766,1.8773277104150385,0.7382010930420824,0.8047031716426778
R5_d100_b2,23,R5,60461,0.6803023219108582,0.22100594639778137,0.2190731167793274,0.5887985825538635,0.5340286493301392,-5.771854877471924,0.9778797030448914,0.17796579003334045,0.3136380612850189,0.2379770427942276,0.05613342300057411,0.25121453404426575,0.6706252098083496,0.019905084808928875,1.7114600723705564,0.9523074245639903,17.942625834610062,0.6340939919252804,13.997339005587648,183.09947460198808,3.36529163286899,4.274905377492036,1.2355028115427225,-0.4277174994113322,0.9498948806212741,0.9571145375000341,0.8871111261760096,1.7114600723705564,-70.21674713489216,9690.24749397071,0.6619709000307206,0.427631825977549,0.48446936857150136,1.0962196122648442,0.47991822629010406,0.8067258086099487,0.30512131068068105,0.48436482523877417,1.576358329197424,0.6637532854055607,0.8067653133134893,0.24622378512414922,0.4841509317969786,1.8688499645474805,0.7506884690496636,0.806825469222024
R5_d50_b4,57,R5,59942,0.6649379134178162,0.22341693937778473,0.20595397055149078,0.5435665845870972,0.5118805170059204,0.8700549006462097,1.6848212480545044,0.17849946022033691,0.31085842847824097,0.2410435676574707,0.05529283359646797,0.24032950401306152,0.6797243356704712,0.022705425117872744,1.8958011731997098,0.9521548259223602,19.81183274658457,0.6232202140968921,13.173355974052896,173.83804193946423,3.350601160551577,4.285333065114911,1.2758998322192885,-0.4196653197787868,0.9472612428893386,0.9555945848429741,0.9329868615132519,1.8958011731997098,-2.2418008613948928,10840.828034706781,0.6535509515853141,0.42739713402376933,0.5212474502589368,1.1059945535393227,0.49525177340745136,0.8006684589907289,0.3064621783292826,0.5214206972018549,1.5948919736838039,0.6776805504084784,0.8006995152110852,0.24839481758202062,0.5212676608812965,1.894742629428327,0.7634501455040716,0.8006844170161208
R5_d100_b2,34,R5,56713,0.6588752865791321,0.20960386097431183,0.21186409890651703,0.5612732768058777,0.5059002637863159,1.2426098585128784,1.0527268648147583,0.16478121280670166,0.30720534920692444,0.23298613727092743,0.05779143422842026,0.24556021392345428,0.6556022763252258,0.023251323069768383,1.7371671661623955,0.9534123536796286,18.644075235442873,0.6358334998691108,13.105869171124743,168.14503180456458,3.3433952004145095,4.246010457633029,1.2408402474877365,-0.4314052968054226,0.9503899132353516,0.9582386098786855,0.8874627654235638,1.7371671661623955,2.5770470995273627,10189.007786626877,0.6637906413731689,0.4404854810759944,0.48568626577603397,1.0737958288832945,0.4720422883288821,0.8080595918845004,0.3216577666160294,0.4850624788549508,1.5430047732630303,0.6530173588775786,0.808306441974754,0.26420051391441496,0.4850847337281944,1.8304540112807248,0.7420876383616907,0.8083481864114264
R5_d400_b1,6,R5,62833,0.7633639574050903,0.2830315828323364,0.3435792028903961,1.1210802793502808,0.6062841415405273,-4.104557037353516,0.8196220397949219,0.17474299669265747,0.29875412583351135,0.2425232082605362,0.04657473787665367,0.22851485013961792,0.672722578048706,0.0231102480677766,1.625269342198144,0.9544134263473399,17.826184464707765,0.648854032503848,14.656638125121527,198.14223326157958,3.322496572064105,4.201604104917941,1.2133452594662095,-0.43586840169069496,0.9507017867403644,0.9617666231417444,0.8476915255049506,1.625269342198144,-167.99660874125493,10147.314650235056,0.6747488861546014,0.44374576507404523,0.4612509234492337,1.0625866814068043,0.4458872050032066,0.8150189295680061,0.32507158472364295,0.4611244484051513,1.5206087845667775,0.6292830177691158,0.8150835945889694,0.26843834573434816,0.46103503161211334,1.7927973896384048,0.7188773121032976,0.8151521079348739
R5_d400_b1,9,R5,62938,0.75467848777771,0.2706553041934967,0.3266057074069977,1.0287503004074097,0.5980928540229797,3.894097089767456,1.96346116065979,0.17478585243225098,0.29972177743911743,0.24130341410636902,0.04893653094768524,0.23016655445098877,0.6711793541908264,0.020203981221997274,1.7952497357808934,0.9490898059593159,17.63153499511734,0.6307869512320131,14.81328105459548,200.24891342414827,3.345150292380933,4.27282910693663,1.2506200217680454,-0.4180545534767735,0.9462953402762055,0.9580253924195357,0.9034941226766063,1.7952497357808934,-164.61127329776383,9829.71313250251,0.6591726862734624,0.4229465474158446,0.5036311433885483,1.1126853799624903,0.46559788088063736,0.8039257416268826,0.302096369502201,0.5036390338161163,1.5923826493702453,0.6490855272206975,0.8039430565747061,0.24483624822921551,0.5037319830377415,1.877786124550695,0.7364544765414847,0.8039328342803489
R5_d0_b4,58,R5,55887,0.6487916111946106,0.22337952256202698,0.19224891066551208,0.49536213278770447,0.5139476656913757,-1.3142204284667969,1.5904948711395264,0.178104430437088,0.32469359040260315,0.24048800766468048,0.06342720985412598,0.2610187232494354,0.6881141662597656,0.02220165701031792,1.883283501955888,0.9515588136592009,19.43886642881217,0.6212657957693881,13.697503494353658,183.01541712722124,3.346501856166557,4.284103840667303,1.2745656022194962,-0.41880200886667607,0.9469036856726448,0.9572902839570634,0.9354629689616769,1.883283501955888,-72.47078716614277,10614.479556242506,0.6518285426002154,0.42398086150860026,0.5176423823390097,1.1143833902681646,0.48531322889617173,0.7987413859560624,0.30621331490481507,0.5176139879200884,1.5986718968045994,0.6609933078243377,0.7988876988989868,0.25073595440889174,0.5178332283642855,1.8940311348964216,0.7457803791952894,0.7988695603020941
R5_d0_b3,49,R5,62329,0.7286852598190308,0.24849247932434082,0.27762141823768616,0.8135077357292175,0.5641542673110962,0.23711933195590973,0.5955865383148193,0.17625850439071655,0.298846036195755,0.23956157267093658,0.04738865792751312,0.230386883020401,0.6621068120002747,0.023043283134830138,1.8146681178734199,0.952033202383005,18.915877314427238,0.632588656669375,13.946929957349983,186.4364567442809,3.336198804207802,4.259214292240419,1.259202894512377,-0.4232940531928715,0.9478508024280508,0.9573659220822601,0.9047439789838495,1.8146681178734199,-102.68480838881635,10451.696289915204,0.6617733587542105,0.43313721346405276,0.5026004573177785,1.092838661770986,0.47537455519338495,0.8047874837488049,0.31184742137526,0.5028693116866174,1.5717214728220592,0.6595871862262196,0.8047428127252853,0.25284919695873737,0.5028139700226659,1.8626314617604873,0.7481135559914638,0.8047619244497649
R5_d300_b4,60,R5,63232,0.7739711403846741,0.27382200956344604,0.3338051736354828,1.0657367706298828,0.61075359582901,2.337235927581787,-0.2147204875946045,0.18106456100940704,0.29715654253959656,0.2424427568912506,0.04653794318437576,0.22395384311676025,0.6692638993263245,0.022698536404849333,1.71107182002021,0.9503080552182199,17.216792655504335,0.6403395775237113,14.745705759507787,197.83123221807327,3.314383289387819,4.21975386366836,1.2349147554050681,-0.4245004283561289,0.9471499186886608,0.9596220568689119,0.8759210515780125,1.71107182002021,-171.72801519675653,9783.138941966017,0.6677524385803372,0.43626347647739316,0.480180825422285,1.0817665605237476,0.46584016801134487,0.8101410735606305,0.3157491588936975,0.48013923194068875,1.5538095498616764,0.6488889613592896,0.8101906779217746,0.25827020369572273,0.4801223585382892,1.8383261639108257,0.734032755379789,0.8101801017969079
R5_d50_b2,8,R5,61360,0.7327050566673279,0.24603253602981567,0.29222264885902405,0.8704327344894409,0.5826748609542847,0.7537708878517151,1.5598315000534058,0.1790246218442917,0.3136598765850067,0.23901492357254028,0.05148959159851074,0.25464189052581787,0.6690655946731567,0.020823840946318506,1.6417869677488381,0.9496483228551794,16.3032004169459,0.6378506823554491,14.695955565841869,192.8234084458172,3.3270332886171032,4.227201432888716,1.2178044825713972,-0.42311691051910505,0.9468555647516848,0.9576521499635408,0.8699175551279295,1.6417869677488381,-148.2607331658814,8967.19968029948,0.6645567497625698,0.42850069920061074,0.46912636145772646,1.093684556428273,0.4597287276934401,0.8089815980648865,0.30662683580119454,0.46902686630561974,1.5650650552135272,0.6458407170432102,0.8089649721881067,0.24854908885253615,0.4689914619370908,1.8459043797596129,0.732150584285014,0.8089494043811107
R5_d300_b4,61,R5,64762,0.7842146754264832,0.282880961894989,0.3413368761539459,1.0901604890823364,0.620478630065918,-4.7476420402526855,1.3493685722351074,0.1828136146068573,0.2944527864456177,0.24142327904701233,0.046675484627485275,0.22218939661979675,0.6662580370903015,0.019660894904658808,1.8357242990635847,0.9463959327309065,17.12299450846433,0.6265490574193764,14.51787383176118,191.32315966211604,3.3524403011219563,4.294753794142272,1.2601432152408605,-0.41278463625606826,0.9449263567451777,0.9518726570831763,0.9177492211828828,1.8357242990635847,-114.98474524742574,9332.708857722175,0.6555189913705555,0.41548822569091215,0.5116070954421621,1.1250007268271665,0.4946625879610116,0.8015621751509256,0.2903506288389821,0.511767761474403,1.621364815239649,0.6821854126573645,0.8015139377512921,0.23028518902007877,0.5117119745408573,1.9248441791808157,0.7665600516150345,0.8015274826795196
R5_d400_b4,62,R5,64645,0.7919942140579224,0.28960418701171875,0.3572641611099243,1.1757746934890747,0.6245490312576294,18.598209381103516,7.1691155433654785,0.1804860383272171,0.2906023859977722,0.24102674424648285,0.04493502527475357,0.218985915184021,0.6674712300300598,0.01908289190313353,1.9292205767712587,0.9451736667703079,17.593923056861467,0.6190050077916078,14.631621200297134,195.64625966818667,3.3533328542177885,4.318132509490836,1.2824992471537966,-0.40454337136946533,0.9423702917568165,0.9511818225224421,0.9452299298509642,1.9292205767712587,-141.81247468942348,9549.782741228288,0.6498390246405961,0.40796430614291224,0.5312211455169256,1.1466662589971803,0.49341504754828547,0.7957469716714969,0.28496024865247527,0.5313952422592421,1.646861717736011,0.6740705164849055,0.795727764436337,0.22761398359051446,0.5313217848156756,1.9454182443306052,0.7557224874749915,0.7957425286948765
R5_d200_b4,63,R5,64616,0.8012261986732483,0.3053632080554962,0.359237402677536,1.1906553506851196,0.642157256603241,4.257216930389404,12.358831405639648,0.18775296211242676,0.29506218433380127,0.24489648640155792,0.04195588827133179,0.22440867125988007,0.6763165593147278,0.021070202045940876,1.4524472524457999,0.9568012848961948,16.81123210309899,0.6557492347565281,15.2475566475414,207.50216704344462,3.343368901908641,4.185050819301063,1.1714794905926376,-0.4473483603871482,0.9541105495132145,0.9608395681445318,0.8110214110206,1.4524472524457999,-175.30728397236004,9381.457636276475,0.679443113490053,0.44364954176247895,0.42772197803863343,1.0497654316113474,0.4760582546567219,0.8198634613765089,0.3164194232852513,0.4277852158731936,1.5174954181875981,0.673569934796022,0.8198569463342917,0.2539690670693128,0.42792455584919376,1.8068787353794988,0.7619833385224468,0.8198155327386389
V11_d50_b4,56,V11,65203,0.7936338186264038,0.19504691660404205,0.3055458664894104,0.9229254126548767,0.5853042006492615,-7.69426965713501,1.365977168083191,0.19887761771678925,0.259147047996521,0.21719320118427277,0.037736158818006516,0.19114813208580017,0.5942105650901794,0.026022087032421874,1.5340893311718053,0.9554659165699045,17.22376675276081,0.6719307055798205,12.472791792010977,151.36725887094332,3.3072977414468046,4.129223330449621,1.1888277670896679,-0.46276660488407195,0.9574795006842309,0.9653728404790917,0.793766874950992,1.5340893311718053,47.18387229918119,8885.665114272917,0.6959691074345071,0.47010802816290165,0.44245224954203943,1.0167436733493873,0.42919822018282633,0.8241391235228659,0.35719090283277294,0.44260924212845804,1.4577719803084643,0.6037778673960001,0.824079330943064,0.3037704150822652,0.44262134378004286,1.719973622845791,0.6894900615956574,0.8240496311417389
V11_d200_b3,43,V11,64910,0.824924647808075,0.2664449214935303,0.3584468364715576,1.2279168367385864,0.5544449090957642,0.09133900701999664,1.245974063873291,0.15970207750797272,0.21521176397800446,0.21481992304325104,0.019434504210948944,0.13921362161636353,0.547283947467804,0.03129462578534888,1.5040731853148372,0.9570517104444876,17.51028039550802,0.6756152229698524,11.641357780199431,138.61670032860164,3.269998754822515,4.077827569429201,1.1813823507103263,-0.46305775765235796,0.956202666553866,0.9653593287773669,0.7836202812780955,1.5040731853148372,101.29650794998616,9464.711865611474,0.6991167399915621,0.48922083293973473,0.4270746136016735,0.9793598160427407,0.4147726368071048,0.8299210710040941,0.37896805850163395,0.4269628769225887,1.407560955501915,0.58672608752155,0.829959486116059,0.32636896741013577,0.4269179182350953,1.6638283948464974,0.6718819473952273,0.8299756032669939
V11_d200_b3,42,V11,65246,0.8225960731506348,0.2663050591945648,0.34212711453437805,1.1930452585220337,0.5687698721885681,2.899637222290039,1.172764539718628,0.16644792258739471,0.2199477255344391,0.21238726377487183,0.02216777205467224,0.1436079442501068,0.5474757552146912,0.028924542391438587,1.4464019985027599,0.9563165168903507,16.555479273544066,0.6803646274928462,11.718574832096968,136.04976493163377,3.276167009927175,4.068627678123699,1.1639193861117791,-0.46488806431450236,0.956518747533448,0.9653637002660217,0.7660007556065342,1.4464019985027599,96.36151728901285,8787.283947908893,0.7025681438696689,0.49631401191594543,0.414311051818271,0.9628956035999063,0.40516384403613903,0.8347801482044006,0.3860638114367332,0.41425592966773434,1.3842206736648104,0.57638522188553,0.8347840689650463,0.33348713719723005,0.41432331713955717,1.6348648420190903,0.6593979338142497,0.8347635925213099
V11_d0_b1,14,V11,65206,0.6883395910263062,0.12275274842977524,0.20480726659297943,0.527519702911377,0.4989585876464844,1.6797491312026978,-0.490336149930954,0.18810983002185822,0.2714965045452118,0.20604290068149567,0.06084534525871277,0.20956315100193024,0.5746063590049744,0.033885036545871675,1.6673717528064538,0.9528285378101903,17.673522033818955,0.6611532345970161,10.024109314074972,115.06448126968169,3.238995837712006,4.060596327428114,1.2191472919206146,-0.44616472099373955,0.9502047212838544,0.9574719638218602,0.8324005095139704,1.6673717528064538,329.3348043321596,10681.455522051026,0.6865380442001514,0.4789985159958998,0.46468270401284273,1.0064601662804336,0.43313251975381295,0.8214467845398286,0.3672822132938955,0.46481291309552175,1.4457582389148884,0.6101970255042191,0.8214185335975048,0.3124427431707971,0.46476606635383255,1.7128144275099508,0.7023281093601452,0.8213826960730576
V11_d0_b1,1,V11,63645,0.7148118019104004,0.17227713763713837,0.23228338360786438,0.6307877898216248,0.4735426604747772,4.673053741455078,2.4195408821105957,0.16257189214229584,0.23255304992198944,0.20847535133361816,0.0320226326584816,0.16489920020103455,0.5359971523284912,0.03275808524011339,1.5614890087085171,0.9553354650910707,17.480188832613806,0.6693301318076121,10.24842069998656,117.27576042360118,3.2543879504378403,4.054955466952941,1.1951877263777577,-0.45821141180530617,0.9540464864933492,0.9601178443595636,0.803058099096284,1.5614890087085171,311.9304542075855,10533.635915201623,0.6934572616647805,0.4856745111103642,0.44256202298787994,0.9877033182943349,0.4243405002715918,0.825537007589824,0.3745416615780683,0.4426951038240555,1.4174806000380493,0.6007703851866013,0.8255225893382672,0.319926846259314,0.44292501852354693,1.6793542332190947,0.6906623014470161,0.8254519540321346
V11_d100_b3,41,V11,65153,0.8096907138824463,0.27200430631637573,0.3360273838043213,36.73735046386719,0.5507211089134216,0.6911776661872864,0.889224112033844,0.16653214395046234,0.21871276199817657,0.21506641805171967,0.02232171595096588,0.14304333925247192,0.5515860915184021,0.03050236096541959,1.683358835255886,0.9538961927208708,18.25618028684005,0.6667595471197256,11.201557935723947,134.15073992353697,3.2763211814485333,4.114914135271433,1.2216181815210252,-0.4492452894772278,0.9528019245593747,0.9595790249260123,0.8247013183713798,1.683358835255886,184.839416453151,9935.129039367672,0.6923771510111782,0.4839450675172592,0.4654207496668651,0.9979630293574915,0.4227900009905061,0.8237705541716243,0.3735384800088336,0.46542509415115785,1.435276129950687,0.5967790330261263,0.8237700777756819,0.3193285304916189,0.46545822953567884,1.6994911496940264,0.6877928628903527,0.8237889189381413
V11_d400_b2,16,V11,64474,0.81375652551651,0.2288348227739334,0.3533984422683716,1.1605768203735352,0.5705714821815491,1.38114595413208,1.6567509174346924,0.17223241925239563,0.22980518639087677,0.21481159329414368,0.026393940672278404,0.15759137272834778,0.5607823133468628,0.029094641276532718,1.4615095786025418,0.9575722004774815,17.223490199591428,0.6797536133577861,11.983048726100176,143.07272660819083,3.2859069319073915,4.08376876976657,1.1708298083192734,-0.4673953197596339,0.9576844054201592,0.9646241900769006,0.7701291488372032,1.4615095786025418,96.79366684415083,9065.431888651856,0.7027448644602532,0.4848860831298929,0.42409701047324544,0.9865350684006173,0.41451939028305257,0.8297691396964131,0.372579078142056,0.4242857746122195,1.4182121034867694,0.5901234515117606,0.829716832822277,0.31853554755336433,0.42425950574367427,1.6760950164679986,0.6759667710695609,0.8296824685234081
V11_d400_b3,44,V11,65030,0.8268834352493286,0.28301000595092773,0.37511661648750305,1.2888990640640259,0.5808201432228088,2.9208102226257324,0.16607385873794556,0.1609223484992981,0.22436600923538208,0.21695607900619507,0.020795391872525215,0.14985418319702148,0.5620083808898926,0.030426129110738206,1.4156380194202702,0.9591395713719671,17.32284837529985,0.6839585291961703,12.314580203497215,149.68937461141138,3.269492081787661,4.054429176545529,1.1572646605698322,-0.47101959169367746,0.9579941106986176,0.9692335150851342,0.755594963370626,1.4156380194202702,21.38555666832457,9273.951560229583,0.7060094214910826,0.49555464840448077,0.40878808986176,0.9617253225063741,0.40437772265608557,0.8347221589307271,0.3842654369478985,0.40874351811568155,1.3821533000124677,0.5790707786838891,0.8347378350851365,0.3312034895823899,0.40893652314162743,1.6325938658562662,0.6630627868197208,0.8346793547324718
V11_d400_b2,27,V11,64234,0.799805223941803,0.18126630783081055,0.3580760359764099,1.196229100227356,0.5364155769348145,0.49106013774871826,1.20461905002594,0.16569052636623383,0.2236788272857666,0.21399343013763428,0.025490140542387962,0.14661909639835358,0.5563756823539734,0.034534062857465915,1.3871810612128233,0.9626057485249325,18.548052259780555,0.6910676468855602,11.392548519608946,138.91289468644916,3.261874088270514,4.024634739901491,1.1477359243312832,-0.48256260925986577,0.9605606448840314,0.9700013395571424,0.7391352253223314,1.3871810612128233,145.56147806847827,10191.908278669738,0.7124670483318974,0.507461905560471,0.40052388149413354,0.9368805549052283,0.39622318689334934,0.838977214012147,0.39761636707222314,0.40055350479590324,1.346817482176803,0.5714260460575564,0.8389677266055517,0.3441769967942835,0.4007064724230266,1.5925342405196683,0.6596670210027326,0.8389211802545642
V11_d0_b4,55,V11,65315,0.7343195080757141,0.17438119649887085,0.25527623295783997,0.7099189162254333,0.5325666666030884,0.39883849024772644,1.596677303314209,0.1828332543373108,0.2600872218608856,0.20860615372657776,0.04865189269185066,0.19636769592761993,0.5711914300918579,0.039268128797046394,1.6100156301715538,0.9556668772715612,18.158157276487238,0.6755796988631301,10.182295556554875,119.53259050388947,3.2173851459308636,4.020405703897323,1.201580349974194,-0.4594512675526577,0.9534714533839145,0.9615223554186714,0.7984015645564364,1.6100156301715538,291.451935425547,10782.103884967304,0.699753643864873,0.49989079617970084,0.44977681021302784,0.9641431780135613,0.4165321930117827,0.8293949992868503,0.39104444954347467,0.4498162054504813,1.3875630493399924,0.5908131099477706,0.8293907742045628,0.3371863100045065,0.4499242984224946,1.6464502948391697,0.6808668553712252,0.8293512068930423
V11_d100_b3,30,V11,65523,0.8103005886077881,0.23721542954444885,0.3393265902996063,1.0613019466400146,0.6089814305305481,1.1279728412628174,1.3347234725952148,0.19200973212718964,0.25901228189468384,0.22035472095012665,0.03487290441989899,0.19321395456790924,0.6053181886672974,0.03340109510777744,1.7206846879963176,0.955671398761693,19.40828990607242,0.6536466571934811,11.895212700735929,150.36178492947226,3.2668113428337535,4.127789677746923,1.234248169585458,-0.44274708226289583,0.9509786202168773,0.9631835702844425,0.8529790364095919,1.7206846879963176,79.27534011955476,10565.442262959421,0.6804956883868108,0.4669009254263563,0.47720329574509557,1.0353618019851472,0.43535126348416187,0.8171618239147926,0.3557705788155303,0.4771536058912247,1.4854068612651443,0.6075820295354224,0.8171713410155905,0.30256332123041635,0.4771455027755364,1.755786088873911,0.6941614455345834,0.8171700953968184
V11_d100_b1,2,V11,63595,0.8051802515983582,0.16412676870822906,0.3425617814064026,355.48779296875,0.5443068742752075,0.9160403609275818,1.29569673538208,0.17565257847309113,0.23107358813285828,0.21556954085826874,0.023439427837729454,0.16121652722358704,0.5616785883903503,0.030914228229569032,1.4597772474130193,0.9588038518981774,17.717399740053636,0.6890403538670211,12.169594272064204,148.55302709848175,3.2733475699126275,4.057542210231056,1.1617990278927115,-0.47480207645872213,0.9591887971992551,0.9682924629389322,0.7520445505163522,1.4597772474130193,54.762650036134346,9375.856286785243,0.7108941420103763,0.49998077231323407,0.42033895367704066,0.9537053189392843,0.4042150954014796,0.8349401437231574,0.38733539484025786,0.4205354081399362,1.374064066709105,0.5836459846319118,0.834902414368825,0.3325413647231792,0.4207063359575211,1.6268309721435688,0.6708238775770285,0.8348603776677281
V11_d100_b1,13,V11,65481,0.7933234572410583,0.2420244812965393,0.3178350031375885,0.9622554779052734,0.6009661555290222,1.5442346334457397,2.5539193153381348,0.18577240407466888,0.2617594599723816,0.21840788424015045,0.0393284410238266,0.19654221832752228,0.6026307940483093,0.03330228529641764,1.6899106492294331,0.9559185112157398,19.168030569855055,0.6539699497379229,11.705096445131526,146.19304297277043,3.26644540705362,4.122943420838729,1.2288996821182847,-0.4439707631870117,0.9512580191559877,0.9626280078821329,0.8484334854460971,1.6899106492294331,102.8600381116342,10467.65320340011,0.6806739807802908,0.467653848421267,0.468449551191784,1.0323979610739955,0.4345358576095507,0.817999883621336,0.35668755156125165,0.4684578228060232,1.4806786016223636,0.6050783358392632,0.8179908853537992,0.3044704496034395,0.46844277480600716,1.7468177117603765,0.6898408298891853,0.8179959228670828
V11_d50_b3,40,V11,64436,0.8100445866584778,0.27881884574890137,0.3218422532081604,183.90585327148438,0.5616999864578247,-4.53292179107666,-15.723397254943848,0.1721373200416565,0.22655048966407776,0.22238613665103912,0.022217905148863792,0.14594128727912903,0.5752863883972168,0.026864715759800567,1.6965277559841194,0.9525879616950238,17.891318498035716,0.6530191786496499,12.2660667775319,150.22449584262822,3.301929919678274,4.162120056445589,1.2266325184902953,-0.44275521048405503,0.9519529714885695,0.9618981296805326,0.8496171588154806,1.6965277559841194,45.143381239002224,9378.70993845316,0.6792206300725178,0.45880346820019335,0.4789106965204143,1.0466940680598218,0.43582728982440133,0.8157433557708149,0.3461519206150617,0.4789265621636051,1.4990801712967294,0.6075350145567112,0.8157245513679121,0.29323340920035373,0.478807259596208,1.768935261948007,0.6915234622618945,0.8157212570373806
V11_d400_b3,45,V11,64203,0.8205330967903137,0.22350281476974487,0.36807918548583984,1.2469565868377686,0.575573205947876,1.8508367538452148,1.3129074573516846,0.17077301442623138,0.23133763670921326,0.21722859144210815,0.023396778851747513,0.15901513397693634,0.5708613395690918,0.027451535790374,1.3840950611048273,0.9616340834492259,18.038081524749217,0.6827740124581338,12.454682184692093,154.4160828764808,3.308762228862358,4.0900890094994224,1.1490889604141112,-0.47614345291128746,0.9604079489863888,0.9681912361896974,0.7526852085163191,1.3840950611048273,41.17311782056953,9508.44750691199,0.7043599080940846,0.49270732691422947,0.4022550236957936,0.9635588566272975,0.4044100404599546,0.8348122102934352,0.37963870027841395,0.4023239383098386,1.3831320705808794,0.5839012753672594,0.8347998061387711,0.3252109358269785,0.4023684764075185,1.6325296930057505,0.671585834115796,0.8347707545408898
V11_d300_b2,26,V11,64145,0.8157644271850586,0.1956178992986679,0.3534131646156311,1.1685734987258911,0.5616742372512817,14.430082321166992,0.5875436067581177,0.1763303577899933,0.2279030978679657,0.21735410392284393,0.024687128141522408,0.14778809249401093,0.5710920095443726,0.029126443665871964,1.433344094232561,0.960065094579908,17.946005869798107,0.6857195191368952,12.39892758437537,153.3157037197073,3.2904137465089267,4.077205910264315,1.1615397589916774,-0.4772084843489157,0.9603850816289589,0.9705185618802064,0.7552498759864261,1.433344094232561,35.610091856737256,9449.471985701717,0.7080876417235407,0.49438920307155215,0.413695183617534,0.9642944220999552,0.4087550681190134,0.8337833119998079,0.3823426738089947,0.4137286504747748,1.3867023275409043,0.5847890805739355,0.8337708514291691,0.32838826030115437,0.4139913089731107,1.6392025078740278,0.6698593418420058,0.8336954078503702
V11_d100_b4,54,V11,65427,0.8064363598823547,0.27685022354125977,0.33328238129615784,1.0320849418640137,0.6070060133934021,-1.0393872261047363,1.9341590404510498,0.1744735985994339,0.25223618745803833,0.220145583152771,0.034999068826436996,0.18099822103977203,0.5951525568962097,0.030584828519369125,1.5916721704255514,0.9583344683973637,19.100586373573783,0.6630111178168323,12.116423733227014,152.65913747809466,3.293246065623964,4.130200016918737,1.2061616993539563,-0.45697361909523,0.955714913646432,0.965390580213821,0.8187906062319978,1.5916721704255514,78.43868625161889,10422.780518104715,0.6883455586291715,0.4715131922399737,0.4499623775813141,1.0171584417155874,0.4388610709017622,0.8222119948440691,0.35782879393577455,0.44993189802484307,1.4625508440755555,0.6146895015219491,0.8222214210058205,0.3032382969178332,0.44984869711404946,1.7315161902792204,0.6996678532611076,0.8222068785165468
V11_d300_b2,31,V11,65218,0.8197351694107056,0.3041839003562927,0.3536159098148346,186.35186767578125,0.5980936288833618,1.9581539630889893,0.9877448081970215,0.16190503537654877,0.23326386511325836,0.21645981073379517,0.02856103703379631,0.15983447432518005,0.577864944934845,0.02805255063884088,1.4852227579541564,0.9564598373691735,17.05577871250302,0.6792471417276975,12.690962391501293,155.12214178704784,3.2896726026031944,4.084739813218755,1.1662336615155866,-0.46384942768713006,0.956632539479993,0.966445931177673,0.7709161041458059,1.4852227579541564,15.7847673116392,8654.569744418679,0.7011519580808617,0.483507207205904,0.42853331782243986,0.9855751964696722,0.407763422940164,0.8311157728924136,0.3698799154564173,0.42858136989153683,1.4139930189320955,0.5882741971551206,0.8310944306102044,0.3152037760704484,0.4285779584674692,1.6675550874992684,0.6776504497589066,0.8310819611647362
V11_d50_b1,3,V11,62881,0.7633911967277527,0.16067102551460266,0.30661535263061523,0.9250395894050598,0.5205722451210022,0.8073619604110718,2.185903549194336,0.16487905383110046,0.23275892436504364,0.20896679162979126,0.03178441524505615,0.16215196251869202,0.547513484954834,0.030458374136386853,1.4555609323317968,0.9595288300306004,17.982689076815497,0.6853593349679918,11.349939511239555,135.47936209635998,3.287423357996095,4.067246995141113,1.1661036123086945,-0.4772686803889319,0.9601490746794443,0.9669432143389254,0.7589402371151375,1.4555609323317968,183.2944989791177,9863.654391962118,0.707907377322348,0.4998847383023901,0.41716199899147,0.9546072767330666,0.4065366973594835,0.8343827423638677,0.38771783419608985,0.41731454826370573,1.3742744825408537,0.5886891258480016,0.8343933468974409,0.3318722169175108,0.41752121635151546,1.6289921835516565,0.6814244233943371,0.8343258919120833
V11_d50_b1,12,V11,65300,0.7548403739929199,0.23025676608085632,0.28112801909446716,87.18231964111328,0.5549142360687256,2.2427730560302734,1.342355728149414,0.1712675243616104,0.25456565618515015,0.21560360491275787,0.042651016265153885,0.18498563766479492,0.5854301452636719,0.02711672328882104,1.447370042355118,0.9581153872554482,17.278064036416456,0.6768247681194139,12.270704659209906,147.89705973384574,3.313463251812459,4.094954775826189,1.165963110257694,-0.47296192076626514,0.9596179353391542,0.9659078048923959,0.7727146707731972,1.447370042355118,130.6257517533743,8720.1752878157,0.6992621859158955,0.4737750799533641,0.4232856699386679,1.0005083111525663,0.4238870157157622,0.8288524475791132,0.35594420096105994,0.42311862681667667,1.4383336644468407,0.6115122078975888,0.8289237561966543,0.29906657753953575,0.4230667125115765,1.7006945172669496,0.7007747204195273,0.8289376314240461
V11_d50_b3,39,V11,62753,0.7855005264282227,0.25121405720710754,0.30928075313568115,0.9569144248962402,0.5279814600944519,2.304591178894043,36.88766860961914,0.16056253015995026,0.2210436463356018,0.22138532996177673,0.020263873040676117,0.1386909931898117,0.5579163432121277,0.033160979757911,1.5519675541760094,0.959991627963225,19.39553492308709,0.6650020350076034,11.631900201560468,145.7814085104691,3.280179637977643,4.097012569065404,1.196587423109106,-0.4627453924262818,0.9566214442149495,0.966561030184544,0.8100527001748572,1.5519675541760094,142.3006911517263,10858.992811411375,0.6896861407898476,0.4816932831910103,0.43938746485057845,0.9951462326535714,0.43451117098528996,0.8247600991210786,0.3703069940897274,0.4395049205304059,1.4322171081249293,0.605752581983969,0.8247269178763568,0.31664507342797993,0.4395536421342404,1.6972150387767755,0.6902754467675563,0.8247065617468201
V11_d0_b2,25,V11,64722,0.7204436659812927,0.11550173163414001,0.22731243073940277,0.6079892516136169,0.5031301975250244,-0.9930495023727417,1.6031817197799683,0.19177468121051788,0.25621241331100464,0.20682594180107117,0.046977948397397995,0.1910916268825531,0.5597881078720093,0.028666355014116646,1.3873701113929515,0.9558605498803577,15.71576115666917,0.6839276603543147,11.030970588453531,121.55131919347195,3.28012259110013,4.039806861601978,1.1529065097808269,-0.47643512871387683,0.959201882372633,0.9631438067346803,0.7523989928509894,1.3873701113929515,229.21952733309618,8624.373549762333,0.7060062982023367,0.4938476536020985,0.402437331535395,0.9613747874220294,0.4095701585073539,0.8351012637775961,0.3800008996479586,0.4024857770492777,1.3823098436384662,0.5949098382086413,0.8350907548648018,0.32380568060856585,0.40244676478897884,1.6369031919711765,0.6876047481692769,0.8351000464812319
V11_d100_b4,53,V11,64958,0.793337881565094,0.28445619344711304,0.32161760330200195,1.0059479475021362,0.5677621960639954,-0.7015534043312073,0.9928951859474182,0.16007785499095917,0.23182442784309387,0.21549484133720398,0.028022969141602516,0.15502232313156128,0.566100001335144,0.02848944393291679,1.5283466765950084,0.9573297380591559,17.908803543858134,0.6736255124721889,11.817988580637344,142.6548753774469,3.300476744515217,4.111711641300236,1.1836229887476661,-0.46440615889281694,0.9575177288116136,0.9656462753567012,0.7890523180033069,1.5283466765950084,111.97257826675894,9601.62034597683,0.6969310679332102,0.48406566557384056,0.43384307635013675,0.9864006698922991,0.42125168628530774,0.8288716224850994,0.3709563601120829,0.433609315548087,1.4184519678676661,0.5993488496230697,0.8288956034586252,0.3160197274113451,0.4334314472883565,1.680349144930645,0.6894599562072896,0.8289216945573563
V11_d0_b2,32,V11,64227,0.727720320224762,0.2598077952861786,0.2378023862838745,0.6550955772399902,0.4875102937221527,0.7567329406738281,4.992748737335205,0.14818324148654938,0.2191953957080841,0.20625697076320648,0.030907543376088142,0.1433573216199875,0.5279350876808167,0.034395989125121915,1.594009380048065,0.952058389125116,16.624487067766715,0.6812284713327778,10.500579355997855,117.66646238268422,3.236797731281592,4.030144521589095,1.198270404287918,-0.4637782565569976,0.9551224174164068,0.9590826173851055,0.786757576951091,1.594009380048065,283.86294136817264,9483.789963940806,0.7056073322528646,0.49707300399978616,0.4468027771231071,0.9669239513828318,0.416660421265758,0.8289445582467101,0.3871889900426714,0.44701655610492486,1.3912833709623829,0.5945996704480709,0.8289009522376828,0.3325973382538944,0.4470309609995954,1.6510130229635533,0.6843067018663833,0.8288699994897128
V11_d200_b1,4,V11,65191,0.8136280179023743,0.21772675216197968,0.3598223924636841,1.1773192882537842,0.5935066342353821,0.8630313277244568,2.3032662868499756,0.17945457994937897,0.2457074224948883,0.21969911456108093,0.030909385532140732,0.17240010201931,0.5952966809272766,0.028144235200041997,1.3327342707492438,0.963211662158046,18.113542889460017,0.692131541587635,13.177420225676583,168.72027356421347,3.2982078948801683,4.0569723257121355,1.1356633744195994,-0.4906059768424998,0.9635595333723667,0.9756521522881691,0.7293728354678894,1.3327342707492438,-40.25968943796033,9564.00064005427,0.7131431367781423,0.49501229863267054,0.3929326240369372,0.9569936488020612,0.40019241244506215,0.8373767553294561,0.38162733562243606,0.3928542594796495,1.3742628123290013,0.5786553480372317,0.8374238611178288,0.3273358415641807,0.3928892304592544,1.621940804419027,0.6635511058839169,0.8374050120330077
V11_d200_b1,11,V11,63663,0.8002829551696777,0.24273988604545593,0.3412070572376251,213.30418395996094,0.5531255006790161,2.0472235679626465,1.1024034023284912,0.1629868596792221,0.22067493200302124,0.20724111795425415,0.025601105764508247,0.14942215383052826,0.5375502109527588,0.03288811306177445,1.179361257458631,0.9607674941143153,15.030409487801519,0.7148094006590937,11.975270380865481,135.3239838449404,3.2356075068719985,3.9347211164407305,1.0827086728296138,-0.5006879708885552,0.9632105134920327,0.9705841750506317,0.666189874523535,1.179361257458631,76.68213856077483,7554.084269289016,0.7324561398522413,0.5256763112520719,0.35733414899935434,0.8883433322161789,0.3726360217406447,0.8511910113820983,0.41167405761903714,0.3573875108957896,1.282397435894463,0.5612822469972045,0.8511727300934303,0.35498808126183545,0.3572702198976012,1.5182845483410603,0.6539368102629948,0.851203140459255
V11_d400_b4,52,V11,65460,0.8383767604827881,0.37290993332862854,0.3703392446041107,1.2636443376541138,0.6029285788536072,0.9852595925331116,1.2235496044158936,0.14704738557338715,0.21746963262557983,0.2174188792705536,0.019871126860380173,0.1395447850227356,0.5584604144096375,0.03248992776446987,1.3437720617562299,0.960609982262322,17.057266521635327,0.6885556407791995,11.924897940379124,142.01150723441816,3.2573600425962996,4.026822906603205,1.13651466542074,-0.47508737363358433,0.9584675453860879,0.9686097106734831,0.736264157892385,1.3437720617562299,53.941997298674266,9213.631744702261,0.7093655193537982,0.5065655773012858,0.3897273177453875,0.9355704132546994,0.3975078790623139,0.8406456380156555,0.3944741295889469,0.38975755596066236,1.3473143144813564,0.5758925398849308,0.8406505698174095,0.3402601955725358,0.3897779504991653,1.5942659883093366,0.6611553846080696,0.8406370276447156
V11_d200_b2,24,V11,65324,0.7724897265434265,0.18368622660636902,0.30500921607017517,0.9145022630691528,0.5674200057983398,-0.5998134613037109,2.288299798965454,0.18331298232078552,0.2595490515232086,0.21137700974941254,0.0384044423699379,0.1952740103006363,0.5823296308517456,0.03189747246478643,1.4986914218840854,0.9578349033826108,17.77170624582908,0.6765040630718381,11.270367633463694,133.61729663860447,3.2685451487383648,4.064193911958552,1.1793855329030305,-0.4661993971861794,0.956801012144512,0.9663472404758846,0.7810671839391167,1.4986914218840854,151.28183442181574,9719.114706353505,0.6998187356611449,0.4920694750072603,0.42753034092241193,0.9776422309891304,0.4077026241765268,0.8302292511719676,0.3831617700321287,0.42738792749614796,1.4031640301208441,0.578347783629551,0.8302624665893827,0.3309218021417284,0.42730659335464083,1.6563956307437393,0.664287685963064,0.8302928309638296
V11_d200_b4,51,V11,64884,0.8420284986495972,0.31509459018707275,0.3784058392047882,52.3828125,0.5915090441703796,0.6272464394569397,1.7602037191390991,0.16585485637187958,0.22269001603126526,0.2221907675266266,0.019208494573831558,0.14349523186683655,0.5696603059768677,0.026153115745905352,1.5420348142036473,0.9559711147851938,17.511626817333752,0.6666864034334483,12.307869687405196,149.48627124595143,3.308880922511693,4.143017417477336,1.1938848633761276,-0.45336893668818945,0.9549174489336703,0.9624552482642308,0.8051600180118967,1.5420348142036473,64.6442258552263,9188.248001717791,0.6912304169164598,0.4780731936422693,0.43620588394209153,1.002027410464166,0.43342711110750914,0.8252711458801052,0.36490395075402093,0.4361620280237819,1.4433687573088245,0.6068061531720528,0.82530100446107,0.3108753018240369,0.43632957584012955,1.7093136468822188,0.6881354437827556,0.8252470686721485
V11_d200_b2,33,V11,64829,0.7828900218009949,0.2520090639591217,0.3195745646953583,0.9957423806190491,0.5384836196899414,0.1904335618019104,3.028839349746704,0.1567801684141159,0.2240389585494995,0.2108161598443985,0.02573825791478157,0.1517145335674286,0.5453372597694397,0.029766583908492385,1.6079539263739855,0.9543153534846432,17.59840612724588,0.6679355891488586,11.140742470220008,130.56272332606906,3.2809045111176594,4.105540548794677,1.2043072018307979,-0.4534385475956658,0.9539143304278066,0.9621219880386432,0.8111292707595592,1.6079539263739855,178.1459380803111,9638.327112685236,0.6925212789080484,0.4845971633784074,0.4525574242510124,0.9951399416051369,0.41542654730373507,0.8256737756707182,0.37515241450086045,0.4527149699539669,1.4276525487064777,0.5894147066193469,0.8256390546298622,0.32196342511003495,0.45269009885316736,1.6864465200274066,0.6796927333532906,0.8256490129369937
V11_d300_b1,5,V11,65518,0.8267850875854492,0.2762989103794098,0.36754584312438965,1.209227204322815,0.6132476329803467,0.808225154876709,1.9378670454025269,0.17381985485553741,0.24286524951457977,0.21679340302944183,0.03084990568459034,0.17230257391929626,0.5874912738800049,0.027906692094357276,1.3356192723804339,0.961283585674973,17.248747018379763,0.6888761457698847,12.650450547080247,155.23080327414104,3.292489525957471,4.055493151371499,1.1377382098020972,-0.4831101132850049,0.96149443506608,0.9717951729539179,0.7356867011976582,1.3356192723804339,8.46316843155654,8946.384948119565,0.7100271144351379,0.49392479516459986,0.39556454481312375,0.9612434907125895,0.40176417313482216,0.8364788598985405,0.3810329169214004,0.3955547317299891,1.3799496044980466,0.5818030973066506,0.8364931814845997,0.32639646750954815,0.39545806495203134,1.6295929252040366,0.6698938620528506,0.8365128618575608
V11_d300_b1,10,V11,62679,0.8257647156715393,0.271479070186615,0.3718140721321106,5919.73193359375,0.5647741556167603,0.6174209713935852,39.53253936767578,0.15827377140522003,0.21563056111335754,0.21364668011665344,0.01883818581700325,0.14194774627685547,0.540411114692688,0.0277988785025731,1.2863479985416366,0.9571812862039399,15.020862193499436,0.7065516398595216,12.371497956032474,141.35763105738206,3.2852154223565764,4.0264883253783905,1.1130393978538582,-0.48860228795997934,0.962275997534464,0.9656108510765045,0.6964584935436431,1.2863479985416366,81.24182811424953,7655.828207463959,0.7256390066171534,0.5141640186028962,0.38358505218435357,0.916923659471016,0.3805228764687203,0.844495310363484,0.3998281639288277,0.38366299218935696,1.3216126744995167,0.567181115050424,0.8444776146718911,0.3433996454789099,0.38358614287669734,1.562234551098571,0.6589948991717807,0.844499447280227
V11_d300_b3,50,V11,65366,0.8573967218399048,0.3685472309589386,0.38586562871932983,1.3487110137939453,0.5917525887489319,0.8892650008201599,1.349388837814331,0.15339934825897217,0.21251481771469116,0.22079864144325256,0.015161336399614811,0.13127483427524567,0.559499979019165,0.025818234869630786,1.5174699860778682,0.9554881082726827,17.04566945054665,0.6607327438607604,12.24903286340422,146.6076539233422,3.307978892697281,4.1396175628498275,1.188477466348948,-0.45139355088799876,0.9541892997761958,0.9621858623962656,0.8117486906154638,1.5174699860778682,54.551314695882354,9047.37079260515,0.6851555933503811,0.4625313239441254,0.43723475806643697,1.0293687241826908,0.443393127410468,0.8220738797709988,0.3457164912822054,0.4372394788117344,1.4813381654123696,0.6227834846653386,0.8220832588467317,0.28982723540202115,0.4373233953869906,1.752003980247101,0.7092370226680598,0.8220480747852377
V11_d0_b3,37,V11,64437,0.7757253646850586,0.14697054028511047,0.2758115530014038,41.865360260009766,0.5037967562675476,2.9113056659698486,1.7928091287612915,0.17978575825691223,0.22952207922935486,0.2093864232301712,0.026861978694796562,0.15889117121696472,0.5405881404876709,0.029628148711791282,1.5626048772822136,0.9540877249545342,17.017288684566026,0.6714935087692036,10.614028071815621,120.42438645184959,3.2711514835318627,4.085291097883109,1.1959379534978374,-0.45397254220169536,0.9535244666963966,0.9578541987805803,0.7991139339755202,1.5626048772822136,265.45265957092766,9680.48097941777,0.6959168648764134,0.4835713676755424,0.4429444799868343,0.9894824675522119,0.43114273715787266,0.8262500218163655,0.3685986881259261,0.4430063735099569,1.4246981082231025,0.617422457737137,0.8262411805724412,0.3108659646956218,0.4429905418959046,1.690890492879146,0.71351689197049,0.8262667685471023
V11_d50_b2,20,V11,62503,0.7807002067565918,0.13840951025485992,0.3030245900154114,890.5623168945312,0.5216919779777527,1.3886653184890747,2.4289770126342773,0.1802007257938385,0.23052020370960236,0.20649753510951996,0.02729305438697338,0.1672612726688385,0.5340055227279663,0.026708738216548095,1.555568222531912,0.9523967293477578,16.338879673122566,0.6769489394190602,11.4613041920344,130.4380052986616,3.298090680886798,4.115677243751773,1.1883745249707804,-0.4591135504869055,0.95599560477229,0.9600239803226011,0.7874010618538752,1.555568222531912,161.57077301742015,8775.746523480515,0.700331435354024,0.48891316025310083,0.44101257068335115,0.97941332328304,0.413779800690418,0.828807982225394,0.37540899246356757,0.4412119034009264,1.409613010213005,0.5949032871966695,0.8287668072057823,0.3195794141100903,0.4412117886274737,1.6683922090513654,0.6871969517516272,0.828768098837277
V11_d300_b3,48,V11,65313,0.8104153871536255,0.2503286600112915,0.34887415170669556,1.1210309267044067,0.6124725937843323,-2.1561264991760254,2.236354112625122,0.18320006132125854,0.2599585950374603,0.22066791355609894,0.033782683312892914,0.19573616981506348,0.6057367324829102,0.028983751974490265,1.5123265318673642,0.9584931461284486,18.217792855050696,0.6694029862485937,12.304857492502492,152.5899116012139,3.2920295948480653,4.110412949898178,1.1852001911700367,-0.4588406173224832,0.955768720594069,0.9665091403645709,0.7958406132855355,1.5123265318673642,34.99658661991731,9734.10669240625,0.693234912399802,0.47851515102831893,0.43085530043187037,0.9994154808485199,0.4259736305681163,0.8269626605394602,0.3649997774575522,0.4308888107097313,1.437256866850272,0.6016559905994787,0.8269569313525872,0.3104784520692541,0.43095007949945435,1.6994747355660993,0.6871146465104081,0.8269414377178026
V11_d100_b2,23,V11,65512,0.7941589951515198,0.26875734329223633,0.30507218837738037,0.9076923727989197,0.5943800806999207,2.158095598220825,1.321597695350647,0.17646992206573486,0.25646430253982544,0.21625199913978577,0.03605222702026367,0.19431623816490173,0.5877504944801331,0.030045782730812085,1.661654481076188,0.9546513830205882,18.320894789004086,0.660755866034955,11.38285740560778,137.17241676656536,3.286531566592504,4.130560782072589,1.2162748395154437,-0.4472127385875958,0.9525652536883061,0.961415072537981,0.8309345350308208,1.661654481076188,156.0554624619735,10090.280526357923,0.6859702174169724,0.47700812477756993,0.4621316297767902,1.0089865244853966,0.4269957038958845,0.823124983417268,0.3645219325928266,0.4621476207460058,1.4514212881863078,0.6031590471807105,0.823118777343119,0.3102206478400752,0.4622070271364627,1.7177468724310794,0.6915941351821361,0.8230849286187312
V11_d50_b4,57,V11,65132,0.7663478851318359,0.2466079443693161,0.28282731771469116,0.8186869621276855,0.5695222020149231,0.9628592133522034,3.175797462463379,0.17159011960029602,0.25665971636772156,0.21441638469696045,0.03715001419186592,0.19691911339759827,0.5789754390716553,0.02322400309090092,1.5880334482263048,0.9495592102396424,15.741560111319938,0.6605683169037867,12.486730451167631,145.3144858582835,3.325055993892629,4.163106837921941,1.200422019089239,-0.4489038048094917,0.9540216571164242,0.9574262684967779,0.8209654234345778,1.5880334482263048,124.2444873553219,7765.514712285954,0.6850104942554079,0.4483114153431228,0.4608765046051272,1.0556100689796497,0.4394936897454049,0.817513213758609,0.32849458963106837,0.46084605200423046,1.5142102882231723,0.6276593219592841,0.8175181913551708,0.2712606402599329,0.46084243262421093,1.7872585321693122,0.7159848783405256,0.8175026018290472
V11_d100_b2,34,V11,64926,0.8101953864097595,0.26013195514678955,0.30933448672294617,0.9512788653373718,0.5517244338989258,0.1419023871421814,2.072448968887329,0.1714041829109192,0.2246105968952179,0.21413473784923553,0.023216981440782547,0.15356813371181488,0.5455840229988098,0.025138852992472475,1.6505820270044023,0.95132959310338,16.956731330053834,0.6554461481014009,11.447927983847002,132.31326448109675,3.3154670286523356,4.168319112307301,1.2189236797883463,-0.442092986519493,0.9519023945654744,0.9563081759644279,0.8401831444970644,1.6505820270044023,194.20972749411828,9141.749631542316,0.681360363405895,0.4594949457159977,0.46665371425615104,1.0437903750771116,0.439353063141961,0.817154924964709,0.34459689675674915,0.46668969008934724,1.4982244837088996,0.6179636116852503,0.8171471226899711,0.2891097057926574,0.46674774674530844,1.7700835722146024,0.7073591600256963,0.8171223470968358
V11_d400_b1,6,V11,65429,0.8008794784545898,0.28609997034072876,0.3601241707801819,1.1739426851272583,0.5993438363075256,0.9122219681739807,1.772594928741455,0.16082863509655,0.24799126386642456,0.21693894267082214,0.03343495726585388,0.18138130009174347,0.5909262895584106,0.029685745400954065,1.2579203587376275,0.9645382114485584,17.736279105574987,0.7011360375561785,12.414223628225985,152.8380315254771,3.295515635216696,4.020804174707628,1.109558532430218,-0.4992681259551971,0.9649426583528851,0.9744208265339701,0.7017522305996022,1.2579203587376275,52.917774495172694,9199.57920742694,0.7202499725151735,0.5136264242496423,0.37448827244555943,0.9193639332494741,0.38002109623848457,0.8449165409750596,0.4029155213968172,0.3745028477930088,1.3203172635700757,0.5589040708366568,0.8449197956295529,0.3491719888158966,0.3744247034777728,1.5583613720602358,0.6478801088654015,0.8449153717805613
V11_d400_b1,9,V11,63708,0.8398265838623047,0.3108154237270355,0.3867809474468231,1513.2342529296875,0.5860440135002136,-0.9262665510177612,0.9040277004241943,0.15982002019882202,0.21771827340126038,0.2207658290863037,0.01841137558221817,0.14084023237228394,0.5634602308273315,0.0256795340470457,1.442973604333739,0.9568038763383173,16.702582106156775,0.6803418784080925,12.784385081112964,155.1480484224573,3.309117612486475,4.1110694362554305,1.1640909610158947,-0.46602233986024116,0.9579881212903036,0.9650505935940391,0.7657603254557155,1.442973604333739,21.270354287969155,8614.452538807094,0.7026756658817345,0.48178961224437167,0.41886112713971935,0.9862417960345082,0.4176695411287709,0.8306508116711327,0.36605697346183386,0.41899202421933823,1.4196051555903233,0.6003202806039143,0.8306058040879638,0.31003872356632245,0.4190513618522408,1.6785256999744234,0.6895604262681359,0.8305725011441246
V11_d0_b4,58,V11,64292,0.7228237986564636,0.19841362535953522,0.23436325788497925,0.6463767886161804,0.49156245589256287,-1.2610505819320679,-2.4568305015563965,0.16686613857746124,0.23622721433639526,0.20435787737369537,0.035120923072099686,0.1753322333097458,0.5323124527931213,0.030879240585021537,1.5242337511189523,0.9500240452030828,15.249671139460947,0.6807907265453235,10.366848039744935,110.20370860486797,3.2444005813184313,4.039143254853346,1.1800380484069533,-0.4552937820632772,0.9526514612270112,0.9540453067555876,0.7764471842606524,1.5242337511189523,288.53292849783975,8878.599772151741,0.7036205660500783,0.4887387828851087,0.43734984094556717,0.9764879715450279,0.41491182846683566,0.8302291612208389,0.37380999428660483,0.437395190094961,1.4056053056772286,0.601238461745824,0.8302407336389903,0.317104881885115,0.43748693249497916,1.664323163743266,0.6951442198044252,0.830243623810017
V11_d0_b3,49,V11,65461,0.8146460652351379,0.2668556272983551,0.3333575427532196,1.0411186218261719,0.5794464945793152,0.5725734829902649,2.008774995803833,0.16997408866882324,0.23755215108394623,0.21668505668640137,0.028789248317480087,0.1663319170475006,0.5730761289596558,0.028155025269693768,1.4661453937156343,0.9595720970618157,18.13284003239903,0.6752804465951195,11.886120532208306,144.7039327505608,3.304820047168175,4.098239249206646,1.1718084524857917,-0.4711003661011158,0.9591602603604117,0.9675290326640859,0.7786329246013607,1.4661453937156343,111.59741273158357,9604.237444888598,0.6981345838615449,0.4814111269096357,0.42579417559171434,0.9913470830158919,0.421373810071342,0.8287114964535371,0.368251078039918,0.42591407999971065,1.424072377318364,0.5976319770348975,0.8286631304506735,0.31410189518852527,0.42595852376498705,1.6818997926565489,0.6841987712184878,0.82865173978019
V11_d300_b4,60,V11,64458,0.8256206512451172,0.32685092091560364,0.3728047311306,1.2865108251571655,0.5877613425254822,2.015659809112549,1.9000003337860107,0.15455803275108337,0.22401517629623413,0.22601358592510223,0.018967868760228157,0.14150844514369965,0.5827047228813171,0.030389944060535946,1.4428512102036142,0.9593584220361205,17.75092506743409,0.6711444691538864,13.214240379855617,168.42027379637952,3.27143269104443,4.079195950746476,1.1679902637512283,-0.4638818242325793,0.9564937624736495,0.9718943392771849,0.7822649522413684,1.4428512102036142,-77.01838362543322,9654.923759542824,0.6941476843558475,0.4772681601805049,0.41976087027029463,0.9989347781334899,0.42517967634225273,0.8277383018971096,0.3638237008955273,0.4197673690566681,1.4354898616684884,0.5999893193636566,0.8277265995319365,0.30998337720787517,0.4196202596879943,1.6962918322449854,0.6829012405440893,0.827772478790305
V11_d50_b2,8,V11,64082,0.7929160594940186,0.30037394165992737,0.3298642039299011,1.0540908575057983,0.5562728047370911,2.347965717315674,1.2246153354644775,0.15007807314395905,0.2266024351119995,0.21665358543395996,0.0233343206346035,0.1523093283176422,0.5605816841125488,0.028926683812688425,1.4004257835586231,0.9585437684590795,16.890413472622217,0.6788142072390565,12.224064656009853,146.09656482675018,3.2834082640170767,4.071482153798426,1.1540244507295747,-0.4690486795497781,0.9578562663305075,0.9690477518303867,0.7623654642215911,1.4004257835586231,35.51066010896113,8970.582921305015,0.7006057593756088,0.4865439156300525,0.40951709852285767,0.9771001548946636,0.40876077008422806,0.8321539198338817,0.3730535870498859,0.4097386756376712,1.4030707086315415,0.5872539687793634,0.8321133268582424,0.31862083961823606,0.40988909766029735,1.6569797225004015,0.6732733460834858,0.8320828991618725
V11_d300_b4,61,V11,65243,0.8294454216957092,0.3518381118774414,0.36277666687965393,1.2154977321624756,0.5945385694503784,-23.740829467773438,2.917584180831909,0.14250703155994415,0.22428955137729645,0.22135888040065765,0.02047346532344818,0.14540793001651764,0.5713505744934082,0.025871388536195326,1.4669498908980911,0.9574540012335925,17.23957520511592,0.6643868841298964,12.60813280182552,153.90861812245686,3.3120439902476475,4.129623167477836,1.1743293295391084,-0.45879874179034386,0.956270263856089,0.9664181349879987,0.7978364958317965,1.4669498908980911,16.660229517106643,9144.58714186307,0.6877429120197711,0.46437980909737125,0.42827129696340954,1.0219213421027082,0.442771644459954,0.8240751692161341,0.3462839240712996,0.42830941388172544,1.4720640728211245,0.6238285639849614,0.824058364809979,0.2903570213938491,0.4282402974531001,1.7416285747904263,0.7079681335600381,0.8240700318622761
V11_d400_b4,62,V11,64441,0.8350679278373718,0.2792545258998871,0.37734147906303406,1.302970051765442,0.5903745889663696,1.01273775100708,1.4814341068267822,0.16497716307640076,0.2286626100540161,0.21844817698001862,0.021310904994606972,0.15440137684345245,0.5686157941818237,0.025993394573078674,1.5396483702273485,0.9536976327736477,16.626022192642644,0.665656896327451,12.232434167254576,144.75668411087617,3.299783736929082,4.135513241253307,1.1924474263266915,-0.4512508169351882,0.9540305959271764,0.9622511340772166,0.8060948116596504,1.5396483702273485,56.17012736385817,8781.133402278594,0.6900692540267082,0.47236272092497494,0.44007561163601266,1.0129627687214833,0.4295502994179199,0.8239353073027957,0.35836990995814244,0.44010350193020603,1.456534129627475,0.6058973768591001,0.8239351455362519,0.30411581276054955,0.440226966820973,1.7223657666310812,0.6907460092429264,0.8239184707888378
V11_d200_b4,63,V11,64843,0.8500697612762451,0.3208347260951996,0.3879258334636688,1.3500314950942993,0.6223649382591248,6.202157974243164,0.8534477949142456,0.1711885929107666,0.2385062575340271,0.22278986871242523,0.02021723985671997,0.1680847853422165,0.585236668586731,0.025336631840048314,1.1530382537403858,0.9631476354945208,15.64401998520615,0.6973815901184808,13.46586816119873,164.41435878381694,3.317404381071098,4.046399641824048,1.0840374031537177,-0.49068992497931263,0.9633257265023805,0.9698740959272008,0.6936362789535384,1.1530382537403858,-31.568386204072226,8171.274810409054,0.7154494559569143,0.4970171281447385,0.3581555157400237,0.9388236647538275,0.42132550234855415,0.8429420666926284,0.3745942853121335,0.35829773644929386,1.3625698238778785,0.6238431762895382,0.8428924532344924,0.312051399522146,0.358472884243194,1.625854291238939,0.719422313856322,0.8428403555788824
V18_d50_b4,56,V18,65329,0.774861216545105,0.23935800790786743,0.2995188534259796,0.875056266784668,0.648105800151825,0.182231143116951,1.6085126399993896,0.23139600455760956,0.3102068603038788,0.24478326737880707,0.05468972399830818,0.24391396343708038,0.7107394933700562,0.02532847849538908,1.785370282037266,0.9574107160034326,20.960322813566197,0.6649880522170983,14.54121339876375,207.8671660697905,3.324652201259297,4.175521393839577,1.2358244657571715,-0.4477881251037359,0.9539955719578357,0.9616545741047607,0.8406548599028383,1.785370282037266,-186.22224273020788,11713.110975286618,0.6905337998251652,0.47709320360065444,0.4902493913752737,1.0051338124519973,0.44571035935955383,0.8210851531888723,0.3591697231098855,0.49016033035962725,1.4546332242737623,0.632853859427561,0.8211029093799974,0.2996332897956835,0.49005102724127125,1.7362894499891106,0.7210696229915983,0.8211159236340475
V18_d200_b3,43,V18,65346,0.8171440958976746,0.2148696482181549,0.3766498267650604,1.2583562135696411,0.6506286263465881,2.9981470108032227,1.8889830112457275,0.21998530626296997,0.2805699408054352,0.23740629851818085,0.03567275032401085,0.21408012509346008,0.6660884618759155,0.024455978875703208,1.4244592704171701,0.9603095232997503,17.944597655918184,0.6873767051192043,14.415620051944815,193.18372250467172,3.3327598096057724,4.119268377232631,1.155629888002209,-0.47034543537082973,0.9594776771310075,0.9623605519562292,0.7510338042451483,1.4244592704171701,-142.9879322477945,9639.015925030944,0.7088327220018722,0.49320852325065845,0.41148883676794523,0.9563808806394573,0.42020375048067093,0.8360090469995822,0.37090092267965813,0.411472757566238,1.3867423631674924,0.6233083462654404,0.8360100613947506,0.3079383846341814,0.41159081247941043,1.655065460656414,0.7184661623474219,0.8359781440162208
V18_d200_b3,42,V18,65273,0.8120487928390503,0.15756981074810028,0.3634205460548401,1.211572527885437,0.6519125699996948,1.6629866361618042,1.3270070552825928,0.2350027710199356,0.2963452935218811,0.2395230084657669,0.03932065889239311,0.23039045929908752,0.6858041882514954,0.02468079020393893,1.676951850253849,0.9589265829375693,20.414077645464495,0.6719707309200204,14.26541623051341,199.41985055190054,3.3365328557077265,4.1730551605834485,1.212996195887324,-0.4537806868451066,0.9558526516734052,0.9607474812538543,0.8136275475639914,1.676951850253849,-138.2347059886186,11194.306734052068,0.6962740016930378,0.4879008206760527,0.4639915800741412,0.9774958019498554,0.43937705497588136,0.8279133567850684,0.36858209874882375,0.46401978802314864,1.421034493339584,0.6300412423087542,0.8279137380437207,0.30799720004307496,0.4641612217609594,1.7012326861804252,0.7181723233066987,0.8278744030971166
V18_d0_b1,14,V18,63263,0.6679974794387817,0.07715078443288803,0.20349833369255066,0.5213416814804077,0.520265519618988,3.686696767807007,1.4771138429641724,0.22101804614067078,0.3139931261539459,0.2213851362466812,0.07014703750610352,0.2551421523094177,0.65375816822052,0.02854564502020719,1.802518575700214,0.9554212180782374,20.217225526671065,0.656582752378388,11.7470809610999,150.2643100147049,3.3091945857335054,4.17847014587436,1.2450951200473874,-0.4415537662493079,0.9520033361027156,0.9576952852311746,0.8593071504382026,1.802518575700214,195.74511569671387,11362.04672469058,0.6830132783487672,0.47712720753195503,0.4918275942582657,1.0097026568207306,0.44010407838479615,0.8183558851835386,0.3630900489946399,0.49185865361417125,1.4540783853924908,0.6230313915651637,0.818358791095128,0.30581945883300965,0.49201434841808744,1.7283614354723333,0.7168380979520723,0.8183202403673381
V18_d0_b1,1,V18,62278,0.6718175411224365,0.05142860859632492,0.22345250844955444,0.5922920107841492,0.5262829661369324,0.9583994150161743,2.071295976638794,0.23092851042747498,0.31891876459121704,0.2191944122314453,0.06767555326223373,0.27117452025413513,0.6467743515968323,0.024810788765300892,1.7389560209664394,0.9561979313646449,19.850158623461667,0.6568847308325743,12.102634147930045,154.41135181501528,3.34194505733907,4.202752158169329,1.2342938846230465,-0.4465454450143928,0.9543263841825375,0.9590724761574267,0.8508929523613505,1.7389560209664394,183.62771995028925,11008.98430892004,0.6829886979026163,0.4724135762041727,0.4830540154231221,1.0163051287324851,0.4409508204238878,0.817944240691318,0.358392973218042,0.483053120697152,1.462701716172515,0.6201813144916799,0.8179442676076447,0.3023578246369758,0.48308525352759163,1.7365319920985938,0.7108056684603365,0.8179211216830041
V18_d100_b3,41,V18,65429,0.7871351838111877,0.07612582296133041,0.33690235018730164,1.0520282983779907,0.623113751411438,6.132735729217529,2.2459495067596436,0.2602064311504364,0.305851548910141,0.23842772841453552,0.04229087382555008,0.24519677460193634,0.68496173620224,0.027715207776662018,1.664115280676385,0.962085755034256,21.945778982115776,0.6797075667705634,13.731014310267561,194.48304672895952,3.3212090248169606,4.1369472885653815,1.207934478203307,-0.4630415407866347,0.9577643455458469,0.9637617851054854,0.7984507431511484,1.664115280676385,-72.33406276726771,12266.752999879394,0.7038315573427838,0.503623660635148,0.45694273928919527,0.9485378470112833,0.426498551933803,0.8318445786586963,0.3881363775736292,0.45684754536102556,1.3756190879259753,0.6145206154464832,0.8318657344207381,0.32861587125946834,0.4569311648718374,1.6452767741635252,0.706330798529636,0.8318563308216564
V18_d400_b2,16,V18,65126,0.8341675996780396,0.19485129415988922,0.3957096040248871,1.3910661935806274,0.6599226593971252,4.7565999031066895,-1.5483455657958984,0.2243133932352066,0.28665691614151,0.242257222533226,0.03315052390098572,0.21403947472572327,0.6803634166717529,0.024181707453745215,1.6214002254427047,0.9580798939249432,19.339171308844463,0.661467231491375,14.401020676009749,198.36451530297498,3.327212374759291,4.177726926656781,1.2069047282203345,-0.44712246799821037,0.9538378237077412,0.9623584233011725,0.8241611463681324,1.6214002254427047,-166.90325459556857,10825.904471752134,0.6860476604690802,0.4644308240960128,0.4562234481036719,1.0228815113066347,0.4404470326145856,0.8222350587393605,0.3444364994415018,0.45623061205728754,1.4753486600796935,0.6293011438234262,0.8222240710360231,0.28545275741790155,0.4562052829116283,1.7531627714179279,0.7186298149473602,0.8222094232974806
V18_d400_b3,44,V18,65413,0.808251142501831,0.27225419878959656,0.3838725686073303,1.310552716255188,0.6653383374214172,-1.1587764024734497,2.8691246509552,0.20156191289424896,0.28613200783729553,0.2471158504486084,0.03696479648351669,0.21614471077919006,0.7028467655181885,0.02396410661410167,1.4220402645370567,0.9612823392540039,18.36423271734919,0.689251585298309,15.314934441450553,215.61536349087453,3.3324274881543707,4.11937333195905,1.1527067740798278,-0.47249483014406296,0.9601025674217538,0.9659607204841352,0.7468219281191404,1.4220402645370567,-212.56005714463458,10060.890396517607,0.7104400991801809,0.4898703126238931,0.4134903184500154,0.9622730021205494,0.4167280338650022,0.835397807453908,0.36914471245266767,0.4134906813814748,1.3909583922460667,0.6144997481252835,0.835373573808154,0.3080324968131368,0.4136070557618197,1.6555699789734262,0.7088649491599379,0.8353434251949656
V18_d400_b2,27,V18,65509,0.8021034002304077,0.24572262167930603,0.3847801983356476,1.3073341846466064,0.6392788290977478,17.148651123046875,3.1387882232666016,0.20100833475589752,0.2793333828449249,0.2479131668806076,0.038416095077991486,0.19943468272686005,0.7014796733856201,0.03162261987042237,1.5074919715175044,0.9674062232770891,23.12545711164921,0.6952229461708025,13.766610716379663,200.7773721908149,3.288870706455919,4.0484352205896945,1.1657799739634942,-0.48223088416903326,0.9610726202615291,0.9694230028007814,0.7479478512788272,1.5074919715175044,-100.87684575757305,13089.6040592038,0.7167917584772527,0.5208735268913869,0.42160587113923403,0.9101389346403232,0.3982525180840768,0.8407075693830441,0.40762525878122857,0.4215704012682623,1.3169983580271087,0.5885494480925343,0.8407239043161523,0.3489552076960757,0.42151713436076976,1.5731213932532881,0.6817433003392958,0.840736660083547
V18_d0_b4,55,V18,63552,0.7076420187950134,0.15926267206668854,0.2518734335899353,0.6984061002731323,0.5529671907424927,3.828131914138794,-3.4505245685577393,0.2064502239227295,0.29104143381118774,0.2158593386411667,0.06146875396370888,0.23611992597579956,0.6244545578956604,0.031116616516192137,1.4481226712510595,0.9586419322485233,17.50713645386861,0.7007991357606399,11.494697621083375,136.42578639689552,3.2578679365171954,4.015489965452106,1.1474071729197082,-0.4761376206759601,0.9584759379653283,0.9609538217204638,0.7277793700830275,1.4481226712510595,113.37943221911644,8957.24471317679,0.7213579860892796,0.5226985331070889,0.4114169447516803,0.9027299772745676,0.3963650433324718,0.8430568954456265,0.40797309775839435,0.4113323192736037,1.3059496891727902,0.5908302065620835,0.8430467135725808,0.34798470158540995,0.4111295338391302,1.5571363172732628,0.690402940778537,0.8430624319077298
V18_d100_b3,30,V18,65481,0.8066381812095642,0.266449511051178,0.35355472564697266,1.1275484561920166,0.6593677997589111,0.9320446252822876,1.6563891172409058,0.21982471644878387,0.2875412702560425,0.2461595982313156,0.03925853595137596,0.21687579154968262,0.7039726972579956,0.032480147163418654,1.6704221247337345,0.9629467737367591,22.540845873523345,0.6825267180534885,14.32601926556226,210.77145122492837,3.268058791072666,4.066723110751973,1.2025282054809805,-0.4624429111805457,0.9557104770994012,0.9652514487238598,0.7927953492644769,1.6704221247337345,-216.94659864787621,13169.282520446674,0.7057600918902033,0.5110723413074515,0.4532177570614035,0.9330576451119499,0.4183834144149217,0.8352096156578741,0.3946548249401316,0.4531820493538461,1.355755789636905,0.6129660049142124,0.835205098836053,0.33440563074761986,0.4531649606556916,1.6231283422897573,0.7054121938142918,0.8352006521982096
V18_d100_b1,2,V18,64541,0.7817978262901306,0.09157310426235199,0.3214869499206543,0.9829220175743103,0.611422598361969,-5.431532382965088,0.4968298673629761,0.2526532709598541,0.30580055713653564,0.23476542532444,0.04249461367726326,0.2538045644760132,0.6684906482696533,0.028195305134879996,1.551865598748204,0.9622621054180036,20.56110463828478,0.672956703360887,13.574604414911215,185.96101055680074,3.314562621515025,4.135849986464375,1.1880243796498302,-0.4617618306920331,0.9573471654398528,0.9663898845371229,0.793795663214678,1.551865598748204,-83.32890574113287,11456.524340656168,0.6962469201256924,0.484476317520679,0.43814668591759176,0.9822410719389096,0.42618783564446006,0.8291410131467201,0.3674326620456094,0.4380394114456041,1.4178595391311486,0.6136362109732778,0.8291814027513007,0.3091573089702533,0.43774828427992696,1.6855793004387936,0.7061195908085083,0.8292867105833401
V18_d100_b1,13,V18,65218,0.8067911267280579,0.16216826438903809,0.3259525001049042,1.0017311573028564,0.6283747553825378,0.61897212266922,2.9974846839904785,0.23967206478118896,0.2882358133792877,0.23644855618476868,0.038346827030181885,0.22049681842327118,0.6629448533058167,0.029052670168170848,1.66167396803684,0.9585528993230371,20.045720216894345,0.6670589461649367,13.788270500387274,188.65156637617613,3.293969214620015,4.1392178876898935,1.213380713562915,-0.4494065541272708,0.9535308719368275,0.963593635091443,0.8203091256856114,1.66167396803684,-133.6959865179337,11226.417916662085,0.6916797109511701,0.4763862815125936,0.4639759432031423,1.0044359678307364,0.43061101167027527,0.8242228090624515,0.3601750350411734,0.464058916448336,1.448551494527524,0.6149207077441758,0.8242050598786571,0.3027594404519631,0.4641353565345227,1.7207997826907624,0.7056733712517406,0.8241983027019923
V18_d50_b3,40,V18,65527,0.7920759320259094,0.13148151338100433,0.32199764251708984,0.9791362285614014,0.6239454746246338,-0.3033755421638489,2.4635910987854004,0.24729372560977936,0.2937815487384796,0.23751060664653778,0.04214528948068619,0.22576525807380676,0.6780731678009033,0.02715813609471271,1.7171433168091064,0.9604817570805508,21.72595730300631,0.6690634087348923,13.819342828016731,195.49929855361614,3.316361696060911,4.153089746606956,1.225593938534092,-0.45331164570441895,0.9551708566336204,0.9619501583943095,0.8261535750667833,1.7171433168091064,-101.81803021407,11983.750730856413,0.6944930837928514,0.4874979167792719,0.4715385934063897,0.9823592868083372,0.44038354412463787,0.8254483028988645,0.3691429449667871,0.4714051434702139,1.42428364009141,0.6332893115662106,0.8254762643518754,0.30838896239607677,0.4713917194699137,1.7031057260987428,0.7275227757005188,0.8254729968869611
V18_d400_b3,45,V18,65504,0.8044812083244324,0.20906952023506165,0.3775201737880707,1.2776285409927368,0.6507772207260132,3.0381548404693604,0.6173836588859558,0.219259575009346,0.29273149371147156,0.24006424844264984,0.041323449462652206,0.2269265353679657,0.6889222264289856,0.02355762158555648,1.652595834705037,0.9575546151118209,19.46732063993603,0.671940549902629,14.111958546349111,192.163529272753,3.3440969876399764,4.185997620842212,1.205291910865595,-0.45173288480171786,0.955547776709056,0.9607642398138109,0.8089591365861646,1.652595834705037,-114.87966227357657,10490.842742232482,0.6955983251801037,0.4816248203685048,0.45950939816041214,0.9886963674833894,0.4248184125714502,0.8275103114612326,0.36245154776785216,0.4592738425024956,1.4288079875590562,0.61871119257102,0.8275718548414648,0.30246798460655155,0.4592664929501651,1.70041447213451,0.712547865882223,0.8275831023833865
V18_d300_b2,26,V18,65516,0.800041913986206,0.2738474905490875,0.3721723258495331,1.2604379653930664,0.6463035345077515,1.5614314079284668,2.0117413997650146,0.19497977197170258,0.27529922127723694,0.2464945763349533,0.03455539420247078,0.19926151633262634,0.6916784644126892,0.027801062560919527,1.5902462201021699,0.9642752097180946,22.256900704782403,0.6829929270407827,13.929911949286032,200.02255863703436,3.319294529087344,4.117844333451017,1.1878467235641277,-0.4681062053214194,0.9587841532846686,0.9658583844779528,0.7810380633436129,1.5902462201021699,-102.15121792685193,12430.15140535753,0.7055900072654451,0.5031019273620523,0.4413732661731463,0.9449776266636134,0.41915001653724726,0.8352877170806774,0.38629363180470194,0.44144891409765485,1.3727901355167602,0.609810942893882,0.8352789916216281,0.3267166401493594,0.44149510727615193,1.6423801332445525,0.7000546645157595,0.8352654270599071
V18_d100_b4,54,V18,65393,0.8149533271789551,0.18817800283432007,0.3495955467224121,1.1428403854370117,0.6379227638244629,2.4889283180236816,3.9308817386627197,0.23153479397296906,0.2830756604671478,0.23354363441467285,0.03642980009317398,0.21829302608966827,0.645704448223114,0.026272538666754483,1.6088456809083205,0.9517420367265316,16.669224845883928,0.6784868452430846,13.452559176131642,168.1636823056984,3.2989574209463988,4.136596528417618,1.1900504210331238,-0.4467756101017445,0.95258847353228,0.9552823970094403,0.7896019059321953,1.6088456809083205,-72.70171434044533,8907.077698819558,0.701064997418623,0.488245116285976,0.44939950442722465,0.9739994352056636,0.4055005333086982,0.8311759841378155,0.36981021621005494,0.44947493571335984,1.4036821851156587,0.6010151426646262,0.831163578143169,0.3103616604443714,0.4492943038540692,1.6649623249153347,0.6950826789579074,0.8312004268620692
V18_d300_b2,31,V18,65535,0.8219764828681946,0.2098531872034073,0.3937346637248993,1.3624687194824219,0.6534453630447388,2.6863083839416504,0.682440459728241,0.22447112202644348,0.2794587314128876,0.23975792527198792,0.036301638931035995,0.20722807943820953,0.6796399354934692,0.030820726214283632,1.4976485186418431,0.9640737666571276,20.843383499908068,0.6950030497669686,14.029144581621436,197.2593811631093,3.2874735904798413,4.059216806807703,1.164227370828129,-0.4760446949442539,0.9595920000612301,0.9661294550093986,0.7474263917391955,1.4976485186418431,-166.72515598124158,11793.062761985759,0.7164649682644371,0.5190567909177803,0.4184568733383036,0.9136436174919862,0.39806015301022046,0.8415073906131383,0.40471007844441387,0.4184051586207367,1.3248528810842448,0.5880186736441215,0.8415290096884775,0.345621626098607,0.41826668701223346,1.5825790240610964,0.6797684211481116,0.8415522657607049
V18_d50_b1,3,V18,65113,0.7441064119338989,0.07685821503400803,0.2916518449783325,0.8530981540679932,0.5723620653152466,24.710124969482422,4.12656831741333,0.23229070007801056,0.30363360047340393,0.22359667718410492,0.0472332127392292,0.25387924909591675,0.6375756859779358,0.02922780226620554,1.594766739929681,0.9603573799000781,20.11429536992786,0.6704966431798705,12.350532458273257,160.54186011177165,3.31286432031597,4.142523700370576,1.1982933376992808,-0.4586177854335116,0.95655639826353,0.9627669422087591,0.8043447976960039,1.594766739929681,85.35909714999161,11039.155467176392,0.6943726051129797,0.4893054133460417,0.4450240518702541,0.978034547853637,0.42323242000904204,0.828348392281302,0.3743400722058041,0.44490989439067385,1.4105223739226629,0.610333140937089,0.8283986793507638,0.31695772591305205,0.44477698485147676,1.675180106017745,0.7051449358530512,0.8284424022037935
V18_d50_b1,12,V18,64970,0.7528685331344604,0.09676077216863632,0.2816777229309082,0.8126830458641052,0.5669333934783936,9.003924369812012,92.72172546386719,0.2274240255355835,0.28723594546318054,0.22448210418224335,0.04475707560777664,0.227671816945076,0.6308894753456116,0.029955638681369835,1.7716969414669446,0.9567189135861598,20.467334443216593,0.6606202053947688,12.100916006819139,157.4833862294965,3.303999194778595,4.166040521388715,1.2373313175928533,-0.4455066332676235,0.9529842759977376,0.9595709763373588,0.8466387206946977,1.7716969414669446,120.90418891015065,11320.750150273107,0.6866708230522977,0.4830145444168086,0.48174134632902377,0.9981826833633904,0.4278881391499657,0.821956932045757,0.3689660648518456,0.4818360058246399,1.4386471008070498,0.6115338763914469,0.8219226613019438,0.311860394296392,0.48195643012787054,1.711319299736378,0.7030930805891888,0.8218723002202553
V18_d50_b3,39,V18,62327,0.7512624859809875,0.04517943412065506,0.28820058703422546,16.610511779785156,0.572615385055542,3.117335081100464,2.89090633392334,0.25124987959861755,0.293906569480896,0.23158399760723114,0.04009822756052017,0.23665812611579895,0.6483814120292664,0.02557625640033262,1.4938159019648782,0.9592232007038262,18.316983280475604,0.6885213043917878,13.27579693032911,170.69937697035542,3.3296791072660437,4.135422111828685,1.168889999199031,-0.46882433110398214,0.9594441956701005,0.9615683138122567,0.7585148393918237,1.4938159019648782,-14.652502813834587,9607.263459534557,0.7105119973317078,0.5079773893836462,0.42188690554767594,0.934188152389104,0.4070580053284428,0.8368726938936304,0.3936089494862888,0.42162659861134855,1.3480659915500666,0.594698512596546,0.8368840024189279,0.3358371153312255,0.42122920857530866,1.601999970248054,0.6862195141838812,0.8369931381389399
V18_d0_b2,25,V18,64531,0.6650323867797852,0.15315404534339905,0.21380506455898285,0.5528572797775269,0.5318670868873596,0.26808395981788635,1.390105128288269,0.20543326437473297,0.303195059299469,0.22969713807106018,0.06838447600603104,0.23353728652000427,0.6553017497062683,0.03642487938720232,1.9222907571831453,0.9577348385622844,22.740842477955386,0.6677297222899718,11.328393068465289,154.37799962087547,3.2452674065620117,4.078024978421747,1.2624979665621199,-0.44713240570073176,0.9510431350373422,0.9588404216070957,0.8569961831155068,1.9222907571831453,285.4983327232279,13303.498057089473,0.6952420742326478,0.5028638923668269,0.5126157938754649,0.9675561147915375,0.4349190211117314,0.821888431633483,0.395234193777487,0.5124429742960679,1.3937464517700267,0.6095382979727084,0.8219323774820202,0.3405599242461819,0.5124969928042193,1.6604198159595644,0.7009231199437105,0.8219012594148846
V18_d100_b4,53,V18,64636,0.8157612085342407,0.17675316333770752,0.34299346804618835,1.1116629838943481,0.6154029369354248,1.9736500978469849,3.342315435409546,0.2208377718925476,0.2725113034248352,0.23431836068630219,0.03416023775935173,0.20045065879821777,0.6350331902503967,0.02506521996989552,1.5530066555077295,0.957198331669151,18.14189394929246,0.675831139037251,13.231611723024168,169.04579772346318,3.330539630486055,4.163392134156208,1.1906527753471974,-0.4574252578568123,0.9567366540779743,0.9595742479550304,0.7901373915066243,1.5530066555077295,6.649868885268916,9502.2855974485,0.6995805324029752,0.48526712913304215,0.43842219941363925,0.9838593779291465,0.4294402226581473,0.8284669201128,0.3681653897201346,0.4385493194838618,1.4211357390388777,0.6187861396313927,0.8284191167591972,0.3091611076405779,0.43861601928210714,1.6919894749469842,0.7123799205909402,0.828400980561742
V18_d0_b2,32,V18,63088,0.6912712454795837,0.052594684064388275,0.2279324233531952,0.605700671672821,0.5168769359588623,0.4136309027671814,3.4731669425964355,0.22480319440364838,0.28911593556404114,0.2245425283908844,0.05650463327765465,0.22059479355812073,0.6364689469337463,0.031003928647438398,1.978098612481652,0.9507269728485492,20.072834233787944,0.6630563184516001,11.622405938911946,147.91818251309482,3.2794481786029324,4.154103596469982,1.2747607008780626,-0.43769336211062626,0.9499851836390939,0.9525156199456023,0.8735970176825283,1.978098612481652,229.86587265024048,11049.83117385626,0.691308421648905,0.4912453920196739,0.5292569260993618,0.9921045492579805,0.43786706135989406,0.8168340553431224,0.38141840869587584,0.5292457582670524,1.4298587472158966,0.6134479139312965,0.8168013570643322,0.32573201876703317,0.5291979789035095,1.7027294949917593,0.7029052925295396,0.816808228516017
V18_d200_b1,4,V18,65275,0.8250784873962402,0.1524835079908371,0.38447338342666626,1.314051866531372,0.6526510715484619,0.7165408134460449,1.1813651323318481,0.24330087006092072,0.2954428493976593,0.23941156268119812,0.03325335681438446,0.23520416021347046,0.6768392324447632,0.02823622507429655,1.445205901375337,0.9621540684351094,19.09327953514921,0.6784062198749977,14.427911417732822,198.9218547549461,3.292654684476635,4.097445539889129,1.1643753542205946,-0.4645801804058854,0.9571942978049812,0.9693347144671651,0.769581421134537,1.445205901375337,-195.00812751639285,11000.7377013706,0.7006279364085675,0.4875155797980464,0.41494138212620113,0.9725583865370517,0.41880616178286495,0.833353729468739,0.3705660509646669,0.41480770152389856,1.403746029895558,0.6052361553855692,0.8333840189355017,0.3132498237675835,0.4147521093049099,1.6676794707724594,0.6922500928761327,0.8333756536768318
V18_d200_b1,11,V18,65252,0.8105301856994629,0.1478811800479889,0.3569934368133545,1.1632694005966187,0.6372078061103821,10.332275390625,2.516056537628174,0.24028804898262024,0.2960165739059448,0.24051743745803833,0.037553925067186356,0.22799035906791687,0.684502124786377,0.02823357161082881,1.665620808213077,0.9600356717284992,20.838844041139772,0.6673019425308642,13.966072557379764,195.28357426748028,3.308032450917875,4.150077392428828,1.2146860287572536,-0.45367933754221795,0.955206920264711,0.9649398369145357,0.8204643919879551,1.665620808213077,-136.41308140506527,11767.232057732226,0.6920890667432028,0.479965499364151,0.46061620194363107,0.9966728752021292,0.43866484106053527,0.8251271737232658,0.36329496202884604,0.4605014302582999,1.4426456060143076,0.6224297473222444,0.8251914273879523,0.30593091754378554,0.4604924759072472,1.7186935253125153,0.7106631779352777,0.8252150964798529
V18_d400_b4,52,V18,65223,0.8471466302871704,0.29253432154655457,0.40934568643569946,38.92440414428711,0.6637332439422607,-1.7085033655166626,-1.667267084121704,0.19373910129070282,0.2635684609413147,0.24251706898212433,0.02548285946249962,0.1803412288427353,0.6521173715591431,0.022992112288721715,1.4528454720066937,0.9575073856565848,17.095270488211348,0.673888574635324,14.474206762465567,190.94988275578464,3.337706132790749,4.158441212535365,1.1670016413876747,-0.45693780813438617,0.9564551150013788,0.9623788287087153,0.7784489342490307,1.4528454720066937,-123.59421242630634,9388.353988049512,0.6963245152353883,0.47243393350215435,0.42252008273196284,0.9995096121808433,0.43130305198285646,0.8290353626842719,0.3509278634102091,0.4224708556407235,1.4438650875766426,0.6242715292006649,0.8290602820020698,0.2911839980937018,0.42249199539559734,1.715351008435363,0.7138713631950122,0.8290498047310858
V18_d200_b2,24,V18,62462,0.7484632134437561,0.18619169294834137,0.3281843662261963,1.0338642597198486,0.5978904962539673,1.7231320142745972,-31.755088806152344,0.1960190236568451,0.2863098084926605,0.23564231395721436,0.04484962671995163,0.21546638011932373,0.6753893494606018,0.03218146258557401,1.3770486485596019,0.9664293787676306,20.509728416056934,0.7134043603082953,13.645698344848617,188.1401710572834,3.2785238965507646,4.00037374701907,1.1197269870620996,-0.4952074832380552,0.963396706812915,0.9705171985879527,0.6939738713672882,1.3770486485596019,-81.27319066926731,10710.481290708114,0.7323476374629512,0.538620271973614,0.39360709143770983,0.868884983608817,0.3791800502688404,0.8499023975329671,0.4247783925640598,0.39384126473769354,1.26119885961262,0.570641143669844,0.8499184845038146,0.3660505233543443,0.3936675209240489,1.5055360531450461,0.6622742406250878,0.8499705813984935
V18_d200_b4,51,V18,64191,0.8377500772476196,0.278952032327652,0.39451706409454346,1.3842099905014038,0.6701910495758057,0.9058087468147278,-7.382626533508301,0.20826438069343567,0.27646756172180176,0.24827900528907776,0.02844364196062088,0.1990741342306137,0.6844679117202759,0.024629284729384714,1.434340097528847,0.9586066520018389,17.32573187215583,0.6733182370821034,15.282711971040245,211.20248498990418,3.310498408019115,4.124322387785378,1.1619885706068094,-0.45520623066190796,0.9549970263594186,0.9645583874113507,0.7768129620882589,1.434340097528847,-228.21927306424965,9890.965410668618,0.6954212300984488,0.47401421110662817,0.4184180722558477,0.9949141940487444,0.42247859653309894,0.8295505658194354,0.35298665123740036,0.4182618728233186,1.433655544664066,0.6178523570819965,0.8295852292266315,0.2928421394889835,0.4183719429536231,1.701725513706915,0.710450970817256,0.829553890690611
V18_d200_b2,33,V18,61094,0.8015601634979248,0.08024870604276657,0.3709518015384674,1577.306396484375,0.5971094965934753,-3.9671995639801025,-2.1003732681274414,0.2303163856267929,0.2796298861503601,0.2364756315946579,0.029476666823029518,0.21726711094379425,0.6454930305480957,0.0255854786336734,1.5899848204291094,0.9599642775049545,19.857076646179692,0.6727014711300545,13.593821414855709,183.01784461632917,3.338114571743146,4.171357298099138,1.1952636421204328,-0.45930568136188016,0.9575223213077565,0.9639742652628455,0.7997464511493444,1.5899848204291094,-58.51110621564345,10938.746418090544,0.696192021153793,0.48720396477397565,0.4465314962948154,0.9787901455333858,0.4254700258279739,0.8286014129093004,0.37033347259406146,0.44686962327112656,1.4152826065728727,0.6104657959088087,0.8284921763958764,0.3121511916164428,0.44679629326666626,1.6846071074926257,0.6997114946158627,0.8284943118421099
V18_d300_b1,5,V18,65504,0.8288695216178894,0.15703381597995758,0.3968074321746826,1.3795783519744873,0.6520538926124573,-4.220420837402344,0.16816900670528412,0.23525623977184296,0.29071804881095886,0.23819208145141602,0.03302902728319168,0.22708162665367126,0.6709883809089661,0.02899210563606924,1.4890493602849064,0.9620002089217915,19.592862459686863,0.6787837754996919,14.315303298592799,198.4284031326158,3.290512930791735,4.098516568645217,1.172180191939512,-0.4642383061309581,0.9571185757676669,0.9695911725998185,0.7745939025971755,1.4890493602849064,-187.2855301940691,11298.837040545548,0.7011633119909805,0.48735941092179935,0.4255098723529247,0.9755186779031433,0.41749123916393727,0.8318282187894421,0.3710383208877441,0.42553069503486396,1.4072553282102072,0.6037845988028184,0.831803400076927,0.3136347223232772,0.42547033682049473,1.6703727089770308,0.69552337826519,0.8318144892979755
V18_d300_b1,10,V18,65418,0.8202115297317505,0.17346949875354767,0.3828263282775879,1.3120293617248535,0.6594860553741455,2.688051223754883,2.2730584144592285,0.23274187743663788,0.298348993062973,0.241468146443367,0.03659499064087868,0.2321200966835022,0.691415548324585,0.024941552384473552,1.6360787927641742,0.9585485861735961,19.734897336799342,0.6700842656332141,14.666113734962101,205.86940026005786,3.3274237883491953,4.170664103178183,1.2029616499278901,-0.4531036599973353,0.9555750889681321,0.9645499080842908,0.809415197941056,1.6360787927641742,-190.2425065989794,11195.260770614172,0.6938398344300862,0.4729227652703521,0.46164932382203705,1.0058290518037325,0.43527226391176466,0.8250032290672437,0.3539261182630726,0.4616088740095371,1.452642751946398,0.6231485792201226,0.8250046427957901,0.2953970479751308,0.46152619211737345,1.7281191176597883,0.711270945410674,0.8250308903186232
V18_d300_b3,50,V18,65290,0.837698221206665,0.2642527222633362,0.41006359457969666,1.4714460372924805,0.6492999196052551,1.2068907022476196,2.8694779872894287,0.19977658987045288,0.2671544849872589,0.24203769862651825,0.029007563367486,0.18977609276771545,0.6623998880386353,0.025765219647913312,1.5093531717595359,0.9599015024974415,18.820570166840973,0.6683658664358465,13.989202843288616,187.71784444060827,3.314704403323429,4.137543591209107,1.1824787658901987,-0.45606931450134286,0.95562725651889,0.9647063308283917,0.7968024397561515,1.5093531717595359,-132.27695941509586,10418.913925644712,0.6917715595653828,0.4741257243799865,0.42999966584297217,0.9997616369502743,0.4380186841750864,0.8270217477111343,0.35378050054308763,0.42999024309367445,1.4438484124063624,0.6309524343403776,0.8270448769492877,0.29406063899993096,0.4299658895066288,1.7170118266342997,0.7229872228025209,0.8270761655225826
V18_d0_b3,37,V18,64512,0.724092423915863,0.0740862712264061,0.26391738653182983,0.7401454448699951,0.5565425753593445,-5.372842311859131,2.338618040084839,0.23604369163513184,0.3041907250881195,0.22218641638755798,0.05419037491083145,0.24960649013519287,0.6400502324104309,0.02642350339026053,1.8191509360050735,0.9544832782979608,19.983325555002313,0.6520735320480933,11.865974778714538,151.07028093394092,3.3245387372864337,4.20504916714403,1.251418700286163,-0.43608636321182154,0.9508743848604087,0.9562165414575684,0.87026709485305,1.8191509360050735,167.27066725922128,11103.5096236384,0.6791493573171985,0.47401031285877354,0.49339872486539793,1.017814490117386,0.44309272782320874,0.8171395104635043,0.35950818171021837,0.4933474670502842,1.4669705881181465,0.6277261327452541,0.8171608810255684,0.3023423233294523,0.4933263205344759,1.7453472262780139,0.7226874000501513,0.8171687639371441
V18_d50_b2,20,V18,65405,0.7540856599807739,0.19395902752876282,0.292684406042099,0.8471413850784302,0.5953429937362671,2.848416805267334,3.4616596698760986,0.21647615730762482,0.2848125696182251,0.234272301197052,0.050339166074991226,0.21333745121955872,0.6569067239761353,0.030722185497756356,1.7826581160459885,0.9600879508558782,22.332330138303302,0.6697449756768784,12.843308628688055,178.78857942657245,3.2912451349056147,4.115972443299594,1.2378199571932926,-0.4563921247578421,0.9551472529288135,0.9620271015322702,0.8340616719779688,1.7826581160459885,41.317199303128916,12167.286090165566,0.6959642769445342,0.49042911242774095,0.4860280732968787,0.9833851748160432,0.4423924349475221,0.8229794553137003,0.37561390483566187,0.4859856794388431,1.4241747802739486,0.6262351995556359,0.8229750089232541,0.31705408384923023,0.48588217044269744,1.7014602502830047,0.7169313590411774,0.8230026075338983
V18_d300_b3,48,V18,63962,0.7895267009735107,0.2162313312292099,0.36811113357543945,1.256404161453247,0.6323343515396118,3.9193105697631836,1.9115060567855835,0.19899237155914307,0.28734105825424194,0.2350171059370041,0.034891337156295776,0.2260625958442688,0.6624054908752441,0.02265806361534889,1.5233378239147932,0.9562650510658636,17.41556650852504,0.6700160780799901,13.99274110466942,181.51032537368164,3.3451405691820146,4.183097580696425,1.1803165492661387,-0.4525664609894421,0.9557352003406591,0.9614320224020858,0.7942784689745603,1.5233378239147932,-84.18058623219883,9295.047420040906,0.6927979539538504,0.4754564781759799,0.43454769413643124,0.9970565020026748,0.4175782152284503,0.8277709671717279,0.3557201341274413,0.43438982519910174,1.435613350980006,0.6095081600552783,0.8277924940383456,0.296722110233789,0.43441020089304644,1.7011757322343195,0.7005866203429512,0.8277612299396278
V18_d100_b2,23,V18,64788,0.7537288069725037,0.15101832151412964,0.3005155920982361,0.8904262185096741,0.5914592146873474,-0.30744287371635437,-1.3942283391952515,0.22153440117835999,0.2902356684207916,0.22729049623012543,0.04856029152870178,0.22943541407585144,0.6512784361839294,0.02769517494598875,1.55403669653197,0.9591814156930497,19.035896550942546,0.6901528724141361,13.25138760225673,173.4684927469788,3.307598423096917,4.107397697961318,1.1772123156504877,-0.46528505233285494,0.9576702094939575,0.9627292818527488,0.7628737573848621,1.55403669653197,-36.56483972264738,9778.963427169489,0.7122857592064381,0.5138629533442184,0.43116429651947663,0.9256204666801182,0.403417538397317,0.8378191512707627,0.40000824351477915,0.431067092056133,1.3397278898479295,0.5929478667848923,0.8378167115229623,0.3413624305244477,0.4309351825089977,1.5982787906513551,0.687675151325881,0.8378708501031347
V18_d50_b4,57,V18,64390,0.7746528387069702,0.1354631632566452,0.28702545166015625,0.8368033170700073,0.5906246900558472,4.721166133880615,1.9028483629226685,0.23412396013736725,0.28857290744781494,0.23246534168720245,0.04355053976178169,0.2257847934961319,0.6427513360977173,0.021876177148037395,1.8477889155549627,0.949398486863264,18.258237757427175,0.648394008393582,13.012188808872112,164.50618891721453,3.3519079225364203,4.261261791361635,1.2573384720737109,-0.4267168777933499,0.9491529664213144,0.9518488441177476,0.8795237422928754,1.8477889155549627,19.11182129121488,9663.062095716868,0.6759425529137344,0.45380587484898793,0.5057403455569751,1.0524930656116425,0.4586274582335267,0.8126487424031029,0.3323194162020597,0.5058336226373661,1.5203677338193924,0.6528455065477408,0.8126119236621883,0.2709237607772079,0.5059463726228766,1.8111443306853763,0.7465149609554178,0.8125699601238716
V18_d100_b2,34,V18,64193,0.774359941482544,0.11250157654285431,0.30489134788513184,0.916497528553009,0.5977445244789124,0.28022873401641846,2.0266966819763184,0.24057812988758087,0.2954871356487274,0.2330753356218338,0.041179291903972626,0.2373492568731308,0.6525697708129883,0.02467059595486328,1.5718882769457136,0.9599901765499959,19.643779218642628,0.6707808054406788,13.424492525556992,178.54497559988613,3.3477000298224304,4.184855286082866,1.1959109773242318,-0.4589631724469479,0.9577661922033472,0.9637189513850215,0.801707317072369,1.5718882769457136,-25.83478032191016,10706.449346460347,0.6947745963051761,0.48611131370001454,0.44145716230121057,0.9822346311098743,0.4263236165166108,0.8276705856669692,0.36972098919124297,0.4415511717983463,1.4176090549503453,0.6129660254176691,0.8276529239780849,0.31135493686674154,0.44162375775763973,1.6861179368579737,0.7052195981954446,0.827632347623114
V18_d400_b1,6,V18,65013,0.8169653415679932,0.14470981061458588,0.39951515197753906,1.41726815700531,0.6418730020523071,0.6860120892524719,2.2857558727264404,0.22823026776313782,0.2921001613140106,0.23432612419128418,0.03427980840206146,0.23484337329864502,0.6628664135932922,0.026917852013180175,1.5260490133756226,0.9606910019840081,19.410937575423777,0.6731588441968366,13.841303303196364,186.87596249149829,3.317128218991511,4.141344068699193,1.1806745295876444,-0.4590078304657959,0.9566459752184068,0.9650948776787246,0.789003766681895,1.5260490133756226,-115.07674549403123,10809.780801152116,0.6960044368602348,0.48259050310322593,0.4308138719959158,0.9838851159435842,0.41862282029903647,0.8303767260833992,0.36487699957908937,0.4306620802672043,1.4194787678125627,0.6079586084775499,0.8304331457972698,0.3067422092942011,0.43063873007187964,1.6853707366270871,0.7010904018321936,0.8304308090612116
V18_d400_b1,9,V18,65321,0.8272269368171692,0.16860000789165497,0.4040309190750122,1.4478299617767334,0.6669078469276428,1.964402675628662,2.632826089859009,0.2358141988515854,0.29994386434555054,0.24180984497070312,0.03539362922310829,0.23590333759784698,0.6916397213935852,0.023829169465004185,1.6036293953300518,0.9577454916545021,18.975837821978914,0.6663459241825431,14.747058235003221,204.72271223732443,3.326769694667107,4.172881556790355,1.1991373308520068,-0.4479045775193038,0.9539618125205862,0.9627024769462257,0.8119502227960388,1.6036293953300518,-199.59369631737616,10714.382415606526,0.6902091665227468,0.46761304792030023,0.4520463273877113,1.013709826599103,0.4349819201326335,0.8248147152302772,0.3473045516722958,0.45181165401792256,1.4619618679336226,0.6263453027426751,0.8248501856096992,0.2880699643331044,0.45166331077764454,1.7358366665891132,0.7166184354389197,0.8248541962673848
V18_d0_b4,58,V18,59981,0.7206212282180786,0.10664291679859161,0.23872938752174377,0.6490442752838135,0.5396302938461304,11.954362869262695,3.604792356491089,0.22327642142772675,0.2924894392490387,0.23431341350078583,0.05258158966898918,0.21972721815109253,0.6538342237472534,0.027391003904132877,2.047357420123363,0.9511801286214578,20.96848437161486,0.6329016416301652,12.236036343459162,161.30929508989948,3.3207284394423464,4.248429780427095,1.3012339449806463,-0.4209587167653019,0.9466729094541722,0.9548442342673333,0.9371582135382857,2.047357420123363,119.27365620759991,11671.05296928229,0.6634223097015591,0.4536154709155329,0.5468995510331742,1.0655741214487813,0.4739697148312594,0.8035106253563127,0.3387299288914377,0.5468005053650424,1.5362598324838799,0.6508408121751028,0.803547819762947,0.28182126847460776,0.546650837087441,1.8294026614166334,0.7399693128746261,0.8035670384452136
V18_d0_b3,49,V18,65240,0.7968238592147827,0.21759507060050964,0.34650781750679016,1.1058043241500854,0.6052843332290649,0.06700636446475983,3.0488052368164062,0.19916388392448425,0.26700273156166077,0.23270198702812195,0.03280070051550865,0.19565296173095703,0.635163426399231,0.028559972029007487,1.6720702100732885,0.9570867863126551,19.481997109022124,0.6657315606197767,12.944905450830746,169.19668427402257,3.304326316367367,4.156708176656644,1.217996239657973,-0.4491805849212165,0.9539372674094769,0.9611801616933852,0.8242743005205071,1.6720702100732885,-18.454479711475415,10583.626351085599,0.6909527104645438,0.47765527038527844,0.46469220386168697,1.0031566389727418,0.43686297814539066,0.8234048085963348,0.36169662802138497,0.46470421923210803,1.4463757686520022,0.6209763052297363,0.8234143688442341,0.3043012383803036,0.4647397303802068,1.7182247046618109,0.7111270066940939,0.8234223465525102
V18_d300_b4,60,V18,65291,0.8345195055007935,0.24723483622074127,0.40079134702682495,1.4275774955749512,0.67054283618927,1.1125288009643555,-0.28124096989631653,0.2168288379907608,0.286704421043396,0.24280239641666412,0.03326325863599777,0.2184211015701294,0.6714089512825012,0.022495433145727023,1.5096182712499049,0.954474967795146,16.580090095734267,0.6698950685591563,15.261644689729096,207.15488288546533,3.3308383140662885,4.170793095645521,1.1788263496214293,-0.44706199342758707,0.9536287769609432,0.9595231339675105,0.793640163498271,1.5096182712499049,-178.81049240800854,9272.340055909277,0.6926550630611551,0.473372365655598,0.4329463372797032,0.9977717777914006,0.4271935790230652,0.8282177050132682,0.35176781136730784,0.4328889545847546,1.4399025698656198,0.623626844279564,0.8282537758545393,0.2914579886454618,0.43285838925681175,1.7092445339657014,0.717016897262715,0.8282482121051503
V18_d50_b2,8,V18,64012,0.7928426861763,0.11576801538467407,0.35412824153900146,1.1641982793807983,0.6254087686538696,0.79137122631073,4.371640682220459,0.23909498751163483,0.2991724908351898,0.23617182672023773,0.0396655797958374,0.24187014997005463,0.662530243396759,0.02372107721509995,1.4417727710182644,0.9608630103786475,18.419566564370065,0.6828850672026945,14.214780454696191,190.4942572837798,3.340141895317448,4.141624281145828,1.1630730931902826,-0.46968131191564966,0.9598503098273249,0.9661728300437765,0.7614427036485971,1.4417727710182644,-101.30028137372261,9809.973524274066,0.7050844345714702,0.490856650549155,0.4159040670753255,0.9662509202447405,0.4193459993379871,0.8330351215492373,0.37414969284039473,0.41594003880304575,1.394880499107725,0.6068440241282216,0.8330283833595418,0.3156822744815304,0.4160439150692231,1.6582538535812725,0.6979086107108026,0.8329832274137232
V18_d300_b4,61,V18,65505,0.8503774404525757,0.23792888224124908,0.4144323766231537,75.97270202636719,0.676084041595459,0.2919297516345978,-4.347023963928223,0.21913230419158936,0.2807758152484894,0.23910261690616608,0.031136974692344666,0.21095767617225647,0.6648967266082764,0.021401859543759602,1.6321224061125408,0.9525681496122307,17.20492024519367,0.654381876247386,14.655357183908809,195.07821965703818,3.346481860421843,4.218191003362007,1.2081317791433988,-0.43574728329441936,0.9511252120879164,0.9562126219171897,0.8375558638867524,1.6321224061125408,-144.02379814226998,9378.561433424233,0.6790143948156261,0.4504175103708866,0.46351443442812873,1.0463450082119343,0.45349527500472775,0.818712585269451,0.32578769981873384,0.4635327685815929,1.5114884913389457,0.6511702299822275,0.8187341767276242,0.264905913938034,0.463562686002293,1.7965129885522295,0.7413361844792405,0.8187689917780904
V18_d400_b4,62,V18,65252,0.8366730809211731,0.20117753744125366,0.40625548362731934,1.4451786279678345,0.6775968670845032,2.0428571701049805,3.224043130874634,0.23205094039440155,0.29964348673820496,0.24152618646621704,0.03553835302591324,0.23699715733528137,0.6897487044334412,0.02108205844055191,1.759749067478742,0.9496318143422363,17.468855036061548,0.6462593240756408,14.886587132757395,201.38505215298264,3.3423512950761167,4.247285546989701,1.2375643526398628,-0.42502469851515484,0.9481412029860617,0.9547398226992816,0.8704183236219292,1.759749067478742,-172.0646911792121,9604.132655582967,0.6726023649020483,0.43826287708721573,0.49240049234695793,1.0756896282720025,0.45604992238395836,0.8126439185744068,0.3152540377218569,0.49215224746831243,1.5474589384688837,0.6446787784674717,0.8126877305175131,0.25693139086572603,0.4919965742955861,1.8299752579886557,0.7299101005595088,0.8127173900723466
V18_d200_b4,63,V18,65415,0.855549156665802,0.19894453883171082,0.4242945611476898,1.5963948965072632,0.6936013102531433,1.1491332054138184,1.5589343309402466,0.2420300543308258,0.3009319007396698,0.24283957481384277,0.030442014336586,0.2328769862651825,0.6833344101905823,0.026600768940930324,1.2813380957854834,0.960796153738036,16.341994700125937,0.6927460735080626,14.982762991113022,200.62558488964936,3.2977750071775045,4.06137339229857,1.1202047363850076,-0.473506032229261,0.9589103268856799,0.964600383818033,0.7208587778922775,1.2813380957854834,-182.88289793487473,9373.384797978848,0.7125307117885543,0.4996675716697697,0.37891156485409105,0.9351367200880993,0.4252225187520391,0.8409599887523225,0.3758289063688759,0.3790449026523046,1.3598473309174628,0.6324405668391125,0.8409181304226225,0.310803682495837,0.3790150537595234,1.628491182903407,0.7326359038559818,0.8409254706363924
V8_d50_b4,56,V8,60526,0.6697670221328735,-0.05694415792822838,0.20879650115966797,0.5428556799888611,0.5036147832870483,0.9140569567680359,1.4985586404800415,0.3002077639102936,0.32450735569000244,0.2329324185848236,0.062444042414426804,0.2694910168647766,0.6764894127845764,0.02349563314896049,2.0103317342715474,0.9424795951265095,17.47494422745944,0.6251567106261506,11.240545488436542,130.66392531737642,3.3175107073886325,4.243921044367199,1.2957683864958054,-0.4132566187463935,0.9435916969696445,0.9486422805620385,0.9457478005855644,2.0103317342715474,221.5959332843418,9545.143320134704,0.6557292346587061,0.4283787023952245,0.5501650365013843,1.118939494587953,0.47440898230101114,0.7972466107724465,0.31342721602508516,0.550298306497644,1.6035470722563279,0.6455547588170387,0.7971616227409064,0.2587549264367949,0.5503860099232025,1.8964154687253285,0.7302786953239759,0.7971033781017733
V8_d200_b3,43,V8,57199,0.6575383543968201,-0.09204692393541336,0.2128804326057434,0.5589627027511597,0.4777657389640808,9.31699275970459,1.7310011386871338,0.2817077934741974,0.3217792212963104,0.2314756065607071,0.06067921221256256,0.2658526599407196,0.6689060926437378,0.024694868312021345,1.9127140228574053,0.9444604679836457,17.219392686239814,0.6332568809451922,10.962973705428322,125.57957189518783,3.3069489423429315,4.20875209149947,1.2766507224864465,-0.4204916817866078,0.9453228365052716,0.9503365593335326,0.9177263951698019,1.9127140228574053,255.71875352054704,9707.783368062182,0.6626525644714926,0.4405579298952198,0.525287222885633,1.0867974229057233,0.4643394673192166,0.8031778814654904,0.32588883342684194,0.5257320659310649,1.5592453971730937,0.6362903205181492,0.803061457172206,0.270826293033294,0.526057710844767,1.8471413805037264,0.7220786203098557,0.8029368346346328
V8_d200_b3,42,V8,56486,0.7036930918693542,-0.12857232987880707,0.23846513032913208,0.654384434223175,0.48381713032722473,-0.21919259428977966,1.870058536529541,0.2972833216190338,0.3049808740615845,0.2362658828496933,0.04340124875307083,0.24369774758815765,0.662826657295227,0.02571043244518651,1.9283346951496927,0.9442106668677843,17.282288448615876,0.6279578915336812,10.755561268040992,122.88398684043779,3.2934457676604736,4.204966156011421,1.2815468045897858,-0.41545078429326115,0.9432646601718242,0.949130961951951,0.9298678883238501,1.9283346951496927,251.22052530081768,9819.813385771653,0.6580193719191298,0.4380401081400805,0.531312911792087,1.095542656722421,0.4731727167268994,0.8004850022821259,0.3232914788501812,0.5319467781750807,1.5739253399740492,0.6446566012028117,0.8003191966981247,0.26820039926231454,0.5322373950741105,1.8663913618060535,0.7287527322459129,0.800171969219097
V8_d0_b1,14,V8,53381,0.6550952196121216,-0.12333914637565613,0.18083889782428741,0.4588892459869385,0.45055529475212097,1.7369400262832642,1.647146224975586,0.2805505096912384,0.3037225902080536,0.22661365568637848,0.055659398436546326,0.2447836846113205,0.6400626301765442,0.02896668925924465,2.032302217353566,0.9414494795879338,17.355116598451193,0.6280472211574931,10.26072504007421,116.3662123347705,3.2622932044252644,4.1787553578952865,1.299261141260008,-0.410430854850372,0.9404445783102954,0.9474528621192526,0.9433342458244056,2.032302217353566,296.13973337171933,10247.2146578741,0.6586593591257823,0.44787587110168436,0.5468300858626696,1.0801105135399984,0.4665653668238181,0.8002799629513917,0.33503322727063994,0.5474693968198908,1.5511428112604988,0.6356888988189755,0.8000934980057255,0.2792561154848011,0.5482622816851539,1.8403904153373363,0.7234752756770952,0.7998650092614044
V8_d0_b1,1,V8,49403,0.6556647419929504,-0.11178869009017944,0.1891424059867859,0.4885663688182831,0.4499061703681946,-0.39337483048439026,1.6433509588241577,0.27507519721984863,0.29872098565101624,0.22573135793209076,0.05302134156227112,0.2393188327550888,0.6360146403312683,0.026585175653615862,2.0217437420429505,0.9411039794700338,17.16367017497679,0.6243148569231571,10.471107339828306,118.34567396610453,3.279950478227982,4.201119448275115,1.300129638486619,-0.4097458194024891,0.9408727584552099,0.9467264234572185,0.9494060246066025,2.0217437420429505,285.5506431369024,10019.587714546764,0.6554840823679728,0.43804108156570865,0.5509708427376658,1.0965694236498287,0.4752768305872838,0.7979512965883048,0.323218159408698,0.5518851463320714,1.5771224919347548,0.6460984831720438,0.7976908822225909,0.26721607631381394,0.5520007695335649,1.8725000862400702,0.7304552981515391,0.7975044218899028
V8_d100_b3,41,V8,61544,0.6587629914283752,-0.07785683125257492,0.21112124621868134,0.5552950501441956,0.4798814654350281,0.934594452381134,1.6545580625534058,0.28608447313308716,0.3181302845478058,0.23127122223377228,0.06261111795902252,0.25707730650901794,0.6704679131507874,0.03052373726265096,1.8790845305694543,0.9465300895648396,17.571420217710642,0.640847953364598,10.223387905101708,116.93537262429037,3.257128056092099,4.138695233117769,1.268075633215465,-0.4241885711316615,0.9446028385997485,0.9510503304440778,0.8991981289666919,1.8790845305694543,307.41544753902434,10495.565381512497,0.6694451637146664,0.4602458993242077,0.5146671964085522,1.0510023922220166,0.44721766553669967,0.8088854182025207,0.3477139885631084,0.514987727402244,1.5100132660092105,0.6217230122608587,0.8088244677772822,0.2925335502503126,0.5152697079240283,1.7906103677581668,0.7141489333992508,0.8087118244314877
V8_d400_b2,16,V8,55533,0.6812559366226196,-0.11344653367996216,0.2310909479856491,0.6259939074516296,0.47999611496925354,0.4804953336715698,1.749495506286621,0.2862396240234375,0.30944836139678955,0.23235709965229034,0.04932922497391701,0.2519492208957672,0.656457245349884,0.025190666598407997,2.0017024997886743,0.9419808253205897,17.250353101295186,0.628853775210003,10.905683372241137,124.82260629564688,3.301546577696555,4.221743574395289,1.293482837264928,-0.4143215035629381,0.9433352037095543,0.9486750115259167,0.9369982044664967,2.0017024997886743,244.899509355683,9767.59736260533,0.6592224685771852,0.4379849565719174,0.5443296051588115,1.0967190973790057,0.46817203960211307,0.8004226893508903,0.3232577669589116,0.5449163813026435,1.5746349428140531,0.6383428330373031,0.800289373912171,0.26833550514130616,0.5450219856308083,1.864586136224185,0.7229113252365151,0.800199698621187
V8_d400_b3,44,V8,58089,0.6988620162010193,-0.08417864888906479,0.24958744645118713,0.6973036527633667,0.501095712184906,-0.572924792766571,1.84694504737854,0.2816440165042877,0.311865895986557,0.23269611597061157,0.04873744770884514,0.2545571029186249,0.6629059314727783,0.02366712667631838,1.8866688590430067,0.9436786261839214,16.74913741576599,0.6391421364332652,11.352978819837372,129.7125515307429,3.31540015915827,4.219998536320796,1.2689761702670528,-0.42164696236518606,0.9460941256027068,0.9509726374350315,0.9025695265342807,1.8866688590430067,192.98835183648197,9035.15538460606,0.6677650848383032,0.43868910578858755,0.5242086258770483,1.0885365958131588,0.45553036722267926,0.8046481197327107,0.32276838577999045,0.5245272664017467,1.5601225237480927,0.6301059821027353,0.8045941691360903,0.26789917760224924,0.5250303070410138,1.84240949456185,0.7147525446654316,0.8044316393401536
V8_d400_b2,27,V8,55099,0.7009567618370056,-0.11457647383213043,0.25373226404190063,0.7120030522346497,0.4759020507335663,-1.2308876514434814,1.9368629455566406,0.27517208456993103,0.2961742579936981,0.23394668102264404,0.0420246347784996,0.23014691472053528,0.6517361998558044,0.030538694470257526,1.8365510301940464,0.9494286127148513,18.15800523510931,0.641110338659686,10.488014745285215,122.91307905004462,3.2687620734567746,4.141954056341078,1.2615897236554023,-0.4307315687864401,0.9471407533235289,0.9545255127631257,0.893284683887426,1.8365510301940464,291.4189623513975,10730.444508249338,0.6697084548555201,0.45730066614279985,0.5058947337265169,1.054450447588835,0.45426007226558895,0.8090718344447838,0.34440807263101814,0.5064005542370907,1.5150106151465468,0.6270949313173388,0.8089369738366293,0.2894186829816269,0.5066222590695408,1.7963519786982438,0.7157974572091175,0.8088661433069132
V8_d0_b4,55,V8,54260,0.6859063506126404,-0.1526113897562027,0.202211394906044,0.5295719504356384,0.4792955815792084,1.0435881614685059,1.791318416595459,0.3195711374282837,0.3212689459323883,0.24371051788330078,0.04878135025501251,0.26145732402801514,0.6858669519424438,0.02549957404174224,2.135140851839034,0.941662401509728,18.299869269853346,0.6156641837084957,11.185328333802872,133.12355830205405,3.3075607519072516,4.258576171999787,1.321741260377001,-0.4059669243668112,0.9411292348706363,0.9486585829549976,0.9809825978261512,2.135140851839034,215.76984424535266,10257.066479451803,0.6482031871165855,0.4267838211520333,0.5750788174373712,1.125165165451302,0.4896936207430057,0.7919807431613378,0.31287068971579235,0.5759207728965162,1.6167917039278938,0.655550762703516,0.791745610960652,0.25900987789451335,0.5762093570248248,1.9161101990602631,0.7374600326103902,0.7916073678212338
V8_d100_b3,30,V8,60229,0.6898777484893799,-0.09138718247413635,0.23314706981182098,0.6333268284797668,0.4925541877746582,0.3399996757507324,1.7378206253051758,0.2925433814525604,0.3121570646762848,0.23434428870677948,0.05025834962725639,0.2530914843082428,0.667190432548523,0.025085940616067864,1.879168308011891,0.94644035839228,17.542764024781356,0.6376722080539929,11.098069775795159,128.9790674325133,3.307872111981519,4.206995710299619,1.268987625565606,-0.4231379699422054,0.9462675915255161,0.9518714257991183,0.9046534331263325,1.879168308011891,227.35690959976677,9691.921062801572,0.6664955828757032,0.4470647982066363,0.5166707754857954,1.0734362851157255,0.46508740191526576,0.806097997288124,0.3304354646138179,0.5171067905467531,1.5456653424162767,0.6448433112293714,0.8060069662786857,0.2731628626408955,0.5172753958489589,1.8362330799841744,0.7365193004781863,0.8059441911659468
V8_d100_b1,2,V8,56805,0.6800404191017151,-0.028743445873260498,0.2281624674797058,0.6104680299758911,0.4932015538215637,0.009874232113361359,1.6106892824172974,0.2587648630142212,0.2994726896286011,0.2226390689611435,0.05538063868880272,0.2422589212656021,0.6318255066871643,0.027329332123538934,1.9200220778496515,0.9450029315544695,17.45567656661539,0.6343502968060628,10.692059212063358,122.76078161136209,3.2854339736267173,4.1897312842925825,1.2781748923689171,-0.4193649596643052,0.9443182029715087,0.9506384626919452,0.9165294341184124,1.9200220778496515,255.82008739284558,10060.617147527328,0.66387780472094,0.44861673757790677,0.5245233807935272,1.076733754145872,0.46045009519618796,0.8055241902926797,0.33659633054590665,0.524891396342871,1.5443533605073387,0.6309789863612105,0.8054120292095355,0.28276334316732155,0.52512401036785,1.8275212001300947,0.7187557052098502,0.8053212110528316
V8_d100_b1,13,V8,61476,0.6699525713920593,-0.05524379760026932,0.21930545568466187,0.5788784623146057,0.4909055829048157,0.2547738254070282,1.5769374370574951,0.27705690264701843,0.31238460540771484,0.22471337020397186,0.060390252619981766,0.2580881118774414,0.6484610438346863,0.029097459082463688,1.9509405015989028,0.9448027891125019,17.67245545723551,0.6347656806627403,10.479272278538078,120.71514520385658,3.2698157195168465,4.172191605372383,1.282615665792348,-0.4181176435381682,0.9432979467112135,0.9503847216389207,0.919957310564715,1.9509405015989028,272.82563321477676,10244.950046292442,0.6642408060747453,0.45174541735403584,0.5295427443019831,1.070443461086896,0.4568778297943832,0.8056074070070545,0.3387053436458326,0.5299887526691149,1.5376036082404938,0.6284440510580085,0.8054722878706553,0.2841266759824051,0.5301623591711493,1.821897343484329,0.7181541939638991,0.8053914587423372
V8_d50_b3,40,V8,58979,0.7001885175704956,-0.15390902757644653,0.23001299798488617,0.6255285739898682,0.47067126631736755,0.5406193733215332,1.8884947299957275,0.3023622930049896,0.29955777525901794,0.23773621022701263,0.041638750582933426,0.23255829513072968,0.6606603860855103,0.029682739543318164,2.016842493283805,0.9441720184478473,18.06300744856939,0.6282236233236844,10.526452983190865,122.91665144828389,3.2682531962471337,4.179736998710939,1.299105126882167,-0.41557193955691757,0.9425338415670237,0.95008966605365,0.9418016816153757,2.016842493283805,274.7295619333989,10505.848098618611,0.6592342897704137,0.44547597401527084,0.546784380586502,1.0861815234755876,0.46844157823714627,0.7997890681635218,0.33317101965330037,0.5472495167124887,1.5596157611942028,0.6351014000327893,0.7996368049702605,0.2791091213171617,0.5474759080797896,1.8483672878374342,0.7187287903939139,0.7995463658247595
V8_d400_b3,45,V8,59575,0.6973893046379089,-0.1278267651796341,0.25326523184776306,0.718079149723053,0.4735448956489563,-1.2519060373306274,1.985816478729248,0.27805763483047485,0.30033019185066223,0.23090487718582153,0.04284350574016571,0.2420053780078888,0.6492679119110107,0.026939089776356697,1.767493456743418,0.9468471697261583,16.62652249732477,0.6525545658681393,10.608358033026326,118.37735150547044,3.284509661247114,4.148712730449615,1.242231921062278,-0.4326773566769387,0.9480475762292115,0.9518416819206295,0.8619243235739218,1.767493456743418,273.52842571324254,9654.553158949262,0.6793759572761929,0.46302437705339095,0.4917884671252616,1.0379887166255324,0.4417998463016659,0.8139374814329405,0.3482677977764542,0.49233344953160574,1.4908410495937459,0.6196035563838408,0.8138167531812441,0.29223932909205097,0.49271395267078266,1.7658479576655912,0.7083615236703593,0.8136778883539457
V8_d300_b2,26,V8,57932,0.670470118522644,-0.047788579016923904,0.2294626086950302,0.6192392706871033,0.49617117643356323,-0.0038472835440188646,1.628710389137268,0.27571365237236023,0.31523391604423523,0.22898590564727783,0.058681659400463104,0.26118677854537964,0.6608468294143677,0.026052798512808933,1.9548939968737424,0.9437878614070303,17.3885396086086,0.6299303324123626,10.836125864751494,124.47993306585914,3.294198483226799,4.210357475299016,1.2841064634981147,-0.4152173409857203,0.9433383331503068,0.9494118732398477,0.9290515509921528,1.9548939968737424,239.29736120536523,9806.260930308092,0.6596921747194104,0.44057541479739487,0.5357387217981195,1.0926802013899932,0.4622558129283786,0.8024968482391206,0.32582772782747904,0.5361631877194004,1.5690612579992382,0.6376642511273877,0.8024108713457654,0.27029098161171594,0.5365008735672049,1.8583668892754996,0.7275533163984832,0.8023257269446611
V8_d100_b4,54,V8,61999,0.6747281551361084,-0.04342886060476303,0.22261683642864227,0.5907180309295654,0.5074371099472046,0.680005669593811,1.5895816087722778,0.2856915295124054,0.32486772537231445,0.23127923905849457,0.061324238777160645,0.27117812633514404,0.6740657687187195,0.024767857134179845,2.0602889638278676,0.9426337989354153,17.957341827895313,0.6214568409485589,11.020696951652011,129.26407508904825,3.3073969612987018,4.246716511058289,1.305407723018695,-0.40789527059773795,0.9415445826391663,0.9471900721264856,0.9592177478004031,2.0602889638278676,249.32842037853806,10129.025803036824,0.6526369484506185,0.4322136730826558,0.556404207939263,1.1117505179123304,0.47617476008386217,0.7969149090543068,0.31585243499299326,0.5566574877860506,1.5978048007953154,0.6523326396753468,0.7968547660709602,0.259658141782805,0.5571873939323557,1.8936487314188883,0.7418186800582318,0.7966996137637669
V8_d300_b2,31,V8,59734,0.7009848952293396,-0.07515283674001694,0.24717000126838684,0.6839873790740967,0.4955386519432068,-1.1463218927383423,1.7560770511627197,0.2787608206272125,0.3008890450000763,0.2317778468132019,0.046456146985292435,0.2371753752231598,0.6547497510910034,0.02830171175358364,1.8745615399217517,0.947772306070162,17.946049296980206,0.6450494211001199,10.837290273519136,126.9508262458395,3.2847284169214834,4.170558522564172,1.2650848827539418,-0.4282649006394634,0.9470874301484674,0.9538024485944703,0.8902683462054581,1.8745615399217517,242.84196514892824,10089.353628315806,0.6732279925193467,0.4626544471881674,0.5133283593670463,1.045181568979486,0.4400639423185019,0.8103606896249154,0.35113186397385676,0.513382295202252,1.4990981790490752,0.61422885966736,0.8103676858438127,0.29690418532671903,0.5135060634972695,1.7752664310270618,0.705442716532872,0.8103057441889857
V8_d50_b1,3,V8,52965,0.6686951518058777,-0.08551780879497528,0.2184114307165146,0.577402651309967,0.465340256690979,-0.4590185880661011,1.6929168701171875,0.26525846123695374,0.2926201820373535,0.220467671751976,0.05183357000350952,0.2314091920852661,0.6241936087608337,0.030728717377531668,1.7859301116390798,0.9460577529995875,16.55409452610936,0.6497917573612341,9.984117173847608,109.91015618776166,3.2402526886378045,4.096789981938334,1.2466680969731225,-0.42889259329307916,0.945089598404792,0.9509777985286124,0.8690819549896148,1.7859301116390798,308.29246467795184,9911.5101957494,0.6769783303599889,0.4644770642661715,0.494442078464436,1.0364605069660084,0.4428708637198404,0.8134032833195962,0.3518635280051222,0.4948188291393564,1.4879636719532972,0.6177249529079056,0.813297568987104,0.29668433271329686,0.4950698863820375,1.7624750041550201,0.7068067994792642,0.8131806555925517
V8_d50_b1,12,V8,53678,0.6636191606521606,-0.13107021152973175,0.2085796296596527,0.5465598702430725,0.46286144852638245,3.7494962215423584,1.7905938625335693,0.2839241325855255,0.30885666608810425,0.23120136559009552,0.0506066270172596,0.25126439332962036,0.6521248817443848,0.026046765193231812,1.9588190116932083,0.9443797457009712,17.608864219723834,0.6289479550350807,10.851754275092926,125.51955409722578,3.2990781778465506,4.206651357888475,1.286981101113723,-0.41924087646285324,0.9447829578588797,0.9513122778120463,0.9322885780105976,1.9588190116932083,254.68874986013753,10085.847126439945,0.6591663877467052,0.4402505351403469,0.5357617750437985,1.090648975213644,0.47202359947869466,0.8003090173412419,0.32572011115619237,0.5366894958397265,1.5668512303923312,0.6419979099419303,0.8000315785405476,0.27077994331500854,0.5369922603089838,1.8562884506813853,0.7266931757049633,0.7999226171316232
V8_d50_b3,39,V8,57955,0.6576020121574402,-0.07088091224431992,0.20122915506362915,0.5203903317451477,0.4926568865776062,1.825546145439148,1.590580701828003,0.29557856917381287,0.32971838116645813,0.23286034166812897,0.06551141291856766,0.2740616798400879,0.679057776927948,0.025461958436440543,2.039909880912025,0.9422236451097745,17.65350102762759,0.6246926752041768,10.913010048982398,126.50403852856267,3.3018377149161067,4.228066923573215,1.3022269400866389,-0.4128280875215753,0.942940921049367,0.9489442846760779,0.9511318528045418,2.039909880912025,251.10672531689085,10030.235271921834,0.6557074392231712,0.43523520645448943,0.5548094352015924,1.107119128765842,0.47564016319623104,0.7965567801746127,0.3210770872987349,0.5554134415221509,1.5895901272254198,0.6467608721626115,0.7963852355091338,0.26590527813303166,0.5557518179224681,1.8835630080766288,0.7354304927125528,0.7963026502498801
V8_d0_b2,25,V8,52512,0.6664939522743225,-0.16164259612560272,0.19426877796649933,0.4979677200317383,0.46027469635009766,0.3510860502719879,1.751193642616272,0.3114476501941681,0.31335923075675964,0.2388485074043274,0.050417449325323105,0.2507602274417877,0.6737204790115356,0.025769493979257353,2.0933378356883563,0.9398205836969974,17.392473741293113,0.6159302224227089,10.73261957729739,122.83307282572035,3.2924236325569596,4.229331843922021,1.3160872827524686,-0.40697742421824507,0.940631435567854,0.9473569950686139,0.9747735579205252,2.0933378356883563,257.76156372915733,9916.409351443363,0.6485848197726445,0.42794047587673045,0.5664352082251959,1.1230876808598804,0.48559207666513615,0.7920667366835739,0.3144189448764294,0.5674829793057422,1.6119696905503167,0.6513184881598185,0.7917852648246583,0.2599399507672535,0.5678444316625968,1.9098265166826516,0.7345977012584048,0.7916038448935616
V8_d100_b4,53,V8,59479,0.7090567350387573,-0.11873529851436615,0.24060159921646118,0.6662545204162598,0.48936426639556885,-2.7061679363250732,1.8810759782791138,0.29624420404434204,0.30322447419166565,0.23408645391464233,0.04363357648253441,0.2436119168996811,0.6572284698486328,0.026265633558052923,1.9340163117413076,0.9439236232507169,17.24448354011764,0.6326402124196915,10.797099941918702,123.40087638018379,3.2899727596106265,4.202736826770466,1.2825154243477588,-0.41640896376745423,0.9435706440501734,0.9487187185120134,0.9219601827044699,1.9340163117413076,240.3411434148363,9725.281100820992,0.6626856116364297,0.44363963377128895,0.5301752583760662,1.084395945700221,0.4699374406108337,0.802340656149657,0.3289099038124765,0.5304385157941828,1.558436542652039,0.6403543266626557,0.8022397557488963,0.27384273211507426,0.5308657173708426,1.8457963135107769,0.7263854178701568,0.8020964788600403
V8_d0_b2,32,V8,56716,0.6735348701477051,-0.14102701842784882,0.19082769751548767,0.4879523813724518,0.4683656096458435,0.34521904587745667,1.687681794166565,0.31420621275901794,0.31179243326187134,0.23704670369625092,0.05242341011762619,0.2471829354763031,0.6703715920448303,0.026719440075427175,2.116434916777914,0.9401093376154182,17.669156029135067,0.6195424013017883,10.670479964199718,123.08953060231879,3.2860814509521212,4.222115711808401,1.3189378584784777,-0.4062588530283986,0.9401105531190711,0.947614461604388,0.9713865734179404,2.116434916777914,260.38391695381165,10018.158904765962,0.6519368321233908,0.4345651683603167,0.5694599345574273,1.1108449639062794,0.4830403195302241,0.7946529173982403,0.32107064660235807,0.5699594363209325,1.5976045407803277,0.6486196014433203,0.794477895428442,0.2668586636416741,0.5701733597376888,1.8942673134780221,0.7304660688234147,0.7943833916924754
V8_d200_b1,4,V8,58707,0.7016585469245911,-0.053280059248209,0.2540592849254608,0.7091472148895264,0.48859208822250366,1.4638824462890625,1.8466155529022217,0.2562439441680908,0.2858383357524872,0.22372043132781982,0.044528160244226456,0.22474101185798645,0.6225818991661072,0.02898991632276983,1.7782640663824518,0.9498750317591558,17.738306164928083,0.647418999740544,10.729491264300743,124.6483240390126,3.281446994455244,4.147065551124485,1.2493559017104339,-0.4360522628236768,0.9492046522170271,0.955790523411366,0.873778929308324,1.7782640663824518,255.5680853806,10200.789143270802,0.6752939024125943,0.4638116106743586,0.4918950772131664,1.0413591427613298,0.44815647374494283,0.8127538630493201,0.3523745981482027,0.4922022781997336,1.4955193694742785,0.618893400938414,0.8126541856847429,0.29803234525559663,0.49233357931641264,1.7728338910732404,0.7052977250615877,0.8125737293823854
V8_d200_b1,11,V8,59718,0.6758117079734802,-0.040108922868967056,0.2376163899898529,0.6521488428115845,0.4952375888824463,-0.6581100225448608,1.6624594926834106,0.26655295491218567,0.3062642216682434,0.22449366748332977,0.0567505769431591,0.253589004278183,0.6433822512626648,0.02709274574148038,1.841206151300919,0.9471308062346245,17.412844986953246,0.640564918264154,10.9050956620463,125.74848615354264,3.2933736258101862,4.177131681395621,1.2610573561310017,-0.4301945080332993,0.9479850729290566,0.9542874459361624,0.8939881864669288,1.841206151300919,237.7095049019701,9859.137337395256,0.6689477447047949,0.45003335363631425,0.5099423370898091,1.0687782646879944,0.4606639090959578,0.8074801885545682,0.3357273846045322,0.5102566415274182,1.5372870495578876,0.6327126816053592,0.8073967300974245,0.28056318095203914,0.5105057462797563,1.8250729743153307,0.7189847679413187,0.807312304177568
V8_d400_b4,52,V8,60220,0.7112226486206055,-0.07374262064695358,0.25765523314476013,0.7288001179695129,0.5164902210235596,0.25314661860466003,1.833526849746704,0.2913351058959961,0.31609418988227844,0.23668614029884338,0.04785526171326637,0.2617175877094269,0.6738241910934448,0.02188818790034991,1.8800806927246623,0.944960016566929,17.079226549403916,0.6302494452390304,11.731910383193236,136.9065008268215,3.3372885738557856,4.247816445120908,1.2712133947896895,-0.42218189072532347,0.9471104989295488,0.9514345530214517,0.9182986143750379,1.8800806927246623,189.85204850163205,9149.815459651325,0.6597077941498501,0.4269475665390978,0.5235196408148514,1.1119355281558798,0.4786361406291826,0.8003063911650641,0.30885032256369943,0.5238121442136386,1.5964556480434884,0.6550994918941682,0.8002011738045377,0.2527405577170355,0.5240893749492758,1.8907465966180577,0.7390845296576006,0.8000917750126777
V8_d200_b2,24,V8,53849,0.653394341468811,-0.11526010185480118,0.2184351533651352,0.5840511322021484,0.46466246247291565,0.8354759812355042,1.7828502655029297,0.2801087200641632,0.3165997564792633,0.23131711781024933,0.05594982951879501,0.259765625,0.6630076766014099,0.025800045680268432,1.7848372428146009,0.9467678906972647,16.764667661460543,0.6434641271050678,10.833338201919075,122.05601872844788,3.297942702987795,4.166623848860846,1.248773798669666,-0.4323534767746334,0.9484564900619712,0.953146958004465,0.8808751789200433,1.7848372428146009,265.22367515205167,9622.918920002281,0.6710768539647699,0.45156784727408905,0.49911749828860585,1.0602782509753266,0.4527897247834718,0.8091370205156614,0.33709087327437837,0.499485189930273,1.520714443152411,0.6273566288567802,0.8090270056651361,0.28172877014827263,0.49992828292855696,1.8003190238587816,0.714710209115726,0.8088301223551249
V8_d200_b4,51,V8,59886,0.7148822546005249,-0.09953095763921738,0.2623979449272156,0.7464717030525208,0.503505289554596,0.5680432915687561,1.830674409866333,0.29730600118637085,0.30658242106437683,0.2342918962240219,0.044537633657455444,0.2480032742023468,0.6619948148727417,0.02757967984907586,1.8505230143530411,0.9444020922404135,16.642020256424587,0.6430028389701002,10.507280842326944,117.120360125671,3.2683028679008608,4.162208259974028,1.2614666508587165,-0.42010538623461735,0.9437611394149257,0.9481704478079959,0.8904513260602169,1.8505230143530411,247.08145234154625,9461.424290788294,0.6711943186856342,0.4571128301812377,0.5075783592849806,1.052372754444582,0.45457333266190825,0.8104850820370377,0.34129104645333586,0.507676921807893,1.514338050738488,0.6352305188538176,0.8104506449597044,0.2838074874372882,0.507961532267039,1.7983483840090793,0.7275933106525894,0.8103611510157481
V8_d200_b2,33,V8,56642,0.6164499521255493,-0.0942516177892685,0.1993488222360611,0.5153486728668213,0.45630621910095215,0.3121333122253418,1.6644409894943237,0.27538052201271057,0.32590818405151367,0.2244812250137329,0.07238072901964188,0.27374425530433655,0.6614933013916016,0.028773922198755603,1.8842608872665356,0.9441368247739786,16.86496408047543,0.6413981425288668,10.209944291230002,113.81802710252256,3.264267098342776,4.143624193570242,1.2665781707390402,-0.4239783657659322,0.9446741114614091,0.9501224601689628,0.8979937443310595,1.8842608872665356,313.12495080004817,10170.988416351513,0.6695887619475712,0.45899722102683904,0.5151416462033419,1.0504273602307492,0.44443815933951286,0.8087259466552177,0.3458397265483443,0.5160230567143412,1.5093429915023107,0.6183388238999243,0.8084732787400946,0.29026051668645314,0.5163941798612031,1.7896724352078808,0.708250956223696,0.8083099462693535
V8_d300_b1,5,V8,61036,0.6673875451087952,-0.02452617697417736,0.23991210758686066,0.6572517156600952,0.4829864203929901,2.231987476348877,1.653852939605713,0.2460096776485443,0.29936158657073975,0.21814066171646118,0.05750063434243202,0.24540317058563232,0.6261742115020752,0.029053963511670708,1.8175336455282838,0.945891155881669,16.79516237218889,0.6486849087477545,10.249664599407545,114.17141462901996,3.2633709621705385,4.131768919956225,1.2517064607157824,-0.4287399602422311,0.9461012624813577,0.9511649464957173,0.8755938066902604,1.8175336455282838,298.73734921652607,10001.64069545556,0.6758634296502489,0.462601156524983,0.5024216383472364,1.0426686470763995,0.44084151624920515,0.8125658410499832,0.34880627779473383,0.5026054098116256,1.4982413746527106,0.6179124039483026,0.8125151784936022,0.29366547301697377,0.5025249625406664,1.7747959388309469,0.7094177962183346,0.8125174595719856
V8_d300_b1,10,V8,57421,0.7077741026878357,-0.06856504827737808,0.2601062059402466,0.7408422827720642,0.4943019151687622,-0.5467259883880615,1.8673369884490967,0.26475611329078674,0.29249241948127747,0.22834822535514832,0.042775433510541916,0.231182262301445,0.6354542374610901,0.02538633604992964,1.8058084519140334,0.946760700449675,16.959355843408844,0.6460393650638263,10.983359618613337,125.0152563023172,3.3032787999965105,4.185015843694396,1.2525540119411267,-0.4292016711163479,0.9478556350500854,0.9521345765262494,0.8794490841956867,1.8058084519140334,236.1676013580536,9545.62419085133,0.6737045995554348,0.4544628706288212,0.50011636057312,1.0559707122684963,0.45197421400976756,0.8109204368609065,0.3392377657331992,0.5005115988653657,1.5177185452308106,0.6274645776536003,0.8107993996296505,0.28364913068879594,0.5003072626470055,1.7963176712040423,0.7143433908184866,0.8108344657256465
V8_d300_b3,50,V8,58906,0.7249407172203064,-0.1181439533829689,0.27052390575408936,0.7877466082572937,0.49344131350517273,-1.752571940422058,2.0940310955047607,0.28502151370048523,0.3020942807197571,0.2354811578989029,0.03886238858103752,0.24454954266548157,0.6576079726219177,0.025334060892785507,1.8786003541169438,0.9453889269966373,17.199811784894578,0.6320192325185536,11.032308959896403,126.65298389577436,3.30363914483753,4.21156709510794,1.269578969030346,-0.42047297862197547,0.9453999957657824,0.9511554060057954,0.914643339234399,1.8786003541169438,221.77374647522322,9735.81752315787,0.6611347392061027,0.44122171071856475,0.5198400108376463,1.0856473010773358,0.4669290703614407,0.803867034157685,0.3257187718874953,0.5201156584436095,1.5575533274765012,0.6429774720729551,0.803818862424115,0.26999482011298725,0.520365422564262,1.8452634008362407,0.7316566196026797,0.8037442542421489
V8_d0_b3,37,V8,57098,0.6619552373886108,-0.1230115070939064,0.20523566007614136,0.5381847620010376,0.4579050838947296,-0.4821421205997467,1.9562361240386963,0.28196167945861816,0.30782976746559143,0.22959409654140472,0.054078951478004456,0.24661500751972198,0.6545947790145874,0.027438009607295144,1.8644785359839322,0.9438491891312424,16.60241862125241,0.641310686163796,10.395948468146385,115.26803188356931,3.2739518425893177,4.153051460332753,1.2660444411258318,-0.42426139029241616,0.9450693049733473,0.9492570986193839,0.8962989939445671,1.8644785359839322,304.71936016829125,9830.408467154466,0.6699556296920653,0.45118399843317525,0.5159639771003233,1.0643068073019943,0.4595499876048572,0.8068256672378499,0.3362022573854413,0.516683287176192,1.5292040032553618,0.6353519845328839,0.8066011668846167,0.2798290751240247,0.5170193480076342,1.8133297205801067,0.7271384966490753,0.8065328550553872
V8_d50_b2,20,V8,57393,0.6150251626968384,-0.06156257539987564,0.19121836125850677,0.48760223388671875,0.45607081055641174,0.48268914222717285,1.531208872795105,0.26063740253448486,0.31806477904319763,0.21819144487380981,0.07508779317140579,0.26625320315361023,0.6425707936286926,0.029087557037996554,2.1119105661454647,0.937575314278558,16.915668390570833,0.6273629015208817,9.829327972628796,108.9229102027726,3.2435746211473844,4.166866194246845,1.3106244067713537,-0.4008245606501338,0.936036799470391,0.9417734666498816,0.9546554358890177,2.1119105661454647,355.4861596272856,10489.833704623758,0.6580856639816185,0.4488086870623888,0.5664690666228347,1.0797033099675795,0.46302461363137837,0.8004523276669893,0.33447232350667855,0.5664575041952318,1.553983946951829,0.6396165795426171,0.8005456918146634,0.27743514663945196,0.5667478795982103,1.8452896629113105,0.7320776046519009,0.8004258580528422
V8_d300_b3,48,V8,58765,0.6873686909675598,-0.04485232010483742,0.24953247606754303,0.6947323083877563,0.5119639039039612,0.7641395926475525,1.7473351955413818,0.2759150266647339,0.3191688060760498,0.23084668815135956,0.05627051368355751,0.266279011964798,0.6651337146759033,0.025141635232448594,1.9097788741060981,0.9441718103311347,17.10407309795959,0.6308182981998726,11.131292397134493,127.78263142555711,3.303386041811134,4.217342729321065,1.276498388164806,-0.41860778365175105,0.944862389593106,0.9508378154190794,0.9212316095488982,1.9097788741060981,204.16633242899064,9546.535898227712,0.6604154483270863,0.44227563110969476,0.5255263370749124,1.0874364868810016,0.46638451590253205,0.8027299990517235,0.3270933874854482,0.5255582994252077,1.5621426149519468,0.6422504190049552,0.8027446309704371,0.27110752172743335,0.5257100360843414,1.8519079724872256,0.730853955194112,0.8026738282652042
V8_d100_b2,23,V8,55070,0.6642361283302307,-0.12074513733386993,0.22151358425617218,0.595207691192627,0.45364049077033997,3.4551584720611572,1.8324228525161743,0.26962611079216003,0.296882301568985,0.22655358910560608,0.05050685256719589,0.23214572668075562,0.6399363279342651,0.03185932045455817,1.7400878554911219,0.9493283935377239,17.170245596409494,0.656786422244189,9.92380808118067,111.60617748598173,3.240599049903336,4.080114454861807,1.2347076208055607,-0.4356023416978009,0.9470555572211375,0.9527264777816203,0.8508350058688051,1.7400878554911219,347.0467080511729,10523.255728729262,0.6829141172878428,0.476872910674097,0.48216484762278056,1.0091733928143594,0.4356078873210807,0.8187397914386483,0.3637317001342534,0.48284156866400696,1.454174543311713,0.6131407187308828,0.8185603996726775,0.3072722110380483,0.4831521490116502,1.7262119052322942,0.7076227320924878,0.8184570869096142
V8_d50_b4,57,V8,55886,0.6329104900360107,-0.12835553288459778,0.19003118574619293,0.4832378625869751,0.4631223678588867,0.1438206285238266,1.6619431972503662,0.3021182715892792,0.3372150659561157,0.23431187868118286,0.06782956421375275,0.28551602363586426,0.6867420673370361,0.023610301047888478,2.041016387951604,0.9388184957608725,16.680011494299663,0.624205839747587,10.87118435981725,121.92001842790076,3.305406882350281,4.238542467466205,1.3014625711537249,-0.40601861450267546,0.940527496133163,0.944404573780782,0.9514871928411772,2.041016387951604,269.86887311130675,9518.74350470716,0.6550733328661635,0.42547262747652714,0.5575312348033056,1.1198527748191571,0.47877708750747977,0.795495086685413,0.30714837567453057,0.5583689075686282,1.6094730558569785,0.6568579854604867,0.795242391776742,0.25008808995752746,0.5589575806097866,1.9064723902204346,0.7448015035139472,0.7950517839840398
V8_d100_b2,34,V8,53420,0.6548658609390259,-0.16307425498962402,0.20803652703762054,0.5478315353393555,0.452217698097229,-1.1510939598083496,1.9025112390518188,0.2955799996852875,0.31700024008750916,0.2335198074579239,0.054005153477191925,0.2610931992530823,0.6665256023406982,0.025971459216414427,1.984782161636136,0.9402302889614993,16.60357836016362,0.6253822176063586,10.377723591556157,114.83334352619455,3.278159362177058,4.19066239053844,1.2916549067855336,-0.41060614645483023,0.9408920842286512,0.9455083314763614,0.9422720996494586,1.984782161636136,295.4176982704023,9789.984606886617,0.6558287637998463,0.4314054663139221,0.5448165728716742,1.1070084211991662,0.4750731582759907,0.7971636384604828,0.31547763699253817,0.5456504121195735,1.5883261389724774,0.6469933149985764,0.7969517508630533,0.25993918855148623,0.5461849600132697,1.8799795570974531,0.7327016873422121,0.7967941342571656
V8_d400_b1,6,V8,54730,0.7185971140861511,-0.060373470187187195,0.26831671595573425,0.768547534942627,0.5037758946418762,1.6095870733261108,1.9695721864700317,0.26331305503845215,0.2961183786392212,0.23261241614818573,0.03927472606301308,0.236562117934227,0.6459010243415833,0.026093435544803492,1.7667895070891886,0.9510585158341109,18.05001970347128,0.6408925645275283,11.683194861532312,140.4426326925625,3.3160362407315187,4.193299908522343,1.248338873070732,-0.4388601574285533,0.9515003785088619,0.960970714635275,0.8833047547761566,1.7667895070891886,151.36804007238595,9931.125553147394,0.6691192195709127,0.4535668526753614,0.4905706299649012,1.059188572144472,0.45699322122719455,0.8096485101587594,0.34201798189937355,0.49074452631906806,1.5206987501109064,0.6196331404640538,0.8095869309101567,0.2894507379118503,0.490725912760537,1.7989900641006382,0.7011360835892457,0.8095032126070829
V8_d400_b1,9,V8,59126,0.7247635722160339,-0.028650665655732155,0.2743328809738159,0.8001717329025269,0.5208821296691895,1.0612893104553223,2.1897923946380615,0.26158401370048523,0.2978598177433014,0.2269928753376007,0.04323071986436844,0.2447773814201355,0.635719895362854,0.02278084628519209,1.7362296353745243,0.9468139714910991,16.32223427828995,0.6466014853068759,11.683004855245851,133.42369076975433,3.3241183688863467,4.209932239824284,1.2379174125882797,-0.4303987379853138,0.9490099023300612,0.9527373289813122,0.8678968976900517,1.7362296353745243,158.11148396272318,8729.97084914127,0.6736210679788814,0.45259514865274897,0.4869527090949044,1.0573758792162713,0.45298313007719027,0.8121427661318279,0.3376953245569143,0.48712179880752204,1.5185106556215162,0.6271636833699314,0.8120931068868393,0.2820880654576256,0.48751732815595133,1.7974163965605103,0.7136084475000203,0.8119786339048749
V8_d0_b4,58,V8,52645,0.6293808817863464,-0.14913709461688995,0.17745839059352875,0.4464115798473358,0.4585718512535095,-3.4534859657287598,1.6994640827178955,0.3136802613735199,0.34265896677970886,0.23692427575588226,0.0689939558506012,0.29296037554740906,0.6958531141281128,0.023261794062701464,1.9792800877435581,0.9394773129761865,16.351554970676325,0.6248601495183199,10.914089141478762,121.32978670366762,3.3046971218363503,4.2292283748651505,1.2906070876689073,-0.4086711344886359,0.9413162828127006,0.9448957393950603,0.9419284076169661,1.9792800877435581,256.4185375601297,9197.757146896565,0.6553428034882742,0.4320185450507832,0.5445398706703393,1.1038495721508819,0.4720939672423158,0.7969441613070355,0.31541052343009823,0.5453278167946911,1.5815699356628974,0.6473405795003622,0.7966699487349224,0.2591162996397415,0.5451906477745058,1.872032080977716,0.7332866866178518,0.7966776591052966
V8_d0_b3,49,V8,56852,0.6774536371231079,-0.14167086780071259,0.23006805777549744,0.6301963329315186,0.4644297659397125,-0.9154574275016785,0.1731700301170349,0.2872732877731323,0.30752792954444885,0.23622260987758636,0.046045247465372086,0.24455466866493225,0.6635962128639221,0.026951596394141332,1.9033043701168486,0.9441977194162159,17.054001647874816,0.6456548685005346,10.646050595581693,120.47679966749162,3.286424419884543,4.173227322784428,1.2695897865106007,-0.4254212981472577,0.946114205949913,0.9498584024713885,0.8931321473361085,1.9033043701168486,285.8004597081357,9912.20855136753,0.6739235810242357,0.4609106482803989,0.5205184869255155,1.0477083494819375,0.4478505040188738,0.8088491821689003,0.34672767319035996,0.5210263515811995,1.5066156881641888,0.6253174124187637,0.8087659565161907,0.28996008126284606,0.5213413610333958,1.7881117356520413,0.7158318733272775,0.8086520105472395
V8_d300_b4,60,V8,56264,0.7209442853927612,-0.11875735968351364,0.2562974691390991,0.728722870349884,0.4966038763523102,-2.7265360355377197,1.9393960237503052,0.29370662569999695,0.30798813700675964,0.23855207860469818,0.04108568653464317,0.2477351725101471,0.6685738563537598,0.02744301540641224,1.97076275856804,0.9441689404178929,17.64934046803642,0.6283710711205513,10.795376051721579,125.03987585866112,3.28449882299671,4.2065297307288265,1.2885157533165525,-0.4133922728106069,0.9425021778695822,0.9494116111135243,0.9341128706313911,1.97076275856804,234.5356946482073,10012.029969398936,0.6586146263620662,0.44442036407512264,0.5332981454249834,1.0848905193093894,0.47113163256993573,0.8020696043254496,0.33062727653275326,0.5340241621766585,1.5601749789936201,0.643189462338928,0.8018649664735171,0.2753138074889824,0.5345169294705746,1.8516115581151198,0.730498491247181,0.8016902488305114
V8_d50_b2,8,V8,54126,0.6663682460784912,-0.032330408692359924,0.2326604127883911,0.6291412115097046,0.5001022219657898,-1.5945872068405151,1.657098412513733,0.26234546303749084,0.3180007338523865,0.22545242309570312,0.06090573966503143,0.26811516284942627,0.6528440713882446,0.022975945713737657,1.9675047278921274,0.9433052139063617,17.35172547066252,0.6281900422128658,11.35883996197349,131.96694308795674,3.3259360080424574,4.250255545065265,1.2856297023561511,-0.4151341900940205,0.944512948210599,0.9496782644227661,0.9330510996544346,1.9675047278921274,212.21337178788815,9513.558126781962,0.6580281786096995,0.43442436230167125,0.5393289531735903,1.1017471022002467,0.46852022812110683,0.800738107830752,0.3185991447763383,0.5398059695490874,1.5806503077700262,0.6425559744501126,0.8005845955218691,0.26291381084074084,0.5402376834268741,1.871683267654284,0.7288609683019754,0.800435392552779
V8_d300_b4,61,V8,60114,0.648595929145813,-0.09584531933069229,0.22113972902297974,0.5902885794639587,0.4852725863456726,-0.11374460905790329,1.7424718141555786,0.2916918992996216,0.3402829170227051,0.23076169192790985,0.07068317383527756,0.2931598424911499,0.685036838054657,0.027110665330182707,1.8264892454127346,0.9444674839957212,16.44522323841682,0.6347096430504433,10.196026957462067,111.97923602055647,3.2660318411428184,4.157121946233328,1.2584873010631805,-0.41717146817189904,0.9424593246576707,0.9474325643534306,0.9028257146045041,1.8264892454127346,307.70969248283495,9959.908786067923,0.6631295948134295,0.44682933577563977,0.503604324672226,1.0690929212944877,0.46663825837222367,0.8074283544201696,0.3271464829578897,0.5037161900618633,1.541203308751363,0.6547006961327513,0.8074026634658089,0.26797110589358264,0.5038522857559893,1.8312650634818652,0.747919493255234,0.8073419348593924
V8_d400_b4,62,V8,57049,0.7036521434783936,-0.1326245367527008,0.2568666934967041,0.7264977693557739,0.49396783113479614,-0.5390774011611938,1.9610379934310913,0.29775357246398926,0.3198433220386505,0.23897232115268707,0.04626664146780968,0.2660493552684784,0.6788577437400818,0.02562584331524896,2.0113602146102356,0.9424109067230734,17.463030758976593,0.6190914123018837,10.866633817842462,125.19773419403634,3.2931952743119908,4.22862290035762,1.297366000637947,-0.40667886458485214,0.9404872239749362,0.9480998787468766,0.9566760650761923,2.0113602146102356,225.66431922163048,9835.184639409985,0.650249643014726,0.4345661663484052,0.5458157625113487,1.1026229833748795,0.4764554661045999,0.797695844136749,0.31993647899795397,0.5463277039960471,1.582861241040284,0.648884047882269,0.7976011416159088,0.26456250005283255,0.5466871624531257,1.875853718530141,0.7371058772788937,0.7974316286877057
V8_d200_b4,63,V8,60905,0.7120274305343628,-0.04760462045669556,0.25517934560775757,0.7193713784217834,0.531156599521637,0.9338498115539551,1.7567540407180786,0.2938348650932312,0.3276344835758209,0.23858249187469482,0.0524604506790638,0.27627408504486084,0.6863572597503662,0.02334225655838341,1.4964655252105301,0.9557268991619785,16.900392075745913,0.6571721017558767,11.769557287058191,137.25329048480833,3.3346187747210774,4.160819987667633,1.1849624582997555,-0.4544846453616649,0.955749605839261,0.9600598983739029,0.815476040378773,1.4964655252105301,167.82419571588798,9106.99896008143,0.6817250815951669,0.4584812345812395,0.43311804194840187,1.0265377470184065,0.4689346331453904,0.8204053116654335,0.3363179537970997,0.4331421136575039,1.4837785727899409,0.6577733656122131,0.8204328030849668,0.2754147725089183,0.4330829434665191,1.7690974864485702,0.7472974955453143,0.8204542192161233
