sample,parcela,medida,n_veg_pixels,NDVI,NDRE,CIrededge,SAVI,spec_mean,spec_std,spec_p10,spec_p50,spec_p90,glcm_asm,glcm_contrast,glcm_correlation,glcm_variance,glcm_idm,glcm_sum_average,glcm_sum_variance,glcm_sum_entropy,glcm_entropy,glcm_diff_entropy,glcm_imc1,glcm_imc2,glcm_mcc,glcm_dissimilarity,glcm_inertia,glcm_cluster_shade,glcm_cluster_prominence,glcm_homogeneity,glcmw3_asm,glcmw3_contrast,glcmw3_entropy,glcmw3_correlation,glcmw3_homogeneity,glcmw5_asm,glcmw5_contrast,glcmw5_entropy,glcmw5_correlation,glcmw5_homogeneity,glcmw7_asm,glcmw7_contrast,glcmw7_entropy,glcmw7_correlation,glcmw7_homogeneity,phys_CHL_total,phys_N_percent,phys_N_acumulado
R2_d0_b1,1,R2,55449,0.6224949955940247,0.2399837225675583,0.6467751264572144,0.5241134166717529,0.32217198610305786,0.23560118675231934,0.07904095947742462,0.26181453466415405,0.6879723072052002,0.033209236552947136,1.4088149375907377,0.9671516320452707,21.44421512009737,0.6795394529788572,11.135941978542172,146.14201890583828,3.2762999152592465,4.031641774617564,1.164806137561451,-0.4779723003992624,0.9594338449537684,0.9674117185860092,0.7651211985230578,1.4088149375907377,361.13667231186037,13228.621039266258,0.7033908964719872,0.5029899228364549,0.4035788029310206,0.9468175140117003,0.43109563706357007,0.8323388015715285,0.3917757486353418,0.40352200569206803,1.3644571377037358,0.6078367097837899,0.8323495381051591,0.335475193237295,0.40354053295135084,1.6237820439855852,0.6995945035527158,0.8323246970281569,,1.337,70.5936
R2_d50_b1,15,R2,56307,0.6730788350105286,0.2727937400341034,0.7734547853469849,0.5734161138534546,0.32691025733947754,0.2529653012752533,0.06494013220071793,0.2589797079563141,0.7459656596183777,0.030011264052852774,1.4153591851308218,0.9685804960544221,22.523576239540215,0.6825573887567965,12.589394210137515,174.73608246490556,3.3126956221845814,4.073365479426739,1.1617893340479006,-0.4831393325110503,0.961946960275929,0.969446376412113,0.7596229449599265,1.4153591851308218,133.15564456553915,12843.296793032401,0.7053827280249818,0.505321437720029,0.4027222171350931,0.9398182390563246,0.4277988555944676,0.835798582709897,0.3923596521604263,0.40276508070253664,1.3589276604187246,0.6059243458180184,0.8357842050267937,0.3359933694222169,0.4028847053401938,1.61773893002206,0.6926441078321844,0.8357669364446909,,0.833,56.71897
R2_d100_b1,43,R2,56160,0.6925965547561646,0.2984636425971985,0.8896521925926208,0.5815070271492004,0.313865602016449,0.25718674063682556,0.05440380424261093,0.23715832829475403,0.7536107301712036,0.03200473235807273,1.316960763215095,0.9714716802206792,23.08163911022571,0.6989024025502972,12.824277311514324,181.83034734860627,3.294285093743897,4.018313736008912,1.1321446716877652,-0.4980366800016861,0.964568047313664,0.9726468581560719,0.7166810128391081,1.316960763215095,90.65044943675497,13146.094410222113,0.7201110789453598,0.5257709851816497,0.37926928474256183,0.8963404027489363,0.41272744399079675,0.8441883251679545,0.4136500548122711,0.3790934756959269,1.2993411168218034,0.5962291543058313,0.8442101008535126,0.3561031904584042,0.37899455993266495,1.5525683862227957,0.6875424808120917,0.844236386703317,,1.197,123.2112
R2_d200_b1,57,R2,56743,0.7180077433586121,0.32763901352882385,1.024211049079895,0.5973011255264282,0.3044077455997467,0.2602716088294983,0.04895370826125145,0.22523778676986694,0.7496512532234192,0.03227960952372568,1.3092506020669723,0.9715793013074906,23.03339928673654,0.6942777906848142,12.938801529948812,183.7913456859442,3.296861935608444,4.023471378201954,1.1308209457323395,-0.4956503789939253,0.9640746934845855,0.9724648903592348,0.7227652642010054,1.3092506020669723,60.16751255077571,13198.280949192653,0.7152989323821257,0.5224746228235683,0.37584573895802253,0.9018995970710424,0.415286833268935,0.8442131051500801,0.40915914655411056,0.3759187730369425,1.3087908519318574,0.5996842342683457,0.844221588672444,0.35150549927221525,0.3757865017706018,1.5637377107051706,0.6879840261416392,0.8442808959567286,,,0.0
R2_d300_b1,71,R2,56250,0.7520396113395691,0.3582565188407898,1.1687369346618652,0.6351357102394104,0.3130916655063629,0.2700325548648834,0.04709066450595856,0.23558863997459412,0.7806495428085327,0.029436972301997943,1.3956438295009477,0.9693441410886,22.76308475712663,0.6792998926636777,13.959946440512708,203.11550476671297,3.3082419023872034,4.066067702010233,1.1582557819605772,-0.4837020024913561,0.9619209508417921,0.9711134843252825,0.7620888194591797,1.3956438295009477,-112.4876324664416,13161.305100660418,0.7021211180887266,0.5038804929570329,0.3966724428578512,0.9413873478645814,0.43431260958119966,0.835476026305398,0.3892342560881453,0.39678642775245604,1.3621208065427912,0.6198225829554653,0.8354664462140153,0.33122468264796767,0.3967936047975239,1.6260322315149849,0.7088833865020163,0.8354728722372559,,2.443,246.2544
R2_d400_b1,85,R2,56462,0.7291755080223083,0.3430967330932617,1.0923863649368286,0.6156424283981323,0.3106745779514313,0.2598247826099396,0.05080394446849823,0.24023780226707458,0.7578705549240112,0.028670185814466186,1.355314190149513,0.9694391061822025,22.17399461784027,0.681384901872899,13.18987510673318,184.60563659840196,3.3275745476837093,4.079561877551178,1.1482413417154156,-0.48858009072722564,0.9635667250766904,0.9704261625623024,0.7529977939075874,1.355314190149513,18.5185206849751,12595.597335083425,0.7036852137066598,0.5028050295648717,0.38823906322002977,0.9418209606338668,0.43174933723161146,0.8368517260810047,0.3878741164959587,0.38826389724795607,1.3629766966778607,0.6152684587789997,0.8368468794787685,0.33027012891327034,0.3881079880554402,1.624301502884271,0.7026923851500817,0.8369002664025057,,1.827,198.7776000000001
R2_d400_b2,113,R2,55033,0.7010856866836548,0.3185358941555023,0.9921483397483826,0.5932391881942749,0.31496042013168335,0.2563735842704773,0.05245835334062576,0.24570468068122864,0.7602015137672424,0.03133927458044537,1.376771812572066,0.9700021446664278,22.94783739008193,0.6896756861549366,12.802337323723973,180.77194370174809,3.2966881636802827,4.0414810226997595,1.1497864582005624,-0.4855384397689005,0.961813683709305,0.9706283968128651,0.7414530699170023,1.376771812572066,98.73824038349039,12918.10441799237,0.7117613913887366,0.5118791962805329,0.3938619172810014,0.9229966038522761,0.41952097124884963,0.839620725103038,0.39714658233596645,0.39386275162785256,1.337398068941921,0.6068425415303624,0.8396198665718011,0.3385568534579811,0.39391634195811287,1.5961575855951107,0.6991790931783567,0.8396072251021645,,1.988,185.5466666666667
R2_d300_b2,114,R2,56401,0.7456286549568176,0.3608492612838745,1.2162895202636719,0.6348890662193298,0.31397339701652527,0.27025288343429565,0.042091503739356995,0.23647059500217438,0.7881045937538147,0.03095484728747229,1.3656358613300663,0.9707388440392508,23.335302663152426,0.6895485305355478,13.886765885379573,204.20323469916337,3.293010181772765,4.035885147687241,1.147338617740547,-0.4891416641255527,0.9626544047349522,0.9725083894674244,0.7401301131799033,1.3656358613300663,-107.22080138826209,13480.730246170602,0.7114827534250505,0.518564228660193,0.38782782214330624,0.9135104063879713,0.4153285285587179,0.8405207111479869,0.40677854412766495,0.38776380817596967,1.3218112577631067,0.5969096562912903,0.8405563170408512,0.3498878284836269,0.387707184799788,1.5768983062891828,0.6851378818689947,0.8405714557634698,,2.31,213.136
R2_d200_b2,116,R2,56519,0.7352648377418518,0.34062445163726807,1.0997660160064697,0.6208906173706055,0.31245437264442444,0.26612818241119385,0.044386763125658035,0.23530174791812897,0.7720960378646851,0.029769243802146267,1.3536264595575354,0.9703081772200879,22.794600208616895,0.689792964003749,13.643778769069478,196.69012789906813,3.3062087681464893,4.045233910553796,1.1442333036676642,-0.49156432467082045,0.9635290740111795,0.9720076186250477,0.7379369790455946,1.3536264595575354,-55.16543467853063,12911.918968138642,0.7115385269093919,0.513549671326781,0.3884416165033738,0.9222481356105404,0.4211598791826521,0.8404011127276027,0.3998045463958848,0.388531035147312,1.3368445121852277,0.604911446643426,0.8403616634085238,0.34203300066365117,0.3887611015990933,1.596288600814594,0.6919115312420557,0.8403115845962124,,2.044,208.2154666666666
R2_d100_b2,117,R2,56491,0.700044572353363,0.2855141758918762,0.825196385383606,0.5959762334823608,0.3290247619152069,0.26575061678886414,0.05989617854356766,0.2519632577896118,0.7819778919219971,0.033952789636726495,1.4578519012660536,0.9701855132274905,24.44871703315296,0.68667688157962,13.300040026671153,196.94944179953214,3.2694654883897045,4.009271852201103,1.1690766333650617,-0.4882506542318453,0.9617491967000774,0.9719588863035445,0.7585768289963506,1.4578519012660536,13.790407967191527,14057.530459004183,0.709838833391826,0.5153188050084495,0.40809539644626847,0.9239782722630859,0.4258162651773474,0.8371796059064744,0.404171423163441,0.40817282624500684,1.337575051676731,0.6049801524013065,0.8371687707905358,0.3478036432191052,0.4083016777320829,1.596447613010978,0.690963504690461,0.8371229021636415,,0.9309999999999998,74.97653333333332
R2_d50_b2,118,R2,55938,0.6742493510246277,0.2562668025493622,0.7080393433570862,0.5663460493087769,0.3259550929069519,0.2596640884876251,0.0673714131116867,0.24181294441223145,0.7544956207275391,0.03613552846311844,1.5749184787488528,0.9673615710489712,24.12675072434123,0.6724959309183083,12.619867764413488,182.56899088127275,3.2584091995044893,4.0351264199532775,1.203863968728482,-0.4734217864240784,0.9581961610454389,0.9692044300953592,0.801754733636397,1.5749184787488528,90.66964355482207,14013.569764703532,0.6982871100763661,0.5144765753845035,0.427885462362803,0.9356398195903175,0.43415805975000693,0.8316122508895966,0.4086722417968356,0.42790639148263626,1.3525199927546514,0.597446217179201,0.831600708710635,0.3558487556883275,0.42789937025895686,1.6136932219093372,0.6774194791455755,0.8316026558678997,,0.994,68.3872
R2_d0_b2,119,R2,55676,0.6301023960113525,0.2254961133003235,0.5937925577163696,0.5253787040710449,0.3236648440361023,0.2445913553237915,0.07913102209568024,0.2486780732870102,0.7113633751869202,0.03820101045414266,1.597232417147629,0.9643937494073368,22.429101498999337,0.6729324575818227,11.510670690253011,156.55044669170448,3.238350996676565,4.0160396684471085,1.2081363398432754,-0.46579855217910565,0.9553630669235367,0.9653436922660817,0.8050004984178485,1.597232417147629,298.80264669875413,13210.958877555133,0.6989843155626069,0.4982984777772689,0.44358551953837555,0.9674728893736825,0.44164804986174755,0.8259816989778882,0.38720032304416124,0.4435162178286082,1.396634287733818,0.6188234886586209,0.8259764076005451,0.3310435037461434,0.4434907749227066,1.6628565661763208,0.710381845512982,0.8259682247048528,,0.7979999999999999,31.4944
R2_d200_b3,121,R2,56499,0.7393146753311157,0.34716808795928955,1.132178544998169,0.6236969232559204,0.3108784258365631,0.26869478821754456,0.04464060440659523,0.2327868789434433,0.7784363031387329,0.03602212061609617,1.307020974047751,0.9729835349198972,24.189341020078377,0.6949085491231362,13.444756487722067,199.12238140255292,3.2628098027252825,3.9847042396546137,1.1308109637190975,-0.496384243120842,0.9633211454617249,0.9751655727617969,0.7220049768922747,1.307020974047751,-52.31724165518028,14277.168754803304,0.7158886039300139,0.534676814446078,0.3697246050250997,0.8809536161803625,0.4071417060601086,0.8471457948724201,0.42564535278704496,0.36986684879234455,1.278158695481494,0.5831791060839888,0.8471140691718604,0.37020067310723914,0.36996860600181875,1.5275954577963686,0.6674505632031931,0.8470710524802467,,1.603,176.1162666666667
R2_d100_b3,122,R2,56451,0.6913570761680603,0.28184857964515686,0.8137438297271729,0.5803486108779907,0.3177385926246643,0.25926488637924194,0.057803791016340256,0.2406369298696518,0.7556508779525757,0.037775787446664995,1.4600500209147593,0.969562565379327,23.984446111065658,0.6855432363777315,12.606792876012065,182.07048395837106,3.2476930509821575,3.9955463949717007,1.1709032592726405,-0.4837018936152821,0.9601321579181324,0.9715785201547559,0.7611990779054807,1.4600500209147593,97.41091467462513,13931.764174420798,0.7088135481148605,0.5309317224027483,0.40268184814462377,0.9003390206273223,0.41053543058317377,0.8403554219393699,0.4268112283806379,0.40265483661705387,1.300411350753632,0.5760062964943169,0.8403546749873189,0.37476760190021896,0.40257198880817757,1.5495854753934961,0.6569369840218033,0.8403910353786758,,1.057,96.96213333333333
R2_d0_b3,123,R2,55979,0.6730769276618958,0.2562498450279236,0.7022846937179565,0.5605071783065796,0.31944167613983154,0.2538807690143585,0.06796250492334366,0.24248690903186798,0.7408326268196106,0.03784764689261309,1.533964989725077,0.9677800763940311,23.804603145782693,0.6762493115778874,11.998465720964555,170.22042607494464,3.249981367580507,4.007119616491446,1.1929940485636599,-0.4792692690570759,0.9591670015353172,0.9695840353101666,0.7888616726325184,1.533964989725077,210.74105786627825,13964.648133364512,0.7013533357850856,0.5136814216545484,0.4256026746077032,0.9375732671045696,0.43132043926761443,0.832147391681169,0.4088993557077193,0.4254995898334154,1.3522567770637797,0.5927129825269777,0.8321848311171046,0.3577550725559163,0.4253870428925283,1.6092660215919323,0.6729421439067917,0.8322280614374178,,1.19,55.216
R2_d400_b3,124,R2,56486,0.7517083883285522,0.3526683747768402,1.158889651298523,0.6371175050735474,0.3136516213417053,0.27314674854278564,0.04219299554824829,0.2336241751909256,0.7890350222587585,0.03517931663455519,1.2815320723159467,0.9730624003839307,23.78705026588701,0.7013260287572455,14.024215422088439,209.90556645263058,3.2520801898695084,3.9610790275936205,1.1212743754177297,-0.5001252873027183,0.9637182874140161,0.9756173797529742,0.7069071312321187,1.2815320723159467,-151.14632780424836,14028.550259620046,0.7216808092324446,0.5368527914783978,0.36700550480127103,0.8759612545926168,0.39506117467341684,0.8486200664728223,0.429783761526757,0.3670163707450567,1.2674812301297589,0.5678397560928453,0.8486266711294653,0.37600992865429406,0.3668653739037278,1.5103725984117498,0.6511277439776573,0.84865826067295,,2.058,214.032
R2_d300_b3,125,R2,56273,0.7468205094337463,0.3402807116508484,1.0924804210662842,0.6273838877677917,0.3105694651603699,0.26606571674346924,0.04263576120138168,0.23706510663032532,0.763360321521759,0.03496827348742815,1.452966895688741,0.9685063843836162,23.067641919878923,0.6840238852963763,13.310252520732654,191.90832102366514,3.2558644120672833,4.015802476005789,1.1701446707537344,-0.47969700668417764,0.9595176203723088,0.9704542217846824,0.7626483447837471,1.452966895688741,-56.68438279883668,13369.102196837,0.7073042571175054,0.523724238128814,0.4021963879973708,0.9110108248705837,0.41340499824964544,0.8390971623318206,0.41701314198402895,0.4024014552377786,1.3168729141438145,0.5810872220140406,0.8390301540724192,0.3640565934478316,0.4023194154583424,1.569993738845836,0.6597318266365455,0.8390427462943801,,1.925,211.4933333333333
R2_d50_b3,126,R2,56504,0.6711965203285217,0.25044652819633484,0.6815074682235718,0.5656808018684387,0.33042997121810913,0.2583553194999695,0.0695534497499466,0.25304466485977173,0.754939079284668,0.03649992605347518,1.651897552604427,0.9655504449480332,23.97560070132318,0.6745607058247054,12.485042716034702,179.4270779222576,3.2559272291950214,4.043857680922484,1.2177384587980542,-0.47011063489756755,0.957441008397872,0.9672147448697945,0.8096491150080357,1.651897552604427,137.42378387773346,13859.14979736646,0.7009970781801851,0.5123706360841958,0.44828731768966035,0.9439502616714218,0.4349649441946094,0.8293892025629304,0.40655374569160874,0.44820284245698816,1.3632910598545573,0.6009490523716654,0.8294085048441846,0.353160736612246,0.44832024806535087,1.6260028209246844,0.6830452840828838,0.8293772461194864,,1.155,62.216
R2_d300_b4,127,R2,55562,0.7126290202140808,0.3211562931537628,1.0058233737945557,0.5963892936706543,0.30913978815078735,0.2592126727104187,0.04758020490407944,0.23353950679302216,0.7607545852661133,0.03112049858972849,1.3716856617799746,0.97015383732134,22.97926330538589,0.6881848612685597,13.062090941172995,185.98038839249935,3.293005987474616,4.035401901794428,1.1502349955696696,-0.487652881563132,0.9622397702556419,0.9712380758870537,0.7440593118299383,1.3716856617799746,47.08150423844188,12804.765889186401,0.7104581760458313,0.5070447882555562,0.3958028057274853,0.9344005973667224,0.42548182504356247,0.8373567938658943,0.39198860338627556,0.39572924573458695,1.351567765544204,0.6144790501522701,0.8373968783766383,0.33317727749182624,0.3957437453376623,1.6109431544103274,0.7086777672397688,0.8373849104360478,,1.771,213.4645333333333
R2_d400_b4,128,R2,56245,0.7443807721138,0.3504422605037689,1.1462609767913818,0.6246175169944763,0.3082345724105835,0.26870787143707275,0.04194909706711769,0.23046424984931946,0.781122088432312,0.035095986670966584,1.2847268115799755,0.9727119947828232,23.540137896897573,0.6961755334541638,13.764570346673862,203.3810774898816,3.252422482717018,3.966681919535959,1.1248111149286788,-0.4946922565770917,0.9624219978904163,0.9745719372662447,0.7164520335070622,1.2847268115799755,-92.04780888006371,13358.082532280721,0.7168527111303535,0.5311167472211473,0.36856460475837405,0.888436431261865,0.40141551928790264,0.8464807983309469,0.422571261968285,0.3684789559877938,1.2844882941428881,0.5806087836628738,0.8465138944326083,0.3674082990915062,0.3686510266488955,1.5310266794505898,0.6697484592315895,0.8464512948383098,,2.198,243.8314666666667
R2_d100_b4,130,R2,56641,0.715888500213623,0.29785430431365967,0.8855074048042297,0.5963954925537109,0.3149813711643219,0.26451075077056885,0.05179509520530701,0.2332080751657486,0.7641729116439819,0.03416121106557929,1.4634278313922353,0.9690835695089661,23.667477261514996,0.6819053640223729,13.164889653691064,191.05792860430773,3.2729006024700036,4.027701330971196,1.174875159684131,-0.48277135121110026,0.9606976961094187,0.9704840729199702,0.7688138660225068,1.4634278313922353,18.18059673629614,13588.218680907561,0.705766147289888,0.516453981927439,0.4085664881342773,0.9259883252276002,0.4273734608437902,0.8360911999504012,0.408156817805028,0.4084225333296429,1.3385552057806405,0.5985901661329922,0.8361091708154559,0.35393468062650146,0.40827282203660364,1.5966008007715278,0.6815585209163294,0.8361265582347703,,1.008,93.0048
R2_d50_b4,131,R2,56163,0.699314296245575,0.27172887325286865,0.7673090100288391,0.5834276676177979,0.32040655612945557,0.26300010085105896,0.057833727449178696,0.23731771111488342,0.7619597911834717,0.03463073855092514,1.4674507487252941,0.9688895394736637,23.584523080270955,0.6847540028145314,13.019915326285057,188.00497861018016,3.2662320713468063,4.016304718885885,1.1730725917194618,-0.482122070385311,0.9602222544055463,0.9700955996217884,0.763978768918796,1.4674507487252941,33.88899855379259,13377.70829115884,0.7081971724562854,0.5228746212901092,0.40674255235035184,0.9130845546102835,0.4186394653685114,0.8384634526162164,0.41476342595248467,0.40688798980795415,1.3211790585105683,0.591468735967818,0.8384466115556475,0.3603169943481958,0.4068593758767941,1.5758853811780695,0.675660204051397,0.8384288745621897,,0.854,69.68639999999999
R2_d0_b4,132,R2,56495,0.6852056980133057,0.25761833786964417,0.7086498737335205,0.5684980154037476,0.3210652768611908,0.2576754689216614,0.06550665199756622,0.24292050302028656,0.7456840872764587,0.036191996009999686,1.654800632853482,0.9647377390019987,23.464187858973446,0.668522242778671,12.400858620861154,175.77886681502818,3.2588174914500225,4.052059984090589,1.221157349680066,-0.46520514623299014,0.956168075741554,0.9659745348931994,0.820071818391088,1.654800632853482,166.11001023014938,13420.53455616723,0.695166286016079,0.4961314532118511,0.45558711841994387,0.9733738186799248,0.4451628465811916,0.8248489479512293,0.3872038564418536,0.4556325596564338,1.403271074098035,0.6170238695770593,0.8248526886828943,0.3329828974118001,0.4557497008933651,1.6693690843512141,0.7039975987739489,0.8248147566994293,,1.022,53.41653333333333
R2_d200_b4,133,R2,56021,0.75054931640625,0.34803637862205505,1.1315162181854248,0.6226907968521118,0.3035516142845154,0.2670899033546448,0.0419580414891243,0.2216651290655136,0.7613141536712646,0.032567625061738055,1.4274266557894708,0.9688744145502577,22.930117378915508,0.6860532600259817,13.510375303626585,194.9221426085072,3.281538627422253,4.03484102295471,1.162607025066718,-0.48497227860656494,0.9614914019821202,0.9710109401052995,0.7551607611835083,1.4274266557894708,-51.3182985444854,13094.788596645276,0.7087315388308632,0.5134076328911349,0.404533221672372,0.9274588804429948,0.4251535232684647,0.8376613209269584,0.40356683790802494,0.4046435084137021,1.3417024514699025,0.5992471529599599,0.8376440035881924,0.34860600530048413,0.4046086229327164,1.6014169823573434,0.6817117113992139,0.8376502733401947,,1.757,141.4970666666667
R5_d0_b1,1,R5,45686,0.5728081464767456,0.17876167595386505,0.44903749227523804,0.47907036542892456,0.3532845079898834,0.23207542300224304,0.09270565211772919,0.3036632537841797,0.6963367462158203,0.020361628533486647,1.269873550027701,0.9589544839213698,15.469089821077873,0.662939666753862,12.959031572715658,152.76916235701972,3.3588921663018474,4.1492188820491664,1.1206225722657353,-0.4646211308647233,0.9585554185855459,0.9624617493296259,0.7712539338089743,1.269873550027701,69.3327237895138,7792.377416255476,0.6843078298203301,0.4498246079943312,0.3905972859513183,1.0293081677772302,0.42993923009421703,0.8262630181498065,0.3277486236294221,0.3903020089409246,1.4704163140164543,0.6215708284987917,0.8264018201436458,0.269340959465144,0.39038137214165514,1.7334794624776848,0.7139748856208976,0.8263528945374737,33.93,,
R5_d50_b1,15,R5,50421,0.6205652356147766,0.20619261264801025,0.5345993638038635,0.5176209807395935,0.3484468460083008,0.24510939419269562,0.07698488980531693,0.28849244117736816,0.7195435762405396,0.022174957564194197,1.3311474742113014,0.9619832063919169,17.5073611920686,0.6672880818873876,13.500829879730308,171.63468590409448,3.3550727069087314,4.150939718353328,1.1377827693763964,-0.47003602268799416,0.9601863557680829,0.9686176716562698,0.7724296638724748,1.3311474742113014,-28.929947544150707,9142.883055391272,0.6889211748461327,0.464836563870377,0.3977275022424891,1.0082102233068357,0.4129476943307082,0.8288581267755646,0.34755123151119754,0.3976870133591338,1.440835049058923,0.5954301453548216,0.828870931750409,0.2921927552897873,0.3977793770094865,1.6972469331928042,0.6832217377570133,0.8288198010262098,36.98,,
R5_d100_b1,43,R5,47198,0.651297390460968,0.22498475015163422,0.603834867477417,0.5529741048812866,0.3584499657154083,0.25393936038017273,0.07076819986104965,0.3087778389453888,0.7375125288963318,0.020865999420408753,1.3666005968054986,0.9584794616585964,16.45692290236463,0.661286283681588,14.770229356784252,194.95076621344305,3.3470216111209083,4.167083512781755,1.1455154053956134,-0.45467299818880164,0.9559753123282078,0.9673848715852739,0.7876979373127101,1.3666005968054986,-142.92650830717992,8784.724353564898,0.6833585287331366,0.4539187278070839,0.41086430011474756,1.0315303958976783,0.41587881141322935,0.8250312889952347,0.3348345181980034,0.4110416874562882,1.4717598517203807,0.6027974760031714,0.8249804059382748,0.2784878478707673,0.4110843925034775,1.7303161451103317,0.692520848814348,0.8248914050438112,44.14,,
R5_d200_b1,57,R5,51908,0.6178778409957886,0.22515742480754852,0.6032130122184753,0.5146732330322266,0.34209752082824707,0.24530012905597687,0.07598418742418289,0.2747980058193207,0.7247722148895264,0.02344809137933478,1.3714201329053477,0.9630326724415765,18.549084061479263,0.6752973804989006,13.295043071608657,171.71627090823023,3.350629826220424,4.144485115813945,1.1457522122652204,-0.47225882560078186,0.9606629309483842,0.9684383138554057,0.7633768151604475,1.3714201329053477,-14.269097184770771,9706.642170004565,0.6968199509620057,0.4758941432705599,0.40549652504796807,0.989360242233218,0.41227913796469495,0.8307058013447266,0.3591142333055831,0.40554504546353676,1.4177744247804513,0.5972518626309993,0.8307050176487422,0.3027911036283031,0.40575303354436343,1.675007117432446,0.6872799733275667,0.8306106736919893,49.3,,
R5_d300_b1,71,R5,54722,0.705169141292572,0.29762792587280273,0.9000135064125061,0.5863453149795532,0.32347366213798523,0.2534056305885315,0.05233589559793472,0.25192195177078247,0.7259018421173096,0.023469624928449482,1.3224746960740248,0.9630513189703439,17.896101553884506,0.673184027164597,14.02232481541073,184.45586897153206,3.336168469376742,4.127675392564767,1.131582493704311,-0.46894224964405273,0.9592817994389221,0.9689211816504552,0.7595155709334965,1.3224746960740248,-114.10713991239356,9611.519948164285,0.6940935955792179,0.4689530496582427,0.3953701867275204,1.0006047247832497,0.41757726852655885,0.8314723533067689,0.3485715878087168,0.39540723459504307,1.436367077899913,0.6093774032107022,0.8315057723123396,0.2902250974568485,0.39563424332945163,1.6968567284894054,0.7004470003331152,0.8314510650139795,55.54000000000001,,
R5_d400_b1,85,R5,52704,0.6911980509757996,0.293842613697052,0.8753734827041626,0.5813403129577637,0.32830721139907837,0.2500816285610199,0.06175021082162857,0.2630707621574402,0.7258253693580627,0.02167956320277356,1.350357507659528,0.9607175927931397,17.18781515159155,0.663512532344751,14.093472353369217,182.84696775060624,3.348889315777108,4.160493412111947,1.142313638516939,-0.46034585060418665,0.9575579112224509,0.9660654026801072,0.7815830554851783,1.350357507659528,-98.02165310725832,9049.145693269042,0.6855008372888945,0.4558271518387919,0.4055912515477651,1.0256239889906067,0.42539913170173227,0.826535309654334,0.33455024634165187,0.40569354404726815,1.4690777473911838,0.6149366048426234,0.8265265813694394,0.27667535944930816,0.4057912234759131,1.7331234612211717,0.7030580674091905,0.8264690709877689,59.6,,
R5_d400_b2,113,R5,49535,0.6803066730499268,0.264175683259964,0.7654157876968384,0.5677402019500732,0.345876544713974,0.25029900670051575,0.05727733299136162,0.2918112576007843,0.7251405715942383,0.01873275743854365,1.5057636144090782,0.9532246799895511,16.095706175538318,0.6404958195243554,14.21673666937,180.56207133065314,3.3684644455217154,4.244415829298555,1.1842944883561575,-0.43489670633025196,0.9515599618772799,0.9569711026322352,0.8456053085099025,1.5057636144090782,-57.82287773132839,8275.628967593679,0.6657441001388482,0.4235726714392487,0.4432092093469129,1.0977442886210453,0.4581362070572673,0.8118858611499822,0.3000929857540266,0.44330662654440833,1.5695593044467233,0.6476614268788408,0.8118145868867894,0.24186208286821576,0.4434800643380796,1.8496856725753592,0.7351129982686828,0.8117191955445298,56.88999999999999,,
R5_d300_b2,114,R5,51965,0.720561146736145,0.3067368268966675,0.9624959230422974,0.5973649621009827,0.33510497212409973,0.25866860151290894,0.04390319436788559,0.2790878117084503,0.7323921918869019,0.023505462102438264,1.1540814018652479,0.9609813857126367,14.788856842097797,0.686178435168697,15.588604918710383,208.7758551774816,3.3095777092477507,4.063655074763336,1.083591593834689,-0.47230071516535743,0.9586160629092951,0.9695930796241056,0.7128120912936733,1.1540814018652479,-178.38504614988366,8097.713230613153,0.7044610888445113,0.4784318750542732,0.3603936886707205,0.9713094367352575,0.39684074551992965,0.8393289969069465,0.35835111641846107,0.36058131760248296,1.3896236533844184,0.590685362625028,0.8392648473248995,0.29999603595067403,0.3605364228089467,1.638248701014112,0.6841905605439422,0.8392641047029027,53.77500000000001,,
R5_d200_b2,116,R5,54369,0.6784555912017822,0.26390329003334045,0.7549517750740051,0.5823283791542053,0.35640814900398254,0.2563561797142029,0.06374099850654602,0.3019629120826721,0.7552098631858826,0.02228838583373459,1.3548278725991736,0.961061177729312,17.396877890577827,0.6728040942578738,14.761746563503007,198.58081266130668,3.3447360541188655,4.148820549316392,1.1442439135488538,-0.4653101498796885,0.9587502060037791,0.9674495767655366,0.7665618380156392,1.3548278725991736,-154.2081747520299,9502.575328323599,0.6944171707752052,0.4668882603051562,0.40366285288633297,1.005246330651542,0.4319982725208771,0.828770398307298,0.34651640709524745,0.40396338073309235,1.4467033044476796,0.6177073146853488,0.828679283345866,0.28863341183461577,0.4041770665573058,1.7125672617064462,0.7050180660620355,0.828630401874663,51.98,,
R5_d100_b2,117,R5,49944,0.6470156908035278,0.20513015985488892,0.5397541522979736,0.5429808497428894,0.35582298040390015,0.25163450837135315,0.06985358893871307,0.30269888043403625,0.732933521270752,0.020550554438778505,1.445968122421578,0.9567031748360199,16.698315833159548,0.6582008336276652,14.213409505821803,183.238931179168,3.3556180191169376,4.195355199375869,1.1702398436756656,-0.45010861975483185,0.9552786458546447,0.9632011963940306,0.8057908880174098,1.445968122421578,-87.47168290717201,8655.618788797241,0.6818144254966909,0.4501199746358604,0.4293328599951055,1.043836159589472,0.4380048088703447,0.8203825919977852,0.33006160002484564,0.4293592332998275,1.4944673500195849,0.6231106391684551,0.8203829857294895,0.27261108600319434,0.42939615352353533,1.763419291739564,0.7102512072560306,0.8203511881600862,37.66363636363637,,
R5_d50_b2,118,R5,46949,0.5810497403144836,0.17062100768089294,0.42165234684944153,0.5008947253227234,0.37174248695373535,0.24584391713142395,0.09914691746234894,0.3095734715461731,0.7444549798965454,0.021398593789243463,1.3898768359335372,0.9608713979384724,17.760369175149023,0.670368505038236,13.783409075926414,178.19978350064284,3.3647631161194655,4.165206985350586,1.1510041107439652,-0.46719372781227203,0.9597192189625788,0.9660974232731782,0.7750883663738983,1.3898768359335372,-34.91611490484587,9001.547950460015,0.69213810645853,0.46810874800855856,0.41261899787569434,1.0015383625765137,0.4208262032760827,0.8284543673316653,0.3480597252339249,0.41219559147539087,1.4383210004458702,0.6112153609448214,0.8285941593352864,0.28863511506117034,0.41227078776229786,1.7051097608214114,0.7029368182323302,0.8285773853698047,30.74,,
R5_d0_b2,119,R5,47890,0.5667099952697754,0.16122452914714813,0.39226552844047546,0.4936862885951996,0.3736744821071625,0.23437415063381195,0.10990475863218307,0.3236190378665924,0.7264761924743652,0.02143777616508552,1.6710788056025696,0.952712185002292,17.66923260896204,0.6484460587401546,12.357630563099864,150.01290402879528,3.357238771716102,4.232417399054432,1.2218509517929812,-0.43899376360039,0.9526267481087106,0.9560508347037042,0.8543779099140927,1.6710788056025696,115.96217441967337,9316.937551694431,0.6745409974250229,0.451959615874187,0.47422596767477915,1.0534891916375169,0.43757587922283514,0.8143533225167355,0.336427600973898,0.47451944725976686,1.5076575534230092,0.617417911050608,0.8142664399657342,0.28062623209548915,0.47474850979779015,1.7828173222716965,0.7058907160996033,0.8141814869794297,31.64,,
R5_d200_b3,121,R5,53387,0.6781183481216431,0.2610817849636078,0.7524381875991821,0.559820830821991,0.3353693187236786,0.2518733739852905,0.05802285298705101,0.27580726146698,0.7225037217140198,0.022800596489751655,1.2140481613115484,0.963082706169616,16.442810878614484,0.6870964010353752,14.624524723872584,191.9890471551967,3.335952989510104,4.094705959553854,1.10048675519925,-0.47902796806773107,0.9613369115301154,0.971263393440134,0.7197800627023743,1.2140481613115484,-136.06658349607204,8695.593998141298,0.7059925138663825,0.48126432368419925,0.3749153212807683,0.9682269761768649,0.3983032322132524,0.8381105745166222,0.36015266888069364,0.37500066108308966,1.3895551771321508,0.5941850628429892,0.8380839709575583,0.3006325155422656,0.3751266842237295,1.6419684321947448,0.6880663943739492,0.8380213126418934,48.78181818181818,,
R5_d100_b3,122,R5,53117,0.6020448803901672,0.19164009392261505,0.486775666475296,0.5191232562065125,0.3681868314743042,0.2447718381881714,0.08976063877344131,0.3164893686771393,0.7457889914512634,0.02100097466309535,1.5127335441203615,0.9582040154249307,18.096637265643245,0.6654399264124666,13.520149468224478,173.8898498639671,3.3704679783774694,4.209361546981233,1.186767994760035,-0.45693747056680956,0.9577771449581032,0.9623794824455543,0.8027785762184174,1.5127335441203615,14.297163882072141,9302.495094193218,0.6896223600097131,0.4720371918906672,0.43532405041781025,1.0079881584260029,0.4325105075386739,0.8241098251668371,0.3566581788813075,0.43534431819390995,1.4489967917732516,0.6129541537665051,0.8240921357678421,0.30082324665625715,0.43530125347309845,1.717316355381096,0.7020850494215414,0.8240938963786697,34.02,,
R5_d0_b3,123,R5,51949,0.6029061675071716,0.18578879535198212,0.47121918201446533,0.4963321089744568,0.34022459387779236,0.24011333286762238,0.07925839722156525,0.27323290705680847,0.7100811004638672,0.0234100713982084,1.4917882311124266,0.9592180368229727,18.289804055787606,0.6656168395170229,12.491669792127107,155.24601924490867,3.349537040261934,4.167619083907203,1.1814680207290484,-0.4630264931985011,0.9585499670411951,0.9648540049344321,0.7995321660506425,1.4917882311124266,94.73459786519345,9621.024380122464,0.6894418704327125,0.4745867562731576,0.4323194435898847,1.003748150073756,0.4319521309292084,0.8241451929204526,0.3607450705180827,0.4323649431658205,1.4420785984728557,0.6093466851679701,0.8241363378022137,0.3053041014689194,0.4325960687281541,1.7092565477580046,0.700057718437598,0.8240977958907179,31.92222222222223,,
R5_d400_b3,124,R5,52040,0.734276294708252,0.31283754110336304,0.9969273805618286,0.5925757884979248,0.31267648935317993,0.26058894395828247,0.039563439786434174,0.23816020786762238,0.7306568026542664,0.022360488404303012,1.252349440048869,0.9647950483260631,17.78655246486694,0.6795410010036771,14.67017777428245,197.98841714980372,3.3522911901987977,4.128806850988207,1.11417903449155,-0.4752853404369145,0.9611323244011021,0.9700246816482812,0.739231733102871,1.252349440048869,-149.50147874894947,9619.370419277913,0.6994508921960518,0.4777952178176901,0.3800984214913947,0.9788299788605619,0.4080682252690019,0.8360003176666557,0.35731848960558,0.3800879922770035,1.4058235134798287,0.6003865133477437,0.835988553478554,0.29820263252228174,0.3799897251181351,1.6616748057021393,0.6917645254412068,0.8359931886642229,56.1,,
R5_d300_b3,125,R5,53516,0.6581394672393799,0.2546407878398895,0.7160565257072449,0.5626393556594849,0.34424689412117004,0.2458430677652359,0.072189100086689,0.2879045903682709,0.735945463180542,0.02467410053140165,1.379699248118921,0.9620873560840495,18.195766708982667,0.6869371184040425,13.423350041757672,173.31005206977338,3.328465967049701,4.113753377576003,1.145645002455666,-0.47469214059930287,0.9605899184644541,0.9669447392899353,0.7445317840047236,1.379699248118921,-45.05141350994819,9337.027884523392,0.7081317373211922,0.5002781919357424,0.40122578829371497,0.9452964545010158,0.40852143487952064,0.8375889500979294,0.386461020211848,0.4011062904338615,1.3626493254428769,0.5906165598946911,0.8375898938624019,0.33003561734022213,0.4011601889456924,1.6172945513254202,0.6793718355497503,0.8376079552110431,51.32222222222222,,
R5_d50_b3,126,R5,49997,0.573213517665863,0.17149654030799866,0.4236539304256439,0.4927150011062622,0.36452144384384155,0.2418169230222702,0.10049950331449509,0.2947053015232086,0.7404595613479614,0.024445987071257995,1.6746024393992829,0.9578712263854233,19.87480640482469,0.6565107716388593,12.364283876267809,159.18612767006408,3.3442226519732103,4.200405504052631,1.2252045045247018,-0.44793855650200676,0.9547155922153383,0.9611117462769458,0.8425299778695707,1.6746024393992829,124.49630172454192,10699.768897339187,0.6828384323313423,0.4698107611967123,0.47009997200901277,1.0231613987075887,0.43664835052246626,0.8176707010896844,0.35777435023069337,0.4696932150370027,1.4684600002881478,0.6110076191918578,0.8177267340289693,0.30283846160249106,0.46966588280241245,1.7402006669668535,0.7023530069742372,0.8177308157052485,31.02,,
R5_d300_b4,127,R5,52044,0.6718339920043945,0.2601868510246277,0.7461654543876648,0.5587016940116882,0.33653032779693604,0.24658209085464478,0.058415841311216354,0.28005656599998474,0.7149929404258728,0.021612119586887628,1.2864023857860136,0.9605518338195601,16.304970677292054,0.6691559355974807,13.990700138306735,177.1496103255491,3.350393281736182,4.14694214522185,1.1249334988222168,-0.4654392823697341,0.9587405338839969,0.9660732361064532,0.762510177854187,1.2864023857860136,-62.85226266900213,8559.156128681836,0.6901563189270757,0.46164697538875765,0.39173598638587437,1.0133534294881261,0.41277530241826976,0.8294978917709664,0.3427700521478757,0.391790624834627,1.4458308303247582,0.6026321319356509,0.8294987852271205,0.28524468326879676,0.39196822687314536,1.7038027786524945,0.6961982218795664,0.8294122402649657,51.49999999999999,,
R5_d400_b4,128,R5,53824,0.6923736929893494,0.2822716236114502,0.841099739074707,0.5726097226142883,0.32340261340141296,0.2502453625202179,0.054147105664014816,0.2525821626186371,0.7228481769561768,0.024021010888357723,1.2869223372349823,0.9645508195337623,18.15165146581583,0.680437110769228,13.639977751367473,177.40376014229525,3.3402652982893737,4.117971370920381,1.1244755326513447,-0.47602612099387326,0.9610726390879094,0.9698562269583546,0.7426419292184818,1.2869223372349823,-69.64738683352908,9667.288684743775,0.7009302542901791,0.4837354608548768,0.38638531104251506,0.9726438637945873,0.40837012941547046,0.8357204382818855,0.36696054777548587,0.38637764078279585,1.395888333398407,0.5945969766962079,0.8357636621621947,0.3101577707888068,0.38634493976677586,1.6491641788832374,0.6862681098432419,0.8357532935168908,54.60999999999999,,
R5_d100_b4,130,R5,51103,0.6612463593482971,0.22143010795116425,83.35450744628906,0.5338638424873352,0.3311617374420166,0.25253790616989136,0.055813953280448914,0.2678647041320801,0.7158562541007996,0.020577752211749227,1.5067638817736733,0.9559628324631496,17.107865536689825,0.6596103058721163,14.235535737585316,185.200358427983,3.360074360576705,4.209175908126301,1.182587682220484,-0.4489513198554281,0.9552750754664562,0.963366504429711,0.811394655176797,1.5067638817736733,-87.1118370339471,8921.082443101328,0.6833316276366295,0.45715505002614504,0.44010539384563596,1.0320141988702303,0.4399095712462795,0.8212608789179916,0.3366668288216592,0.4402758877119371,1.4853844065918804,0.6261353003689338,0.8212244239911296,0.2784131608888245,0.4403764316577748,1.760551022130886,0.7136911188681385,0.8211913490027687,39.78888888888888,,
R5_d50_b4,131,R5,51070,0.6010399460792542,0.18061669170856476,2913.3779296875,0.4837719798088074,0.3148331046104431,0.2049693763256073,0.0907314270734787,0.28449684381484985,0.5915724039077759,0.03943983981951298,1.0869669119466572,0.954610052811803,11.97365252911461,0.7546139093932627,10.573629131017316,102.1215476348647,3.136297322482015,3.7500185370604084,1.009279029802117,-0.5169098569524947,0.962684398853965,0.9561691413024775,0.5784882852556721,1.0869669119466572,233.226400588198,7058.472410214375,0.7676641085995992,0.5737187979006795,0.3305926315781179,0.7807258197816568,0.33379717610698,0.8713749766650599,0.45705934496745604,0.3299489646415773,1.1387973874677604,0.546533338564313,0.8713760861283891,0.3930489361480598,0.32943217797328195,1.3625800137796917,0.6582580701885566,0.8713776869537855,33.96666666666667,,
R5_d0_b4,132,R5,54169,0.5889281630516052,0.17963701486587524,0.44772467017173767,0.5143206715583801,0.3755301535129547,0.23781779408454895,0.10079711675643921,0.3378760516643524,0.736436128616333,0.022645371189804538,1.4751424715042236,0.9561789182164565,16.83142464058088,0.6828517160574591,13.357715956795278,166.00477080202745,3.350008191725353,4.157090785453002,1.1698481649486263,-0.46610359370482823,0.9591952168171562,0.9584246699974264,0.7648470305931163,1.4751424715042236,79.48236577629194,8267.661001970448,0.705847275354621,0.4994842701230314,0.4211069712431912,0.9550150621098956,0.4165649239483633,0.8329084495793755,0.3876291175582254,0.4209209604043884,1.3760737885492438,0.5951051460519684,0.8329136351710351,0.33191644038961476,0.42071245547158354,1.6337535086231716,0.6873811595490288,0.8329395667876983,33.62222222222223,,
R5_d200_b4,133,R5,53917,0.6841985583305359,0.26474595069885254,0.7582968473434448,0.5971646904945374,0.36277177929878235,0.26109668612480164,0.06702381372451782,0.3124631345272064,0.7795529961585999,0.023191959995514096,1.295309780306368,0.9634998951222665,17.74391860695784,0.6847875656978486,15.26292515405163,211.87853496647958,3.338237723400349,4.115615077827765,1.1244008279294018,-0.4734627681248035,0.9602857557599698,0.9688030891850616,0.736115162063525,1.295309780306368,-198.4254993420223,9643.111823528026,0.704883713375505,0.4801907602455328,0.3909651005218738,0.9776606283718814,0.40892264381343923,0.834967833715164,0.36199129913869654,0.3909623641324029,1.403864878390976,0.5977076370089535,0.8349175957469533,0.3045891902200655,0.3909654748470837,1.6600203146857897,0.688429416470818,0.8349003721945356,49.38888888888889,,
V13_d0_b1,1,V13,43568,0.633274495601654,0.20946869254112244,0.5461616516113281,0.5531618595123291,0.36509618163108826,0.23833832144737244,0.08479664474725723,0.3433724045753479,0.7291020154953003,0.018944567448608216,1.8378522314383314,0.9409983024840503,15.574570806675766,0.6339162167195569,13.24651762783153,158.43351818762702,3.3483820866198384,4.28332276625204,1.2612838240230746,-0.40966975297908514,0.9433687599099504,0.942354673268056,0.9051563960841629,1.8378522314383314,39.14889059498182,7488.549063477904,0.6626559579172572,0.43274630218350074,0.5090475680139938,1.0908405335517735,0.47224843832690333,0.8047127022122055,0.30965548501168116,0.5096354271293267,1.567247857894387,0.6635886751411464,0.8045908356419268,0.24900735696436166,0.5099344453246979,1.8563601012047628,0.7533577970506191,0.8044787289564612,38.2,1.197,32.5584
V13_d50_b1,15,V13,51063,0.7242202162742615,0.2743071913719177,0.7847099304199219,0.6378271579742432,0.3600548803806305,0.26664379239082336,0.05521317943930626,0.32763174176216125,0.8021632432937622,0.018885473495269377,2.0352676689596056,0.9487147357756367,19.842616584265617,0.6221975347421888,14.689736847372851,205.3232555546383,3.3765561767421985,4.323559415937876,1.3008295295041206,-0.4104326997572983,0.9448617673563997,0.9495045786051172,0.9548365081585826,2.0352676689596056,-120.33958051608158,10421.529674712434,0.653246306685606,0.427003353664956,0.5527211916267558,1.1137656743179727,0.4903582730806984,0.7971899819794567,0.305342339305252,0.5528860911624515,1.6031981173904122,0.6764932323124717,0.7971473542685901,0.24578442344006832,0.5530285518827374,1.9048943980709674,0.7627073955071578,0.7970968289835052,38.88333333333334,1.295,49.728
V13_d100_b1,43,V13,49172,0.759462296962738,0.30159252882003784,0.9357075095176697,0.6204487681388855,0.31237009167671204,0.2515619397163391,0.03817678242921829,0.2707630395889282,0.7008309960365295,0.02072641589505228,1.5992302439614028,0.9492109748642138,15.743856468907516,0.6660803169647679,13.870010553093088,171.9943837067087,3.3524924012257538,4.220013391556881,1.2021827178288802,-0.4382763707359467,0.9520431997622062,0.9500117137605931,0.813458315226699,1.5992302439614028,12.264302182269091,7674.106008992116,0.6904025396095902,0.4656187101890154,0.455238132331398,1.0160766402379728,0.4409537876310886,0.8217775751525256,0.343357536711725,0.45529945805552413,1.4655408725124133,0.6394941981542772,0.8218076367650748,0.2816981885826114,0.4554641818632047,1.7425596307848406,0.7317929367907308,0.8217512530212754,49.79166666666666,1.148,69.18613333333333
V13_d200_b1,57,V13,49909,0.7504912614822388,0.31820160150527954,0.9780066013336182,0.6364538073539734,0.3319035470485687,0.26603859663009644,0.0450013093650341,0.2772538363933563,0.7676918506622314,0.019931829107645647,1.7979271950349742,0.9528455607563906,19.064241074328308,0.6309167481264404,14.628076338372324,201.3860000052673,3.3618896320024003,4.273112540838145,1.2538240663339921,-0.4230399331154275,0.9481561397216305,0.9551615133092214,0.9054706438217659,1.7979271950349742,-153.99546495747825,10328.549972039807,0.6595353609752905,0.4310349197942809,0.5020089995697298,1.0971598209154085,0.47527910320319416,0.8042184769904669,0.310285832460785,0.5020628473266273,1.574395188192915,0.6633216825137334,0.804195954600351,0.2512407420490335,0.5022372026636135,1.8677598230454613,0.7532335931741557,0.8041392072124252,47.51666666666667,2.023,128.3930666666667
V13_d300_b1,71,V13,53071,0.7328375577926636,0.31570538878440857,0.965670645236969,0.6395642757415771,0.3435143828392029,0.2683432400226593,0.05205731466412544,0.29380834102630615,0.7987380027770996,0.02091225345954692,1.848935597390509,0.9543391155858294,20.246383978347865,0.6343022192412104,14.96074113957851,213.79492283507454,3.356503873869874,4.2564815005474985,1.265080304651328,-0.4257956932016844,0.9486847581807375,0.9567368110611367,0.9075498548095768,1.848935597390509,-191.9770436086044,11092.533114514114,0.6632902473175355,0.44077089904038,0.5118723998901852,1.0806785487680053,0.4721052299009596,0.8051599660844729,0.3198461522143867,0.5119751960754723,1.5546589550153744,0.659775489329375,0.80515001523688,0.26013017718904663,0.5121265336305584,1.8454846475381643,0.7493159887623249,0.8050823976751407,46.44166666666666,2.226,118.72
V13_d400_b1,85,V13,48600,0.7294288277626038,0.2932197153568268,0.8620787262916565,0.6407894492149353,0.3553849458694458,0.26680895686149597,0.054180603474378586,0.31438127160072327,0.7946488261222839,0.017311062044613593,2.0845520591275823,0.9445958483142881,18.812236949702616,0.6025446953245068,14.945759254766209,206.84919509884406,3.383544961692875,4.366001911449768,1.31428511177722,-0.3975104746080135,0.9409409192175308,0.9459101807895043,0.9981390556485974,2.0845520591275823,-141.58801077382492,9961.350028948504,0.6359328477949435,0.3968750491502654,0.5663929014920301,1.1757737272990272,0.5162357025151358,0.7864378625891226,0.27281839871098446,0.5666936699064828,1.689044639361171,0.6997255169821571,0.7863401249597414,0.2138170296455285,0.5670967656160621,2.001477936652365,0.7803337645873084,0.7862549531253248,49.525,2.527,153.6416
V13_d400_b2,113,V13,52954,0.7240726947784424,0.28151798248291016,0.8246763944625854,0.6265864968299866,0.35187485814094543,0.25650644302368164,0.05494505539536476,0.3212977349758148,0.7569335699081421,0.017487798933552942,1.9183630337653135,0.9434238770363718,16.953821976268664,0.6180275932195453,14.24771602861345,184.04840006399175,3.377965562641801,4.343133830409201,1.2766099975835028,-0.40380804926116587,0.9428235336154351,0.9447708788699613,0.9455017051722135,1.9183630337653135,-56.64001754331264,8648.662324226665,0.6480000716677075,0.4090930137748022,0.5318832836398077,1.1417807873030863,0.47925246845787395,0.7965009146340618,0.28580176378807876,0.5318214504264867,1.632097302791341,0.6672075982574812,0.7965166063214564,0.22728258010491778,0.5315206695400544,1.9253256653370496,0.7520869718557313,0.7966104209116687,48.975,2.576,138.7605333333333
V13_d300_b2,114,V13,53742,0.7931436896324158,0.3494315445423126,1.1500364542007446,0.6678594350814819,0.32621681690216064,0.27168840169906616,0.030523627996444702,0.2680715322494507,0.7639846801757812,0.019024872770900012,1.828766345587937,0.9458071247659675,16.87275622093309,0.6308901362701167,15.444798743432127,211.83020522806996,3.3548050838102075,4.290934461931943,1.2581939378247053,-0.41154347304839267,0.9443315718943847,0.9503135796918598,0.9097420661194845,1.828766345587937,-183.83663752514576,9143.420138412943,0.6593363043979049,0.4264544290781378,0.5076684810639198,1.1043807823745093,0.471055887622401,0.8038447898824996,0.30305319372076656,0.5074606555649332,1.5848604377803683,0.663423023644272,0.8038654312032047,0.24282615797802592,0.5074055716440719,1.877901757399651,0.7529622212081966,0.8038649719298873,52.925,2.149,122.6362666666667
V13_d200_b2,116,V13,55281,0.7380950450897217,0.31151971220970154,0.9610588550567627,0.6393161416053772,0.34478870034217834,0.2629455626010895,0.04846145585179329,0.2992030382156372,0.7719523906707764,0.01716869086502403,2.108182710205417,0.9420260511491506,18.182155536152578,0.6113786461578159,14.497482736787065,194.17078852652676,3.382162269435567,4.376249736967459,1.3131316456531583,-0.3938512168286915,0.9397218570850691,0.9444664365735408,0.9835667189367222,2.108182710205417,-98.01173522463375,9363.04405222519,0.6432138046006823,0.4082999817696383,0.5717074579515687,1.1526319037647537,0.48294920317834733,0.7916270366385607,0.2873951651826029,0.5718340127615271,1.6492779144333847,0.666625719327998,0.7915646646322192,0.22976710243631127,0.5719929756233371,1.949954646909242,0.7524085358914654,0.7915498967214742,51.74166666666667,2.289,115.976
V13_d100_b2,117,V13,53242,0.7103351354598999,0.2812142074108124,0.8225137591362,0.612634539604187,0.3405096232891083,0.2579951584339142,0.05489153787493706,0.29741498827934265,0.7695116400718689,0.017786956326276207,2.2990780624899063,0.9418278601750203,19.760989275214285,0.6055474313727613,13.882584878676024,186.8393196197195,3.3899950848657756,4.392029284669151,1.3502570072366973,-0.3946614669835484,0.9405409428519005,0.9441567389178417,1.02212266277707,2.2990780624899063,-15.42260948946955,10340.942251420773,0.6397289505963327,0.4101077901097484,0.6103040783736909,1.155572788402322,0.5024534029320035,0.7860604655613288,0.2902043598021191,0.6106965219290932,1.6574433446876127,0.6792626622915401,0.78594899340076,0.2328374298565175,0.6108541685427892,1.9632776527185616,0.76025962053966,0.7859142961269328,49.24166666666667,1.351,62.68640000000001
V13_d50_b2,118,V13,51821,0.6879289746284485,0.2498394101858139,0.685370683670044,0.6059117317199707,0.36454614996910095,0.25259068608283997,0.07263752073049545,0.3413258194923401,0.7681593894958496,0.01890307626587412,2.0143992446277754,0.9466720327668433,18.886893210572026,0.6285676544342376,13.464355968198038,175.2416765769808,3.3792926080028938,4.325188252499222,1.2931861575082537,-0.4129926660620257,0.9458956765098875,0.9479112225455532,0.9392556456045371,2.0143992446277754,21.67587209787871,9634.25761610493,0.6584413373894062,0.4300148893491206,0.5473926815968182,1.102577635866153,0.48507412669427363,0.8002866080019391,0.3069746215048185,0.5471742243059079,1.5874106062571798,0.6771441389497415,0.8002756527427937,0.2459712035474929,0.5469464095503535,1.8877206847903663,0.7650962115609674,0.8003354343214932,38.69166666666667,0.98,32.40533333333333
V13_d0_b2,119,V13,51812,0.6633979082107544,0.2055467665195465,0.5296872854232788,0.578269362449646,0.3705593943595886,0.2497655153274536,0.07721168547868729,0.34841373562812805,0.7516125440597534,0.01809694047387269,2.0035936420159643,0.9444484204153578,18.03363339895455,0.6278750513616999,13.658840951709113,175.72881493770123,3.382758284480136,4.335993892072041,1.2915822803449866,-0.41174226225159977,0.9457295730483593,0.9468728081146229,0.9393819725531132,2.0035936420159643,32.053729280850234,9166.870351457199,0.6577197838354751,0.4258570533316265,0.5491367366879595,1.109648488143478,0.4884758838639436,0.7989298950392033,0.3031930908488538,0.5491093030947237,1.5943794474168658,0.6776353589906055,0.7989299665239471,0.24243777953373874,0.5491035730345618,1.8935663013474788,0.76546076259791,0.7989021461281165,37.30833333333334,1.435,23.72533333333333
V13_d200_b3,121,V13,53812,0.751095175743103,0.33225950598716736,1.0529098510742188,0.6423086524009705,0.32907405495643616,0.26067888736724854,0.04364781826734543,0.28213590383529663,0.7628618478775024,0.01994734405897556,1.7436607430710651,0.9507352094007585,17.696824869837464,0.6467251916124301,14.48950253189516,192.81907471824596,3.3640615976324377,4.262547933407928,1.236431500939786,-0.42879177949106095,0.9499304121934383,0.9538711676663921,0.8685872513125001,1.7436607430710651,-98.63002544656223,9110.917851462804,0.6731627436435126,0.4458318478544847,0.48904570240167167,1.0627521567556966,0.45491919691747684,0.812459381926044,0.3234742658421783,0.4893381655471378,1.5301736152887115,0.6469802373607457,0.8123571744072857,0.2629721010899818,0.48943175913191816,1.816558023950967,0.7375065005411301,0.8123501882967744,47.43333333333334,2.324,153.6938666666667
V13_d100_b3,122,V13,52496,0.7619093060493469,0.29770272970199585,0.8974834680557251,0.6268188953399658,0.32055220007896423,0.26212266087532043,0.03225374594330788,0.272216260433197,0.7398287057876587,0.018195139140877316,1.899240249211983,0.9476337755247923,18.134210248542324,0.6339163672820853,14.304622956568574,189.88245666180956,3.3846936565841146,4.328587493032945,1.272091504633075,-0.4158857265376699,0.9470892399239192,0.9501726074595104,0.9141618327757893,1.899240249211983,-60.706515540504824,9406.100079833317,0.6628555548108594,0.4397118396233066,0.5211881607205471,1.0846772733390977,0.4679422868850372,0.8047894804102392,0.3198615603814048,0.5214327659274274,1.5601953591947102,0.6548089066194763,0.8047391161689252,0.26052293722203423,0.5214565356889738,1.8526451433188722,0.7451584925887026,0.8046953101241352,42.975,1.358,75.68586666666667
V13_d0_b3,123,V13,51934,0.6781454086303711,0.2278001755475998,0.6048774719238281,0.582631528377533,0.34904029965400696,0.2550699710845947,0.06595872342586517,0.30234819650650024,0.7665270566940308,0.022469333518938518,2.085575537435978,0.9520085397263486,21.728610938929364,0.6269570119142968,12.910693487560376,176.17392911255874,3.3532324808849188,4.273607887483903,1.3097292199259338,-0.4200324706940558,0.9470595380966874,0.953370741587702,0.9542610103233838,2.085575537435978,99.88405317085397,11707.116724093852,0.6581185171287065,0.446264763390304,0.5589773441389,1.0820376874103217,0.48202776559970867,0.8000266354992209,0.33038218913299855,0.5590789254059279,1.555711607172466,0.6604867108801138,0.8000053119303885,0.2725142808360621,0.5591722922807072,1.8506780081045067,0.7496007863889042,0.7999687862173823,36.30833333333334,1.141,17.03893333333333
V13_d400_b3,124,V13,54269,0.751009464263916,0.31549811363220215,0.9682369232177734,0.6397086977958679,0.327431321144104,0.2568500339984894,0.04674721509218216,0.28967154026031494,0.7547257542610168,0.017863483825126432,2.0366438227894097,0.9442832123284551,18.276752015052654,0.6268927216566714,13.781354154950082,179.10450897041952,3.387406650136529,4.347175297881044,1.2959671997435587,-0.4081326601896764,0.944656496678285,0.9451690743693382,0.9451185260073685,2.0366438227894097,5.61506498309285,9234.82565962094,0.6567369221334117,0.4224545991948797,0.5571236533297008,1.1202105429595388,0.4736439645412009,0.797838541133143,0.3009401192773722,0.5570560592927057,1.6048238660138665,0.6600292597885862,0.7978380251764752,0.24256650995781942,0.5571137706589098,1.8972087623327352,0.7451820537383911,0.7978217622455974,50.44166666666666,2.366,119.8773333333334
V13_d300_b3,125,V13,55545,0.7243163585662842,0.298165887594223,0.8965015411376953,0.619076669216156,0.33755484223365784,0.2519789934158325,0.05101706087589264,0.30052492022514343,0.740813672542572,0.017105642723776144,2.041798531622747,0.9404942619477134,17.15631633487865,0.6122856724732396,13.688768297674304,172.8057461699318,3.382348969805676,4.3723624295590096,1.302317346604323,-0.3965863292026034,0.9407496511619629,0.9420115509337952,0.9731314697422891,2.041798531622747,14.146134696296599,8758.861678596058,0.6438725953232259,0.4070401765737156,0.5580942337827981,1.1547021183867174,0.4877493304409338,0.7916827643983491,0.2852377065457744,0.5583283037808503,1.6525167953685882,0.673261574826914,0.7915962363087629,0.22693660313537098,0.5586028992860923,1.9541555985035206,0.7579836281099535,0.7915200299815413,47.90833333333333,2.345,137.5733333333334
V13_d50_b3,126,V13,53895,0.714647114276886,0.2509859502315521,0.694365918636322,0.6056638360023499,0.34759339690208435,0.2575695514678955,0.05052897706627846,0.3131217360496521,0.746407687664032,0.01861836377289496,2.107946819759185,0.9430238647155696,18.49850651630262,0.6156271238086576,13.819440247757743,180.9422422058631,3.3764443672533297,4.359892583468306,1.3125328238470968,-0.4010959576674282,0.9422281283212737,0.9456123834090719,0.9761293246704243,2.107946819759185,-35.19506124037815,9775.518402553367,0.6470900120378089,0.4191306134212081,0.5681460566277716,1.1301739075885915,0.49152949976041516,0.7944396234767668,0.29783344571533726,0.5682907366657273,1.6236725223230457,0.6783871637885053,0.7943842201980331,0.23846050198769436,0.5683640940096357,1.9271852545200971,0.7670442100254486,0.7943620734268186,41.63333333333333,1.302,33.3312
V13_d300_b4,127,V13,50892,0.7343665361404419,0.2942952513694763,0.8756921887397766,0.635191798210144,0.3456541895866394,0.2612229883670807,0.051475830376148224,0.30842721462249756,0.7724226713180542,0.01737764116364166,2.095139855585619,0.9438004386510169,18.640179791403625,0.6100739530910142,14.239351847201169,190.1840716947857,3.3895365315118955,4.377415437140677,1.3122747876304814,-0.3988509692627669,0.9418359738986888,0.9454023560508386,0.9850079617027194,2.095139855585619,-60.59466666650769,9790.3974477677,0.6421314729471308,0.40797131477124227,0.5693407316392927,1.1514988350130144,0.49421373406485025,0.7902062688471628,0.2845259796696207,0.5695288147008192,1.651788083701752,0.6828776092618872,0.7901502056595319,0.22462277132160602,0.5699014365081227,1.958144086132556,0.7685942687059061,0.7900487293026975,46.53333333333333,2.52,168.0
V13_d400_b4,128,V13,52623,0.7980419993400574,0.34163549542427063,1.1080846786499023,0.6546058654785156,0.31088805198669434,0.2658310532569885,0.02769751101732254,0.2580839991569519,0.7520939707756042,0.01903191226605221,1.8022798970351055,0.9502405115102844,18.109911814143288,0.6385812497264455,14.54313031022951,195.31733200510578,3.3771120115982707,4.297550310905484,1.2503507320413154,-0.4218641429048885,0.948421204622686,0.9520500982585515,0.8918113375516057,1.8022798970351055,-102.55829684775313,9490.267240468052,0.6660518518819063,0.4350172762275428,0.5044759916355283,1.085101003009714,0.4631458486917196,0.8071798615235479,0.3117676270985298,0.5048191561074753,1.5591388742272778,0.6549010913878484,0.8070872408891026,0.25172146377666055,0.5048230105004103,1.8486986488410082,0.7445805430937751,0.8071174388246911,46.825,2.569,143.864
V13_d100_b4,130,V13,52521,0.756752073764801,0.307210773229599,0.9346932172775269,0.6454422473907471,0.33510151505470276,0.266121506690979,0.043519098311662674,0.29085785150527954,0.7795867323875427,0.019324204896835194,2.0843391070070476,0.9473276862700494,19.78590799702769,0.6220572320546283,14.572070451149077,202.4178355695017,3.3757075288337677,4.336375385288649,1.3102770261985395,-0.40910674852495565,0.9447210453936618,0.9493412372379259,0.9622360755852393,2.0843391070070476,-112.92774511128846,10614.236287678605,0.6534582312733389,0.4305117186477083,0.5621131155372937,1.1085180201870073,0.48646412411158346,0.7968554928605446,0.30937078778633686,0.5622117406825314,1.5967011086951473,0.6723161298426993,0.796790062568915,0.24977512971730176,0.5624209294720128,1.8990231900530072,0.758816933680435,0.796692616489537,46.40000000000001,1.533,78.4896
V13_d50_b4,131,V13,55242,0.7394303679466248,0.274051308631897,0.785197913646698,0.6262134909629822,0.3416935205459595,0.259537011384964,0.046103693544864655,0.3072027266025543,0.7527165412902832,0.020015831386272047,1.906580061088146,0.9483187545768051,18.4455700068825,0.6395961969965991,13.940529201767239,183.62931908881473,3.3691707686144836,4.297188454330195,1.2703043294897156,-0.42240031730667665,0.9486067355500808,0.9508723863150688,0.9041143782422049,1.906580061088146,-29.90423917307885,9669.882366866257,0.6679324248531493,0.44073964894065687,0.5239503185862728,1.0782598766870228,0.4715289624036827,0.8065651902841507,0.3191831642282089,0.5238657863242314,1.5529207907038711,0.6602393476615057,0.8065822339295261,0.2588924585264079,0.5239260903390579,1.8451918515407006,0.7499301182862408,0.8065612459850284,39.60833333333333,1.015,26.52533333333333
V13_d0_b4,132,V13,53463,0.6972933411598206,0.23304517567157745,0.6270023584365845,0.595354437828064,0.35571664571762085,0.25695833563804626,0.05697692558169365,0.3217705190181732,0.7499607801437378,0.0183703907805295,2.1159834459535167,0.9439685024653945,18.88208899426799,0.6139325030204135,13.73504927025111,180.5519730100934,3.384223193130611,4.369152269772712,1.3171668372110592,-0.40245347959366506,0.9430516772427194,0.9458827638051397,0.9809991684736956,2.1159834459535167,6.748335711952677,10057.387835955036,0.6461624522238167,0.4184520598334033,0.5723646319479303,1.1341707927189952,0.49232519532747865,0.7923986436767836,0.29769377962578863,0.5725821516507954,1.6280146881217723,0.6765141494437612,0.7923401183249674,0.2384329668453064,0.5727271959493844,1.9319320333081578,0.7641516666805459,0.7922925878009061,36.70833333333333,1.274,35.33226666666667
V13_d200_b4,133,V13,55093,0.7236266732215881,0.31201645731925964,0.9562014937400818,0.617989718914032,0.33595868945121765,0.2525252401828766,0.05090969800949097,0.2949424088001251,0.744450032711029,0.01756912962183968,2.049211728302062,0.9403066098015609,17.164477686688734,0.6140308320188975,13.867025195212298,176.69558338737232,3.3747954813364887,4.35751099957556,1.3026140315723873,-0.39827140145381007,0.9409990456094376,0.9430401037297119,0.9705134816551368,2.049211728302062,-25.10556786707008,8745.606286054352,0.6454492547232336,0.4107361971743987,0.5608988908193405,1.1472756256361767,0.4827563886440812,0.7927813912357281,0.28997348028595366,0.5613483411283245,1.6423732771953021,0.6671325788000141,0.7927464094528032,0.23224352958331634,0.5616105551717677,1.9420055968635441,0.7541909782310485,0.7926771080229782,48.79999999999999,1.841,126.6608
V6_d0_b1,1,V6,21429,0.5112128257751465,0.09499436616897583,0.2136983871459961,0.48571911454200745,0.4765240252017975,0.24733388423919678,0.16403162479400635,0.47646424174308777,0.8144088983535767,0.013235729708802928,3.4745523936339833,0.8855113131676098,15.174217163464206,0.5027523086615509,15.916907866073577,216.0594900898788,3.313845784602521,4.567005149477554,1.5239932219940289,-0.28217039822619183,0.8814466177619555,0.8880089456275001,1.3744012704578863,3.4745523936339833,-150.58605108691793,7233.239045728684,0.5549597330110978,0.3156139626189086,0.8704416910259549,1.3698855981294051,0.5949564061795627,0.7222063880026719,0.19770910026087757,0.871686946396584,1.944476390405886,0.7161969367306851,0.7221126746934895,0.14981173679517895,0.8726760554916264,2.269535394269138,0.763827509192696,0.7220090789831968,34.61818181818182,2.471,8.671562666666667
V6_d50_b1,15,V6,26237,0.5320852398872375,0.13173460960388184,0.3085475564002991,0.49733275175094604,0.44287440180778503,0.23608635365962982,0.1473279595375061,0.43978771567344666,0.7704977989196777,0.012371230616749676,3.2246728664275217,0.8922681594283098,14.966201492559193,0.5104639774616806,14.759855155939483,186.64036330308303,3.3580908100556757,4.603997672842139,1.4892884707135763,-0.2943009570103485,0.8920865555855779,0.8958519069492928,1.3258579540765276,3.2246728664275217,-64.513372976867,7079.048272196656,0.5602244997793259,0.3076504176265191,0.8332828289001994,1.393624973390211,0.5877222253547527,0.7236394738403225,0.18999042315525505,0.8367065851748738,1.9787643163086863,0.7235865971317709,0.7232159081456835,0.1411966419523787,0.838286624262352,2.314106505618413,0.7796378068742298,0.7229834858218607,38.49,2.688,14.995456
V6_d100_b1,43,V6,24850,0.515799880027771,0.13698577880859375,0.3236342966556549,0.4964512884616852,0.47238823771476746,0.23981940746307373,0.17022140324115753,0.47308552265167236,0.8127158284187317,0.012337769643577988,3.8457095348493455,0.8757174738324297,15.47164212586449,0.48418414225691897,15.811009495455238,213.95079407601432,3.324619500458017,4.624226491619428,1.5650935396777688,-0.2672130905486119,0.8716541437199538,0.8769317582806235,1.4576642016350885,3.8457095348493455,-127.78450648842062,7115.929401312003,0.5397418733528944,0.2970580354662924,0.9539314458798664,1.4218371001641072,0.6159733764761071,0.7077312101910753,0.18080770639772914,0.9470655984806173,2.0118850404877646,0.7330731947442708,0.7087027983328664,0.13494092365466054,0.9437231840826522,2.3412929660006316,0.7747895334529903,0.7093172791678677,41.56666666666667,2.947,13.59549333333333
V6_d200_b1,57,V6,22680,0.5400169491767883,0.15153177082538605,0.36491858959198,0.5142682194709778,0.45815080404281616,0.24606145918369293,0.15049797296524048,0.45592033863067627,0.8102176189422607,0.012288972337807718,4.123310364693003,0.8676836333769223,15.581256007094115,0.46879381274192505,16.083215288932557,221.11799735841413,3.3193489587611635,4.642540015913005,1.594614168959295,-0.2573994418779621,0.8638712797326181,0.868901452433091,1.5268300881116035,4.123310364693003,-142.38729970121017,7242.256724493938,0.5278689263348217,0.2915010148862126,1.012541323412565,1.4413845188136705,0.621310344764436,0.6987398843279488,0.1760315362190671,1.0070311016023665,2.0381410445387114,0.7367462769369733,0.6999256295461413,0.13047378241156266,1.0054610383252203,2.3728185352152518,0.7768928428575068,0.7004289713883771,40.13333333333333,3.99,25.536
V6_d300_b1,71,V6,23210,0.5161001682281494,0.13478222489356995,0.31700265407562256,0.5045681595802307,0.49488070607185364,0.2420627325773239,0.17976461350917816,0.5096811056137085,0.8308656215667725,0.012489292971776382,4.217080679650784,0.8579688423507051,14.8456182055911,0.4718192006922294,16.3307325327091,224.8934453050673,3.30276058147671,4.641583491156975,1.6059936853855639,-0.24747584601873948,0.8546455012967465,0.8587425018064238,1.529905290120911,4.217080679650784,-153.02056477877002,6832.467934036288,0.5302700158497303,0.2890851661640692,1.0302928776381912,1.4403549708424366,0.6207249210493455,0.7004438011510414,0.17421434188434182,1.0185568251612196,2.034085979446237,0.7283032045625866,0.7022553549570361,0.1302309893957887,1.0133010917703884,2.3628578398724924,0.7670177413855864,0.7032201427432065,40.03333333333334,3.99,16.39624
V6_d400_b1,85,V6,24440,0.5297971367835999,0.1403338611125946,0.333538293838501,0.5021592378616333,0.4554882049560547,0.23439502716064453,0.15603412687778473,0.463704377412796,0.7744340896606445,0.014039862834732936,3.2259850716484157,0.877048698429493,13.118954538617619,0.5178490718210347,15.196216970460341,191.12489009720412,3.2850853275742655,4.5208641257115,1.490995276257189,-0.2812294923652437,0.8787676145610317,0.8786204215454103,1.3094863673600936,3.2259850716484157,-50.57739695187706,5683.245495985446,0.5665661089712435,0.3191414412952427,0.8108448286882173,1.3496068274117392,0.5870928941967706,0.7332787282743748,0.20003248257476125,0.8062498070901225,1.9094903216836876,0.7139676091650717,0.7340886315565561,0.15208005315493348,0.8038875759869513,2.218976879373547,0.7621365213593339,0.7344282563989146,40.35833333333333,4.431,23.242072
V6_d400_b2,113,V6,27364,0.5277639627456665,0.14058901369571686,0.33335405588150024,0.503280758857727,0.46333757042884827,0.24574890732765198,0.15350842475891113,0.46335405111312866,0.8105395436286926,0.013840860093508206,3.330054840244643,0.895878924321548,15.991262184048754,0.5170539806011787,15.990005563487426,221.1307970435095,3.3213117418136835,4.54305482027115,1.5088097179085147,-0.29753006338976223,0.8919923472739278,0.9014374493145151,1.328703703702375,3.330054840244643,-160.98129756422648,7876.941100021122,0.5670378822852885,0.3254453818607502,0.836340519097007,1.3500557845711993,0.5868873080372191,0.7305280806380257,0.204661915358595,0.8390836725006321,1.9242765804622053,0.7279208117802132,0.7303026105853228,0.1527414701945795,0.840231714379305,2.257535758771591,0.7831661766960036,0.7302048236008147,39.78333333333333,3.913,21.07802666666666
V6_d300_b2,114,V6,30432,0.5393059849739075,0.1465054601430893,0.3519221246242523,0.5053197145462036,0.4397132694721222,0.23878952860832214,0.14042475819587708,0.4361039996147156,0.7771878242492676,0.013337545199842793,3.1749787022543856,0.8978927633695876,15.547275623743886,0.5227758144894468,14.995367741004456,194.9513673795843,3.3361549208073122,4.547499899957244,1.4882600170411677,-0.30303484483533877,0.8960569621478264,0.8992240874965426,1.2959498793114967,3.1749787022543856,-57.998667743094074,7123.514594186745,0.5714461786886145,0.33000361144246404,0.8019871302426617,1.3397178965416126,0.5801651015816323,0.7359394966212321,0.2084350857925163,0.801864230679849,1.9130565024503734,0.7253656803692273,0.7357254448457181,0.1568024191841738,0.8011398520379813,2.244041595945949,0.780109244904887,0.7358411721387628,39.18333333333334,4.298,22.86536
V6_d200_b2,116,V6,26131,0.5158240795135498,0.1360570639371872,0.3212958872318268,0.49413812160491943,0.4651014804840088,0.2370162010192871,0.16608926653862,0.4664764702320099,0.7998777031898499,0.012951697444945388,3.541575057056156,0.8835895925230333,15.211591187144531,0.5056571011219475,15.546307347598413,206.66698668589385,3.3249245700997396,4.586711852578528,1.5320249694168864,-0.2816844252998785,0.8818827085651028,0.8846969563979272,1.3763217957563136,3.541575057056156,-97.5962580218964,6871.923614065538,0.5571641288514917,0.31777868842117796,0.8841580081148316,1.3676469635450876,0.6003740642972744,0.7229786562216268,0.19958452226962067,0.881581506303153,1.9424188824007436,0.7284963361518104,0.7232333983580901,0.15223383089008619,0.8780122716683567,2.2648733665422753,0.7739742391786183,0.7242448423013098,41.35,3.836,23.08760533333333
V6_d100_b2,117,V6,26396,0.5163746476173401,0.13231366872787476,0.3105846345424652,0.4974606931209564,0.47326722741127014,0.23772169649600983,0.16794975101947784,0.47913289070129395,0.8047001361846924,0.012352402516156588,3.8630854624413065,0.8764112550390198,15.62879153576769,0.48629650119062207,15.389559902693378,204.0352201807567,3.332066817482775,4.6292047751068495,1.569630443982496,-0.27012581835129135,0.8743149101352495,0.8775121399735446,1.4582042700024915,3.8630854624413065,-69.87399522639424,6986.165608111389,0.542088257043123,0.30598520082585445,0.9548628652319172,1.4061707054911914,0.6170394651159485,0.7100267063329231,0.18993245337415604,0.9499162720740469,1.9941863968959455,0.7384157573080851,0.710859782643059,0.14328553571392438,0.9466335114846511,2.3283866744870996,0.7795255456596146,0.7116122739422969,41.55,3.465,16.33632
V6_d50_b2,118,V6,26291,0.5282583832740784,0.13319167494773865,0.31314849853515625,0.4977811872959137,0.4523400068283081,0.2445458471775055,0.14555732905864716,0.44409114122390747,0.7945592403411865,0.013093513960140093,3.5149860352626483,0.8873795389956897,15.605450394166045,0.5030872737093353,15.663929300913926,211.12729602832104,3.32616287069305,4.583043860438522,1.5288747759557648,-0.2839205160406863,0.883471575338673,0.8897021220396834,1.3784651298498032,3.5149860352626483,-123.99108794150442,7397.467461406857,0.5552249642191565,0.3148229281203696,0.872296327980034,1.3745639648447894,0.5948077549712019,0.7227482725906029,0.19464484381178,0.8718406755800173,1.9555530338731275,0.7261249721088497,0.7230016238886066,0.14534525740712628,0.8711741681727334,2.2859101098075794,0.7727775837595315,0.7232534906606545,36.56666666666666,3.71,15.66114666666666
V6_d0_b2,119,V6,21401,0.5077606439590454,0.08853770792484283,0.19727671146392822,0.4805178940296173,0.4752088487148285,0.2485852688550949,0.16536404192447662,0.4642122685909271,0.8230762481689453,0.013357758524733872,3.576811820807931,0.8914310222556627,16.472531541717636,0.5082235266134396,15.39022229170014,207.62285455842354,3.3357816073657895,4.584499734124318,1.5390516028509298,-0.29047259635715644,0.888499208525762,0.896888199222705,1.3771401766853557,3.576811820807931,-111.88337761933781,7915.7883495279375,0.5599875325692569,0.32782317724750687,0.882136514448212,1.3430322600342517,0.5908219344671902,0.7259767519640893,0.20733751725439392,0.8845094257687094,1.9116006609801668,0.7248609709410806,0.7256630614410859,0.1554499075289802,0.8882689805454458,2.2427612380139,0.77698190745183,0.7251619009955206,32.225,2.31,5.168240000000001
V6_d200_b3,121,V6,30597,0.5365988612174988,0.15055054426193237,0.36603569984436035,0.4987916350364685,0.43005964159965515,0.24165721237659454,0.13371895253658295,0.4140864312648773,0.7827492356300354,0.013333286077496821,3.289521116801799,0.9011023972594983,16.63094466162932,0.5200495777245624,15.059056370368399,200.44125225956932,3.3455174205190317,4.5617436084188805,1.5027628404074829,-0.30402292210329596,0.8972974072470637,0.9034593294248312,1.3165576957046383,3.289521116801799,-90.21993853276882,7891.091527593484,0.5691572982488831,0.32958568020429413,0.8243855572942318,1.3429781456361538,0.5841535166017181,0.7342890099895198,0.20878724978998972,0.8260051820343491,1.9163194023824848,0.7274114294425779,0.7340579546388905,0.15697699752105218,0.8266736918491406,2.2495094837811456,0.7836207638400127,0.7340529153541331,41.79166666666666,4.1405,26.863564
V6_d100_b3,122,V6,28354,0.5257542729377747,0.14234225451946259,0.33890584111213684,0.4983096718788147,0.4531887471675873,0.2391400784254074,0.1560465544462204,0.4503846764564514,0.7891103029251099,0.012706772500345544,3.574399120475613,0.8845093631452889,15.474843752302906,0.503841996407111,15.243365683508909,200.22734104166636,3.331087767312144,4.599795382785194,1.535788684267859,-0.28055541462926237,0.8815366964009979,0.8867202294038332,1.3839373720510841,3.574399120475613,-100.82971623636769,7213.070955431636,0.5556466532951803,0.3116105628071421,0.8870866965851576,1.3834249558196898,0.6005518720656163,0.7231439128989299,0.19049562561776778,0.8861363315489739,1.9712697220233948,0.7368191902540904,0.7233066547186855,0.14062912977918626,0.8845863812639072,2.308773177395656,0.784955332806253,0.7236644093916482,40.8,3.563,16.19977333333334
V6_d0_b3,123,V6,21614,0.4764780104160309,0.09117616713047028,0.20274725556373596,0.469531387090683,0.5147133469581604,0.23561911284923553,0.21066048741340637,0.5293163657188416,0.830127477645874,0.01247089712024606,4.187358451714981,0.8668915261784804,15.729120511186705,0.47952157168873377,15.43324068353408,205.24523682656908,3.3288566333929874,4.657201918529836,1.6064829532932072,-0.2592805361042549,0.8661823550865333,0.868233034110793,1.5134342186519762,4.187358451714981,-70.34141185748808,7058.194518534701,0.5373138834143343,0.3084469687255212,1.0244630871318137,1.4006896890345897,0.6071167284744403,0.7039367152624971,0.194751943532809,1.0138890437365147,1.9782848505712658,0.7181239680646164,0.7057148262180954,0.1497271448037195,1.0113000749852523,2.2988541202785924,0.7557376548527515,0.7064109486538364,31.45,2.142,7.288512000000001
V6_d400_b3,124,V6,28941,0.5400769710540771,0.1443215012550354,0.3452909588813782,0.5018673539161682,0.43719103932380676,0.24628375470638275,0.1315404325723648,0.4222466051578522,0.7888767123222351,0.013911209410761361,3.1271606793896276,0.9059839591403439,16.630995363551918,0.5266366117185335,15.39782804748197,208.83981108559956,3.337853324848612,4.53051644431622,1.481021132080549,-0.3118723135082406,0.901387777332283,0.9097278513183246,1.2824665564394209,3.1271606793896276,-133.3948969984778,8161.978431609468,0.5742886980804918,0.3388861374743559,0.7868629234760827,1.3141697431151949,0.5761284459670712,0.7403287438526438,0.21824817573665845,0.7872759982153165,1.8757397454745792,0.7206895904566517,0.7403658902689612,0.1654369712344444,0.7887688505215923,2.205260143184992,0.7793682763256715,0.74021302701887,39.09166666666667,4.697,25.80218666666667
V6_d300_b3,125,V6,29024,0.5271669030189514,0.13491839170455933,0.31904375553131104,0.4899711310863495,0.4378957748413086,0.23657606542110443,0.1374102085828781,0.42825567722320557,0.7724992632865906,0.01359130584599872,2.9472741667893922,0.9070769387405215,15.858679894625507,0.5355461257129637,14.54209395263212,185.88320660192173,3.344069073663114,4.519265250811953,1.4571933013823724,-0.317978964197255,0.9049299416460792,0.9100138720916353,1.24236540491506,2.9472741667893922,-52.08641425360662,7299.81636991907,0.5815831364460748,0.34502676166589685,0.7497608476095741,1.2991053708026001,0.558028746663954,0.7441212736314402,0.22360914307340396,0.7540388621423912,1.8525037072711081,0.7092931964882934,0.7432982284476704,0.16982219900286075,0.756927448828132,2.1787928020561176,0.7724479129210949,0.7426903510625573,38.39166666666667,4.039,28.240688
V6_d50_b3,126,V6,27954,0.5572484731674194,0.12906038761138916,0.30256178975105286,0.5215268135070801,0.4529843330383301,0.24728532135486603,0.12570814788341522,0.4597846269607544,0.7906274795532227,0.013817955908872703,3.095194229936931,0.9014927006112381,15.710481604043267,0.5284386711495221,15.265081729434778,202.16833723611933,3.3310293979900525,4.526009718239042,1.4782706347213606,-0.30936358913934664,0.8995413996313292,0.9067446921779212,1.2750382188062983,3.095194229936931,-98.83613024551784,7492.14603343071,0.5761932061047268,0.3367695309600317,0.7813010286621558,1.3212006536265584,0.575062977583789,0.7391663767240535,0.21493079570360113,0.7853175834015842,1.8863548473939846,0.7224776589371817,0.738591377755081,0.16211507589884377,0.7869716418920972,2.216388549809834,0.7811797846339262,0.7381896228019744,41.30833333333333,2.835,10.25136
V6_d300_b4,127,V6,25277,0.5270072817802429,0.14265666902065277,0.3419640064239502,0.49570226669311523,0.4434417188167572,0.23982812464237213,0.1464744210243225,0.43625813722610474,0.7847722768783569,0.012452569604109964,3.8124271593176355,0.8798230575420026,15.861724725327328,0.4861393663704797,15.419281736938004,205.70072208514895,3.333494615573893,4.62537765645344,1.5622083385188634,-0.2728126592527386,0.8763768988101354,0.8813254331795943,1.4489791513776678,3.8124271593176355,-101.6858216252333,7435.550482029817,0.5415718410349761,0.2999248988689758,0.9482485864177608,1.414898582336836,0.6195203920753221,0.7106233147337143,0.18156197020436185,0.9434657888715402,2.0093489825608204,0.7431876575420686,0.7114793544675909,0.13361278558485284,0.9418882562233246,2.3491707089029035,0.7868484523023831,0.7121268621358611,38.975,3.899,31.21279466666667
V6_d400_b4,128,V6,28896,0.5247809886932373,0.14388622343540192,0.34572145342826843,0.49352970719337463,0.44211938977241516,0.2352129966020584,0.1484748274087906,0.43899300694465637,0.7732996940612793,0.012866113895467362,3.5030746156695374,0.8867358249679982,15.464177506128664,0.5121954315140484,14.905624296947972,192.22273151307763,3.3354429628451476,4.589918060878647,1.5287784472959791,-0.28697632881553686,0.8860926981457952,0.8879432075363383,1.358680164978019,3.5030746156695374,-49.9270446422193,7045.66659869276,0.5628035558049616,0.32137121174535244,0.8750112821991516,1.3676322861757104,0.5854311041544729,0.7277339642960783,0.2013050888565194,0.8745904063433747,1.9529064861047845,0.7247604482152112,0.7276037448742503,0.15091149231112974,0.8739305874566108,2.2887356132151524,0.7772161876857292,0.7277506603848976,36.2,4.956,39.806592
V6_d100_b4,130,V6,30425,0.5548469424247742,0.15500850975513458,0.3777486979961395,0.49547845125198364,0.39125701785087585,0.2354838252067566,0.11310724169015884,0.3684692978858948,0.7299724817276001,0.012508161682669942,3.150003539068197,0.9003755419155847,15.809388575531095,0.5213209647206374,14.389315543586967,181.35563238278328,3.3771367573734308,4.6026556745164715,1.482370074722007,-0.3066910937647362,0.9006866931513018,0.9034780514029321,1.2950346828979122,3.150003539068197,-19.67497574801115,7647.828720992564,0.5695344520163641,0.32044122520361384,0.8096428489327026,1.36270058592584,0.594322452246818,0.7312896463243815,0.20151217522636086,0.8107508503851705,1.9435552490549313,0.732284681389189,0.7309924978765245,0.15102736541535242,0.8106294874115241,2.2828398965208376,0.7878077831024064,0.7309872558753422,40.90833333333334,3.688999999999999,31.94182133333333
V6_d50_b4,131,V6,29312,0.536872923374176,0.14086689054965973,0.33613574504852295,0.4930967688560486,0.4231526553630829,0.24107150733470917,0.1275143027305603,0.4079165756702423,0.7628713846206665,0.013538263167763194,3.251553659212034,0.8990011406965726,16.096982092320662,0.5217383361310443,14.807105092277185,192.66763903495848,3.338397042776591,4.5533022533149055,1.4978861806137231,-0.3035821299162683,0.8966637516257981,0.9025374607411069,1.3081717836922269,3.251553659212034,-77.60725412718801,7737.502185330476,0.570548989035108,0.334539561251391,0.81859206369578,1.3301508588333264,0.5794849147420436,0.7360678198673078,0.21430967813108104,0.820100232751513,1.9002408642877378,0.7211584693030956,0.7358572007067934,0.16213259542729438,0.8228831132728023,2.2354677154559157,0.7784547714567969,0.7354589485031872,41.51666666666667,2.625,16.009
V6_d0_b4,132,V6,28753,0.5398759245872498,0.10163245350122452,0.23027122020721436,0.49887314438819885,0.446916401386261,0.24716365337371826,0.13554520905017853,0.4430507719516754,0.7972890734672546,0.014290978272449364,3.202499952577363,0.8997716910924516,15.976025074039677,0.5331312597750931,14.695605166806875,189.79080881868288,3.333861969792753,4.5266282655308725,1.4938755752077049,-0.31029676979529847,0.9001905514435383,0.9043553536222811,1.2807609870816652,3.202499952577363,-29.049054569968405,7508.07508741158,0.5805651749259493,0.3466343776497711,0.8050715901104912,1.3048248795791095,0.5745801309491365,0.741517018480651,0.22379426189642862,0.8105905483472611,1.87346052432512,0.7245692299309194,0.7404191494464744,0.16890015124729935,0.813231049967196,2.210799568308996,0.7849045928421561,0.7400651542540826,29.59166666666667,1.988,8.975157333333334
V6_d200_b4,133,V6,30421,0.5631219744682312,0.1420305073261261,0.3386610746383667,0.5157840251922607,0.42840272188186646,0.24476051330566406,0.11243611574172974,0.42419078946113586,0.770167887210846,0.014285259025637044,2.82705473314173,0.9109096568527907,15.866224290781014,0.5439208892193333,14.900928348671433,194.35130222008107,3.3374747214073066,4.489902263696395,1.4400062239060467,-0.32625843668897064,0.9090091321828635,0.9165135483392871,1.209720778521318,2.82705473314173,-81.50445827094967,7630.364629108106,0.5883391948957413,0.3565464156414576,0.7247497053031826,1.2728889704498068,0.5554257788007588,0.7517389113599309,0.23558534150324878,0.7276522204519318,1.8187138978147217,0.7102029901987178,0.7514432423798113,0.1808824544108391,0.7298660762056679,2.144056215728201,0.7762633413804928,0.7509401978715585,37.675,3.213,21.77985600000001
V8_d0_b1,1,V8,34653,0.570956826210022,0.12926992774009705,0.3074755072593689,0.5214537978172302,0.42525699734687805,0.25343799591064453,0.11791800707578659,0.3945954144001007,0.7873783707618713,0.01585603153977381,2.3540307852833227,0.932639917745946,17.4734850850035,0.5760261931393,14.390156688802541,189.3520245807872,3.3533041018617906,4.396315769855867,1.367367405701031,-0.37150672146365704,0.9302982409007176,0.9350988498340149,1.0864320682606037,2.3540307852833227,-62.79888748936992,8540.347236034066,0.6149573474048224,0.38434080243762114,0.6198578607211027,1.2073775963054674,0.5274431121501351,0.7719615400632287,0.26176397600589657,0.6211513407393319,1.7276399441471662,0.7023304920170201,0.7718060233201252,0.20300940502664355,0.621612700444722,2.0420727966428642,0.7802120241925994,0.7716859778266104,27.2,1.995,23.58356
V8_d50_b1,15,V8,42213,0.7113590836524963,0.19700782001018524,0.5065182447433472,0.6281381845474243,0.38702070713043213,0.27551791071891785,0.06551577895879745,0.3526248633861542,0.8003395795822144,0.017023907174369,2.361469409627241,0.9387205401058649,19.26803380442753,0.5886241578921394,15.138268717783667,212.96296842919344,3.380194784486054,4.401081035332099,1.362251993582775,-0.3825131337648004,0.9355576537064565,0.9411311589256003,1.0613634425879448,2.361469409627241,-173.89409952023902,10426.496342585617,0.6245801004820226,0.3866869454273386,0.6286404393735188,1.2062500855930658,0.5244640796938184,0.7769744278158279,0.26400848077494576,0.6291003292195572,1.7321010217413113,0.7023984743167457,0.7768990281735109,0.20563004942049395,0.6296262925432006,2.0533862012300985,0.7836628076412941,0.7767847722123571,36.11666666666666,1.841,30.369136
V8_d100_b1,43,V8,42682,0.7276046276092529,0.22109714150428772,0.5875744819641113,0.6440526247024536,0.38035809993743896,0.2792775332927704,0.06041638180613518,0.3408626914024353,0.8213362097740173,0.018746160117481876,2.3506874338982353,0.9420782342568242,20.29191793119377,0.5943540102775069,15.452168060747935,224.90016562482126,3.365680509200256,4.350426652410718,1.3632671910526517,-0.3923463338813467,0.9382856496930118,0.9446698038834407,1.051437361791084,2.3506874338982353,-222.20439262359048,11210.308086568217,0.6304320602942435,0.3954439778572477,0.6261608496851084,1.1911519622982842,0.5224506846737678,0.7782898237788662,0.274302571246856,0.6262493319647955,1.7095088490004833,0.7020641216379776,0.7783050529662745,0.21611185475389416,0.6265169895297809,2.025869622540202,0.7835715308028891,0.778232325028052,41.29166666666666,2.282,49.58938133333333
V8_d200_b1,57,V8,43178,0.7196478247642517,0.2409811019897461,0.6562615036964417,0.6336097717285156,0.3664604127407074,0.27207788825035095,0.06029273569583893,0.32120317220687866,0.8060964345932007,0.019936101221779228,2.258997337641555,0.9462688491524538,21.021300510990898,0.6012468297164903,14.704728059317798,210.43513313797354,3.364140401200321,4.321250057957791,1.346066080618652,-0.4039896081080597,0.942240784325494,0.9479363609474262,1.02537558238939,2.258997337641555,-162.44779689160185,11537.558278109795,0.6359242160456442,0.4136107870828746,0.5962097904770283,1.1513767338920728,0.5073070811950087,0.7859975951264423,0.29250062068156757,0.5965346409198299,1.6546720208480854,0.6927556923285301,0.7858973894853798,0.23321013292745518,0.5967376214206987,1.9632398216697187,0.7788773363024227,0.7858525052012765,41.05833333333333,2.877,80.01895999999999
V8_d300_b1,71,V8,46395,0.711281955242157,0.23858115077018738,0.6463797688484192,0.6348594427108765,0.37591490149497986,0.2732526361942291,0.06571242958307266,0.33571892976760864,0.8177740573883057,0.019981435875197913,2.3321598193207937,0.9450099439628201,21.2052868034216,0.5980360750577081,15.06341404008369,219.40166597171518,3.3624449102579916,4.322771327244235,1.360497198195279,-0.40172657439938897,0.9413666903627635,0.9471196540677835,1.0433535930552962,2.3321598193207937,-199.20559515172386,11811.68617912308,0.633945966339301,0.40840168859431686,0.6166913581078912,1.164453523919828,0.5126451120509378,0.7817777392750518,0.2891460323692447,0.6168518678369005,1.6702916913593655,0.6917118877700399,0.7817073133468586,0.2317733263350965,0.6169203459072572,1.9793786738191783,0.7734854714909216,0.7816871288934619,35.08333333333334,3.3355,98.55290666666666
V8_d400_b1,85,V8,43324,0.654533326625824,0.19783006608486176,0.5072180032730103,0.5939534902572632,0.3981212377548218,0.263808935880661,0.08870967477560043,0.3648168444633484,0.813696026802063,0.01689776122021109,2.533311133836631,0.9376330293946725,20.30971770108263,0.5752286602821263,14.603215755283545,204.46907150955363,3.3887825623460617,4.413633210939329,1.3934754745766182,-0.3805886423850369,0.9350869703229859,0.9392167997808788,1.1121946578491837,2.533311133836631,-98.7504027840867,10642.511531836,0.6140455737109564,0.3787924349507159,0.6660797901663099,1.2298851605002525,0.5374836771382461,0.7681310756350659,0.2577484754928254,0.6667361350362663,1.7620487175882031,0.7135255055594771,0.767919304768251,0.2003982887505691,0.6671738346729603,2.084444265159232,0.7915587537181963,0.7677935219433373,26.8,3.563,77.91093333333333
V8_d400_b2,113,V8,41982,0.7030682563781738,0.21897312998771667,0.5782938003540039,0.6185681819915771,0.37587398290634155,0.2693268060684204,0.06777480989694595,0.3357278108596802,0.7932405471801758,0.01796587583474212,2.2516078546427973,0.9425492756026455,19.595991853497374,0.5949716957447698,14.730076052121332,205.09385071553478,3.373954744386789,4.366632750676741,1.345683946216117,-0.39222422632668325,0.9387355726700441,0.9439929132233852,1.0358741104824207,2.2516078546427973,-146.73518275626913,10480.283159445415,0.6302541883399053,0.39331731126900193,0.6006863929336181,1.1898096277275179,0.5255168278018452,0.7805583253528714,0.27008526539079813,0.6008897396926411,1.7081483614944615,0.7081065932366533,0.7805168472589956,0.21066270366937068,0.6010134003847809,2.0262719556337796,0.7891721908902889,0.7804414245343869,42.0,3.871,87.26782400000002
V8_d300_b2,114,V8,46034,0.759720504283905,0.26875847578048706,0.7714892029762268,0.6600700616836548,0.35736051201820374,0.27738094329833984,0.04683231562376022,0.31650838255882263,0.8117601275444031,0.018974047471967598,2.207275130791066,0.946192514442228,20.51085557889115,0.6090406607140617,15.19588183232295,219.77062881242645,3.3664912466911883,4.33226401117896,1.3352010533836542,-0.40012240012112005,0.9409967191734154,0.9473171544510736,1.0037081433506647,2.207275130791066,-191.11227489898715,11137.009491228826,0.6425176387088674,0.4138200921516749,0.5896491870601326,1.1481033877600473,0.5047983313389308,0.7879498105303309,0.29293259772748803,0.589968782561091,1.6508938449690949,0.6871875156873288,0.7878458798499808,0.23372818631543557,0.5902662382121473,1.9605462827978462,0.7713868153473147,0.7877451905512256,39.74166666666667,3.129,72.48432799999999
V8_d200_b2,116,V8,47007,0.7241539359092712,0.25747933983802795,0.7226153016090393,0.6398976445198059,0.3645051419734955,0.27413371205329895,0.05904156714677811,0.3223457634449005,0.824993371963501,0.019950304120462864,2.4232770044549685,0.9446690181392149,21.898011953237763,0.6047033232656183,15.040083671912152,221.5196774178363,3.3631445777348894,4.334861034802474,1.368981690395977,-0.3970060221464013,0.939780828455463,0.946260049803802,1.040981721406487,2.4232770044549685,-172.83407970338385,11976.616718491683,0.6394968165983794,0.4115758499727485,0.6373502720756421,1.156830615018039,0.5068010402865077,0.7841572841489121,0.2897725227379506,0.6376822610479453,1.664332130071846,0.6931285254691137,0.7840405678319242,0.23017314273481793,0.6380337251002435,1.9759940478205762,0.7770561768864592,0.7839628252166414,47.04166666666668,2.569,50.44145866666667
V8_d100_b2,117,V8,46800,0.7091717720031738,0.2419959008693695,0.6625690460205078,0.6200489401817322,0.35726356506347656,0.2676125764846802,0.060376837849617004,0.31013616919517517,0.8099298477172852,0.022023770795837463,2.492217020102162,0.9457442481781169,22.967307025702826,0.6003619195198202,13.927524098030688,201.4003662346446,3.3434154840872026,4.307772744765043,1.3829032031708244,-0.3978120614165572,0.9392808977960941,0.9477322979196703,1.0604571743310793,2.492217020102162,-48.30689478415087,12370.078549496013,0.6365297548003934,0.4167028431591261,0.6486343280255978,1.1551054283442515,0.5128416490318962,0.7809519953480599,0.2996245900721108,0.6486129472380401,1.6594259883577167,0.6906161798121622,0.7809625949758632,0.24244171066079562,0.6484765806685835,1.971618944821945,0.7739616553260664,0.7809979141719208,48.83333333333334,2.093,51.54361333333333
V8_d50_b2,118,V8,45518,0.6804711222648621,0.20491239428520203,0.5346400737762451,0.5996999740600586,0.37001004815101624,0.2656848132610321,0.07006185501813889,0.31993088126182556,0.8055744767189026,0.0206526061261398,2.4153294425321628,0.9455997394435048,22.1996128118517,0.5985867479736477,14.000217001482172,199.6118288730451,3.3593191508313236,4.318527856395985,1.3735871529725556,-0.40185542136233027,0.9412903500271004,0.9477099875125863,1.0534737371073446,2.4153294425321628,-42.26420317761517,11787.49017144537,0.6348723307857862,0.4103888718317985,0.6351538035734252,1.165789630945754,0.513057435209838,0.779812316002988,0.293025076981991,0.635208041026603,1.6713295607358722,0.6911571657939497,0.7798059049618129,0.2359531303311872,0.6351258632935517,1.9820510809768879,0.7736949246345585,0.779814273021188,39.99166666666667,2.079,32.992344
V8_d0_b2,119,V8,42081,0.625673234462738,0.16360726952552795,0.40309396386146545,0.5542987585067749,0.3818252384662628,0.25708261132240295,0.094893679022789,0.32894545793533325,0.7829881310462952,0.020081195540789652,2.745630090036439,0.9363231187442318,21.55908106527125,0.5799045906930043,13.019850385079536,176.8775946536448,3.35616058860749,4.371462772951369,1.4255660842343942,-0.3799591674311525,0.9334528865081699,0.9385050534615293,1.1339409647570622,2.745630090036439,93.99175125786024,11283.371444292883,0.6196947043990927,0.38762415072946393,0.7106869150715944,1.2228509750070917,0.5347131964674761,0.7662407147228759,0.26940846495443077,0.71126536407159,1.7510448568423624,0.7086263316901684,0.7660157679956532,0.21225785115958945,0.7118987984214282,2.074733154510527,0.7921264417200793,0.7658535805596942,33.10000000000001,2.387,19.52247733333333
V8_d200_b3,121,V8,47208,0.7402613759040833,0.266622394323349,0.756847083568573,0.6548808217048645,0.36525458097457886,0.2781558930873871,0.055107008665800095,0.3210303783416748,0.8285275101661682,0.02142318210513359,2.2664144030161735,0.9488702799166552,22.16337581359972,0.6099522041063173,15.191836690169424,226.73612980935255,3.3449366332874466,4.28835250654501,1.3444289835944159,-0.40564969521065763,0.9419145955062116,0.9504396460176191,1.01083934004239,2.2664144030161735,-228.9925346999429,12544.825079170801,0.6436752082155283,0.42107095281819396,0.5993058788044672,1.1353253008309805,0.4998991946803115,0.7882320531040039,0.3016888634582251,0.5993952414830663,1.6328088857802778,0.6835447501204748,0.7881849223710047,0.24324916984533715,0.5992649380118863,1.9399257689099374,0.7686311698757875,0.7881953111089439,46.85833333333333,3.059,79.37085333333333
V8_d100_b3,122,V8,44387,0.7250298261642456,0.24095192551612854,0.6543211936950684,0.638821542263031,0.36603593826293945,0.2749040722846985,0.05915641784667969,0.318586140871048,0.8222876191139221,0.021064039898447157,2.4693265789815895,0.9448453655121252,22.385485841798534,0.6019474593216173,14.675767997382732,215.32074884763867,3.351098816376956,4.322506996484741,1.3776838599554642,-0.3965026795095619,0.9391870953917664,0.9470285903816918,1.0523307152473558,2.4693265789815895,-157.55631605581777,12316.581410355488,0.6374229203540926,0.4147659479486212,0.6435370906704003,1.1566591811227132,0.5037242194922008,0.7826469890041254,0.2970709136626739,0.6437088126885642,1.6617449235929698,0.6825867396990077,0.7826575455940055,0.2399385442334551,0.6435216745956471,1.9722093790207618,0.7651433903351259,0.7826817655869576,46.05833333333334,2.044,38.29093333333334
V8_d0_b3,123,V8,44477,0.6299035549163818,0.17053192853927612,0.4220317602157593,0.5615653991699219,0.3840862810611725,0.2561734914779663,0.09222109615802765,0.3395872414112091,0.7866936326026917,0.021194944267577634,2.701684360841468,0.9399354581131824,22.489844056842806,0.5772160282057626,12.874872707254806,178.0129347857194,3.3483180877171064,4.349064679378097,1.4199327521720795,-0.38309937573476,0.9341621431262949,0.9419143779313817,1.1325014923964187,2.701684360841468,123.10331546419837,12110.39504478388,0.6170085339308272,0.3954511908299774,0.7019293399979277,1.208558245395812,0.5244390851473193,0.7667126915210872,0.28029576343858775,0.7023772426117414,1.727146385838426,0.6939720823619083,0.7666146724720073,0.22489679785809202,0.7028111952883566,2.0443440845799996,0.776191328795833,0.7664807377848692,33.45,2.359,20.42579466666666
V8_d400_b3,124,V8,48518,0.7280946373939514,0.24945618212223053,0.6892210841178894,0.6455639004707336,0.3694498836994171,0.2796574532985687,0.0577431283891201,0.31619977951049805,0.8357558250427246,0.02428898544769806,2.1906437722587206,0.9529944724070422,23.30198047255169,0.6222186809669009,15.12828664078015,230.56399653925655,3.31529724685066,4.2175932456818295,1.3280347321151365,-0.41754919900666565,0.9444634703161284,0.9549846548036807,0.9786295252767843,2.1906437722587206,-248.92069542973564,13438.349896228592,0.6544261842734911,0.43985513660609116,0.5833402033367269,1.0982080591564682,0.48125011894461783,0.7961922944189831,0.3241482326929509,0.5834198660842851,1.576743980613347,0.6610635421121738,0.7961736922725846,0.2675965705691361,0.583677919673161,1.8700993780619806,0.7454219076778434,0.7960848281247781,38.29166666666666,3.493,96.68624
V8_d300_b3,125,V8,46850,0.7256035804748535,0.25349247455596924,0.7069189548492432,0.6357077360153198,0.35769277811050415,0.26966392993927,0.05778698995709419,0.31640321016311646,0.8087587356567383,0.02106038072698528,2.2634037256110524,0.9480769915362451,21.795768316168072,0.6132110441575714,14.42778457096721,207.54225088222503,3.3542764844136577,4.291093861142677,1.3433602682912178,-0.4089364128382078,0.9433120953154028,0.9490842453860674,1.0046487546394878,2.2634037256110524,-117.30956086106079,11692.367315032112,0.6466878410037612,0.4209959763187122,0.5994135993644945,1.1336740791514794,0.4978524044416467,0.7893817520604584,0.2992379607975757,0.5996466837589979,1.6314141636350645,0.688659229742532,0.7893122215556168,0.23905081050302263,0.5998801972597358,1.9380421624409787,0.7766331525862324,0.7892480882361165,45.23333333333333,3.199,81.95411466666664
V8_d50_b3,126,V8,45418,0.6893182396888733,0.21304289996623993,0.5564571022987366,0.6031743288040161,0.36358505487442017,0.26400038599967957,0.06831292808055878,0.31662502884864807,0.7974850535392761,0.02238168148983596,2.519891727131661,0.944401695414213,22.661587847119137,0.5941921145503781,13.428906125592194,189.92213306088308,3.339521932324055,4.304316330779299,1.3910999818193555,-0.3978178940888444,0.9391756685799809,0.94607268561389,1.076928326091319,2.519891727131661,11.449825341935309,12113.116791842334,0.6317324696554896,0.4086732676241042,0.6576748867444202,1.1739562241813624,0.522162925714988,0.7758089613893631,0.29086314343053404,0.6578846966343108,1.6843302533399709,0.701053926994075,0.7757034270660611,0.23280155009584122,0.6580717246696757,1.9986216085099104,0.7867034675659808,0.7756327155722269,46.31666666666666,2.296,20.02724266666666
V8_d300_b4,127,V8,44110,0.707622766494751,0.2332262545824051,0.6282780170440674,0.6301513910293579,0.3781367540359497,0.2714734971523285,0.07002977281808853,0.3399198055267334,0.8193745613098145,0.019941121120401993,2.4115610574881465,0.9440173924738885,21.53848457537822,0.5920131821789315,14.74850794981506,213.40110249836917,3.3617294214454954,4.343877162123755,1.37468456530337,-0.39533206700481366,0.939354086144511,0.9459919828158186,1.064472886649749,2.4115610574881465,-162.14802829674863,11836.246978535644,0.6289763766117806,0.400706807836478,0.6339189205355813,1.1844036163532343,0.5231998063982517,0.7770380809750272,0.28164292036038563,0.6340048247421374,1.6991925944741868,0.7008404050729492,0.7769754705578793,0.22369754812707593,0.6342610340787402,2.0162929343010703,0.7839515132255492,0.7769287535191352,41.60833333333333,2.604,85.32787200000001
V8_d400_b4,128,V8,46483,0.7335379123687744,0.2558201849460602,0.7125957012176514,0.6438788175582886,0.36190730333328247,0.2768827974796295,0.055512018501758575,0.3108672797679901,0.822753369808197,0.02262027691069026,2.225328747274342,0.9504410623608671,22.451336259148945,0.6193871573380496,14.932702197532041,222.05402411942657,3.336409348957838,4.255918821186731,1.3351440843001012,-0.4142432564024402,0.9443374249395413,0.9519446254333765,0.9869385859156897,2.225328747274342,-204.32955732018502,12589.18081235384,0.6521582023284213,0.4304769203846676,0.5912202474167769,1.1158054220838947,0.4837890202315948,0.7935766628664228,0.311677960967391,0.5916924692267995,1.6033226340852096,0.6706404648946496,0.7934715089926768,0.25271245375260165,0.5922237578521101,1.9033909709884456,0.7605607373409309,0.7932777520044388,41.225,3.199,84.99103199999999
V8_d100_b4,130,V8,47165,0.7308782339096069,0.2574293315410614,0.7249199151992798,0.6398515701293945,0.35906094312667847,0.27388113737106323,0.05527053773403168,0.3157534599304199,0.8215336203575134,0.01990575673650468,2.4136365625249336,0.9455364988099587,22.15829417572461,0.6032891858024042,14.773507919824203,216.38856173206398,3.3643439893916356,4.334700141947474,1.3697778373737364,-0.3979117150344714,0.9401546969475666,0.9467124622968878,1.0433950293154877,2.4136365625249336,-132.74271599073904,12002.689571978295,0.6385521194921805,0.41274825530682374,0.6375368686006784,1.155855699055439,0.5045912590701584,0.7822474118992494,0.29284367566020053,0.637641975989498,1.658485457268686,0.6900250878365768,0.7821298570570556,0.23353985169967356,0.6378757792825407,1.968255926361796,0.7759270254166027,0.7820915928216081,43.45833333333334,2.212,52.47453866666667
V8_d50_b4,131,V8,47601,0.7074816226959229,0.22336982190608978,0.5937103033065796,0.6179327368736267,0.3631424903869629,0.2680283188819885,0.06146583333611488,0.31880277395248413,0.804628312587738,0.0200679709138072,2.593984962403421,0.9413233475806627,22.104064013128816,0.5964996499458085,14.071104485337237,200.55134404924115,3.359938677688539,4.354227979527833,1.398064395343034,-0.389378229492568,0.9371200488810908,0.9426387129812682,1.079984443867211,2.593984962403421,-42.017542154937416,11655.547376401799,0.6332893720461926,0.4044509349792908,0.6763957181425799,1.1810530888772943,0.5119926973144745,0.7761471908730402,0.2857742254927456,0.6767899368109739,1.6953208292859285,0.690128550257186,0.7760372690147672,0.22856382854721796,0.6770245767381615,2.008802861083158,0.7730899283773824,0.7759829475280879,40.1,1.911,32.415656
V8_d0_b4,132,V8,46466,0.649718701839447,0.1809055656194687,0.45157378911972046,0.5679528713226318,0.3704211115837097,0.26137951016426086,0.08085579425096512,0.3152264654636383,0.7890104055404663,0.021785479197513058,2.54070913769226,0.9439637668401017,22.670234902805234,0.5969978080742849,13.238172683815614,186.02636338122832,3.3444305754151946,4.311071672508389,1.3928853262687912,-0.3980585528851271,0.9394870278594332,0.9452598830606138,1.0751133439518719,2.54070913769226,106.46397314911434,12129.841031240945,0.6344250264290483,0.4219722340165467,0.658026951908234,1.1521464539826978,0.5107075702024861,0.7799359602681696,0.308130155692805,0.658465460465717,1.6521351649437177,0.6824675396845863,0.7797714872086539,0.2519060229013568,0.6587908133901792,1.9599172374426224,0.7671468373105885,0.7796718068397244,32.24166666666667,1.848,24.605504
V8_d200_b4,133,V8,49604,0.7289457321166992,0.2680453062057495,0.7666040658950806,0.6424940824508667,0.3585093319416046,0.2748706638813019,0.05452325940132141,0.3128984272480011,0.8335819840431213,0.021614489372440204,2.447757313557667,0.9471235687520491,23.146014733592597,0.603440260958519,14.81964911549419,221.86823802346464,3.3421957218862026,4.300283442187867,1.3744221268431975,-0.3994087553980612,0.9397174634926161,0.9485886703731957,1.0477760329450714,2.447757313557667,-155.68217288311195,12739.397268616685,0.6387905914774845,0.4153013510003395,0.6412506291666034,1.1519278548946839,0.5039514865771193,0.7824806585187034,0.2963942527673854,0.6413049755323041,1.6547923943917837,0.6863576088204029,0.7824717017757167,0.2382138417303507,0.6413619723660179,1.9658590992601321,0.7713677586424336,0.7824560868224149,47.26666666666666,3.227,87.980928
