safra,estagio,parcela,dose,bloco,NDVI,GNDVI,NDRE,CIrededge,SAVI,EVI,VARI,TGI,spec_mean,spec_std,spec_p10,spec_p50,spec_p90,glcm_asm,glcm_contrast,glcm_correlation,glcm_variance,glcm_idm,glcm_sum_average,glcm_sum_variance,glcm_sum_entropy,glcm_entropy,glcm_diff_entropy,glcm_imc1,glcm_imc2,glcm_mcc,glcm_dissimilarity,glcm_inertia,glcm_cluster_shade,glcm_cluster_prominence,glcm_homogeneity,glcmw3_asm,glcmw3_contrast,glcmw3_entropy,glcmw3_correlation,glcmw3_homogeneity,glcmw5_asm,glcmw5_contrast,glcmw5_entropy,glcmw5_correlation,glcmw5_homogeneity,glcmw7_asm,glcmw7_contrast,glcmw7_entropy,glcmw7_correlation,glcmw7_homogeneity,rgb_glcm_asm,rgb_glcm_contrast,rgb_glcm_correlation,rgb_glcm_variance,rgb_glcm_idm,rgb_glcm_sum_average,rgb_glcm_sum_variance,rgb_glcm_sum_entropy,rgb_glcm_entropy,rgb_glcm_diff_entropy,rgb_glcm_imc1,rgb_glcm_imc2,rgb_glcm_mcc,rgb_glcm_dissimilarity,rgb_glcm_inertia,rgb_glcm_cluster_shade,rgb_glcm_cluster_prominence,rgb_glcm_homogeneity,rgb_glcmw3_asm,rgb_glcmw3_contrast,rgb_glcmw3_entropy,rgb_glcmw3_correlation,rgb_glcmw3_homogeneity,rgb_glcmw5_asm,rgb_glcmw5_contrast,rgb_glcmw5_entropy,rgb_glcmw5_correlation,rgb_glcmw5_homogeneity,rgb_glcmw7_asm,rgb_glcmw7_contrast,rgb_glcmw7_entropy,rgb_glcmw7_correlation,rgb_glcmw7_homogeneity
2022_2023,V8,d0_b1,0,1,0.65538,-0.117564,0.184991,0.473728,0.450231,0.671783,1.64525,0.277813,0.301222,0.226173,0.0543404,0.242051,0.638039,0.0277759,2.02702,0.941277,17.2594,0.626181,10.3659,117.356,3.27112,4.18994,1.2997,-0.410088,0.940659,0.94709,0.94637,2.02702,290.845,10133.4,0.657072,0.442958,0.5489,1.08834,0.470921,0.799116,0.329126,0.549677,1.56413,0.640894,0.798892,0.273236,0.550132,1.85645,0.726965,0.798685,,,,,,,,,,,,,,,,,,,,,,,,,,,,,,,,,
2022_2023,V8,d0_b2,0,2,0.670014,-0.151335,0.192548,0.49296,0.46432,0.348153,1.71944,0.312827,0.312576,0.237948,0.0514204,0.248972,0.672046,0.0262445,2.10489,0.939965,17.5308,0.617736,10.7015,122.961,3.28925,4.22572,1.31751,-0.406618,0.940371,0.947486,0.97308,2.10489,259.073,9967.28,0.650261,0.431253,0.567948,1.11697,0.484316,0.79336,0.317745,0.568721,1.60479,0.649969,0.793132,0.263399,0.569009,1.90205,0.732532,0.792994,,,,,,,,,,,,,,,,,,,,,,,,,,,,,,,,,
2022_2023,V8,d0_b3,0,3,0.669704,-0.132341,0.217652,0.584191,0.461167,-0.6988,1.0647,0.284617,0.307679,0.232908,0.0500621,0.245585,0.659095,0.0271948,1.88389,0.944023,16.8282,0.643483,10.521,117.872,3.28019,4.16314,1.26782,-0.424841,0.945592,0.949558,0.894716,1.88389,295.26,9871.31,0.67194,0.456047,0.518241,1.05601,0.4537,0.807837,0.341465,0.518855,1.51791,0.630335,0.807684,0.284895,0.51918,1.80072,0.721485,0.807592,,,,,,,,,,,,,,,,,,,,,,,,,,,,,,,,,
2022_2023,V8,d0_b4,0,4,0.657644,-0.150874,0.189835,0.487992,0.468934,-1.20495,1.74539,0.316626,0.331964,0.240317,0.0588877,0.277209,0.69086,0.0243807,2.05721,0.94057,17.3257,0.620262,11.0497,127.227,3.30613,4.2439,1.30617,-0.407319,0.941223,0.946777,0.961456,2.05721,236.094,9727.41,0.651773,0.429401,0.559809,1.11451,0.480894,0.794462,0.314141,0.560624,1.59918,0.651446,0.794208,0.259063,0.5607,1.89407,0.735373,0.794143,,,,,,,,,,,,,,,,,,,,,,,,,,,,,,,,,
2022_2023,V8,d50_b1,50,1,0.666157,-0.108294,0.213496,0.561981,0.464101,1.64524,1.74176,0.274591,0.300738,0.225835,0.0512201,0.241337,0.638159,0.0283877,1.87237,0.945219,17.0815,0.63937,10.4179,117.715,3.26967,4.15172,1.26682,-0.424067,0.944936,0.951145,0.900685,1.87237,281.491,9998.68,0.668072,0.452364,0.515102,1.06355,0.457447,0.806856,0.338792,0.515754,1.52741,0.629861,0.806665,0.283732,0.516031,1.80938,0.71675,0.806552,,,,,,,,,,,,,,,,,,,,,,,,,,,,,,,,,
2022_2023,V8,d50_b2,50,2,0.640697,-0.0469465,0.211939,0.558372,0.478087,-0.555949,1.59415,0.261491,0.318033,0.221822,0.0679968,0.267184,0.647707,0.0260318,2.03971,0.94044,17.1337,0.627776,10.5941,120.445,3.28476,4.20856,1.29813,-0.407979,0.940275,0.945726,0.943853,2.03971,283.85,10001.7,0.658057,0.441617,0.552899,1.09073,0.465772,0.800595,0.326536,0.553132,1.56732,0.641086,0.800565,0.270174,0.553493,1.85849,0.730469,0.800431,,,,,,,,,,,,,,,,,,,,,,,,,,,,,,,,,
2022_2023,V8,d50_b3,50,3,0.678895,-0.112395,0.215621,0.572959,0.481664,1.18308,1.73954,0.29897,0.314638,0.235298,0.0535751,0.25331,0.669859,0.0275723,2.02838,0.943198,17.8583,0.626458,10.7197,124.71,3.28505,4.2039,1.30067,-0.4142,0.942737,0.949517,0.946467,2.02838,262.918,10268,0.657471,0.440356,0.550797,1.09665,0.472041,0.798173,0.327124,0.551331,1.5746,0.640931,0.798011,0.272507,0.551614,1.86597,0.72708,0.797925,,,,,,,,,,,,,,,,,,,,,,,,,,,,,,,,,
2022_2023,V8,d50_b4,50,4,0.651339,-0.0926498,0.199414,0.513047,0.483369,0.528939,1.58025,0.301163,0.330861,0.233622,0.0651368,0.277504,0.681616,0.023553,2.02567,0.940649,17.0775,0.624681,11.0559,126.292,3.31146,4.24123,1.29862,-0.409638,0.94206,0.946523,0.948617,2.02567,245.732,9531.94,0.655401,0.426926,0.553848,1.1194,0.476593,0.796371,0.310288,0.554334,1.60651,0.651206,0.796202,0.254422,0.554672,1.90144,0.73754,0.796078,,,,,,,,,,,,,,,,,,,,,,,,,,,,,,,,,
2022_2023,V8,d100_b1,100,1,0.674996,-0.0419936,0.223734,0.594673,0.492054,0.132324,1.59381,0.267911,0.305929,0.223676,0.0578854,0.250174,0.640143,0.0282134,1.93548,0.944903,17.5641,0.634558,10.5857,121.738,3.27762,4.18096,1.2804,-0.418741,0.943808,0.950512,0.918243,1.93548,264.323,10152.8,0.664059,0.450181,0.527033,1.07359,0.458664,0.805566,0.337651,0.52744,1.54098,0.629712,0.805442,0.283445,0.527643,1.82471,0.718455,0.805356,,,,,,,,,,,,,,,,,,,,,,,,,,,,,,,,,
2022_2023,V8,d100_b2,100,2,0.659551,-0.14191,0.214775,0.57152,0.452929,1.15203,1.86747,0.282603,0.306941,0.230037,0.052256,0.246619,0.653231,0.0289154,1.86244,0.944779,16.8869,0.641084,10.1508,113.22,3.25938,4.13539,1.26318,-0.423104,0.943974,0.949117,0.896554,1.86244,321.232,10156.6,0.669371,0.454139,0.513491,1.05809,0.455341,0.807952,0.339605,0.514246,1.52125,0.630067,0.807756,0.283606,0.514669,1.8031,0.720162,0.807626,,,,,,,,,,,,,,,,,,,,,,,,,,,,,,,,,
2022_2023,V8,d100_b3,100,3,0.67432,-0.084622,0.222134,0.594311,0.486218,0.637297,1.69619,0.289314,0.315144,0.232808,0.0564347,0.255084,0.668829,0.0278048,1.87913,0.946485,17.5571,0.63926,10.6607,122.957,3.2825,4.17285,1.26853,-0.423663,0.945435,0.951461,0.901926,1.87913,267.386,10093.7,0.66797,0.453655,0.515669,1.06222,0.456153,0.807492,0.339075,0.516047,1.52784,0.633283,0.807416,0.282848,0.516273,1.81342,0.725334,0.807328,,,,,,,,,,,,,,,,,,,,,,,,,,,,,,,,,
2022_2023,V8,d100_b4,100,4,0.691892,-0.0810821,0.231609,0.628486,0.498401,-1.01308,1.73533,0.290968,0.314046,0.232683,0.0524789,0.257395,0.665647,0.0255167,1.99715,0.943279,17.6009,0.627049,10.9089,126.332,3.29868,4.22473,1.29396,-0.412152,0.942558,0.947954,0.940589,1.99715,244.835,9927.15,0.657661,0.437927,0.54329,1.09807,0.473056,0.799628,0.322381,0.543548,1.57812,0.646343,0.799547,0.26675,0.544027,1.86972,0.734102,0.799398,,,,,,,,,,,,,,,,,,,,,,,,,,,,,,,,,
2022_2023,V8,d200_b1,200,1,0.688735,-0.0466945,0.245838,0.680648,0.491915,0.402886,1.75454,0.261398,0.296051,0.224107,0.0506394,0.239165,0.632982,0.0280413,1.80974,0.948503,17.5756,0.643992,10.8173,125.198,3.28741,4.1621,1.25521,-0.433123,0.948595,0.955039,0.883884,1.80974,246.639,10030,0.672121,0.456922,0.500919,1.05507,0.45441,0.810117,0.344051,0.501229,1.5164,0.625803,0.810025,0.289298,0.50142,1.79895,0.712141,0.809943,,,,,,,,,,,,,,,,,,,,,,,,,,,,,,,,,
2022_2023,V8,d200_b2,200,2,0.634922,-0.104756,0.208892,0.5497,0.460484,0.573805,1.72365,0.277745,0.321254,0.227899,0.0641653,0.266755,0.66225,0.027287,1.83455,0.945452,16.8148,0.642431,10.5216,117.937,3.2811,4.15512,1.25768,-0.428166,0.946565,0.951635,0.889434,1.83455,289.174,9896.95,0.670333,0.455283,0.50713,1.05535,0.448614,0.808931,0.341465,0.507754,1.51503,0.622848,0.80875,0.285995,0.508161,1.795,0.711481,0.80857,,,,,,,,,,,,,,,,,,,,,,,,,,,,,,,,,
2022_2023,V8,d200_b3,200,3,0.680616,-0.11031,0.225673,0.606674,0.480791,4.5489,1.80053,0.289496,0.31338,0.233871,0.0520402,0.254775,0.665866,0.0252027,1.92052,0.944336,17.2508,0.630607,10.8593,124.232,3.3002,4.20686,1.2791,-0.417971,0.944294,0.949734,0.923797,1.92052,253.47,9763.8,0.660336,0.439299,0.5283,1.09117,0.468756,0.801831,0.32459,0.528839,1.56659,0.640473,0.80169,0.269513,0.529148,1.85677,0.725416,0.801554,,,,,,,,,,,,,,,,,,,,,,,,,,,,,,,,,
2022_2023,V8,d200_b4,200,4,0.713455,-0.0735678,0.258789,0.732922,0.517331,0.750947,1.79371,0.29557,0.317108,0.236437,0.048499,0.262139,0.674176,0.025461,1.67349,0.950064,16.7712,0.650087,11.1384,127.187,3.30146,4.16151,1.22321,-0.437295,0.949755,0.954115,0.852964,1.67349,207.453,9284.21,0.67646,0.457797,0.470348,1.03946,0.461754,0.815445,0.338805,0.47041,1.49906,0.646502,0.815442,0.279611,0.470522,1.78372,0.737445,0.815408,,,,,,,,,,,,,,,,,,,,,,,,,,,,,,,,,
2022_2023,V8,d300_b1,300,1,0.687581,-0.0465456,0.250009,0.699047,0.488644,0.842631,1.76059,0.255383,0.295927,0.223244,0.050138,0.238293,0.630814,0.0272201,1.81167,0.946326,16.8773,0.647362,10.6165,119.593,3.28332,4.15839,1.25213,-0.428971,0.946978,0.95165,0.877521,1.81167,267.452,9773.63,0.674784,0.458532,0.501269,1.04932,0.446408,0.811743,0.344022,0.501559,1.50798,0.622688,0.811657,0.288657,0.501416,1.78556,0.711881,0.811676,,,,,,,,,,,,,,,,,,,,,,,,,,,,,,,,,
2022_2023,V8,d300_b2,300,2,0.685728,-0.0614707,0.238316,0.651613,0.495855,-0.575085,1.69239,0.277237,0.308061,0.230382,0.0525689,0.249181,0.657798,0.0271773,1.91473,0.94578,17.6673,0.63749,10.8367,125.715,3.28946,4.19046,1.2746,-0.421741,0.945213,0.951607,0.90966,1.91473,241.07,9947.81,0.66646,0.451615,0.524534,1.06893,0.45116,0.806429,0.33848,0.524773,1.53408,0.625947,0.806389,0.283598,0.525003,1.81682,0.716498,0.806316,,,,,,,,,,,,,,,,,,,,,,,,,,,,,,,,,
2022_2023,V8,d300_b3,300,3,0.706155,-0.0814981,0.260028,0.741239,0.502703,-0.494216,1.92068,0.280468,0.310632,0.233164,0.0475665,0.255414,0.661371,0.0252378,1.89419,0.94478,17.1519,0.631419,11.0818,127.218,3.30351,4.21445,1.27304,-0.41954,0.945131,0.950997,0.917937,1.89419,212.97,9641.18,0.660775,0.441749,0.522683,1.08654,0.466657,0.803299,0.326406,0.522837,1.55985,0.642614,0.803282,0.270551,0.523038,1.84859,0.731255,0.803209,,,,,,,,,,,,,,,,,,,,,,,,,,,,,,,,,
2022_2023,V8,d300_b4,300,4,0.68477,-0.107301,0.238719,0.659506,0.490938,-1.42014,1.84093,0.292699,0.324136,0.234657,0.0558844,0.270448,0.676805,0.0272768,1.89863,0.944318,17.0473,0.63154,10.4957,118.51,3.27527,4.18183,1.2735,-0.415282,0.942481,0.948422,0.918469,1.89863,271.123,9985.97,0.660872,0.445625,0.518451,1.07699,0.468885,0.804749,0.328887,0.51887,1.55069,0.648945,0.804634,0.271642,0.519185,1.84144,0.739209,0.804516,,,,,,,,,,,,,,,,,,,,,,,,,,,,,,,,,
2022_2023,V8,d400_b1,400,1,0.72168,-0.0445121,0.271325,0.78436,0.512329,1.33544,2.07968,0.262449,0.296989,0.229803,0.0412527,0.24067,0.64081,0.0244371,1.75151,0.948936,17.1861,0.643747,11.6831,136.933,3.32008,4.20162,1.24313,-0.434629,0.950255,0.956854,0.875601,1.75151,154.74,9330.55,0.67137,0.453081,0.488762,1.05828,0.454988,0.810896,0.339857,0.488933,1.5196,0.623398,0.81084,0.285769,0.489122,1.7982,0.707372,0.810741,,,,,,,,,,,,,,,,,,,,,,,,,,,,,,,,,
2022_2023,V8,d400_b2,400,2,0.691106,-0.114012,0.242412,0.668998,0.477949,-0.375196,1.84318,0.280706,0.302811,0.233152,0.0456769,0.241048,0.654097,0.0278647,1.91913,0.945705,17.7042,0.634982,10.6968,123.868,3.28515,4.18185,1.27754,-0.422527,0.945238,0.9516,0.915141,1.91913,268.159,10249,0.664465,0.447643,0.525112,1.07558,0.461216,0.804747,0.333833,0.525658,1.54482,0.632719,0.804613,0.278877,0.525822,1.83047,0.719354,0.804533,,,,,,,,,,,,,,,,,,,,,,,,,,,,,,,,,
2022_2023,V8,d400_b3,400,3,0.698126,-0.106003,0.251426,0.707691,0.48732,-0.912415,1.91638,0.279851,0.306098,0.2318,0.0457905,0.248281,0.656087,0.0253031,1.82708,0.945263,16.6878,0.645848,10.9807,124.045,3.29995,4.18436,1.2556,-0.427162,0.947071,0.951407,0.882247,1.82708,233.258,9344.85,0.673571,0.450857,0.507999,1.06326,0.448665,0.809293,0.335518,0.50843,1.52548,0.624855,0.809205,0.280069,0.508872,1.80413,0.711557,0.809055,,,,,,,,,,,,,,,,,,,,,,,,,,,,,,,,,
2022_2023,V8,d400_b4,400,4,0.707437,-0.103184,0.257261,0.727649,0.505229,-0.142965,1.89728,0.294544,0.317969,0.237829,0.047061,0.263883,0.676341,0.023757,1.94572,0.943685,17.2711,0.62467,11.2993,131.052,3.31524,4.23822,1.28429,-0.41443,0.943799,0.949767,0.937487,1.94572,207.758,9492.5,0.654979,0.430757,0.534668,1.10728,0.477546,0.799001,0.314393,0.53507,1.58966,0.651992,0.798901,0.258652,0.535388,1.8833,0.738095,0.798762,,,,,,,,,,,,,,,,,,,,,,,,,,,,,,,,,
2022_2023,V11,d0_b1,0,1,0.701576,0.147515,0.218545,0.579154,0.486251,3.1764,0.964602,0.175341,0.252025,0.207259,0.046434,0.187231,0.555302,0.0333216,1.61443,0.954082,17.5769,0.665242,10.1363,116.17,3.24669,4.05778,1.20717,-0.452188,0.952126,0.958795,0.817729,1.61443,320.633,10607.5,0.689998,0.482337,0.453622,0.997082,0.428737,0.823492,0.370912,0.453754,1.43162,0.605484,0.823471,0.316185,0.453846,1.69608,0.696495,0.823417,,,,,,,,,,,,,,,,,,,,,,,,,,,,,,,,,
2022_2023,V11,d0_b2,0,2,0.724082,0.187655,0.232557,0.631542,0.49532,-0.118158,3.29797,0.169979,0.237704,0.206541,0.0389427,0.167224,0.543862,0.0315312,1.49069,0.953959,16.1701,0.682578,10.7658,119.609,3.25846,4.03498,1.17559,-0.470107,0.957162,0.961113,0.769578,1.49069,256.541,9054.08,0.705807,0.49546,0.42462,0.964149,0.413115,0.832023,0.383595,0.424751,1.3868,0.594755,0.831996,0.328202,0.424739,1.64396,0.685956,0.831985,,,,,,,,,,,,,,,,,,,,,,,,,,,,,,,,,
2022_2023,V11,d0_b3,0,3,0.795186,0.206913,0.304585,21.4532,0.541622,1.74194,1.90079,0.17488,0.233537,0.213036,0.0278256,0.162612,0.556832,0.0288916,1.51438,0.95683,17.5751,0.673387,11.2501,132.564,3.28799,4.09177,1.18387,-0.462536,0.956342,0.962692,0.788873,1.51438,188.525,9642.36,0.697026,0.482491,0.434369,0.990415,0.426258,0.827481,0.368425,0.43446,1.42439,0.607527,0.827452,0.312484,0.434475,1.6864,0.698858,0.827459,,,,,,,,,,,,,,,,,,,,,,,,,,,,,,,,,
2022_2023,V11,d0_b4,0,4,0.728572,0.186397,0.24482,0.678148,0.512065,-0.431106,-0.430077,0.17485,0.248157,0.206482,0.0418864,0.18585,0.551752,0.0350737,1.56712,0.952845,16.7039,0.678185,10.2746,114.868,3.23089,4.02977,1.19081,-0.457373,0.953061,0.957784,0.787424,1.56712,289.992,9830.35,0.701687,0.494315,0.443563,0.970316,0.415722,0.829812,0.382427,0.443606,1.39658,0.596026,0.829816,0.327146,0.443706,1.65539,0.688006,0.829797,,,,,,,,,,,,,,,,,,,,,,,,,,,,,,,,,
2022_2023,V11,d50_b1,50,1,0.759116,0.195464,0.293872,44.0537,0.537743,1.52507,1.76413,0.168073,0.243662,0.212285,0.0372177,0.173569,0.566472,0.0287875,1.45147,0.958822,17.6304,0.681092,11.8103,141.688,3.30044,4.0811,1.16603,-0.475115,0.959884,0.966426,0.765827,1.45147,156.96,9291.91,0.703585,0.48683,0.420224,0.977558,0.415212,0.831618,0.371831,0.420217,1.4063,0.600101,0.831659,0.315469,0.420294,1.66484,0.6911,0.831632,,,,,,,,,,,,,,,,,,,,,,,,,,,,,,,,,
2022_2023,V11,d50_b2,50,2,0.786808,0.219392,0.316444,445.808,0.538982,1.86832,1.8268,0.165139,0.228561,0.211576,0.0253137,0.159785,0.547294,0.0278177,1.478,0.95547,16.6146,0.677882,11.8427,138.267,3.29075,4.09358,1.1712,-0.464081,0.956926,0.964536,0.774883,1.478,98.5407,8873.16,0.700469,0.487729,0.425265,0.978257,0.41127,0.830481,0.374231,0.425475,1.40634,0.591079,0.83044,0.3191,0.42555,1.66269,0.680235,0.830425,,,,,,,,,,,,,,,,,,,,,,,,,,,,,,,,,
2022_2023,V11,d50_b3,50,3,0.797773,0.265016,0.315562,92.4314,0.544841,-1.11417,10.5821,0.16635,0.223797,0.221886,0.0212409,0.142316,0.566601,0.0300128,1.62425,0.95629,18.6434,0.659011,11.949,148.003,3.29105,4.12957,1.21161,-0.45275,0.954287,0.96423,0.829835,1.62425,93.722,10118.9,0.684453,0.470248,0.459149,1.02092,0.435169,0.820252,0.358229,0.459216,1.46565,0.606644,0.820226,0.304939,0.45918,1.73308,0.690899,0.820214,,,,,,,,,,,,,,,,,,,,,,,,,,,,,,,,,
2022_2023,V11,d50_b4,50,4,0.779991,0.220827,0.294187,0.870806,0.577413,-3.36571,2.27089,0.185234,0.257903,0.215805,0.0374431,0.194034,0.586593,0.024623,1.56106,0.952513,16.4827,0.66625,12.4798,148.341,3.31618,4.14617,1.19462,-0.455835,0.955751,0.9614,0.807366,1.56106,85.7142,8325.59,0.69049,0.45921,0.451664,1.03618,0.434346,0.820826,0.342843,0.451728,1.48599,0.615719,0.820799,0.287516,0.451732,1.75362,0.702737,0.820776,,,,,,,,,,,,,,,,,,,,,,,,,,,,,,,,,
2022_2023,V11,d100_b1,100,1,0.799252,0.203076,0.330198,178.225,0.572637,1.23014,1.92481,0.180712,0.246417,0.216989,0.0313839,0.178879,0.582155,0.0321083,1.57484,0.957361,18.4427,0.671505,11.9373,147.373,3.2699,4.09024,1.19535,-0.459386,0.955223,0.96546,0.800239,1.57484,78.8113,9921.75,0.695784,0.483817,0.444394,0.993052,0.419375,0.82647,0.372011,0.444497,1.42737,0.594362,0.826447,0.318506,0.444575,1.68682,0.680332,0.826428,,,,,,,,,,,,,,,,,,,,,,,,,,,,,,,,,
2022_2023,V11,d100_b2,100,2,0.802177,0.264445,0.307203,0.929486,0.573052,1.15,1.69702,0.173937,0.240537,0.215193,0.0296346,0.173942,0.566667,0.0275923,1.65612,0.95299,17.6388,0.658101,11.4154,134.743,3.301,4.14944,1.2176,-0.444653,0.952234,0.958862,0.835559,1.65612,175.133,9616.02,0.683665,0.468252,0.464393,1.02639,0.433174,0.82014,0.354559,0.464419,1.47482,0.610561,0.820133,0.299665,0.464477,1.74392,0.699477,0.820104,,,,,,,,,,,,,,,,,,,,,,,,,,,,,,,,,
2022_2023,V11,d100_b3,100,3,0.809996,0.25461,0.337677,18.8993,0.579851,0.909575,1.11197,0.179271,0.238863,0.217711,0.0285973,0.168129,0.578452,0.0319517,1.70202,0.954784,18.8322,0.660203,11.5484,142.256,3.27157,4.12135,1.22793,-0.445996,0.95189,0.961381,0.83884,1.70202,132.057,10250.3,0.686436,0.475423,0.471312,1.01666,0.429071,0.820466,0.364655,0.471289,1.46034,0.602181,0.820471,0.310946,0.471302,1.72764,0.690977,0.82048,,,,,,,,,,,,,,,,,,,,,,,,,,,,,,,,,
2022_2023,V11,d100_b4,100,4,0.799887,0.280653,0.32745,1.01902,0.587384,-0.87047,1.46353,0.167276,0.24203,0.21782,0.031511,0.16801,0.580626,0.0295371,1.56001,0.957832,18.5047,0.668318,11.9672,147.657,3.29686,4.12096,1.19489,-0.46069,0.956616,0.965518,0.803921,1.56001,95.2056,10012.2,0.692638,0.477789,0.441903,1.00178,0.430056,0.825542,0.364393,0.441771,1.4405,0.607019,0.825559,0.309629,0.44164,1.70593,0.694564,0.825564,,,,,,,,,,,,,,,,,,,,,,,,,,,,,,,,,
2022_2023,V11,d200_b1,200,1,0.806955,0.230233,0.350515,107.241,0.573316,1.45513,1.70283,0.171221,0.233191,0.21347,0.0282552,0.160911,0.566423,0.0305162,1.25605,0.96199,16.572,0.70347,12.5763,152.022,3.26691,3.99585,1.10919,-0.495647,0.963385,0.973118,0.697781,1.25605,18.2112,8559.04,0.7228,0.510344,0.375133,0.922668,0.386414,0.844284,0.396651,0.375121,1.32833,0.569969,0.844298,0.341162,0.37508,1.57011,0.658744,0.844304,,,,,,,,,,,,,,,,,,,,,,,,,,,,,,,,,
2022_2023,V11,d200_b2,200,2,0.77769,0.217848,0.312292,0.955122,0.552952,-0.20469,2.65857,0.170047,0.241794,0.211097,0.0320714,0.173494,0.563833,0.030832,1.55332,0.956075,17.6851,0.67222,11.2056,132.09,3.27472,4.08487,1.19185,-0.459819,0.955358,0.964235,0.796098,1.55332,164.714,9678.72,0.69617,0.488333,0.440044,0.986391,0.411565,0.827952,0.379157,0.440051,1.41541,0.583881,0.827951,0.326443,0.439998,1.67142,0.67199,0.827971,,,,,,,,,,,,,,,,,,,,,,,,,,,,,,,,,
2022_2023,V11,d200_b3,200,3,0.82376,0.266375,0.350287,1.21048,0.561607,1.49549,1.20937,0.163075,0.21758,0.213604,0.0208011,0.141411,0.54738,0.0301096,1.47524,0.956684,17.0329,0.67799,11.68,137.333,3.27308,4.07323,1.17265,-0.463973,0.956361,0.965362,0.774811,1.47524,98.829,9126,0.700842,0.492767,0.420693,0.971128,0.409968,0.832351,0.382516,0.420609,1.39589,0.581556,0.832372,0.329928,0.420621,1.64935,0.66564,0.83237,,,,,,,,,,,,,,,,,,,,,,,,,,,,,,,,,
2022_2023,V11,d200_b4,200,4,0.846049,0.317965,0.383166,26.8664,0.606937,3.4147,1.30683,0.168522,0.230598,0.22249,0.0197129,0.15579,0.577448,0.0257449,1.34754,0.959559,16.5778,0.682034,12.8869,156.95,3.31314,4.09471,1.13896,-0.472029,0.959122,0.966165,0.749398,1.34754,16.5379,8679.76,0.70334,0.487545,0.397181,0.970426,0.427376,0.834107,0.369749,0.39723,1.40297,0.615325,0.834097,0.311463,0.397401,1.66758,0.703779,0.834044,,,,,,,,,,,,,,,,,,,,,,,,,,,,,,,,,
2022_2023,V11,d300_b1,300,1,0.826275,0.273889,0.36968,2960.47,0.589011,0.712823,20.7352,0.166047,0.229248,0.21522,0.024844,0.157125,0.563951,0.0278528,1.31098,0.959232,16.1348,0.697714,12.511,148.294,3.28885,4.04099,1.12539,-0.485856,0.961885,0.968703,0.716073,1.31098,44.8525,8301.11,0.717833,0.504044,0.389575,0.939084,0.391144,0.840487,0.390431,0.389609,1.35078,0.574492,0.840485,0.334898,0.389522,1.59591,0.664444,0.840506,,,,,,,,,,,,,,,,,,,,,,,,,,,,,,,,,
2022_2023,V11,d300_b2,300,2,0.81775,0.249901,0.353515,93.7602,0.579884,8.19412,0.787644,0.169118,0.230583,0.216907,0.0266241,0.153811,0.574478,0.0285895,1.45928,0.958262,17.5009,0.682483,12.5449,154.219,3.29004,4.08097,1.16389,-0.470529,0.958509,0.968482,0.763083,1.45928,25.6974,9052.02,0.70462,0.488948,0.421114,0.974935,0.408259,0.83245,0.376111,0.421155,1.40035,0.586532,0.832433,0.321796,0.421285,1.65338,0.673755,0.832389,,,,,,,,,,,,,,,,,,,,,,,,,,,,,,,,,
2022_2023,V11,d300_b3,300,3,0.833906,0.309438,0.36737,1.23487,0.602113,-0.633431,1.79287,0.1683,0.236237,0.220733,0.024472,0.163506,0.582618,0.027401,1.5149,0.956991,17.6317,0.665068,12.2769,149.599,3.3,4.12502,1.18684,-0.455117,0.954979,0.964348,0.803795,1.5149,44.774,9390.74,0.689195,0.470523,0.434045,1.01439,0.434683,0.824518,0.355358,0.434064,1.4593,0.61222,0.82452,0.300153,0.434137,1.72574,0.698176,0.824495,,,,,,,,,,,,,,,,,,,,,,,,,,,,,,,,,
2022_2023,V11,d300_b4,300,4,0.827533,0.339345,0.367791,1.251,0.59115,-10.8626,2.40879,0.148533,0.224152,0.223686,0.0197207,0.143458,0.577028,0.0281307,1.4549,0.958406,17.4953,0.667766,12.9112,161.164,3.29174,4.10441,1.17116,-0.46134,0.956382,0.969156,0.790051,1.4549,-30.1791,9399.76,0.690945,0.470824,0.424016,1.01043,0.433976,0.825907,0.355054,0.424038,1.45378,0.611909,0.825892,0.30017,0.42393,1.71896,0.695435,0.825921,,,,,,,,,,,,,,,,,,,,,,,,,,,,,,,,,
2022_2023,V11,d400_b1,400,1,0.820353,0.298458,0.373453,757.204,0.592694,-0.00702229,1.33831,0.160324,0.232855,0.218852,0.0259232,0.161111,0.577193,0.0276826,1.35045,0.960671,17.2194,0.690739,12.5993,153.993,3.30232,4.06594,1.13682,-0.482645,0.961465,0.969736,0.733756,1.35045,37.0941,8907.02,0.711463,0.497708,0.396675,0.952803,0.398845,0.837784,0.384486,0.396747,1.36996,0.579612,0.837763,0.329605,0.396738,1.61844,0.66872,0.837744,,,,,,,,,,,,,,,,,,,,,,,,,,,,,,,,,
2022_2023,V11,d400_b2,400,2,0.806781,0.205051,0.355737,1.1784,0.553494,0.936103,1.43068,0.168961,0.226742,0.214403,0.025942,0.152105,0.558579,0.0318144,1.42435,0.960089,17.8858,0.685411,11.6878,140.993,3.27389,4.0542,1.15928,-0.474979,0.959123,0.967313,0.754632,1.42435,121.178,9628.67,0.707606,0.496174,0.41231,0.961708,0.405371,0.834373,0.385098,0.41242,1.38251,0.580775,0.834342,0.331356,0.412483,1.63431,0.667817,0.834302,,,,,,,,,,,,,,,,,,,,,,,,,,,,,,,,,
2022_2023,V11,d400_b3,400,3,0.823708,0.253256,0.371598,1.26793,0.578197,2.38582,0.739491,0.165848,0.227852,0.217092,0.0220961,0.154435,0.566435,0.0289388,1.39987,0.960387,17.6805,0.683366,12.3846,152.053,3.28913,4.07226,1.15318,-0.473582,0.959201,0.968712,0.75414,1.39987,31.2793,9391.2,0.705185,0.494131,0.405522,0.962642,0.404394,0.834767,0.381952,0.405534,1.38264,0.581486,0.834769,0.328207,0.405652,1.63256,0.667324,0.834725,,,,,,,,,,,,,,,,,,,,,,,,,,,,,,,,,
2022_2023,V11,d400_b4,400,4,0.836722,0.326082,0.37384,1.28331,0.596652,0.998999,1.35249,0.156012,0.223066,0.217934,0.020591,0.146973,0.563538,0.0292417,1.44171,0.957154,16.8416,0.677106,12.0787,143.384,3.27857,4.08117,1.16448,-0.463169,0.956249,0.96543,0.771179,1.44171,55.0561,8997.38,0.699717,0.489464,0.414901,0.974267,0.413529,0.83229,0.376422,0.414931,1.40192,0.590895,0.832293,0.322188,0.415002,1.65832,0.675951,0.832278,,,,,,,,,,,,,,,,,,,,,,,,,,,,,,,,,
2022_2023,V18,d0_b1,0,1,0.669908,0.0642897,0.213475,0.556817,0.523274,2.32255,1.7742,0.225973,0.316456,0.22029,0.0689113,0.263158,0.650266,0.0266782,1.77074,0.95581,20.0337,0.656734,11.9249,152.338,3.32557,4.19061,1.23969,-0.44405,0.953165,0.958384,0.8551,1.77074,189.686,11185.5,0.683001,0.47477,0.487441,1.013,0.440527,0.81815,0.360742,0.487456,1.45839,0.621606,0.818152,0.304089,0.48755,1.73245,0.713822,0.818121,,,,,,,,,,,,,,,,,,,,,,,,,,,,,,,,,
2022_2023,V18,d0_b2,0,2,0.678152,0.102874,0.220869,0.579279,0.524372,0.340857,2.43164,0.215118,0.296155,0.22712,0.0624446,0.227066,0.645885,0.0337144,1.95019,0.954231,21.4068,0.665393,11.4754,151.148,3.26236,4.11606,1.26863,-0.442413,0.950514,0.955678,0.865297,1.95019,257.682,12176.7,0.693275,0.497055,0.520936,0.97983,0.436393,0.819361,0.388326,0.520844,1.4118,0.611493,0.819367,0.333146,0.520847,1.68157,0.701914,0.819355,,,,,,,,,,,,,,,,,,,,,,,,,,,,,,,,,
2022_2023,V18,d0_b3,0,3,0.760458,0.145841,0.305213,0.922975,0.580913,-2.65292,2.69371,0.217604,0.285597,0.227444,0.0434955,0.22263,0.637607,0.0274917,1.74561,0.955785,19.7327,0.658903,12.4054,160.133,3.31443,4.18088,1.23471,-0.442633,0.952406,0.958698,0.847271,1.74561,74.4081,10843.6,0.685051,0.475833,0.479045,1.01049,0.439978,0.820272,0.360602,0.479026,1.45667,0.624351,0.820288,0.303322,0.479033,1.73179,0.716907,0.820296,,,,,,,,,,,,,,,,,,,,,,,,,,,,,,,,,
2022_2023,V18,d0_b4,0,4,0.714132,0.132953,0.245301,0.673725,0.546299,7.89125,0.0771339,0.214863,0.291765,0.225086,0.0570252,0.227924,0.639144,0.0292538,1.74774,0.954911,19.2378,0.66685,11.8654,148.868,3.2893,4.13196,1.22432,-0.448548,0.952574,0.957899,0.832469,1.74774,116.327,10314.1,0.69239,0.488157,0.479158,0.984152,0.435167,0.823284,0.373352,0.479066,1.4211,0.620836,0.823297,0.314903,0.47889,1.69327,0.715186,0.823315,,,,,,,,,,,,,,,,,,,,,,,,,,,,,,,,,
2022_2023,V18,d50_b1,50,1,0.748487,0.0868095,0.286665,0.832891,0.569648,16.857,48.4241,0.229857,0.295435,0.224039,0.0459951,0.240776,0.634233,0.0295917,1.68323,0.958538,20.2908,0.665558,12.2257,159.013,3.30843,4.15428,1.21781,-0.452062,0.95477,0.961169,0.825492,1.68323,103.132,11180,0.690522,0.48616,0.463383,0.988109,0.42556,0.825153,0.371653,0.463373,1.42458,0.610934,0.825161,0.314409,0.463367,1.69325,0.704119,0.825157,,,,,,,,,,,,,,,,,,,,,,,,,,,,,,,,,
2022_2023,V18,d50_b2,50,2,0.773464,0.154864,0.323406,1.00567,0.610376,1.81989,3.91665,0.227786,0.291993,0.235222,0.0450024,0.227604,0.659718,0.0272216,1.61222,0.960475,20.3759,0.676315,13.529,184.641,3.31569,4.1288,1.20045,-0.463037,0.957499,0.9641,0.797752,1.61222,-29.9915,10988.6,0.700524,0.490643,0.450966,0.974818,0.430869,0.828007,0.374882,0.450963,1.40953,0.61654,0.828002,0.316368,0.450963,1.67986,0.70742,0.827993,,,,,,,,,,,,,,,,,,,,,,,,,,,,,,,,,
2022_2023,V18,d50_b3,50,3,0.771669,0.0883305,0.305099,8.79482,0.59828,1.40698,2.67725,0.249272,0.293844,0.234547,0.0411218,0.231212,0.663227,0.0263672,1.60548,0.959852,20.0215,0.678792,13.5476,183.099,3.32302,4.14426,1.19724,-0.461068,0.957308,0.961759,0.792334,1.60548,-58.2353,10795.5,0.702503,0.497738,0.446713,0.958274,0.423721,0.83116,0.381376,0.446516,1.38617,0.613994,0.83118,0.322113,0.44631,1.65255,0.706871,0.831233,,,,,,,,,,,,,,,,,,,,,,,,,,,,,,,,,
2022_2023,V18,d50_b4,50,4,0.774757,0.187411,0.293272,0.85593,0.619365,2.4517,1.75568,0.23276,0.29939,0.238624,0.0491201,0.234849,0.676745,0.0236023,1.81658,0.953405,19.6093,0.656691,13.7767,186.187,3.33828,4.21839,1.24658,-0.437253,0.951574,0.956752,0.860089,1.81658,-83.5552,10688.1,0.683238,0.46545,0.497995,1.02881,0.452169,0.816867,0.345745,0.497997,1.4875,0.64285,0.816857,0.285279,0.497999,1.77372,0.733792,0.816843,,,,,,,,,,,,,,,,,,,,,,,,,,,,,,,,,
2022_2023,V18,d100_b1,100,1,0.794294,0.126871,0.32372,0.992327,0.619899,-2.40628,1.74716,0.246163,0.297018,0.235607,0.0404207,0.237151,0.665718,0.028624,1.60677,0.960408,20.3034,0.670008,13.6814,187.306,3.30427,4.13753,1.2007,-0.455584,0.955439,0.964992,0.807052,1.60677,-108.512,11341.5,0.693963,0.480431,0.451061,0.993339,0.428399,0.826682,0.363804,0.451049,1.43321,0.614278,0.826693,0.305958,0.450942,1.70319,0.705896,0.826743,,,,,,,,,,,,,,,,,,,,,,,,,,,,,,,,,
2022_2023,V18,d100_b2,100,2,0.764044,0.13176,0.302703,0.903462,0.594602,-0.0136071,0.316234,0.231056,0.292861,0.230183,0.0448698,0.233392,0.651924,0.0261829,1.56296,0.959586,19.3398,0.680467,13.3379,176.007,3.32765,4.14613,1.18656,-0.462124,0.957718,0.963224,0.782291,1.56296,-31.1998,10242.7,0.70353,0.499987,0.436311,0.953928,0.414871,0.832745,0.384865,0.436309,1.37867,0.602957,0.832735,0.326359,0.436279,1.6422,0.696447,0.832752,,,,,,,,,,,,,,,,,,,,,,,,,,,,,,,,,
2022_2023,V18,d100_b3,100,3,0.796887,0.171288,0.345229,1.08979,0.641241,3.53239,1.95117,0.240016,0.296696,0.242294,0.0407747,0.231036,0.694467,0.0300977,1.66727,0.962516,22.2433,0.681117,14.0285,202.627,3.29463,4.10184,1.20523,-0.462742,0.956737,0.964507,0.795623,1.66727,-144.64,12718,0.704796,0.507348,0.45508,0.940798,0.422441,0.833527,0.391396,0.455015,1.36569,0.613743,0.833535,0.331511,0.455048,1.6342,0.705871,0.833528,,,,,,,,,,,,,,,,,,,,,,,,,,,,,,,,,
2022_2023,V18,d100_b4,100,4,0.815357,0.182466,0.346295,1.12725,0.626663,2.23129,3.6366,0.226186,0.277793,0.233931,0.035295,0.209372,0.640369,0.0256689,1.58093,0.95447,17.4056,0.677159,13.3421,168.605,3.31475,4.14999,1.19035,-0.4521,0.954663,0.957428,0.78987,1.58093,-33.0259,9204.68,0.700323,0.486756,0.443911,0.978929,0.41747,0.829821,0.368988,0.444012,1.41241,0.609901,0.829791,0.309761,0.443955,1.67848,0.703731,0.829801,,,,,,,,,,,,,,,,,,,,,,,,,,,,,,,,,
2022_2023,V18,d200_b1,200,1,0.817804,0.150182,0.370733,1.23866,0.644929,5.52441,1.84871,0.241794,0.29573,0.239965,0.0354036,0.231597,0.680671,0.0282349,1.55541,0.961095,19.9661,0.672854,14.197,197.103,3.30034,4.12376,1.18953,-0.45913,0.956201,0.967137,0.795023,1.55541,-165.711,11384,0.696359,0.483741,0.437779,0.984616,0.428736,0.82924,0.366931,0.437655,1.4232,0.613833,0.829288,0.30959,0.437622,1.69319,0.701457,0.829295,,,,,,,,,,,,,,,,,,,,,,,,,,,,,,,,,
2022_2023,V18,d200_b2,200,2,0.775012,0.13322,0.349568,789.17,0.5975,-1.12203,-16.9277,0.213168,0.28297,0.236059,0.0371631,0.216367,0.660441,0.0288835,1.48352,0.963197,20.1834,0.693053,13.6198,185.579,3.30832,4.08587,1.1575,-0.477257,0.96046,0.967246,0.74686,1.48352,-69.8921,10824.6,0.71427,0.512912,0.420069,0.923838,0.402325,0.839252,0.397556,0.420355,1.33824,0.590553,0.839205,0.339101,0.420232,1.59507,0.680993,0.839232,,,,,,,,,,,,,,,,,,,,,,,,,,,,,,,,,
2022_2023,V18,d200_b3,200,3,0.814596,0.18622,0.370035,1.23496,0.651271,2.33057,1.608,0.227494,0.288458,0.238465,0.0374967,0.222235,0.675946,0.0245684,1.55071,0.959618,19.1793,0.679674,14.3405,196.302,3.33465,4.14616,1.18431,-0.462063,0.957665,0.961554,0.782331,1.55071,-140.611,10416.7,0.702553,0.490555,0.43774,0.966938,0.42979,0.831961,0.369742,0.437746,1.40389,0.626675,0.831962,0.307968,0.437876,1.67815,0.718319,0.831926,,,,,,,,,,,,,,,,,,,,,,,,,,,,,,,,,
2022_2023,V18,d200_b4,200,4,0.84665,0.238948,0.409406,1.4903,0.681896,1.02747,-2.91185,0.225147,0.2887,0.245559,0.0294428,0.215976,0.683901,0.025615,1.35784,0.959701,16.8339,0.683032,15.1327,205.914,3.30414,4.09285,1.1411,-0.464356,0.956954,0.964579,0.748836,1.35784,-205.551,9632.18,0.703976,0.486841,0.398665,0.965025,0.423851,0.835255,0.364408,0.398653,1.39675,0.625146,0.835252,0.301823,0.398693,1.66511,0.721543,0.83524,,,,,,,,,,,,,,,,,,,,,,,,,,,,,,,,,
2022_2023,V18,d300_b1,300,1,0.824541,0.165252,0.389817,1.3458,0.65577,-0.766185,1.22061,0.233999,0.294534,0.23983,0.034812,0.229601,0.681202,0.0269668,1.56256,0.960274,19.6639,0.674434,14.4907,202.149,3.30897,4.13459,1.18757,-0.458671,0.956347,0.967071,0.792005,1.56256,-188.764,11247,0.697502,0.480141,0.44358,0.990674,0.426382,0.828416,0.362482,0.44357,1.42995,0.613467,0.828404,0.304516,0.443498,1.69925,0.703397,0.828423,,,,,,,,,,,,,,,,,,,,,,,,,,,,,,,,,
2022_2023,V18,d300_b2,300,2,0.811009,0.24185,0.382953,1.31145,0.649874,2.12387,1.34709,0.209725,0.277379,0.243126,0.0354285,0.203245,0.685659,0.0293109,1.54395,0.964174,21.5501,0.688998,13.9795,198.641,3.30338,4.08853,1.17604,-0.472075,0.959188,0.965994,0.764232,1.54395,-134.438,12111.6,0.711027,0.511079,0.429915,0.929311,0.408605,0.838398,0.395502,0.429927,1.34882,0.598915,0.838404,0.336169,0.429881,1.61248,0.689912,0.838409,,,,,,,,,,,,,,,,,,,,,,,,,,,,,,,,,
2022_2023,V18,d300_b3,300,3,0.813612,0.240242,0.389087,1.36393,0.640817,2.5631,2.39049,0.199384,0.277248,0.238527,0.0319495,0.207919,0.662403,0.0242116,1.51635,0.958083,18.1181,0.669191,13.991,184.614,3.32992,4.16032,1.1814,-0.454318,0.955681,0.963069,0.79554,1.51635,-108.229,9856.98,0.692285,0.474791,0.432274,0.998409,0.427798,0.827396,0.35475,0.43219,1.43973,0.62023,0.827419,0.295391,0.432188,1.70909,0.711787,0.827419,,,,,,,,,,,,,,,,,,,,,,,,,,,,,,,,,
2022_2023,V18,d300_b4,300,4,0.842448,0.242582,0.407612,38.7001,0.673313,0.702229,-2.31413,0.217981,0.28374,0.240953,0.0322001,0.214689,0.668153,0.0219486,1.57087,0.953522,16.8925,0.662138,14.9585,201.117,3.33866,4.19449,1.19348,-0.441405,0.952377,0.957868,0.815598,1.57087,-161.417,9325.45,0.685835,0.461895,0.44823,1.02206,0.440344,0.823465,0.338778,0.448211,1.4757,0.637399,0.823494,0.278182,0.448211,1.75288,0.729177,0.823509,,,,,,,,,,,,,,,,,,,,,,,,,,,,,,,,,
2022_2023,V18,d400_b1,400,1,0.822096,0.156655,0.401773,1.43255,0.65439,1.32521,2.45929,0.232022,0.296022,0.238068,0.0348367,0.235373,0.677253,0.0253735,1.56484,0.959218,19.1934,0.669752,14.2942,195.799,3.32195,4.15711,1.18991,-0.453456,0.955304,0.963899,0.800477,1.56484,-157.335,10762.1,0.693107,0.475102,0.44143,0.998797,0.426802,0.827596,0.356091,0.441237,1.44072,0.617152,0.827642,0.297406,0.441151,1.7106,0.708854,0.827643,,,,,,,,,,,,,,,,,,,,,,,,,,,,,,,,,
2022_2023,V18,d400_b2,400,2,0.818135,0.220287,0.390245,1.3492,0.649601,10.9526,0.795221,0.212661,0.282995,0.245085,0.0357833,0.206737,0.690922,0.0279022,1.56445,0.962743,21.2323,0.678345,14.0838,199.571,3.30804,4.11308,1.18634,-0.464677,0.957455,0.965891,0.786054,1.56445,-133.89,11957.8,0.70142,0.492652,0.438915,0.96651,0.41935,0.831471,0.376031,0.438901,1.39617,0.608925,0.831474,0.317204,0.438861,1.66314,0.700187,0.831473,,,,,,,,,,,,,,,,,,,,,,,,,,,,,,,,,
2022_2023,V18,d400_b3,400,3,0.806366,0.240662,0.380696,1.29409,0.658058,0.939689,1.74325,0.210411,0.289432,0.24359,0.0391441,0.221536,0.695884,0.0237609,1.53732,0.959418,18.9158,0.680596,14.7134,203.889,3.33826,4.15269,1.179,-0.462114,0.957825,0.963362,0.777891,1.53732,-163.72,10275.9,0.703019,0.485748,0.4365,0.975485,0.420773,0.831454,0.365798,0.436382,1.40988,0.616605,0.831473,0.30525,0.436437,1.67799,0.710706,0.831463,,,,,,,,,,,,,,,,,,,,,,,,,,,,,,,,,
2022_2023,V18,d400_b4,400,4,0.84191,0.246856,0.407801,20.1848,0.670665,0.167177,0.778388,0.212895,0.281606,0.242022,0.0305106,0.208669,0.670933,0.0220371,1.6063,0.95357,17.2821,0.660074,14.6804,196.167,3.34003,4.20286,1.20228,-0.440981,0.952298,0.958559,0.824434,1.6063,-147.829,9496.24,0.684463,0.455348,0.45746,1.0376,0.443676,0.82084,0.333091,0.457312,1.49566,0.634475,0.820874,0.274058,0.457244,1.77266,0.721891,0.820884,,,,,,,,,,,,,,,,,,,,,,,,,,,,,,,,,
2022_2023,R2,d0_b1,0,1,0.665891,0.101612,0.255307,0.695617,0.530837,-1.42079,-1.41893,0.214633,0.310799,0.225939,0.0782351,0.2434,0.661195,0.0380984,1.62939,0.965393,23.5495,0.677058,11.5316,161.332,3.24582,4.02817,1.2093,-0.467432,0.956191,0.965836,0.800774,1.62939,292.246,14218.7,0.702374,0.51435,0.443923,0.935013,0.425838,0.832019,0.40453,0.443957,1.352,0.607858,0.832007,0.347818,0.444036,1.61384,0.703423,0.831998,,,,,,,,,,,,,,,,,,,,,,,,,,,,,,,,,
2022_2023,R2,d0_b2,0,2,0.667259,0.0899363,0.254591,0.693001,0.532925,-4.83694,2.00902,0.222442,0.314772,0.230914,0.0776182,0.243177,0.678345,0.0439668,1.63039,0.96675,24.5165,0.68364,11.7793,169.897,3.21331,3.97909,1.20571,-0.475571,0.957325,0.967839,0.789131,1.63039,224.371,14736.3,0.708752,0.531545,0.435304,0.905798,0.406555,0.837095,0.428011,0.435291,1.30688,0.574019,0.837083,0.37532,0.43529,1.55597,0.659528,0.837073,,,,,,,,,,,,,,,,,,,,,,,,,,,,,,,,,
2022_2023,R2,d0_b3,0,3,0.74816,0.14563,0.330868,1.01864,0.590876,0.265597,1.90669,0.221406,0.2984,0.23955,0.0554211,0.219633,0.689428,0.0406146,1.63944,0.966431,24.4177,0.682305,13.0025,191.608,3.24334,4.02071,1.20631,-0.475842,0.958515,0.96752,0.791832,1.63944,15.0108,14474.7,0.707079,0.51851,0.444095,0.926529,0.41879,0.83453,0.408444,0.444037,1.34238,0.600769,0.834537,0.351273,0.443981,1.60525,0.691284,0.834528,,,,,,,,,,,,,,,,,,,,,,,,,,,,,,,,,
2022_2023,R2,d0_b4,0,4,0.687091,0.0993927,0.274125,0.772909,0.542269,-1.03508,2.20607,0.220623,0.309127,0.231494,0.0704646,0.236249,0.672404,0.0402408,1.73078,0.964304,24.2429,0.675272,11.8696,169.734,3.23901,4.03476,1.22842,-0.465899,0.955882,0.965269,0.817498,1.73078,221.867,14499.4,0.701569,0.517223,0.462692,0.934551,0.422624,0.830782,0.409831,0.462651,1.35055,0.597683,0.830774,0.354763,0.462781,1.61133,0.687134,0.830738,,,,,,,,,,,,,,,,,,,,,,,,,,,,,,,,,
2022_2023,R2,d50_b1,50,1,0.712401,0.146213,0.296366,0.85719,0.568223,2.5821,1.88271,0.212174,0.301573,0.233209,0.0657685,0.227836,0.670285,0.0380778,1.60239,0.966926,24.2321,0.68374,12.4146,179.287,3.25867,4.03214,1.19937,-0.477957,0.959412,0.967793,0.78446,1.60239,142.165,14401.7,0.708366,0.517129,0.437341,0.927255,0.420238,0.834855,0.407717,0.437359,1.34117,0.599454,0.834846,0.351957,0.43732,1.60043,0.688956,0.834857,,,,,,,,,,,,,,,,,,,,,,,,,,,,,,,,,
2022_2023,R2,d50_b2,50,2,0.750218,0.17533,0.335388,1.04569,0.609536,2.14658,1.95393,0.221349,0.306867,0.242615,0.058699,0.226997,0.70715,0.0370529,1.49417,0.968746,23.8501,0.689653,13.8043,205.761,3.26797,4.02084,1.17101,-0.486269,0.961389,0.970025,0.757745,1.49417,-92.5015,14250.3,0.712419,0.518009,0.417666,0.917089,0.417196,0.838919,0.403745,0.417707,1.33083,0.608324,0.838905,0.344679,0.417614,1.59214,0.700238,0.838913,,,,,,,,,,,,,,,,,,,,,,,,,,,,,,,,,
2022_2023,R2,d50_b3,50,3,0.733006,0.136585,0.308804,0.913618,0.594108,2.03973,1.03047,0.231014,0.314035,0.241391,0.0622359,0.240655,0.704273,0.0358756,1.60502,0.966904,24.3081,0.682816,13.5664,202.561,3.26828,4.04616,1.19836,-0.476688,0.959381,0.968335,0.785532,1.60502,-36.6025,14586.3,0.707151,0.51571,0.438297,0.927729,0.418954,0.835196,0.404311,0.438301,1.34381,0.602055,0.835172,0.347004,0.438325,1.60515,0.691228,0.835153,,,,,,,,,,,,,,,,,,,,,,,,,,,,,,,,,
2022_2023,R2,d50_b4,50,4,0.737656,0.157275,0.299262,0.871094,0.598559,36.9348,2.25785,0.232953,0.315343,0.244183,0.0618213,0.23321,0.709893,0.0345733,1.67616,0.965054,23.9775,0.67094,13.7298,204.158,3.27675,4.07725,1.22052,-0.467254,0.957464,0.966289,0.817764,1.67616,-75.8139,14358.5,0.69673,0.500609,0.456066,0.95985,0.437319,0.828655,0.386141,0.456006,1.39094,0.626084,0.828669,0.327145,0.456049,1.66305,0.719502,0.828664,,,,,,,,,,,,,,,,,,,,,,,,,,,,,,,,,
2022_2023,R2,d100_b1,100,1,0.753183,0.186524,0.327532,0.993199,0.610458,40.8618,1.82373,0.222946,0.306389,0.244987,0.057583,0.224845,0.710253,0.0314421,1.60693,0.966188,23.777,0.678556,13.9379,206.613,3.30257,4.09197,1.20232,-0.475307,0.960184,0.96746,0.794011,1.60693,-84.5885,13954.6,0.703183,0.50593,0.441581,0.947211,0.426149,0.832088,0.392689,0.441585,1.37159,0.611747,0.832109,0.334616,0.441467,1.63863,0.700844,0.832135,,,,,,,,,,,,,,,,,,,,,,,,,,,,,,,,,
2022_2023,R2,d100_b2,100,2,0.732256,0.140475,0.306789,0.902883,0.583137,-0.0659546,2.9624,0.223806,0.303751,0.239498,0.0598548,0.225074,0.692069,0.045087,1.51023,0.969709,24.9494,0.695449,12.9776,193.571,3.22343,3.96558,1.17239,-0.490001,0.961103,0.970814,0.749793,1.51023,19.9481,14906.7,0.718282,0.534892,0.413708,0.889284,0.406272,0.842634,0.425281,0.413681,1.29083,0.591405,0.842639,0.367526,0.413698,1.54649,0.683498,0.842652,,,,,,,,,,,,,,,,,,,,,,,,,,,,,,,,,
2022_2023,R2,d100_b3,100,3,0.778625,0.203891,0.348884,1.09941,0.637152,-1.17153,1.83135,0.225981,0.308495,0.250468,0.0522741,0.225208,0.726541,0.0346788,1.55425,0.967679,24.0286,0.68347,14.689,225.717,3.27062,4.0431,1.18652,-0.477058,0.959459,0.968891,0.776713,1.55425,-214.155,14909.6,0.706858,0.509082,0.429961,0.935411,0.419343,0.835946,0.393689,0.430035,1.35613,0.611751,0.83593,0.334147,0.430096,1.62028,0.70491,0.835927,,,,,,,,,,,,,,,,,,,,,,,,,,,,,,,,,
2022_2023,R2,d100_b4,100,4,0.779035,0.188964,0.351273,1.11723,0.64416,-13.9458,0.454813,0.235681,0.316168,0.25254,0.054189,0.240503,0.738322,0.0318221,1.62433,0.965798,23.7458,0.675989,15.0046,231.078,3.28194,4.07499,1.20631,-0.468327,0.957722,0.967548,0.80091,1.62433,-259.923,14825.3,0.700655,0.502745,0.445338,0.951121,0.431668,0.831507,0.387065,0.445333,1.37965,0.622531,0.831502,0.327708,0.445296,1.64946,0.711536,0.831502,,,,,,,,,,,,,,,,,,,,,,,,,,,,,,,,,
2022_2023,R2,d200_b1,200,1,0.782176,0.218242,0.371297,1.2247,0.64015,1.98915,1.60012,0.215068,0.302069,0.249946,0.0515934,0.219008,0.724425,0.0327254,1.48969,0.968494,23.6375,0.687537,14.7661,225.117,3.27831,4.03751,1.17223,-0.482112,0.960744,0.970189,0.760858,1.48969,-237.482,14497.4,0.710285,0.515381,0.415296,0.921204,0.418649,0.838373,0.400802,0.415212,1.33568,0.609459,0.83839,0.341551,0.415097,1.59731,0.699501,0.838422,,,,,,,,,,,,,,,,,,,,,,,,,,,,,,,,,
2022_2023,R2,d200_b2,200,2,0.750334,0.171276,0.352655,1.13111,0.609778,1.48577,2.29951,0.206356,0.301223,0.240727,0.0579763,0.232738,0.703507,0.0418892,1.34255,0.973344,25.1705,0.711561,13.7607,210.328,3.22872,3.92944,1.12521,-0.507177,0.964706,0.974937,0.696949,1.34255,-104.049,15202.1,0.731687,0.54825,0.378778,0.855234,0.384802,0.851976,0.439574,0.378664,1.24282,0.56844,0.852003,0.382967,0.378597,1.48677,0.658803,0.852024,,,,,,,,,,,,,,,,,,,,,,,,,,,,,,,,,
2022_2023,R2,d200_b3,200,3,0.795057,0.201122,0.374309,1.23358,0.655601,-0.354755,2.05375,0.229663,0.310772,0.250054,0.0499748,0.23359,0.729972,0.0310746,1.57819,0.965129,22.6335,0.678214,15.1043,228.779,3.2902,4.07801,1.19549,-0.471488,0.958744,0.966881,0.789976,1.57819,-266.158,14065.5,0.702248,0.49777,0.437712,0.957609,0.433301,0.83174,0.3793,0.437696,1.3898,0.629545,0.831741,0.318206,0.437775,1.66208,0.72072,0.831715,,,,,,,,,,,,,,,,,,,,,,,,,,,,,,,,,
2022_2023,R2,d200_b4,200,4,0.824237,0.25948,0.422477,1.5221,0.683382,-0.0636561,2.16331,0.217692,0.304024,0.257523,0.0436654,0.220399,0.741585,0.0300876,1.32159,0.969333,21.4973,0.696,15.8808,243.067,3.2952,4.02633,1.12922,-0.491951,0.963002,0.970913,0.721409,1.32159,-331.178,13805.1,0.716406,0.514236,0.382212,0.910401,0.42495,0.843638,0.392349,0.382222,1.32856,0.633299,0.843639,0.327435,0.382142,1.59702,0.73016,0.843667,,,,,,,,,,,,,,,,,,,,,,,,,,,,,,,,,
2022_2023,R2,d300_b1,300,1,0.79281,0.233794,0.391535,1.33525,0.649626,0.441202,2.70788,0.210983,0.299944,0.251713,0.0492048,0.212597,0.730073,0.0374972,1.44047,0.970065,24.063,0.698194,14.9098,230.911,3.24396,3.97907,1.15446,-0.491292,0.961806,0.971823,0.734187,1.44047,-280.462,15185,0.719773,0.525412,0.403805,0.900103,0.406819,0.843342,0.41149,0.403788,1.30676,0.598557,0.843333,0.352062,0.403761,1.56354,0.690035,0.843329,,,,,,,,,,,,,,,,,,,,,,,,,,,,,,,,,
2022_2023,R2,d300_b2,300,2,0.791999,0.228446,0.399017,1.3973,0.657789,1.70177,1.95424,0.212645,0.305949,0.252795,0.0510177,0.227564,0.739704,0.0315827,1.51281,0.967982,23.6454,0.688477,15.3088,237.765,3.27989,4.04092,1.1735,-0.479832,0.9602,0.969628,0.761532,1.51281,-304.294,14858.6,0.710809,0.516299,0.419832,0.920928,0.409111,0.839246,0.402261,0.419806,1.33546,0.59995,0.839262,0.343602,0.41976,1.59509,0.69138,0.83927,,,,,,,,,,,,,,,,,,,,,,,,,,,,,,,,,
2022_2023,R2,d300_b3,300,3,0.801337,0.214684,0.411633,1.46769,0.653903,1.66895,2.09893,0.211296,0.29728,0.24906,0.0470139,0.220923,0.718955,0.0326681,1.52319,0.967436,23.3953,0.686376,14.801,224.68,3.28614,4.06033,1.17929,-0.479331,0.960539,0.968933,0.767716,1.52319,-228.165,14438.2,0.709451,0.510956,0.423476,0.93131,0.420595,0.836989,0.394471,0.423471,1.35264,0.616806,0.83699,0.333778,0.423428,1.61923,0.709147,0.837013,,,,,,,,,,,,,,,,,,,,,,,,,,,,,,,,,
2022_2023,R2,d300_b4,300,4,0.816912,0.244196,0.42147,1.50935,0.665353,-4.50026,2.11565,0.210605,0.296013,0.252252,0.0436169,0.213747,0.724478,0.0322751,1.47893,0.967563,22.8099,0.682988,15.2191,232.333,3.28245,4.04786,1.174,-0.480468,0.960554,0.969384,0.768064,1.47893,-286.032,14398.5,0.706071,0.504936,0.416544,0.938448,0.436609,0.835573,0.385308,0.416519,1.36499,0.63825,0.835575,0.322175,0.416554,1.63774,0.731434,0.835561,,,,,,,,,,,,,,,,,,,,,,,,,,,,,,,,,
2022_2023,R2,d400_b1,400,1,0.798668,0.24563,0.414082,1.47878,0.660899,0.848489,1.9153,0.204882,0.301466,0.251772,0.0499075,0.218297,0.732445,0.0316099,1.35651,0.970542,23.0486,0.699829,15.2449,233.951,3.28636,4.01356,1.13577,-0.496009,0.963888,0.972181,0.719458,1.35651,-283.745,14378.6,0.720478,0.522303,0.38839,0.900877,0.404487,0.844841,0.406627,0.388354,1.30754,0.598841,0.844838,0.34658,0.388286,1.56276,0.691681,0.844829,,,,,,,,,,,,,,,,,,,,,,,,,,,,,,,,,
2022_2023,R2,d400_b2,400,2,0.798325,0.248176,0.407414,1.43576,0.657613,0.854221,1.83893,0.202294,0.297233,0.2502,0.0494121,0.215966,0.723782,0.0347948,1.4552,0.969053,23.5627,0.691586,14.8959,228.321,3.26878,4.01789,1.16158,-0.48649,0.961438,0.97074,0.748395,1.4552,-251.153,14758.6,0.71355,0.519969,0.407886,0.910741,0.408702,0.841254,0.404996,0.407925,1.32238,0.603738,0.841245,0.34499,0.408028,1.58263,0.697509,0.841212,,,,,,,,,,,,,,,,,,,,,,,,,,,,,,,,,
2022_2023,R2,d400_b3,400,3,0.7969,0.20746,0.403631,1.41311,0.656401,-2.9671,2.81008,0.215594,0.305633,0.250477,0.0497693,0.233677,0.733197,0.0352368,1.40188,0.97044,23.6944,0.698104,15.0821,233.251,3.26026,3.98856,1.14704,-0.493238,0.962558,0.971923,0.72924,1.40188,-291.466,14969.1,0.71937,0.526305,0.394486,0.895897,0.406581,0.844608,0.41081,0.394433,1.30241,0.603663,0.844597,0.349831,0.394491,1.55977,0.699406,0.844586,,,,,,,,,,,,,,,,,,,,,,,,,,,,,,,,,
2022_2023,R2,d400_b4,400,4,0.818311,0.255112,0.427888,1.56463,0.676652,2.25129,2.21296,0.209317,0.300245,0.25428,0.0447278,0.218994,0.734477,0.0298937,1.45474,0.966659,21.8182,0.683902,15.6473,238.886,3.28913,4.05725,1.1668,-0.476914,0.959778,0.968859,0.76249,1.45474,-326.363,13987.9,0.706386,0.5013,0.41158,0.944091,0.429616,0.836098,0.381643,0.411583,1.37143,0.628671,0.836109,0.319683,0.411498,1.64054,0.721709,0.836137,,,,,,,,,,,,,,,,,,,,,,,,,,,,,,,,,
2022_2023,R5,d0_b1,0,1,0.650265,0.195366,0.192379,0.49746,0.518184,3.66126,8.39471,0.180335,0.328793,0.23479,0.0686909,0.273318,0.675004,0.0191561,1.91585,0.947054,18.1014,0.6128,13.5313,173.83,3.36785,4.32781,1.28076,-0.408688,0.944306,0.95097,0.955125,1.91585,-20.3948,9686.12,0.644214,0.409058,0.530382,1.14252,0.502214,0.793478,0.287792,0.530392,1.63956,0.679638,0.793499,0.230344,0.530319,1.94146,0.763881,0.793499,,,,,,,,,,,,,,,,,,,,,,,,,,,,,,,,,
2022_2023,R5,d0_b2,0,2,0.65374,0.203227,0.193788,0.500639,0.515199,1.19326,1.8441,0.184211,0.325177,0.23987,0.0609399,0.265749,0.683852,0.021282,1.76774,0.952642,18.6975,0.624961,13.8559,183.362,3.3521,4.27002,1.24999,-0.425428,0.948936,0.958568,0.912453,1.76774,-74.5367,10215.2,0.654356,0.42568,0.494997,1.10495,0.489616,0.801933,0.30625,0.494731,1.58627,0.664498,0.802109,0.249579,0.494709,1.87865,0.747462,0.802117,,,,,,,,,,,,,,,,,,,,,,,,,,,,,,,,,
2022_2023,R5,d0_b3,0,3,0.703883,0.238406,0.24856,0.700137,0.549573,0.0360877,1.83462,0.174254,0.307189,0.239989,0.0523299,0.240353,0.669449,0.0223409,1.80483,0.953395,19.3764,0.630306,13.8728,186.464,3.34874,4.26809,1.25704,-0.425503,0.948901,0.958077,0.907539,1.80483,-82.7812,10706.8,0.659475,0.430833,0.502929,1.09645,0.479515,0.803622,0.310552,0.50303,1.57492,0.661627,0.803652,0.252457,0.502948,1.86585,0.750205,0.803695,,,,,,,,,,,,,,,,,,,,,,,,,,,,,,,,,
2022_2023,R5,d0_b4,0,4,0.658539,0.223541,0.204559,0.541983,0.515049,-0.654745,1.54118,0.173698,0.316813,0.238997,0.0609801,0.250483,0.679592,0.0228961,1.82451,0.953211,19.4992,0.628143,13.4452,178.243,3.34533,4.26502,1.26179,-0.425912,0.948928,0.958948,0.914501,1.82451,-41.0814,10672.4,0.657766,0.43287,0.504258,1.09503,0.478363,0.802869,0.315127,0.504227,1.57212,0.656315,0.802984,0.258918,0.504268,1.86286,0.744164,0.802998,,,,,,,,,,,,,,,,,,,,,,,,,,,,,,,,,
2022_2023,R5,d50_b1,50,1,0.676004,0.2142,0.213275,190.76,0.531885,-2.58986,2.09168,0.183207,0.321855,0.242751,0.0588695,0.258941,0.685315,0.0245611,1.76863,0.954169,19.2999,0.634019,13.8851,187.311,3.32146,4.2282,1.24886,-0.427805,0.948597,0.960597,0.895392,1.76863,-110.693,10846.1,0.662652,0.437659,0.493592,1.0824,0.470072,0.806812,0.319703,0.493312,1.55416,0.646922,0.806926,0.263994,0.493191,1.83835,0.732162,0.806977,,,,,,,,,,,,,,,,,,,,,,,,,,,,,,,,,
2022_2023,R5,d50_b2,50,2,0.699797,0.236941,0.25214,0.718863,0.548966,4.16239,1.15563,0.174624,0.311868,0.2383,0.0528551,0.25022,0.668253,0.0220481,1.69512,0.951888,17.6805,0.637005,14.0083,183.411,3.33597,4.23693,1.23121,-0.427601,0.948751,0.958042,0.879618,1.69512,-85.236,9705.7,0.664467,0.434316,0.479157,1.08481,0.470422,0.808208,0.312951,0.478972,1.55785,0.655924,0.808263,0.254198,0.478842,1.8452,0.744017,0.808297,,,,,,,,,,,,,,,,,,,,,,,,,,,,,,,,,
2022_2023,R5,d50_b3,50,3,0.686523,0.233093,0.220527,0.593201,0.537262,-0.148633,2.29165,0.175829,0.313786,0.240434,0.0563404,0.246985,0.675983,0.0214623,1.81892,0.951499,18.7429,0.629878,13.9104,184.68,3.35107,4.27512,1.2585,-0.423428,0.948351,0.958026,0.909959,1.81892,-83.4682,10270.3,0.658957,0.428929,0.506405,1.10034,0.476634,0.803318,0.3095,0.506311,1.57956,0.654975,0.803402,0.252705,0.506515,1.86927,0.740481,0.803374,,,,,,,,,,,,,,,,,,,,,,,,,,,,,,,,,
2022_2023,R5,d50_b4,50,4,0.682624,0.227385,0.213698,0.568454,0.531241,-3.15265,1.86576,0.18411,0.310922,0.241156,0.0558133,0.240747,0.680441,0.0213575,1.9479,0.949766,19.4074,0.619096,13.5974,180.729,3.35663,4.3074,1.28675,-0.413882,0.945692,0.954338,0.947892,1.9479,-44.2066,10603.2,0.650191,0.420266,0.534119,1.12344,0.495215,0.797129,0.299804,0.534098,1.61665,0.675342,0.797186,0.242504,0.534108,1.91836,0.760557,0.797163,,,,,,,,,,,,,,,,,,,,,,,,,,,,,,,,,
2022_2023,R5,d100_b1,100,1,0.697083,0.228845,0.228798,42.4467,0.55247,-0.060455,1.11274,0.18981,0.319997,0.24355,0.0574715,0.253186,0.687561,0.0213765,1.89554,0.950028,18.965,0.621214,14.2128,192.143,3.34561,4.28844,1.27572,-0.414945,0.945571,0.955917,0.936535,1.89554,-126.811,10479.6,0.651652,0.419841,0.521074,1.12365,0.484668,0.798628,0.301011,0.520765,1.61082,0.660893,0.798758,0.245551,0.520502,1.90293,0.743793,0.798845,,,,,,,,,,,,,,,,,,,,,,,,,,,,,,,,,
2022_2023,R5,d100_b2,100,2,0.669589,0.215305,0.215469,0.575036,0.519964,-2.26462,1.0153,0.171374,0.310422,0.235482,0.0569624,0.248387,0.663114,0.0215782,1.72431,0.95286,18.2934,0.634964,13.5516,175.622,3.35434,4.26046,1.23817,-0.429561,0.950142,0.957677,0.887287,1.72431,-33.8199,9939.63,0.662881,0.434059,0.485078,1.08501,0.47598,0.807393,0.31339,0.484714,1.55968,0.658385,0.807536,0.255212,0.484618,1.84965,0.746388,0.807587,,,,,,,,,,,,,,,,,,,,,,,,,,,,,,,,,
2022_2023,R5,d100_b3,100,3,0.710438,0.245612,0.248394,0.694843,0.556445,0.588363,-2.14475,0.178486,0.306932,0.241052,0.0524607,0.238675,0.673584,0.0223562,1.85624,0.950638,18.7915,0.629922,14.1389,190.022,3.33749,4.26643,1.26408,-0.420005,0.946803,0.957599,0.914604,1.85624,-122.774,10403.2,0.659002,0.428479,0.515341,1.10411,0.47079,0.803393,0.30964,0.515304,1.5831,0.650776,0.803459,0.253321,0.515401,1.87142,0.735863,0.80345,,,,,,,,,,,,,,,,,,,,,,,,,,,,,,,,,
2022_2023,R5,d100_b4,100,4,0.723152,0.244323,0.253293,0.711843,0.577118,0.735964,1.12778,0.190634,0.314046,0.244105,0.053223,0.248125,0.683956,0.0222249,1.78052,0.950924,18.1776,0.632966,14.6848,200.071,3.32689,4.24643,1.2495,-0.420791,0.946511,0.958591,0.898778,1.78052,-174.119,10302.5,0.661305,0.428304,0.497179,1.09963,0.468375,0.805434,0.308397,0.4971,1.5758,0.648263,0.805481,0.251981,0.496914,1.85999,0.733351,0.805565,,,,,,,,,,,,,,,,,,,,,,,,,,,,,,,,,
2022_2023,R5,d200_b1,200,1,0.728347,0.249355,0.269734,0.783336,0.576221,8.17348,1.55654,0.189133,0.309714,0.243078,0.0491255,0.244737,0.677835,0.0225967,1.83222,0.94956,18.1491,0.630011,14.5475,196.863,3.32158,4.25277,1.2608,-0.417339,0.945379,0.958349,0.911172,1.83222,-168.433,10232.7,0.659239,0.425832,0.508753,1.10966,0.468809,0.803007,0.307441,0.508484,1.5891,0.645171,0.803104,0.252091,0.508354,1.87516,0.728591,0.803135,,,,,,,,,,,,,,,,,,,,,,,,,,,,,,,,,
2022_2023,R5,d200_b2,200,2,0.703003,0.248182,0.255515,0.724023,0.55102,0.28796,2.15472,0.165704,0.307429,0.237702,0.0525218,0.244363,0.660352,0.0226368,1.73469,0.953042,18.4547,0.638338,14.0106,185.969,3.34005,4.24437,1.2391,-0.430245,0.949867,0.959713,0.882558,1.73469,-97.3661,10219.2,0.66609,0.435529,0.487145,1.0845,0.463092,0.808146,0.316951,0.486811,1.55279,0.643066,0.808271,0.260525,0.486738,1.83348,0.73,0.808293,,,,,,,,,,,,,,,,,,,,,,,,,,,,,,,,,
2022_2023,R5,d200_b3,200,3,0.727023,0.253389,0.266355,0.763284,0.576738,1.89314,1.57885,0.182597,0.308262,0.240052,0.0529449,0.243578,0.669082,0.0199975,1.9369,0.946112,17.9753,0.618029,14.4062,192.212,3.35013,4.31116,1.28256,-0.406782,0.943016,0.951694,0.947328,1.9369,-125.741,9923.95,0.648874,0.414178,0.530517,1.13334,0.486965,0.797375,0.293083,0.530404,1.62558,0.666568,0.797413,0.23605,0.530289,1.92026,0.74987,0.797429,,,,,,,,,,,,,,,,,,,,,,,,,,,,,,,,,
2022_2023,R5,d200_b4,200,4,0.775861,0.291591,0.331358,1.05687,0.618708,2.54747,7.23523,0.182566,0.297991,0.24197,0.0445153,0.230555,0.669551,0.0209819,1.56357,0.953248,16.7283,0.647394,15.0034,201.521,3.33657,4.20966,1.19879,-0.435351,0.95063,0.95891,0.841804,1.56357,-166.256,9264.55,0.672787,0.437059,0.450635,1.06988,0.47076,0.814645,0.312413,0.450672,1.5402,0.662234,0.814658,0.252103,0.45065,1.82598,0.749382,0.814654,,,,,,,,,,,,,,,,,,,,,,,,,,,,,,,,,
2022_2023,R5,d300_b1,300,1,0.737987,0.255425,0.295253,0.88623,0.578514,0.977399,1.47435,0.181164,0.30046,0.241097,0.047069,0.231593,0.667956,0.0230758,1.75663,0.952296,18.4226,0.634141,14.3562,193.675,3.32406,4.23655,1.24507,-0.424712,0.947713,0.960116,0.893324,1.75663,-152.123,10307,0.662402,0.432356,0.490959,1.09375,0.46099,0.807049,0.313237,0.490811,1.56676,0.641635,0.807116,0.257106,0.490784,1.84902,0.727718,0.807137,,,,,,,,,,,,,,,,,,,,,,,,,,,,,,,,,
2022_2023,R5,d300_b2,300,2,0.761196,0.282084,0.313518,0.97408,0.620013,0.413242,0.906517,0.183108,0.313006,0.246156,0.0507838,0.248532,0.689917,0.0203202,1.80643,0.946762,17.0023,0.624261,15.5648,216.38,3.32191,4.26055,1.25479,-0.408624,0.942207,0.956627,0.917868,1.80643,-223.873,9868.61,0.653428,0.414152,0.506027,1.13,0.478333,0.800483,0.293562,0.505948,1.61541,0.657106,0.800543,0.237651,0.505902,1.90304,0.73838,0.800569,,,,,,,,,,,,,,,,,,,,,,,,,,,,,,,,,
2022_2023,R5,d300_b3,300,3,0.75054,0.269144,0.320452,1.00752,0.59691,0.895987,1.33479,0.169766,0.298143,0.23616,0.0495551,0.232763,0.657178,0.0202306,1.76836,0.947706,16.9071,0.630983,14.508,190.58,3.3405,4.26873,1.24685,-0.416472,0.945574,0.95487,0.900386,1.76836,-130.427,9208.99,0.659349,0.421619,0.496469,1.11281,0.47102,0.804176,0.299723,0.496629,1.59404,0.655397,0.804156,0.241844,0.496656,1.8823,0.741379,0.804137,,,,,,,,,,,,,,,,,,,,,,,,,,,,,,,,,
2022_2023,R5,d300_b4,300,4,0.779093,0.278351,0.337571,1.07795,0.615616,-1.2052,0.567324,0.181939,0.295805,0.241933,0.0466067,0.223072,0.667761,0.0211797,1.7734,0.948352,17.1699,0.633444,14.6318,194.577,3.33341,4.25725,1.24753,-0.418643,0.946038,0.955747,0.896835,1.7734,-143.356,9557.92,0.661636,0.425876,0.495894,1.10338,0.480251,0.805852,0.30305,0.495953,1.58759,0.665537,0.805852,0.244278,0.495917,1.88159,0.750296,0.805854,,,,,,,,,,,,,,,,,,,,,,,,,,,,,,,,,
2022_2023,R5,d400_b1,400,1,0.759021,0.276843,0.335092,1.07492,0.602188,-0.10523,1.39154,0.174764,0.299238,0.241913,0.0477556,0.229341,0.671951,0.0216571,1.71026,0.951752,17.7289,0.63982,14.735,199.196,3.33382,4.23722,1.23198,-0.426961,0.948499,0.959896,0.875593,1.71026,-166.304,9988.51,0.666961,0.433346,0.482441,1.08764,0.455743,0.809472,0.313584,0.482382,1.5565,0.639184,0.809513,0.256637,0.482384,1.83529,0.727666,0.809542,,,,,,,,,,,,,,,,,,,,,,,,,,,,,,,,,
2022_2023,R5,d400_b2,400,2,0.750327,0.270213,0.314017,0.97393,0.599083,-1.88912,1.24196,0.1739,0.302952,0.240547,0.0492662,0.237723,0.669531,0.0207674,1.72678,0.949952,17.271,0.633347,14.7957,198.701,3.33674,4.2525,1.23762,-0.42162,0.946986,0.958646,0.890072,1.72678,-157.791,9659.66,0.66128,0.426634,0.484488,1.1018,0.464704,0.806543,0.306085,0.484433,1.57733,0.647346,0.806576,0.249263,0.48444,1.86001,0.733652,0.80659,,,,,,,,,,,,,,,,,,,,,,,,,,,,,,,,,
2022_2023,R5,d400_b3,400,3,0.751647,0.270036,0.305348,0.93799,0.595837,0.470553,1.7669,0.174822,0.301843,0.241183,0.0487146,0.234412,0.671798,0.0216063,1.87123,0.949046,18.3596,0.626093,14.7468,201.952,3.32824,4.268,1.26891,-0.413256,0.944297,0.957166,0.923643,1.87123,-189.589,10393.4,0.655792,0.420315,0.517126,1.12207,0.467492,0.800883,0.30244,0.516854,1.60233,0.643154,0.800973,0.247809,0.516911,1.88513,0.727257,0.800963,,,,,,,,,,,,,,,,,,,,,,,,,,,,,,,,,
2022_2023,R5,d400_b4,400,4,0.785892,0.297924,0.347641,1.13481,0.631438,9.12138,4.95043,0.183233,0.298929,0.244698,0.0451841,0.229687,0.678688,0.0199472,1.82203,0.945797,16.7982,0.623511,15.319,209.697,3.32664,4.27052,1.25899,-0.407254,0.942006,0.954833,0.921724,1.82203,-196.147,9520.01,0.653043,0.410318,0.509825,1.13785,0.485702,0.799305,0.287669,0.509932,1.63101,0.665721,0.799284,0.231135,0.509797,1.92298,0.745983,0.799331,,,,,,,,,,,,,,,,,,,,,,,,,,,,,,,,,
2023_2024,V6,1,0,1,0.509272,0.305187,0.0948162,0.212733,0.484009,0.616226,0.326716,0.189571,0.386846,0.236653,0.12338,0.334245,0.744359,0.0132203,2.74238,0.909977,15.2316,0.526698,16.0235,218.534,3.36055,4.52642,1.41939,-0.321971,0.907719,0.911587,1.23093,2.74238,-137.214,7609.69,0.57289,0.321906,0.72569,1.33776,0.611516,0.737096,0.200731,0.726964,1.90272,0.742125,0.736912,0.150917,0.727579,2.22856,0.789957,0.736733,0.0159012,2.37033,0.902384,12.1411,0.547808,13.4514,149.615,3.28185,4.39815,1.35744,-0.321061,0.902229,0.902931,1.13843,2.37033,13.3344,5454.19,0.589057,0.330564,0.63997,1.30877,0.536312,0.754475,0.207969,0.641837,1.85413,0.692176,0.753997,0.157208,0.642202,2.16094,0.756841,0.753799
2023_2024,V6,119,0,2,0.506555,0.219191,0.0880654,0.195671,0.48002,0.710123,0.445926,0.24308,0.407467,0.234444,0.142258,0.360599,0.750775,0.0127407,2.82352,0.91257,16.1474,0.528841,15.4148,206.549,3.3822,4.55691,1.43384,-0.325233,0.910848,0.916192,1.23756,2.82352,-93.9792,8018.22,0.574881,0.329754,0.742089,1.3234,0.607881,0.737901,0.208782,0.744122,1.88471,0.744714,0.73749,0.156912,0.746052,2.21405,0.797816,0.736993,0.0136428,2.79355,0.904602,14.6415,0.529465,14.455,179.111,3.34922,4.53207,1.42543,-0.314581,0.903224,0.906269,1.23011,2.79355,-54.4512,7044.23,0.574426,0.325428,0.728503,1.33715,0.542701,0.74181,0.206312,0.734961,1.89743,0.69349,0.740438,0.154477,0.740038,2.2246,0.763474,0.73928
2023_2024,V6,123,0,3,0.4746,0.232115,0.0908494,0.201789,0.467601,0.655904,0.369661,0.239845,0.434916,0.231034,0.16593,0.411748,0.762762,0.011624,3.22544,0.896424,15.5704,0.50403,15.1603,197.765,3.38282,4.62137,1.48932,-0.30009,0.896879,0.897783,1.34036,3.22544,-38.4012,7355.15,0.555491,0.311456,0.831305,1.37288,0.630432,0.719951,0.1947,0.825686,1.94165,0.74921,0.720852,0.148141,0.822216,2.26406,0.787735,0.721552,0.0155091,2.63601,0.888519,11.8227,0.536034,14.0922,161.742,3.27154,4.43871,1.401,-0.299684,0.889293,0.888882,1.196,2.63601,-12.5064,5174.13,0.57961,0.321443,0.693803,1.33507,0.533536,0.745199,0.203562,0.694485,1.8801,0.678411,0.744928,0.15598,0.693421,2.1805,0.740544,0.744936
2023_2024,V6,132,0,4,0.538542,0.216447,0.101113,0.228417,0.498352,0.791835,0.516046,0.237874,0.385849,0.227522,0.126147,0.346151,0.716274,0.0140857,2.53207,0.920441,15.9132,0.554469,14.7171,189.648,3.38008,4.49384,1.39354,-0.346793,0.92099,0.923263,1.15091,2.53207,-7.7069,7832.66,0.596396,0.352198,0.674136,1.27492,0.58734,0.75438,0.228308,0.679331,1.83153,0.740662,0.753175,0.172641,0.682324,2.16831,0.802674,0.752488,0.0147757,2.88042,0.891304,13.2499,0.528825,14.6476,178.738,3.30655,4.50566,1.43912,-0.298752,0.891364,0.895447,1.24217,2.88042,-56.4991,6319.5,0.574143,0.316349,0.747271,1.36572,0.545847,0.738571,0.198262,0.75249,1.93974,0.695368,0.737522,0.148161,0.755587,2.27086,0.760738,0.736807
2023_2024,V6,15,50,1,0.53072,0.329731,0.131234,0.306772,0.496529,0.693711,0.353121,0.160446,0.361171,0.221416,0.119022,0.308516,0.692307,0.0135378,2.5786,0.913474,14.9008,0.539462,14.924,190.722,3.36128,4.50514,1.39526,-0.331041,0.912454,0.915981,1.1842,2.5786,-69.4945,7205.12,0.583104,0.331925,0.688636,1.31719,0.597584,0.745164,0.209128,0.691287,1.87907,0.743741,0.74457,0.15644,0.692771,2.20793,0.80085,0.744335,0.0179803,2.16834,0.906692,11.6192,0.568051,11.9621,120.291,3.24535,4.31173,1.32357,-0.332281,0.905872,0.907311,1.07166,2.16834,95.393,5536.72,0.605607,0.351288,0.58611,1.25676,0.517177,0.768192,0.228567,0.585609,1.77811,0.680636,0.768179,0.17499,0.586996,2.07717,0.752456,0.767985
2023_2024,V6,118,50,2,0.52666,0.278193,0.132451,0.310683,0.496499,0.747509,0.420551,0.196008,0.379802,0.226664,0.126751,0.333549,0.714607,0.012822,2.74753,0.911624,15.5445,0.528093,15.6805,210.877,3.37411,4.54424,1.41956,-0.32326,0.909177,0.913141,1.22861,2.74753,-108.183,7693.52,0.573731,0.321122,0.724177,1.34068,0.612996,0.738087,0.199282,0.725335,1.9104,0.749377,0.737882,0.148525,0.725495,2.24305,0.797962,0.737935,0.0171706,2.28803,0.903037,11.7985,0.560041,12.8502,136.767,3.26579,4.3596,1.3426,-0.325648,0.903632,0.90342,1.10232,2.28803,53.8873,5390.16,0.598646,0.345546,0.618406,1.26999,0.520415,0.762946,0.22291,0.617111,1.7983,0.67961,0.763042,0.170435,0.61542,2.09879,0.746321,0.763163
2023_2024,V6,126,50,3,0.554856,0.254065,0.128631,0.300855,0.520058,0.963772,0.526467,0.212709,0.387997,0.225404,0.121359,0.351825,0.70993,0.0137334,2.44765,0.921602,15.6104,0.551542,15.2462,200.912,3.37531,4.48802,1.3765,-0.346272,0.920506,0.925122,1.14355,2.44765,-78.0688,7767.48,0.593264,0.343914,0.659178,1.28684,0.587292,0.753117,0.220188,0.66335,1.84177,0.739399,0.752225,0.166033,0.665566,2.17248,0.799477,0.751645,0.0155005,2.48193,0.903641,12.8786,0.54702,13.9112,161.478,3.30712,4.44,1.37712,-0.320942,0.903788,0.904076,1.15436,2.48193,-11.5353,5899.56,0.588482,0.332702,0.657017,1.30824,0.523179,0.754106,0.213649,0.658383,1.84687,0.678198,0.753854,0.162506,0.659379,2.15714,0.750503,0.753514
2023_2024,V6,131,50,4,0.536064,0.288891,0.140329,0.333904,0.492599,0.728358,0.432329,0.175802,0.353728,0.219221,0.113996,0.3024,0.674494,0.0134618,2.58412,0.919431,16.0368,0.546341,14.886,193.887,3.3828,4.51776,1.39875,-0.339842,0.917988,0.921842,1.17258,2.58412,-58.9879,8072.57,0.589089,0.341216,0.687197,1.29699,0.595261,0.749827,0.219461,0.689779,1.85455,0.739795,0.749246,0.166224,0.692202,2.18869,0.797797,0.748691,0.0153808,2.5415,0.901977,12.9638,0.5421,13.4407,152.076,3.3035,4.44631,1.387,-0.316964,0.901467,0.902377,1.17173,2.5415,6.69255,5979.47,0.584675,0.331414,0.664845,1.31234,0.545435,0.752854,0.210297,0.663421,1.85986,0.695529,0.752887,0.15913,0.663532,2.17373,0.759971,0.752824
2023_2024,V6,43,100,1,0.513408,0.332794,0.136535,0.321882,0.494026,0.717066,0.314899,0.164972,0.384876,0.228108,0.13572,0.333005,0.723647,0.0122807,3.02487,0.902468,15.5071,0.509577,15.8043,213.586,3.37115,4.58427,1.45806,-0.306805,0.900063,0.903186,1.30112,3.02487,-109.364,7482.97,0.558891,0.305424,0.790385,1.38205,0.635015,0.724895,0.185565,0.788353,1.96315,0.760308,0.725196,0.137551,0.785142,2.29535,0.803244,0.725664,0.0192362,2.0053,0.9074,10.8277,0.576457,12.0291,118.974,3.21616,4.24857,1.28927,-0.337245,0.906391,0.907987,1.03255,2.0053,89.1373,5100.24,0.611751,0.356954,0.554912,1.23502,0.508448,0.775165,0.232177,0.552228,1.74741,0.67684,0.77564,0.178955,0.55099,2.03387,0.744815,0.775938
2023_2024,V6,117,100,2,0.514226,0.296826,0.131729,0.308747,0.495374,0.9734,0.371769,0.186643,0.393931,0.224996,0.141204,0.353004,0.717461,0.0118546,3.06122,0.902009,15.62,0.50961,15.2691,200.713,3.38242,4.59983,1.46563,-0.307759,0.901296,0.902739,1.30762,3.06122,-46.3643,7358.59,0.559585,0.310507,0.795637,1.37774,0.635065,0.723597,0.191869,0.794646,1.95968,0.762061,0.723575,0.143496,0.792104,2.29733,0.80535,0.724022,0.0177813,2.17397,0.907133,11.7048,0.56559,12.4406,128.953,3.25871,4.3282,1.32235,-0.332483,0.906643,0.907336,1.07689,2.17397,75.0329,5460.75,0.60306,0.350691,0.593184,1.25517,0.517546,0.767254,0.227342,0.592072,1.775,0.682045,0.767417,0.173926,0.591741,2.07188,0.754039,0.767435
2023_2024,V6,122,100,3,0.52467,0.273262,0.142149,0.33779,0.497201,0.827558,0.433633,0.192988,0.383445,0.221417,0.136391,0.340397,0.70611,0.0127598,2.81672,0.90846,15.3852,0.527568,15.3088,201.187,3.37305,4.55799,1.43036,-0.318101,0.906461,0.909854,1.23803,2.81672,-85.5839,7501.3,0.57323,0.319968,0.739669,1.34555,0.613995,0.73701,0.196407,0.740892,1.92036,0.757469,0.736667,0.144472,0.739643,2.25738,0.808475,0.736963,0.0171657,2.20513,0.90813,12.0013,0.564774,12.4171,129.519,3.26733,4.34343,1.32989,-0.333667,0.907956,0.9085,1.08271,2.20513,71.0595,5562.37,0.602923,0.345653,0.599243,1.27015,0.524613,0.76555,0.222175,0.599097,1.7982,0.688968,0.765545,0.168859,0.598221,2.10022,0.75734,0.765532
2023_2024,V6,130,100,4,0.553628,0.280774,0.154459,0.375153,0.494585,0.799508,0.489539,0.170691,0.3303,0.210556,0.105242,0.280758,0.63912,0.0138241,2.48602,0.920195,15.5756,0.552863,14.4968,183.505,3.37528,4.49475,1.3845,-0.344244,0.91963,0.922522,1.147,2.48602,-23.935,7642.9,0.594717,0.345854,0.664125,1.28326,0.597804,0.753304,0.222669,0.665485,1.83821,0.746148,0.75292,0.168252,0.665543,2.16967,0.805157,0.752881,0.0174233,2.2757,0.90514,11.9951,0.564307,12.5405,131.799,3.2618,4.34855,1.3433,-0.328938,0.905257,0.905644,1.09368,2.2757,54.865,5613.96,0.602552,0.3478,0.612721,1.27023,0.520694,0.765262,0.225674,0.612471,1.80016,0.684211,0.765212,0.172375,0.611819,2.10531,0.75361,0.765194
2023_2024,V6,57,200,1,0.537069,0.3617,0.150822,0.362329,0.511231,0.705106,0.31855,0.150566,0.367876,0.231123,0.119038,0.306588,0.713875,0.0118599,3.21133,0.896457,15.5073,0.492699,15.9817,217.879,3.36977,4.60589,1.47935,-0.297939,0.894768,0.897264,1.36012,3.21133,-120.022,7524.36,0.545421,0.296645,0.827062,1.40803,0.64407,0.714556,0.178057,0.825971,1.99551,0.766189,0.714777,0.130731,0.823575,2.33201,0.807618,0.715299,0.0195757,1.95335,0.912898,11.213,0.581823,11.5389,112.016,3.22515,4.24109,1.27903,-0.345094,0.910745,0.91355,1.01488,1.95335,139.22,5553.5,0.616284,0.364872,0.543207,1.21472,0.502754,0.777484,0.240125,0.540727,1.71621,0.671795,0.777894,0.186229,0.53958,1.99755,0.742093,0.778187
2023_2024,V6,116,200,2,0.514735,0.32948,0.136077,0.320866,0.493028,0.689997,0.323792,0.162258,0.379668,0.224383,0.135244,0.327921,0.710039,0.0127328,2.78177,0.908604,15.2183,0.528729,15.5111,205.429,3.37285,4.54777,1.42603,-0.320701,0.907718,0.909285,1.23192,2.78177,-77.7436,7228.63,0.574442,0.323031,0.732417,1.33609,0.619302,0.73807,0.201939,0.733374,1.90237,0.753682,0.737852,0.153011,0.730722,2.2278,0.799758,0.738384,0.0175321,2.18897,0.907544,11.8378,0.567992,12.7107,134.41,3.26362,4.33423,1.32792,-0.334667,0.908204,0.909119,1.07447,2.18897,47.612,5413.66,0.605729,0.351287,0.59845,1.2588,0.513603,0.766241,0.230034,0.598221,1.77649,0.674791,0.76628,0.176923,0.598849,2.07123,0.746191,0.765987
2023_2024,V6,121,200,3,0.536206,0.268193,0.150545,0.364994,0.498736,0.797421,0.473078,0.189569,0.367449,0.220445,0.122119,0.322658,0.687513,0.0131963,2.59518,0.921847,16.6031,0.543364,15.1242,201.483,3.39112,4.52354,1.40034,-0.341725,0.919241,0.923326,1.17974,2.59518,-75.021,8252.59,0.586721,0.336449,0.688216,1.3063,0.599223,0.748203,0.213668,0.690315,1.86768,0.746905,0.747664,0.160401,0.691011,2.20215,0.804312,0.747507,0.0192995,2.10817,0.905255,11.1255,0.575619,11.6536,113.529,3.21945,4.2637,1.31149,-0.333705,0.904836,0.905597,1.04844,2.10817,111.845,5419.67,0.611588,0.3576,0.576093,1.23767,0.513309,0.773968,0.233015,0.574071,1.75507,0.680532,0.774266,0.179033,0.572461,2.05009,0.749833,0.774546
2023_2024,V6,133,200,4,0.560552,0.242358,0.141366,0.336219,0.514401,0.924623,0.577495,0.20586,0.372389,0.2196,0.11569,0.333853,0.682246,0.0143779,2.24008,0.929233,15.8272,0.567326,14.9664,195.31,3.38009,4.44955,1.34061,-0.362985,0.927899,0.932863,1.08514,2.24008,-66.655,7992.95,0.6058,0.3664,0.608704,1.23326,0.566837,0.766235,0.243038,0.611455,1.76769,0.725792,0.76573,0.186805,0.613235,2.09166,0.793257,0.76522,0.0159173,2.51259,0.901312,12.7299,0.547759,13.2277,147.053,3.29558,4.42973,1.38183,-0.318227,0.901639,0.902219,1.15593,2.51259,15.956,5830.69,0.589186,0.334912,0.660088,1.29842,0.53279,0.754795,0.215789,0.657472,1.82917,0.682354,0.755344,0.16585,0.657435,2.13237,0.745581,0.755359
2023_2024,V6,71,300,1,0.512795,0.369135,0.134039,0.314645,0.501172,0.653852,0.253257,0.150928,0.394731,0.235412,0.13561,0.333094,0.747233,0.0122561,3.27501,0.889623,14.8355,0.495649,16.2699,222.939,3.35201,4.60193,1.4915,-0.288562,0.887774,0.890075,1.36204,3.27501,-135.198,7153.82,0.548103,0.29529,0.84026,1.40504,0.645686,0.716167,0.177181,0.835193,1.99038,0.759591,0.717047,0.131386,0.830109,2.32128,0.798047,0.717913,0.0184124,2.129,0.905455,11.2592,0.568832,12.0082,119.787,3.24008,4.29751,1.31489,-0.332069,0.905179,0.906061,1.06465,2.129,103.337,5219.79,0.605917,0.349117,0.584989,1.25377,0.522106,0.767111,0.226081,0.581176,1.76786,0.686749,0.767788,0.174389,0.579568,2.05704,0.754164,0.768264
2023_2024,V6,114,300,2,0.538442,0.272431,0.146512,0.351208,0.504603,0.805226,0.465814,0.192127,0.373548,0.219332,0.127,0.332593,0.686175,0.0134207,2.49112,0.920019,15.5732,0.548676,15.0142,195.143,3.38059,4.50245,1.38387,-0.342381,0.91887,0.920813,1.15497,2.49112,-39.4537,7525.67,0.59102,0.337386,0.667,1.30329,0.594895,0.750371,0.213399,0.668785,1.8646,0.746385,0.749787,0.160132,0.66833,2.19633,0.802631,0.749825,0.0171671,2.30875,0.902621,11.8544,0.56048,12.7139,134.405,3.26423,4.35805,1.34678,-0.325839,0.903691,0.903854,1.10406,2.30875,48.3377,5395.41,0.599202,0.341946,0.628346,1.28261,0.527314,0.761451,0.220526,0.626226,1.81354,0.685958,0.761782,0.168838,0.624885,2.11471,0.751717,0.761894
2023_2024,V6,125,300,3,0.525639,0.243181,0.134426,0.31715,0.489251,0.875212,0.494027,0.198133,0.379108,0.215593,0.129943,0.343459,0.688078,0.0138555,2.37129,0.92587,15.9942,0.558794,14.7202,190.093,3.38492,4.48079,1.36493,-0.35395,0.924346,0.927732,1.11985,2.37129,-39.4708,7807.19,0.599355,0.355543,0.638486,1.26099,0.570971,0.757408,0.232218,0.641764,1.80295,0.727464,0.756623,0.176463,0.644665,2.12941,0.791665,0.755867,0.0184842,2.21697,0.902895,11.4153,0.56854,12.3333,126.121,3.24057,4.31253,1.33164,-0.328089,0.903299,0.903353,1.07663,2.21697,74.5293,5360.79,0.605878,0.356427,0.598628,1.24441,0.508453,0.768317,0.23441,0.596962,1.75795,0.669978,0.768577,0.181175,0.596789,2.05181,0.738783,0.768559
2023_2024,V6,127,300,4,0.525743,0.254617,0.142632,0.340929,0.494454,0.829934,0.471179,0.197779,0.380079,0.218157,0.13429,0.33813,0.690705,0.0122272,2.94706,0.905953,15.668,0.511867,15.3692,203.49,3.37903,4.5801,1.4466,-0.313174,0.904123,0.906906,1.2862,2.94706,-78.5698,7661.71,0.560719,0.305106,0.769826,1.37923,0.642129,0.726408,0.184534,0.769037,1.96172,0.769773,0.726475,0.135176,0.767574,2.30178,0.814097,0.726881,0.0158824,2.55616,0.894878,12.1581,0.543007,13.4364,149.195,3.28164,4.43004,1.38755,-0.309232,0.895652,0.895319,1.17082,2.55616,20.0558,5488.29,0.58506,0.325455,0.678095,1.32477,0.544884,0.74974,0.205312,0.676168,1.87129,0.698157,0.750099,0.15482,0.674338,2.18295,0.761333,0.750358
2023_2024,V6,85,400,1,0.527024,0.304278,0.139668,0.331064,0.499492,0.74637,0.388869,0.177215,0.378093,0.219808,0.129627,0.33588,0.696788,0.0145535,2.48704,0.904723,13.0516,0.545613,15.1709,190.074,3.32381,4.46093,1.37833,-0.323039,0.905921,0.906275,1.15785,2.48704,-26.8254,6002.51,0.587513,0.330136,0.669484,1.30555,0.599527,0.749744,0.207112,0.666929,1.85319,0.738117,0.750275,0.156403,0.664999,2.16361,0.786666,0.750487,0.0182076,2.20929,0.902449,11.3237,0.563721,11.9471,118.926,3.23845,4.31261,1.32822,-0.325882,0.901907,0.902789,1.08454,2.20929,108.783,5336.36,0.601558,0.3461,0.600035,1.26553,0.519162,0.765873,0.223723,0.597512,1.78444,0.679837,0.766164,0.171876,0.596037,2.07378,0.746829,0.76636
2023_2024,V6,113,400,2,0.526666,0.279287,0.140192,0.331763,0.50256,0.829675,0.430295,0.195109,0.391921,0.227129,0.136768,0.345787,0.723975,0.0134524,2.60461,0.917376,15.7618,0.539581,16.0135,220.321,3.36922,4.50448,1.40065,-0.335903,0.915276,0.921061,1.18809,2.60461,-141.436,8019.83,0.583523,0.329327,0.696029,1.32029,0.603895,0.744328,0.206568,0.698764,1.88352,0.747906,0.743816,0.153741,0.700031,2.21562,0.803619,0.743472,0.0178835,2.12728,0.91003,11.8221,0.57035,12.828,136.654,3.2628,4.32056,1.31425,-0.33866,0.910059,0.9105,1.0616,2.12728,41.6405,5466.71,0.606984,0.351469,0.584503,1.25413,0.511125,0.769474,0.228806,0.584427,1.77478,0.676276,0.769427,0.175482,0.58374,2.07235,0.747586,0.76947
2023_2024,V6,124,400,3,0.538481,0.234311,0.143725,0.342942,0.500916,0.923559,0.533798,0.208453,0.38071,0.221899,0.126735,0.337888,0.699781,0.0137393,2.46638,0.925346,16.5187,0.550937,15.4509,209.213,3.38426,4.49273,1.37784,-0.349229,0.922263,0.927772,1.14723,2.46638,-117.622,8446.44,0.592277,0.346258,0.656428,1.27785,0.59055,0.755579,0.223643,0.657798,1.82772,0.738549,0.755328,0.169591,0.658325,2.15628,0.798893,0.755222,0.0163016,2.42034,0.90353,12.5445,0.551688,12.7142,136.648,3.28602,4.40073,1.3662,-0.323694,0.904011,0.904454,1.13557,2.42034,48.3298,5787.44,0.592492,0.337948,0.645297,1.29159,0.538434,0.756948,0.21631,0.641979,1.82778,0.696678,0.757502,0.164533,0.63998,2.13412,0.76222,0.757974
2023_2024,V6,128,400,4,0.524392,0.234065,0.143971,0.345086,0.493316,0.898444,0.499046,0.209739,0.38473,0.214948,0.138349,0.351203,0.683211,0.0129099,2.74035,0.910915,15.3806,0.535455,14.8864,191.229,3.37782,4.54499,1.42136,-0.325283,0.910444,0.911604,1.21342,2.74035,-28.84,7379.82,0.579993,0.326805,0.719858,1.33128,0.606196,0.741852,0.204615,0.720715,1.90215,0.749016,0.741462,0.15318,0.720344,2.2375,0.801337,0.741424,0.0165059,2.35703,0.903355,12.1942,0.553912,13.1136,143.124,3.27974,4.38799,1.35646,-0.323731,0.903536,0.903943,1.12443,2.35703,28.4693,5546.39,0.594091,0.337699,0.631792,1.2947,0.529692,0.758595,0.216004,0.630843,1.8318,0.686718,0.758613,0.164782,0.630127,2.13567,0.752328,0.758723
2023_2024,V8,1,0,1,0.570343,0.241411,0.128384,0.303607,0.521632,1.34169,0.546298,0.231471,0.365885,0.234116,0.105943,0.311433,0.714733,0.0160607,1.80175,0.948528,17.5023,0.604469,14.4301,189.873,3.39993,4.34043,1.25752,-0.414646,0.946961,0.950151,0.955473,1.80175,-40.763,8983.72,0.636748,0.397077,0.506958,1.15506,0.540703,0.789226,0.271026,0.507974,1.65883,0.718903,0.788956,0.210579,0.508688,1.96951,0.796421,0.788715,0.0148971,2.7253,0.904145,14.2157,0.547613,12.7273,142.417,3.33156,4.48744,1.41729,-0.321645,0.906051,0.906882,1.18443,2.7253,71.343,6880.88,0.589716,0.335955,0.71405,1.32111,0.520554,0.75123,0.217189,0.713957,1.873,0.684834,0.751361,0.165774,0.714454,2.1915,0.757385,0.751369
2023_2024,V8,119,0,2,0.627842,0.171996,0.163586,0.401419,0.556571,0.547994,0.762604,0.277686,0.351918,0.237015,0.0949575,0.298608,0.703501,0.0213369,2.14785,0.949863,21.4197,0.609404,13.1294,178.964,3.36041,4.28455,1.33085,-0.418014,0.946621,0.951305,0.998824,2.14785,92.1379,11377.3,0.644411,0.415674,0.577234,1.14157,0.54115,0.786488,0.294183,0.577694,1.64344,0.719384,0.786313,0.233644,0.578034,1.95718,0.804311,0.786188,0.0163147,2.68891,0.91154,15.1985,0.560408,12.5747,143.496,3.33402,4.4632,1.41406,-0.335349,0.913461,0.916144,1.15505,2.68891,57.9436,7567.98,0.6012,0.3457,0.703919,1.3074,0.523103,0.757486,0.226786,0.704151,1.86055,0.689463,0.757501,0.173837,0.704128,2.18294,0.764777,0.757499
2023_2024,V8,123,0,3,0.631555,0.178931,0.170605,0.420969,0.563481,0.682048,0.764333,0.278708,0.353774,0.237516,0.0922423,0.308127,0.705109,0.0232228,2.08433,0.953445,22.3857,0.610539,12.9171,179.025,3.34809,4.24752,1.3199,-0.425074,0.948166,0.954834,0.987346,2.08433,123.904,12243.8,0.645066,0.425585,0.56187,1.12381,0.528473,0.789011,0.307291,0.562206,1.616,0.703562,0.788925,0.248508,0.562529,1.92325,0.788031,0.788803,0.0169385,2.50783,0.914391,14.6469,0.568512,12.0604,132.488,3.3192,4.41909,1.38714,-0.341554,0.915428,0.916584,1.11676,2.50783,103.262,7427.49,0.607811,0.357642,0.661685,1.27566,0.503519,0.764324,0.238309,0.661243,1.81311,0.673848,0.764414,0.183971,0.661503,2.12879,0.751586,0.764325
2023_2024,V8,132,0,4,0.650531,0.143485,0.180406,0.449051,0.569063,51.0234,0.855984,0.29723,0.351082,0.24117,0.085307,0.301476,0.708136,0.0236231,1.95241,0.956536,22.4599,0.629456,13.2953,186.915,3.34403,4.20884,1.29261,-0.439901,0.952286,0.957316,0.935291,1.95241,110.727,12158.7,0.661862,0.453701,0.524887,1.0655,0.50878,0.801256,0.338018,0.525053,1.53629,0.68566,0.801179,0.278848,0.525408,1.83288,0.773125,0.801052,0.0163536,2.7007,0.909706,14.955,0.558244,12.8429,147.64,3.32869,4.46281,1.41403,-0.332503,0.911771,0.915607,1.16006,2.7007,30.0593,7373.35,0.598972,0.349135,0.706129,1.29939,0.510998,0.758088,0.230606,0.706048,1.84721,0.67662,0.758112,0.177374,0.706334,2.16665,0.750832,0.758041
2023_2024,V8,15,50,1,0.711981,0.33787,0.196247,0.502436,0.629471,1.27311,0.738057,0.201586,0.321886,0.244634,0.0682156,0.257464,0.696535,0.0184845,1.79951,0.952822,19.0716,0.620926,15.2803,216.062,3.38177,4.2895,1.258,-0.425064,0.949355,0.954465,0.925572,1.79951,-177.567,10454.9,0.651115,0.418782,0.501599,1.11512,0.527234,0.79968,0.291741,0.501806,1.61345,0.714176,0.799658,0.2292,0.502126,1.92497,0.796733,0.79955,0.017687,2.3738,0.912111,13.5045,0.574156,11.4285,117.967,3.28457,4.36096,1.36403,-0.342396,0.913765,0.914137,1.08805,2.3738,133.296,6757.13,0.61199,0.358644,0.635256,1.26604,0.513146,0.76906,0.237368,0.634744,1.80223,0.682614,0.76918,0.182976,0.634523,2.11169,0.758148,0.769171
2023_2024,V8,118,50,2,0.682289,0.236701,0.205281,0.53373,0.601813,1.26317,0.815013,0.25174,0.33344,0.241656,0.0721039,0.281591,0.694231,0.0224675,1.86058,0.958026,22.1636,0.629352,14.0355,200.77,3.35949,4.21698,1.27408,-0.443756,0.953796,0.959533,0.920923,1.86058,-41.236,11968.3,0.660424,0.44144,0.511937,1.07997,0.515086,0.801473,0.321086,0.512119,1.55892,0.6985,0.80141,0.260662,0.512027,1.85921,0.782988,0.801436,0.0183172,2.35434,0.918168,14.3853,0.583008,11.5255,122.849,3.29983,4.36273,1.36254,-0.352659,0.919542,0.920169,1.06924,2.35434,135.23,7401.58,0.620108,0.375315,0.626942,1.2323,0.493546,0.774709,0.254942,0.626516,1.75523,0.669773,0.774859,0.199361,0.626537,2.06028,0.750136,0.774832
2023_2024,V8,126,50,3,0.691229,0.238787,0.213179,0.555385,0.605236,1.76757,0.837225,0.245928,0.32767,0.237234,0.0720608,0.278343,0.6755,0.023859,1.95355,0.956653,22.5337,0.624259,13.4935,191.209,3.34323,4.2121,1.29401,-0.43803,0.95174,0.957767,0.944118,1.95355,15.2198,12216.3,0.65692,0.437865,0.532998,1.09308,0.522929,0.796951,0.317688,0.53313,1.57693,0.707429,0.796883,0.256546,0.533284,1.88096,0.795588,0.796819,0.0173886,2.66043,0.912731,15.2426,0.564581,12.089,135.207,3.31989,4.43585,1.41247,-0.338275,0.914161,0.916043,1.14495,2.66043,83.9073,7639.55,0.605191,0.357818,0.696524,1.28293,0.506957,0.761475,0.238903,0.696792,1.82723,0.676293,0.761384,0.185205,0.696847,2.14376,0.754592,0.761329
2023_2024,V8,131,50,4,0.708131,0.273335,0.223094,0.59131,0.618953,0.664273,0.835707,0.231893,0.321529,0.240196,0.0638823,0.272489,0.675781,0.0217847,2.00031,0.954507,21.9847,0.627744,14.1001,201.308,3.35907,4.25341,1.30029,-0.430281,0.950201,0.955374,0.943506,2.00031,-36.7024,11734,0.659758,0.435359,0.541481,1.09553,0.516749,0.797608,0.313681,0.541691,1.58259,0.701523,0.797538,0.252881,0.541923,1.88629,0.787361,0.79748,0.0167631,2.60134,0.913782,15.0858,0.56605,11.936,131.861,3.3267,4.43603,1.40175,-0.340409,0.915392,0.916503,1.13335,2.60134,110.228,7470.64,0.60604,0.354143,0.685634,1.28671,0.509584,0.761826,0.234328,0.685175,1.83145,0.679537,0.761951,0.180564,0.685129,2.14647,0.755327,0.761969
2023_2024,V8,43,100,1,0.728673,0.31402,0.220896,0.58503,0.645573,1.00407,0.837424,0.215926,0.325098,0.246015,0.0663113,0.264427,0.702954,0.0203879,1.82608,0.954965,20.2741,0.626381,15.5623,228.026,3.36583,4.24741,1.26671,-0.433369,0.951114,0.956877,0.920912,1.82608,-226.802,11412.6,0.657238,0.42701,0.505719,1.10345,0.523501,0.799776,0.302562,0.505776,1.59358,0.709968,0.799747,0.240891,0.506002,1.89911,0.793964,0.799673,0.0167037,2.55305,0.908073,13.8863,0.564374,11.6961,123.466,3.30129,4.41212,1.39391,-0.332658,0.909973,0.909934,1.13058,2.55305,125.146,6926.68,0.60423,0.34859,0.676644,1.29683,0.517574,0.761418,0.228667,0.676397,1.84439,0.683708,0.761485,0.175658,0.676281,2.15981,0.75708,0.76151
2023_2024,V8,117,100,2,0.710109,0.295883,0.24204,0.660915,0.621346,0.788813,0.846579,0.20949,0.313005,0.236265,0.0647356,0.261742,0.665352,0.0238783,1.93164,0.957839,22.9081,0.630002,13.9589,202.403,3.34279,4.21021,1.28826,-0.438325,0.951788,0.959223,0.930644,1.93164,-45.744,12523.9,0.661876,0.446051,0.524812,1.07453,0.515731,0.80122,0.326951,0.524879,1.55217,0.697206,0.80121,0.266969,0.524702,1.8534,0.782016,0.801237,0.0193575,2.44148,0.915614,14.4662,0.57934,11.0958,116.44,3.28444,4.35375,1.37586,-0.347706,0.916499,0.917511,1.0866,2.44148,158.017,7568.9,0.617207,0.371234,0.646026,1.24596,0.488926,0.771673,0.252313,0.645663,1.7712,0.662404,0.771761,0.19773,0.645799,2.07617,0.741881,0.771749
2023_2024,V8,122,100,3,0.727135,0.269751,0.241054,0.653141,0.641281,-0.306449,0.904838,0.239012,0.326342,0.244406,0.0667212,0.270957,0.706404,0.0227788,1.87173,0.958054,22.311,0.633373,14.7587,217.476,3.3524,4.21624,1.2746,-0.440669,0.952748,0.959677,0.915044,1.87173,-158.191,12473.5,0.663932,0.445266,0.514136,1.0718,0.506148,0.804075,0.324396,0.514268,1.55077,0.691729,0.804046,0.263602,0.514169,1.85201,0.776829,0.804075,0.0191618,2.4621,0.913009,14.1515,0.580151,10.8553,111.562,3.27785,4.34713,1.37984,-0.3453,0.914903,0.915379,1.08832,2.4621,177.331,7365.09,0.618086,0.37141,0.652136,1.24609,0.501715,0.770934,0.251745,0.652008,1.77749,0.673055,0.770976,0.197502,0.651597,2.08532,0.751479,0.771028
2023_2024,V8,130,100,4,0.731746,0.333873,0.257489,0.723089,0.641196,-5.06971,0.850784,0.200344,0.310337,0.243311,0.0588532,0.255498,0.692654,0.0217794,1.84754,0.958267,22.1353,0.635382,14.7916,217.277,3.36425,4.22771,1.26956,-0.440993,0.95317,0.95904,0.908084,1.84754,-126.756,12163.2,0.665648,0.443721,0.508021,1.0721,0.507333,0.803211,0.321058,0.508057,1.54843,0.699481,0.803122,0.258643,0.508068,1.84777,0.787828,0.803079,0.0206304,2.23415,0.918267,13.6673,0.591907,10.4797,104.645,3.25403,4.28351,1.34133,-0.355346,0.918106,0.919337,1.03641,2.23415,194.514,7315.04,0.627412,0.385248,0.598851,1.20751,0.480557,0.780427,0.265892,0.598275,1.71615,0.65628,0.780507,0.21085,0.598061,2.00891,0.737548,0.780538
2023_2024,V8,57,200,1,0.7215,0.372326,0.240978,0.654575,0.635788,1.20411,0.768923,0.174719,0.304926,0.238979,0.0634607,0.240426,0.680789,0.0214925,1.72402,0.958877,20.9616,0.632484,14.8092,213.056,3.3666,4.2167,1.24372,-0.446394,0.954651,0.959954,0.894606,1.72402,-165.499,11690.6,0.661779,0.444036,0.481151,1.0689,0.506841,0.806438,0.320194,0.481396,1.54535,0.700323,0.806368,0.257296,0.481509,1.84435,0.78914,0.806318,0.0188484,2.43419,0.911801,13.7995,0.5725,10.8751,110.582,3.27125,4.34648,1.37474,-0.340738,0.912265,0.913304,1.09858,2.43419,175.967,7297.03,0.611188,0.361304,0.643819,1.2658,0.507157,0.767612,0.241695,0.64356,1.79913,0.678182,0.767686,0.187801,0.643801,2.10633,0.755554,0.767617
2023_2024,V8,116,200,2,0.724634,0.328166,0.257417,0.720393,0.640773,10.622,0.860209,0.198017,0.314516,0.240054,0.0654872,0.258584,0.694388,0.021731,1.85027,0.957704,21.8728,0.637352,15.0892,223.134,3.36344,4.22847,1.26797,-0.439924,0.952832,0.958717,0.904611,1.85027,-169.629,12129.8,0.667042,0.441628,0.512243,1.07527,0.507832,0.804398,0.317624,0.51242,1.55572,0.70088,0.804345,0.254746,0.51261,1.85731,0.788011,0.804282,0.020243,2.13238,0.921454,13.574,0.593921,10.6284,106.483,3.25821,4.27375,1.32263,-0.361849,0.921213,0.92289,1.01877,2.13238,197.591,7379.84,0.628643,0.381207,0.579658,1.21307,0.48726,0.781391,0.260254,0.579597,1.72745,0.66221,0.781316,0.204432,0.579685,2.02434,0.741854,0.781295
2023_2024,V8,121,200,3,0.7414,0.325096,0.266663,0.754914,0.656484,1.257,0.8926,0.212931,0.31926,0.246272,0.0597881,0.266483,0.716977,0.0232201,1.73795,0.960714,22.1194,0.642318,15.272,228.972,3.34591,4.18358,1.24573,-0.448417,0.954418,0.961821,0.879618,1.73795,-228.007,12677.9,0.671083,0.452844,0.483685,1.05056,0.498802,0.80982,0.330505,0.483804,1.52128,0.689766,0.809767,0.268612,0.483594,1.81818,0.777879,0.8098,0.0188933,2.52829,0.914596,14.802,0.570083,11.1235,117.976,3.29433,4.3808,1.39108,-0.343598,0.915186,0.917468,1.11608,2.52829,160.738,7637.06,0.609594,0.363274,0.665301,1.26661,0.511674,0.765416,0.244444,0.665085,1.80294,0.680577,0.765479,0.190631,0.664677,2.11356,0.757002,0.76551
2023_2024,V8,133,200,4,0.72872,0.286174,0.267799,0.763339,0.642682,1.36268,0.938331,0.224096,0.322168,0.243756,0.0610388,0.273753,0.704517,0.0236276,1.87894,0.959418,23.1498,0.63606,14.8212,222.523,3.34071,4.19557,1.27535,-0.441912,0.952598,0.960488,0.911258,1.87894,-147.535,12900.7,0.666465,0.449112,0.513516,1.06348,0.50331,0.804372,0.328302,0.513475,1.53702,0.691699,0.804379,0.266978,0.513483,1.83665,0.780266,0.804367,0.0190608,2.48275,0.920626,15.6395,0.578174,11.3169,124.146,3.3125,4.38607,1.38179,-0.352871,0.92049,0.922247,1.09412,2.48275,161.761,8098.86,0.616137,0.370399,0.655803,1.24806,0.494222,0.770005,0.251652,0.655633,1.77395,0.666098,0.770043,0.197347,0.655952,2.07774,0.744353,0.769939
2023_2024,V8,71,300,1,0.712365,0.298035,0.238439,0.644575,0.636262,0.612944,0.86145,0.216505,0.32913,0.241394,0.0722356,0.275389,0.711165,0.0218309,1.78257,0.957907,21.1743,0.631105,15.1239,221.257,3.36199,4.21459,1.25829,-0.445396,0.954269,0.959372,0.906538,1.78257,-198.051,11981.1,0.661608,0.440334,0.49507,1.07767,0.511246,0.803291,0.318343,0.495277,1.55545,0.697392,0.803183,0.257491,0.495315,1.85422,0.782034,0.803161,0.0195932,2.30832,0.914364,13.4774,0.582588,10.8136,108.631,3.2618,4.31492,1.35147,-0.347166,0.914755,0.915596,1.0624,2.30832,189.665,7290.09,0.619017,0.370901,0.618456,1.23902,0.494609,0.774952,0.250025,0.618035,1.76426,0.667102,0.775031,0.195402,0.617852,2.06613,0.743829,0.775074
2023_2024,V8,114,300,2,0.761495,0.327454,0.269004,0.769313,0.662428,1.83924,0.962009,0.208947,0.311026,0.24342,0.0555687,0.255065,0.697225,0.0208175,1.71284,0.958188,20.4826,0.641225,15.273,222.022,3.36487,4.22524,1.241,-0.441687,0.953334,0.959007,0.877601,1.71284,-194.032,11273.4,0.669903,0.447165,0.476944,1.05837,0.505076,0.809652,0.323667,0.477144,1.53312,0.694301,0.809591,0.261003,0.477302,1.83297,0.781594,0.809511,0.0195367,2.63689,0.910988,14.812,0.571033,10.9011,114.633,3.2839,4.37808,1.40723,-0.339579,0.912779,0.914344,1.12818,2.63689,172.434,7674.73,0.61071,0.365346,0.68884,1.26598,0.504425,0.764587,0.247429,0.688848,1.80296,0.671567,0.764551,0.193952,0.689103,2.11331,0.748742,0.764513
2023_2024,V8,125,300,3,0.727731,0.266028,0.25381,0.706104,0.638103,-0.642803,0.932256,0.235427,0.324214,0.241605,0.0640558,0.275632,0.704995,0.0228526,1.73105,0.960114,21.7,0.644806,14.4739,208.72,3.35399,4.18782,1.24427,-0.451307,0.955461,0.960716,0.874264,1.73105,-114.779,11789.8,0.673468,0.453542,0.481977,1.04769,0.498167,0.810516,0.329873,0.482109,1.51663,0.694529,0.810475,0.266158,0.482234,1.81323,0.785879,0.810432,0.0187283,2.38762,0.91842,14.6335,0.578199,11.0175,115.798,3.29407,4.35827,1.36724,-0.350048,0.917959,0.919342,1.08168,2.38762,182.391,7722.21,0.616052,0.367436,0.634309,1.2491,0.50086,0.771774,0.247258,0.633873,1.77749,0.673683,0.771846,0.192728,0.633661,2.08403,0.751349,0.771876
2023_2024,V8,127,300,4,0.709984,0.316326,0.233729,0.628412,0.632815,0.495223,0.795888,0.211089,0.327446,0.242234,0.0724024,0.273341,0.70503,0.0213818,1.85148,0.956755,21.4069,0.623536,14.8675,216.082,3.36509,4.24191,1.2728,-0.437085,0.95224,0.958064,0.929566,1.85148,-165.255,11944.9,0.654958,0.430719,0.511367,1.10013,0.525185,0.798667,0.308248,0.511484,1.58879,0.709503,0.798621,0.246989,0.511577,1.89567,0.794093,0.798581,0.019565,2.51659,0.910621,14.0782,0.573183,10.8312,110.99,3.26859,4.34901,1.38652,-0.339542,0.911664,0.913034,1.10722,2.51659,167.788,7387.83,0.611879,0.365165,0.662141,1.26111,0.506075,0.768283,0.245604,0.661922,1.79553,0.677411,0.768318,0.191704,0.661892,2.10354,0.754623,0.768338
2023_2024,V8,85,400,1,0.655737,0.253866,0.197739,0.505728,0.59556,1.1824,0.761487,0.235926,0.354042,0.237645,0.0908265,0.306886,0.706282,0.0184495,1.94938,0.95178,20.2135,0.609353,14.6514,205.719,3.39026,4.30738,1.29248,-0.422909,0.949078,0.952807,0.969105,1.94938,-96.2819,10758.1,0.64254,0.409028,0.535609,1.14336,0.541789,0.790681,0.283989,0.535941,1.64952,0.723778,0.790544,0.222693,0.536231,1.96302,0.804668,0.790421,0.0159957,2.82049,0.899216,13.9927,0.551417,11.8766,126.602,3.30618,4.45995,1.43116,-0.317767,0.90252,0.902927,1.188,2.82049,108.742,6811.51,0.593427,0.335778,0.735738,1.32964,0.514661,0.753297,0.21709,0.735604,1.88714,0.679104,0.753345,0.165868,0.735149,2.20502,0.75035,0.753434
2023_2024,V8,113,400,2,0.704535,0.250361,0.218742,0.575962,0.620548,0.662445,0.887603,0.240106,0.337341,0.239534,0.0770028,0.282116,0.705539,0.0195047,1.74488,0.955457,19.5864,0.626663,14.8522,208.294,3.37641,4.26235,1.24782,-0.43342,0.951545,0.956326,0.907858,1.74488,-151.612,10652.9,0.656434,0.425424,0.490199,1.10233,0.523574,0.801908,0.298825,0.490331,1.5938,0.715074,0.801878,0.235743,0.490398,1.90192,0.79911,0.801827,0.0189189,2.49384,0.911953,14.162,0.574657,11.0857,115.072,3.28066,4.36164,1.38352,-0.341972,0.913547,0.914808,1.10211,2.49384,157.098,7360.83,0.613061,0.364543,0.658117,1.25841,0.516811,0.768824,0.243629,0.658114,1.79518,0.689019,0.768834,0.188731,0.65783,2.10903,0.765875,0.768917
2023_2024,V8,124,400,3,0.728068,0.257913,0.249117,0.686333,0.646027,-10.0147,0.936122,0.254252,0.336639,0.251891,0.0630408,0.282628,0.742947,0.0268499,1.68209,0.964068,23.4064,0.654619,15.1191,231.4,3.30997,4.10932,1.23153,-0.460928,0.956389,0.965561,0.850048,1.68209,-243.625,13672,0.682286,0.473279,0.46657,1.01124,0.480041,0.8167,0.355755,0.466629,1.4619,0.666292,0.816672,0.296106,0.466724,1.74492,0.753126,0.816615,0.0184649,2.49212,0.91621,14.8712,0.573616,11.5028,124.212,3.30405,4.3858,1.38485,-0.348132,0.917903,0.919948,1.10457,2.49212,136.235,7640.64,0.612423,0.36496,0.659128,1.26168,0.504622,0.767039,0.246573,0.658593,1.79507,0.672978,0.767152,0.192851,0.658517,2.10458,0.750412,0.767186
2023_2024,V8,128,400,4,0.734894,0.277318,0.255815,0.710885,0.645654,0.376278,0.951929,0.231301,0.324226,0.244481,0.0636732,0.268264,0.714431,0.0246241,1.68286,0.962439,22.4018,0.651522,14.9935,223.83,3.33564,4.14715,1.23209,-0.458332,0.95659,0.963502,0.854585,1.68286,-203.137,12707.8,0.67915,0.465222,0.468419,1.02406,0.484634,0.815104,0.343315,0.468601,1.4837,0.678356,0.815063,0.280716,0.468829,1.77391,0.77146,0.814981,0.0183592,2.53735,0.914667,14.8674,0.574816,11.2136,119.51,3.30301,4.38629,1.39024,-0.345755,0.916601,0.917589,1.10709,2.53735,171.497,7759.87,0.613473,0.364734,0.670453,1.26086,0.507864,0.767335,0.245499,0.670368,1.79644,0.675755,0.76735,0.191788,0.670569,2.10749,0.752527,0.767302
2023_2024,V13,1,0,1,0.6337,0.272738,0.209471,0.545231,0.554016,0.253072,0.665829,0.207375,0.317442,0.216967,0.0832432,0.269684,0.637189,0.0201214,1.49021,0.952633,15.7303,0.658883,13.4332,162.985,3.35576,4.2026,1.18248,-0.444303,0.953587,0.953626,0.811386,1.49021,33.4085,7675.91,0.683096,0.458327,0.434387,1.0227,0.47187,0.821018,0.332367,0.434729,1.48056,0.670676,0.820925,0.268439,0.435121,1.76516,0.763269,0.82078,0.0203799,1.89452,0.935466,14.6785,0.607612,10.9334,115.153,3.29581,4.25699,1.27418,-0.388621,0.933646,0.936282,0.960279,1.89452,206.808,8000.2,0.639155,0.397152,0.529132,1.16723,0.499425,0.791341,0.274683,0.528701,1.66751,0.679336,0.791548,0.218051,0.528628,1.95843,0.759415,0.791622
2023_2024,V13,119,0,2,0.66338,0.190522,0.2053,0.528305,0.578647,1.20925,0.802566,0.282549,0.344076,0.235658,0.0786047,0.304184,0.688543,0.0193924,1.64989,0.954129,17.9839,0.652992,13.7836,178.464,3.38273,4.25585,1.2198,-0.442369,0.95438,0.955845,0.845579,1.64989,29.1927,9252.01,0.678972,0.453237,0.469804,1.03867,0.487944,0.815256,0.327961,0.469769,1.50314,0.683792,0.815256,0.264238,0.46974,1.79549,0.774874,0.81525,0.0207799,1.98486,0.937995,16.0056,0.61384,11.9746,136.984,3.31742,4.29078,1.2938,-0.393927,0.937088,0.941165,0.962055,1.98486,86.9496,8121.66,0.645572,0.407845,0.544182,1.15057,0.498111,0.793741,0.286065,0.543934,1.65165,0.677471,0.793866,0.228426,0.544094,1.95131,0.761418,0.793784
2023_2024,V13,123,0,3,0.678568,0.17209,0.227773,0.604049,0.583367,1.62908,0.886336,0.281131,0.330244,0.236464,0.0735067,0.279526,0.689842,0.0237512,1.70087,0.960749,21.6663,0.652059,13.0049,178.094,3.35452,4.1952,1.23474,-0.452899,0.956159,0.961902,0.856283,1.70087,98.6369,11795.1,0.679505,0.471109,0.473201,1.0151,0.482703,0.815594,0.35324,0.473174,1.46792,0.666983,0.815594,0.293063,0.473189,1.7544,0.75801,0.815582,0.0210148,1.87989,0.941186,15.9818,0.616501,11.48,128.676,3.31738,4.26633,1.27363,-0.401723,0.939624,0.943109,0.942866,1.87989,151.781,8394.48,0.647469,0.412352,0.520882,1.13994,0.49476,0.796892,0.290626,0.52069,1.63595,0.675508,0.796921,0.232839,0.520855,1.93214,0.758442,0.796864
2023_2024,V13,132,0,4,0.696223,0.163071,0.232407,0.623872,0.595166,1.17953,0.946028,0.291135,0.339035,0.237685,0.0693842,0.294087,0.688276,0.019548,1.70997,0.95447,18.7786,0.641971,13.8663,183.259,3.3852,4.28101,1.2367,-0.436183,0.952995,0.955813,0.874273,1.70997,4.03896,10109.4,0.669639,0.447062,0.480626,1.05842,0.492395,0.81068,0.323736,0.480679,1.52931,0.68325,0.810636,0.261362,0.480751,1.82444,0.773894,0.810609,0.0191644,2.06309,0.93689,16.3452,0.603359,12.1805,141.518,3.33742,4.33162,1.30965,-0.387911,0.935758,0.939842,0.992153,2.06309,87.541,8215.92,0.636634,0.398818,0.562448,1.17418,0.503897,0.787506,0.27776,0.562273,1.6821,0.6794,0.787551,0.221179,0.562511,1.98226,0.7595,0.787479
2023_2024,V13,15,50,1,0.724683,0.365063,0.27423,0.78342,0.638657,-2.01932,0.759283,0.188372,0.303265,0.238018,0.0580813,0.24987,0.681205,0.0202614,1.65154,0.958267,19.7869,0.648385,14.7753,207.413,3.37718,4.23657,1.22321,-0.444234,0.954478,0.958916,0.854741,1.65154,-120.316,10481.6,0.675185,0.453792,0.466848,1.0423,0.488927,0.814004,0.329574,0.466974,1.51022,0.681975,0.813964,0.267228,0.46705,1.80355,0.770612,0.813946,0.0246663,1.57296,0.942479,13.6729,0.637487,9.80557,96.3937,3.2272,4.10059,1.20448,-0.410161,0.937798,0.943758,0.861191,1.57296,276.99,8129.18,0.664312,0.4294,0.4535,1.08876,0.472053,0.810836,0.303683,0.453462,1.56466,0.66407,0.810807,0.242397,0.45356,1.84588,0.75187,0.810784
2023_2024,V13,118,50,2,0.688076,0.246892,0.249768,0.684277,0.60638,1.85707,0.818489,0.249897,0.332575,0.233236,0.0763752,0.292223,0.689897,0.0201412,1.63965,0.9566,18.89,0.653653,13.5614,177.573,3.38046,4.24393,1.21752,-0.445372,0.955042,0.957508,0.842769,1.63965,19.6182,9763.58,0.679528,0.456821,0.463204,1.03244,0.486391,0.816785,0.331085,0.463169,1.49696,0.684118,0.816752,0.267002,0.462894,1.79028,0.774579,0.816826,0.02162,1.87968,0.939384,15.5048,0.616133,10.8809,117.627,3.29888,4.24591,1.27291,-0.397833,0.937333,0.940188,0.943292,1.87968,215.979,8497.1,0.647004,0.409297,0.522951,1.14358,0.493169,0.796378,0.285782,0.522983,1.64153,0.676393,0.796338,0.227083,0.523029,1.93759,0.760303,0.79632
2023_2024,V13,126,50,3,0.713563,0.187532,0.250277,0.690693,0.605498,1.3561,0.981121,0.26929,0.32789,0.234532,0.0656696,0.27994,0.678059,0.0197903,1.70129,0.953754,18.3939,0.643654,13.955,183.74,3.37837,4.27226,1.23275,-0.43466,0.952242,0.955511,0.870045,1.70129,-38.782,9819.1,0.670707,0.447309,0.478025,1.05532,0.493082,0.812084,0.323052,0.478173,1.52778,0.685969,0.812024,0.260396,0.478188,1.82376,0.777228,0.812024,0.0207016,1.94058,0.940522,16.3135,0.614843,11.5272,130.583,3.32535,4.28952,1.2853,-0.397855,0.938728,0.941727,0.954198,1.94058,165.029,8617.79,0.646214,0.407942,0.534869,1.14838,0.496305,0.794724,0.285171,0.534895,1.64831,0.677279,0.79471,0.226833,0.535009,1.94522,0.760076,0.794687
2023_2024,V13,131,50,4,0.738536,0.257961,0.27347,0.781797,0.626127,0.00660785,0.951778,0.243529,0.312653,0.236587,0.054844,0.264251,0.671881,0.0213353,1.54856,0.957625,18.2722,0.664977,14.0727,186.147,3.36728,4.21122,1.19463,-0.45382,0.956865,0.959453,0.809699,1.54856,-34.5641,9628.54,0.689376,0.468195,0.443299,1.00684,0.470195,0.823196,0.34445,0.443185,1.46011,0.666441,0.823217,0.281057,0.443146,1.74519,0.759341,0.823198,0.023345,1.69531,0.947718,16.2131,0.634569,11.0941,123.832,3.30472,4.2008,1.23397,-0.421853,0.9456,0.948924,0.884104,1.69531,198.495,8753.39,0.662805,0.431765,0.477091,1.09157,0.477246,0.807807,0.310066,0.476825,1.56837,0.660769,0.80791,0.251261,0.476849,1.85323,0.747848,0.807885
2023_2024,V13,43,100,1,0.757623,0.306996,0.300526,0.913106,0.620041,1.95913,1.02796,0.189276,0.27606,0.220169,0.0505169,0.226671,0.611762,0.0223758,1.30395,0.958773,15.8142,0.690626,13.9745,174.805,3.3513,4.13427,1.12783,-0.471243,0.960117,0.959427,0.728157,1.30395,9.84335,7774.96,0.710983,0.494427,0.388303,0.945331,0.437143,0.837814,0.3697,0.388207,1.3756,0.645025,0.837896,0.304561,0.388392,1.64717,0.741378,0.837831,0.0249914,1.58687,0.942487,13.7958,0.640012,9.79674,96.7497,3.22761,4.10105,1.20805,-0.410497,0.937953,0.943051,0.858766,1.58687,283.927,8165.63,0.666745,0.431073,0.457567,1.08514,0.472078,0.811556,0.306028,0.457331,1.56016,0.663989,0.811614,0.245617,0.457284,1.84157,0.750436,0.811612
2023_2024,V13,117,100,2,0.710592,0.239083,0.281217,0.821085,0.613179,5.09772,0.96009,0.233567,0.314766,0.230101,0.0679182,0.265157,0.664576,0.0188649,1.84454,0.953042,19.6405,0.632525,14.0004,189.247,3.39241,4.30463,1.26688,-0.428916,0.95114,0.954757,0.911182,1.84454,-17.3392,10391.7,0.662144,0.436061,0.509744,1.08422,0.503876,0.803426,0.313595,0.509959,1.56427,0.687187,0.803333,0.253387,0.50997,1.86152,0.770373,0.803302,0.0221997,1.75024,0.943251,15.4209,0.619478,10.643,114.023,3.28843,4.20989,1.24619,-0.404683,0.939071,0.943607,0.919549,1.75024,240.658,8548.78,0.649333,0.407577,0.494472,1.14234,0.483322,0.798794,0.285468,0.494198,1.6321,0.662607,0.798869,0.228922,0.49404,1.91388,0.745323,0.798927
2023_2024,V13,122,100,3,0.761399,0.238976,0.297154,0.892944,0.627352,1.27954,1.09116,0.241248,0.299455,0.237537,0.0455754,0.242633,0.670124,0.0196041,1.52841,0.957822,18.1186,0.660885,14.4354,193.06,3.38492,4.23695,1.19145,-0.450369,0.956452,0.959773,0.814192,1.52841,-65.0657,9491.37,0.685337,0.466774,0.438252,1.01304,0.467671,0.82159,0.344976,0.438317,1.46654,0.660613,0.821561,0.282932,0.438271,1.7511,0.753186,0.821532,0.024144,1.67829,0.945694,15.4523,0.633105,10.3058,109.597,3.27258,4.16241,1.23003,-0.415095,0.941804,0.946121,0.884617,1.67829,289.387,9091.39,0.661187,0.426622,0.475428,1.10016,0.479575,0.806379,0.303947,0.47508,1.57885,0.663029,0.806473,0.245489,0.475049,1.86088,0.749194,0.806457
2023_2024,V13,130,100,4,0.757472,0.335174,0.307394,0.933572,0.646642,3.35585,0.940939,0.197734,0.292758,0.235604,0.051753,0.233425,0.667535,0.020391,1.66603,0.957499,19.5999,0.647059,14.6707,204.267,3.37766,4.24842,1.22683,-0.44291,0.95436,0.958926,0.859512,1.66603,-113.264,10589.4,0.67408,0.454994,0.467899,1.04175,0.487844,0.813478,0.331295,0.467975,1.50971,0.680154,0.813395,0.268996,0.468074,1.80395,0.76962,0.813327,0.028742,1.57075,0.948747,15.3234,0.643098,9.50015,99.1516,3.22093,4.0743,1.20432,-0.42205,0.941754,0.949493,0.850906,1.57075,350.111,9794.76,0.669512,0.443858,0.448345,1.06238,0.460311,0.814912,0.321946,0.447907,1.52444,0.650062,0.815014,0.262527,0.447637,1.79771,0.740225,0.815058
2023_2024,V13,57,200,1,0.751287,0.385461,0.318308,0.976644,0.637835,1.38154,0.882761,0.16443,0.281244,0.232787,0.053321,0.21567,0.662325,0.0213994,1.44829,0.961897,19.0051,0.657784,14.7374,203.963,3.36244,4.18224,1.17286,-0.45755,0.957267,0.963644,0.807824,1.44829,-159.784,10389.6,0.681731,0.460144,0.423941,1.02163,0.47211,0.821942,0.336082,0.424011,1.47709,0.668994,0.821933,0.273307,0.424072,1.76349,0.761439,0.821925,0.0294769,1.58981,0.941367,13.5573,0.640936,9.04056,87.0421,3.17517,4.03011,1.21001,-0.411057,0.935795,0.941914,0.857836,1.58981,318.764,8630.96,0.667899,0.443871,0.453586,1.06451,0.460827,0.81318,0.323224,0.453543,1.52582,0.649066,0.813164,0.263712,0.453344,1.79829,0.741892,0.813214
2023_2024,V13,116,200,2,0.737572,0.300713,0.311127,0.95809,0.63945,-3.43479,0.997964,0.209075,0.311799,0.234685,0.0616386,0.257532,0.690645,0.0185964,1.68308,0.953738,18.1908,0.640594,14.6422,197.831,3.3838,4.28037,1.22851,-0.43035,0.950975,0.955486,0.872399,1.68308,-104.816,9504,0.667566,0.437767,0.476125,1.07319,0.487339,0.810156,0.313247,0.476295,1.54815,0.678414,0.810099,0.252006,0.476394,1.8422,0.76676,0.810091,0.0292629,1.41462,0.953104,15.0826,0.656661,9.3468,96.5707,3.21042,4.02189,1.16457,-0.433272,0.944392,0.954591,0.804263,1.41462,377.399,9873.46,0.680568,0.452413,0.415415,1.03813,0.437655,0.822641,0.330494,0.415473,1.48579,0.630035,0.822594,0.272043,0.415212,1.74226,0.720942,0.82266
2023_2024,V13,121,200,3,0.750645,0.315641,0.331964,1.04998,0.642462,1.47466,1.0033,0.201215,0.297164,0.233556,0.0530175,0.241388,0.681014,0.0214978,1.3912,0.960586,17.6486,0.67368,14.6117,195.724,3.3636,4.16861,1.15417,-0.464306,0.958956,0.962898,0.771042,1.3912,-102.118,9182.83,0.695698,0.476066,0.407525,0.985058,0.456639,0.830071,0.350377,0.407757,1.43156,0.65671,0.829959,0.286083,0.407774,1.71127,0.749926,0.829945,0.0309155,1.42735,0.953628,15.3902,0.658992,9.24384,96.678,3.19864,4.00634,1.16943,-0.43545,0.944714,0.955457,0.802228,1.42735,401.582,10309.4,0.683266,0.456723,0.41718,1.03079,0.442479,0.822623,0.336471,0.417085,1.47643,0.631176,0.822651,0.277499,0.417231,1.73745,0.723617,0.822583
2023_2024,V13,133,200,4,0.723017,0.25662,0.311565,0.952786,0.618063,2.05426,1.0069,0.222592,0.312917,0.227922,0.0634871,0.265066,0.672173,0.0190019,1.63168,0.952171,17.0576,0.644119,14.0121,179.732,3.37565,4.26276,1.21736,-0.434068,0.951779,0.954064,0.858565,1.63168,-28.9183,8791.01,0.670566,0.44147,0.465007,1.06466,0.485705,0.811979,0.316548,0.465118,1.53756,0.67848,0.811939,0.25486,0.465414,1.83052,0.768025,0.811869,0.0260073,1.55627,0.951495,16.0425,0.641737,10.0251,108.433,3.25619,4.11538,1.19969,-0.424767,0.944104,0.953143,0.851082,1.55627,348.992,10006.8,0.66787,0.435527,0.449039,1.07771,0.45119,0.813533,0.313639,0.448845,1.53979,0.637868,0.813563,0.255943,0.448924,1.80505,0.723773,0.813497
2023_2024,V13,71,300,1,0.73275,0.296151,0.315532,0.963964,0.639921,1.43482,0.988603,0.206014,0.309008,0.234817,0.0643025,0.2544,0.703134,0.0225607,1.47097,0.963746,20.2872,0.661906,15.061,216.679,3.35623,4.16305,1.18089,-0.462671,0.958327,0.965622,0.804518,1.47097,-195.438,11251.9,0.686457,0.469897,0.42553,1.00483,0.470071,0.823113,0.346122,0.425631,1.45688,0.666533,0.823055,0.282924,0.425669,1.74049,0.758994,0.82301,0.0268822,1.54349,0.942065,13.3208,0.64305,9.3546,89.692,3.19406,4.0506,1.19741,-0.409972,0.936037,0.94317,0.847261,1.54349,322.01,8599.16,0.669088,0.435715,0.446931,1.07455,0.464233,0.81322,0.311586,0.446837,1.54226,0.654228,0.813208,0.251985,0.446685,1.8161,0.742422,0.813228
2023_2024,V13,114,300,2,0.79281,0.290525,0.349074,1.14608,0.668362,1.64768,1.20989,0.220787,0.300443,0.240351,0.0447421,0.237699,0.691743,0.0206423,1.45363,0.956613,16.752,0.66018,15.6087,215.717,3.35458,4.19197,1.17217,-0.447869,0.954467,0.959859,0.804164,1.45363,-189.915,9184.07,0.683644,0.456942,0.427173,1.02459,0.468728,0.822684,0.330056,0.426858,1.48361,0.67023,0.822749,0.266325,0.426695,1.7685,0.761798,0.822775,0.0297637,1.48255,0.95474,16.3781,0.654975,9.6184,104.847,3.22953,4.0547,1.18204,-0.435874,0.946379,0.956167,0.817161,1.48255,390.233,10697,0.679635,0.456556,0.427792,1.03389,0.439507,0.822268,0.336732,0.427605,1.48085,0.628204,0.822298,0.278754,0.427563,1.74039,0.718296,0.822301
2023_2024,V13,125,300,3,0.723743,0.263648,0.297698,0.893152,0.619156,1.95875,0.982149,0.224781,0.313746,0.22974,0.0612216,0.267067,0.666811,0.0185827,1.63497,0.952093,17.0639,0.642872,13.8204,175.577,3.38216,4.27506,1.21839,-0.432728,0.951655,0.953155,0.861516,1.63497,9.74851,8799.43,0.669442,0.438878,0.466677,1.07043,0.487999,0.811307,0.313097,0.466896,1.5458,0.682105,0.811235,0.250868,0.467038,1.84009,0.769656,0.811192,0.0239301,1.66362,0.94845,16.136,0.632482,10.3945,113.449,3.28338,4.1738,1.2248,-0.416687,0.942788,0.949165,0.882779,1.66362,300.884,9561.11,0.660239,0.424286,0.473455,1.10526,0.463014,0.807249,0.302098,0.473352,1.57913,0.650066,0.807275,0.24438,0.473329,1.85271,0.736299,0.807279
2023_2024,V13,127,300,4,0.734679,0.308761,0.294299,0.874559,0.635923,2.46917,0.931393,0.206633,0.307412,0.231694,0.0624489,0.254168,0.662988,0.0186237,1.67286,0.954916,18.5527,0.64031,14.3693,193.037,3.39205,4.28351,1.22683,-0.434947,0.952644,0.956045,0.872005,1.67286,-62.7801,9852.54,0.667334,0.437176,0.476457,1.07302,0.495883,0.809219,0.310598,0.47658,1.55065,0.691303,0.809155,0.247377,0.476844,1.84887,0.77954,0.809064,0.0248167,1.68223,0.945675,15.483,0.62944,10.043,106.264,3.25961,4.15283,1.23068,-0.41117,0.939918,0.946264,0.891611,1.68223,306.212,9253.4,0.657837,0.422964,0.475767,1.10847,0.473539,0.805293,0.301823,0.475658,1.58344,0.655314,0.805306,0.244561,0.475692,1.85911,0.742229,0.805268
2023_2024,V13,85,400,1,0.730116,0.333955,0.293378,0.861534,0.64192,1.49305,0.88742,0.193964,0.308268,0.233399,0.0655094,0.251444,0.679616,0.0185474,1.6884,0.955006,18.7623,0.629924,15.0797,210.11,3.38574,4.2795,1.23373,-0.431105,0.951214,0.956083,0.892776,1.6884,-145.769,10067.2,0.658565,0.423751,0.477629,1.10037,0.515685,0.804709,0.296359,0.477789,1.59076,0.70646,0.804618,0.233784,0.47808,1.89615,0.789846,0.804524,0.0226035,1.89861,0.931622,13.8832,0.609601,10.0613,100.084,3.24583,4.19771,1.27706,-0.382265,0.928685,0.932036,0.958152,1.89861,263.674,8043.78,0.641219,0.399465,0.525043,1.16258,0.497459,0.793068,0.276111,0.524312,1.66342,0.675897,0.793234,0.219475,0.524205,1.95318,0.755518,0.793267
2023_2024,V13,113,400,2,0.723507,0.262851,0.281118,0.822048,0.626603,2.72952,0.967212,0.228818,0.322672,0.230559,0.0673473,0.275675,0.676177,0.0189793,1.53243,0.954702,16.9151,0.64918,14.388,187.306,3.37989,4.24633,1.19108,-0.440817,0.953614,0.95559,0.835017,1.53243,-59.0411,8745.99,0.673846,0.442379,0.445928,1.05567,0.476946,0.816046,0.315297,0.445986,1.52317,0.674838,0.816015,0.252559,0.445733,1.81032,0.762511,0.816102,0.0241294,1.5689,0.95055,15.8636,0.638058,10.4477,113.242,3.2814,4.15005,1.20155,-0.42441,0.945034,0.95124,0.859113,1.5689,270.965,9044.2,0.664408,0.42912,0.452345,1.09036,0.458522,0.811105,0.307129,0.452186,1.55623,0.646289,0.811163,0.249237,0.452166,1.82465,0.734239,0.811152
2023_2024,V13,124,400,3,0.751108,0.253198,0.315333,0.965957,0.640314,-2.45994,1.06767,0.233914,0.30725,0.231437,0.0576912,0.259778,0.674096,0.0192912,1.62642,0.9554,18.2332,0.655696,13.8858,181.514,3.3878,4.25465,1.21356,-0.444063,0.954901,0.955921,0.837197,1.62642,4.22364,9334.6,0.68119,0.453704,0.462421,1.03919,0.474427,0.816951,0.329036,0.46241,1.50165,0.66937,0.816928,0.266995,0.462482,1.78695,0.757896,0.816904,0.0241247,1.78363,0.940999,15.1153,0.621979,10.0392,104.683,3.25642,4.17432,1.25265,-0.400474,0.936133,0.941725,0.918986,1.78363,305.694,9101.16,0.651765,0.412567,0.501073,1.13411,0.476012,0.800309,0.291464,0.501113,1.61893,0.655812,0.800312,0.235228,0.501023,1.89602,0.739255,0.800334
2023_2024,V13,128,400,4,0.797346,0.297911,0.341054,1.10284,0.65492,1.12047,1.19744,0.207196,0.283181,0.233848,0.0408766,0.22329,0.658738,0.0205112,1.43902,0.96028,18.1146,0.667025,14.6649,198.41,3.37818,4.20368,1.16735,-0.458031,0.957965,0.961652,0.789785,1.43902,-104.368,9604.66,0.689915,0.465539,0.422595,1.00719,0.461825,0.825107,0.339398,0.422922,1.45947,0.6629,0.825005,0.275837,0.422956,1.74181,0.755068,0.825005,0.0288253,1.60645,0.947084,15.1793,0.643028,9.54777,99.142,3.22075,4.07859,1.21389,-0.421474,0.941665,0.94773,0.856374,1.60645,341.655,9589.29,0.670026,0.446923,0.453274,1.0609,0.453842,0.814702,0.32785,0.453344,1.52029,0.639182,0.814688,0.270353,0.453372,1.78901,0.729586,0.814685
2023_2024,R2,1,0,1,0.621579,0.0395977,0.239348,0.643763,0.523549,1.72673,1.02377,0.299902,0.335545,0.218863,0.0979808,0.284773,0.654924,0.0355952,1.13551,0.973443,21.3787,0.704531,11.1142,145.941,3.26812,3.9417,1.08593,-0.512113,0.966275,0.973651,0.680424,1.13551,367.553,13319.4,0.724216,0.530339,0.341652,0.879552,0.42061,0.848007,0.41793,0.341548,1.27576,0.604206,0.848044,0.359326,0.34155,1.52698,0.698508,0.848032,0.0212464,1.91578,0.928761,13.4461,0.61655,10.7938,108.513,3.26755,4.2203,1.27147,-0.382867,0.929754,0.930565,0.945212,1.91578,216.22,7574.07,0.646078,0.406526,0.531247,1.14667,0.460321,0.796845,0.285788,0.531103,1.62967,0.641336,0.796915,0.230263,0.531379,1.91121,0.724846,0.796823
2023_2024,R2,119,0,2,0.62995,0.0955378,0.224984,0.591071,0.525645,8.65868,0.882595,0.286573,0.317621,0.226255,0.0894834,0.249504,0.662392,0.0409753,1.30098,0.970942,22.3861,0.697681,11.5358,157.215,3.23087,3.93323,1.13274,-0.499007,0.962729,0.971805,0.717872,1.30098,298.92,13292.3,0.71992,0.52468,0.37698,0.900619,0.43375,0.841708,0.412431,0.376806,1.3083,0.615616,0.841735,0.353946,0.376729,1.56684,0.710013,0.841738,0.0225018,1.8827,0.929019,13.2621,0.635353,11.3301,116.11,3.27132,4.20282,1.26474,-0.394201,0.934338,0.933279,0.906917,1.8827,176.303,7148.46,0.663549,0.430527,0.52248,1.10178,0.453533,0.805554,0.311034,0.522324,1.57747,0.636574,0.805594,0.254972,0.522107,1.85574,0.722097,0.805612
2023_2024,R2,123,0,3,0.673326,0.0811409,0.255864,0.700013,0.561122,1.25234,1.0241,0.30147,0.320676,0.232489,0.0839551,0.25317,0.688376,0.0399448,1.23815,0.973923,23.7399,0.700803,12.0673,171.535,3.24605,3.92671,1.11522,-0.512727,0.96607,0.975388,0.70246,1.23815,204.067,14002,0.721931,0.536785,0.360291,0.876761,0.423374,0.846558,0.430553,0.360196,1.27066,0.591155,0.846587,0.376962,0.360078,1.51947,0.674064,0.846634,0.0240107,1.90077,0.931896,13.9549,0.631784,10.4222,105.294,3.25452,4.17738,1.26809,-0.394349,0.933549,0.933635,0.916348,1.90077,277.365,8253.36,0.660096,0.42806,0.527637,1.10911,0.459034,0.803424,0.310282,0.527553,1.58611,0.636827,0.803442,0.255328,0.527462,1.86762,0.720779,0.803442
2023_2024,R2,132,0,4,0.68559,0.0794549,0.257156,0.705787,0.56929,1.02983,1.02475,0.312545,0.322353,0.237373,0.0792759,0.253215,0.698862,0.0384525,1.34712,0.971246,23.4252,0.692119,12.4492,176.916,3.25348,3.97289,1.14588,-0.497195,0.963243,0.972306,0.733954,1.34712,161.905,13498.5,0.714914,0.521522,0.385965,0.907608,0.438615,0.839865,0.410958,0.385933,1.31732,0.61548,0.839892,0.354433,0.386038,1.57641,0.703992,0.839855,0.021745,1.96989,0.929775,14.0255,0.621723,11.2491,117.544,3.28588,4.24233,1.28713,-0.388273,0.933001,0.93248,0.945384,1.96989,218.65,7816.5,0.651987,0.418191,0.542043,1.13302,0.472962,0.797557,0.299116,0.542051,1.62179,0.651343,0.797543,0.243431,0.541985,1.91046,0.734417,0.797551
2023_2024,R2,15,50,1,0.672967,0.0760939,0.272334,0.770708,0.573635,-7.08585,1.09308,0.301438,0.334875,0.230369,0.0852948,0.281896,0.689857,0.0322092,1.14143,0.974716,22.5725,0.707691,12.6151,175.817,3.30547,3.98529,1.08419,-0.516845,0.968406,0.975523,0.67533,1.14143,130.97,12984,0.726549,0.534222,0.340089,0.867905,0.418554,0.851658,0.419428,0.340093,1.26514,0.60511,0.851645,0.359924,0.34017,1.51709,0.694624,0.851618,0.022169,1.81133,0.928308,12.6327,0.628248,11.2172,112.091,3.25658,4.18728,1.24752,-0.387614,0.930829,0.929496,0.909018,1.81133,202.15,6888.33,0.655804,0.409301,0.512858,1.13444,0.465383,0.801976,0.285037,0.512985,1.61904,0.652725,0.801924,0.227421,0.512986,1.90422,0.735537,0.801912
2023_2024,R2,118,50,2,0.67394,0.0920758,0.255695,0.704539,0.566439,0.93492,1.01362,0.301533,0.323506,0.236617,0.0827072,0.25213,0.700739,0.0386113,1.27539,0.973606,24.161,0.697309,12.6468,183.652,3.25085,3.95042,1.12621,-0.506778,0.96516,0.975257,0.71425,1.27539,89.2036,14165.3,0.719014,0.536915,0.363056,0.876247,0.427165,0.846244,0.430088,0.363044,1.27227,0.594977,0.846236,0.3753,0.363046,1.52459,0.676844,0.846223,0.0230056,1.94402,0.929513,13.7899,0.630754,10.7934,109.857,3.26743,4.2048,1.27801,-0.39037,0.932688,0.931505,0.924374,1.94402,256.349,7937.73,0.65975,0.424909,0.538408,1.1156,0.464099,0.801578,0.30607,0.538226,1.59738,0.644291,0.801615,0.250371,0.538017,1.88406,0.728447,0.801655
2023_2024,R2,126,50,3,0.671511,0.156488,0.249976,0.678808,0.566379,-20.2032,0.875864,0.278201,0.313641,0.237659,0.0769814,0.239803,0.683745,0.0384338,1.33457,0.972128,23.9411,0.697564,12.5337,180.597,3.25108,3.96424,1.1407,-0.502629,0.964442,0.973574,0.723147,1.33457,132.066,13940,0.720184,0.534921,0.37841,0.883312,0.428701,0.843911,0.427273,0.37832,1.28336,0.600127,0.843935,0.371534,0.378306,1.53879,0.684239,0.843922,0.0225078,1.88852,0.931168,13.7183,0.633505,10.8622,110.586,3.27263,4.20377,1.26736,-0.395503,0.934944,0.934438,0.911454,1.88852,208.316,7546.52,0.662042,0.429192,0.521779,1.10708,0.459331,0.804666,0.309961,0.521705,1.58591,0.642317,0.804686,0.25353,0.521668,1.86851,0.730105,0.804724
2023_2024,R2,131,50,4,0.699334,0.115223,0.271212,0.763859,0.583916,2.37037,1.03885,0.293777,0.314739,0.238599,0.0729812,0.245656,0.699327,0.0368906,1.17866,0.975038,23.6093,0.708718,13.0666,189.442,3.25926,3.93191,1.09511,-0.516009,0.966988,0.97615,0.679751,1.17866,30.4842,13522.1,0.728384,0.548629,0.34287,0.847951,0.410412,0.853364,0.439419,0.342911,1.23487,0.588581,0.853361,0.382703,0.342918,1.48151,0.675606,0.853345,0.0252304,1.8492,0.930282,13.2621,0.635125,10.5938,105.378,3.23312,4.1456,1.2593,-0.392293,0.931535,0.931345,0.903377,1.8492,283.367,7882.16,0.663153,0.428061,0.51514,1.10444,0.46644,0.805166,0.307459,0.515157,1.58479,0.648496,0.805121,0.251215,0.515053,1.87074,0.732707,0.805107
2023_2024,R2,43,100,1,0.692382,0.0964435,0.298005,0.886271,0.58168,-4.7916,1.15425,0.283648,0.321272,0.232281,0.0741917,0.264254,0.684314,0.0340183,1.07038,0.976851,23.1194,0.722233,12.8637,183.108,3.28765,3.93635,1.05856,-0.530029,0.970308,0.977935,0.639318,1.07038,88.6724,13269.5,0.739856,0.55178,0.321575,0.831919,0.403802,0.85893,0.43829,0.321446,1.21517,0.594264,0.858945,0.378195,0.321323,1.46077,0.688553,0.858969,0.0242402,1.68156,0.932588,12.4722,0.645593,10.8942,106.821,3.23824,4.11847,1.21912,-0.404312,0.935921,0.93508,0.860196,1.68156,215.318,7102.15,0.670959,0.435873,0.478469,1.07632,0.450232,0.813137,0.313195,0.478289,1.5416,0.64029,0.813196,0.254824,0.478165,1.81689,0.726947,0.81322
2023_2024,R2,117,100,2,0.700133,0.118319,0.285132,0.822788,0.596419,-0.615205,1.07103,0.293637,0.326003,0.239131,0.0773684,0.261529,0.716253,0.0360136,1.17538,0.975919,24.4046,0.710038,13.3525,198.245,3.26276,3.9258,1.09267,-0.521443,0.968131,0.977516,0.67641,1.17538,7.91041,14117.3,0.729515,0.540631,0.346664,0.859657,0.41791,0.85179,0.428072,0.34669,1.25341,0.603194,0.85179,0.369167,0.346756,1.505,0.692527,0.85177,0.0238417,1.85213,0.931167,13.4538,0.634404,10.4345,103.594,3.24904,4.16523,1.25908,-0.393534,0.932771,0.932443,0.904984,1.85213,271.742,7957.44,0.662327,0.427003,0.517636,1.10721,0.456795,0.805082,0.305526,0.517653,1.58613,0.641872,0.805099,0.248409,0.517699,1.86736,0.726198,0.805096
2023_2024,R2,122,100,3,0.691531,0.114971,0.281443,0.810722,0.580895,4.45743,1.0715,0.281943,0.315293,0.233398,0.0757468,0.253919,0.688068,0.040017,1.1824,0.975429,24.061,0.70943,12.6608,183.794,3.24107,3.91328,1.09544,-0.516584,0.966689,0.977234,0.67883,1.1824,93.2208,14121.1,0.729013,0.555187,0.339938,0.838218,0.401648,0.854848,0.449799,0.33993,1.21769,0.573085,0.854849,0.395535,0.339857,1.4589,0.655283,0.854876,0.0265122,1.79843,0.929875,12.823,0.642554,10.1772,98.0646,3.2079,4.0997,1.24755,-0.395587,0.931431,0.931218,0.883053,1.79843,290.52,7952.31,0.669616,0.440284,0.504136,1.07903,0.448158,0.810075,0.32031,0.503926,1.54671,0.636112,0.810099,0.262525,0.503745,1.8248,0.724991,0.810149
2023_2024,R2,130,100,4,0.716081,0.162437,0.297441,0.882196,0.59703,0.931451,1.06901,0.261457,0.303928,0.235911,0.0675027,0.236598,0.685826,0.0357968,1.19146,0.974805,23.6446,0.704459,13.2307,192.599,3.27015,3.95067,1.10089,-0.51433,0.967022,0.975998,0.689096,1.19146,13.3264,13684.8,0.724611,0.540058,0.348066,0.86488,0.419413,0.849931,0.430318,0.347952,1.25808,0.59651,0.849957,0.373853,0.347879,1.5085,0.681188,0.849965,0.0269605,1.80356,0.930397,12.956,0.642403,9.81816,93.826,3.19957,4.08651,1.24643,-0.396086,0.931194,0.931735,0.883171,1.80356,307.073,8219.01,0.669241,0.440868,0.502894,1.07616,0.450648,0.811042,0.319906,0.502854,1.54505,0.639451,0.811018,0.26151,0.502751,1.82481,0.729261,0.811037
2023_2024,R2,57,200,1,0.718116,0.126522,0.327249,1.02073,0.597735,1.50313,1.22491,0.265449,0.308726,0.232338,0.0676646,0.250481,0.680737,0.0340481,1.05313,0.977149,23.0434,0.717318,12.9949,185.242,3.29321,3.94161,1.05392,-0.528392,0.970061,0.97799,0.644768,1.05313,56.6762,13295.9,0.734417,0.547122,0.320468,0.840913,0.404233,0.858185,0.433101,0.320489,1.2272,0.595312,0.858191,0.372963,0.320351,1.47504,0.686849,0.858249,0.0273947,1.61939,0.935426,12.539,0.653956,10.136,96.5943,3.20359,4.04812,1.2028,-0.411331,0.936527,0.936738,0.836326,1.61939,286.886,7818.86,0.678019,0.447887,0.46555,1.05393,0.433969,0.818037,0.327013,0.465502,1.50816,0.626551,0.818056,0.269076,0.465536,1.77682,0.717871,0.818062
2023_2024,R2,116,200,2,0.735405,0.147575,0.340304,1.09649,0.62143,2.77399,1.24027,0.266588,0.31422,0.236404,0.065185,0.25521,0.705905,0.0316733,1.09165,0.976065,22.8049,0.713604,13.7108,198.507,3.30026,3.95943,1.06754,-0.524837,0.969659,0.977557,0.657453,1.09165,-61.2924,13022.2,0.731499,0.538031,0.330814,0.860271,0.410947,0.854526,0.423151,0.330884,1.25462,0.602368,0.854507,0.362996,0.331017,1.50651,0.693446,0.854485,0.02628,1.73398,0.933926,13.1215,0.645963,10.0224,97.0422,3.21866,4.09377,1.23297,-0.40486,0.935322,0.935659,0.867922,1.73398,288.856,8030.24,0.672114,0.442792,0.487956,1.07154,0.435968,0.812587,0.322859,0.487905,1.5319,0.626556,0.812592,0.265751,0.48781,1.80219,0.715761,0.812609
2023_2024,R2,121,200,3,0.739468,0.157969,0.346832,1.12818,0.624217,2.15289,1.24292,0.262675,0.309588,0.237454,0.0649263,0.250844,0.704568,0.0383791,1.06062,0.978119,24.2362,0.719522,13.5058,200.967,3.25488,3.90022,1.05599,-0.528689,0.969211,0.980003,0.642456,1.06062,-60.1594,14426.9,0.73676,0.55857,0.315644,0.8205,0.39819,0.8613,0.448223,0.315698,1.19823,0.580742,0.861292,0.390462,0.315751,1.4397,0.667561,0.861262,0.027517,1.7725,0.929142,12.5074,0.64724,10.0352,95.0923,3.19157,4.06397,1.23689,-0.399479,0.931928,0.931615,0.870213,1.7725,291.611,7917.62,0.673068,0.444833,0.495795,1.06639,0.439347,0.813238,0.324068,0.495665,1.52562,0.630254,0.813253,0.266198,0.495722,1.79601,0.719563,0.813218
2023_2024,R2,133,200,4,0.750817,0.175177,0.347673,1.12722,0.623383,4.93908,1.20001,0.260364,0.300163,0.239514,0.0599533,0.231323,0.693342,0.0345907,1.15417,0.974874,22.9681,0.710115,13.5808,196.92,3.27534,3.9505,1.08651,-0.518323,0.967965,0.976803,0.673022,1.15417,-57.6915,13249.2,0.728975,0.539151,0.342051,0.861344,0.417129,0.85274,0.427793,0.34217,1.2538,0.597966,0.852722,0.370429,0.342131,1.50479,0.682888,0.852742,0.0262275,1.7949,0.938361,14.5597,0.64069,9.9852,101.877,3.24476,4.12716,1.24925,-0.411363,0.939168,0.943021,0.88599,1.7949,279.009,8540.99,0.668287,0.43977,0.499571,1.08479,0.446819,0.809769,0.321999,0.499522,1.55238,0.631699,0.809781,0.265949,0.499507,1.82789,0.721664,0.809776
2023_2024,R2,71,300,1,0.75233,0.162399,0.357959,1.16584,0.635758,3.84676,1.28294,0.260207,0.31345,0.237081,0.0651088,0.25408,0.709857,0.0311453,1.11782,0.975418,22.7367,0.704151,14.0292,204.848,3.30448,3.9808,1.07858,-0.51691,0.96832,0.976954,0.677658,1.11782,-119.236,13257,0.722868,0.529451,0.336009,0.876855,0.423577,0.850737,0.413002,0.336,1.2773,0.617168,0.850739,0.352315,0.335993,1.53325,0.708868,0.850743,0.0295568,1.67642,0.931895,12.3077,0.653913,9.63416,89.3751,3.16727,4.01303,1.21813,-0.403896,0.932092,0.932915,0.84519,1.67642,319.957,8055.2,0.678939,0.449649,0.477001,1.05254,0.4376,0.816508,0.327725,0.476872,1.51024,0.632318,0.816516,0.268548,0.476754,1.78355,0.724366,0.816539
2023_2024,R2,114,300,2,0.745575,0.164865,0.360446,1.21183,0.635242,1.96832,1.27135,0.263463,0.314913,0.239552,0.0610245,0.255583,0.715029,0.0331253,1.09456,0.976548,23.3362,0.71358,13.9183,205.305,3.28559,3.94674,1.06862,-0.522903,0.96894,0.978117,0.658043,1.09456,-111.848,13593,0.731584,0.544299,0.329,0.849217,0.406201,0.855536,0.431201,0.328937,1.23747,0.594305,0.855546,0.371796,0.328896,1.48485,0.685405,0.855569,0.024521,1.765,0.933469,13.2645,0.645471,10.3804,102.225,3.24371,4.1292,1.23541,-0.406086,0.937035,0.93685,0.871714,1.765,248.793,7762.16,0.671378,0.442044,0.493904,1.07085,0.438358,0.812827,0.321508,0.493723,1.53153,0.63005,0.812882,0.263852,0.493552,1.80302,0.719429,0.812927
2023_2024,R2,125,300,3,0.74699,0.154782,0.339853,1.08812,0.628017,22.152,1.23478,0.267448,0.310081,0.236509,0.0634257,0.251445,0.701362,0.0372567,1.1685,0.974723,23.1136,0.708652,13.3661,193.62,3.25013,3.93104,1.09175,-0.513435,0.966346,0.976482,0.677826,1.1685,-62.8493,13544.9,0.727949,0.549014,0.339595,0.846053,0.405376,0.854236,0.440495,0.33972,1.23073,0.580097,0.854183,0.384884,0.339684,1.47528,0.660626,0.854187,0.0268604,1.86879,0.929073,13.174,0.639942,9.81214,94.5028,3.20337,4.10054,1.26014,-0.391955,0.929799,0.930316,0.897189,1.86879,322.635,8480.34,0.667442,0.441127,0.517402,1.0805,0.447425,0.808514,0.321592,0.517479,1.54842,0.636109,0.808529,0.264244,0.517537,1.82584,0.725203,0.808537
2023_2024,R2,127,300,4,0.712472,0.146568,0.320693,1.00178,0.596658,-0.854666,1.16825,0.258541,0.307586,0.230223,0.0678037,0.250167,0.679288,0.0332643,1.10559,0.975965,22.9998,0.713909,13.1116,187.43,3.28632,3.9492,1.07214,-0.521203,0.968606,0.976947,0.659349,1.10559,43.7996,12912.4,0.732185,0.535903,0.333651,0.862922,0.4157,0.853266,0.419675,0.333596,1.25791,0.610643,0.853289,0.358161,0.333633,1.5101,0.708766,0.853286,0.0273814,1.67024,0.930544,12.0237,0.651455,10.0188,93.1407,3.18387,4.04244,1.21427,-0.403642,0.93302,0.932827,0.847314,1.67024,262.902,7475.27,0.67626,0.445711,0.476854,1.0604,0.431469,0.815713,0.325671,0.476765,1.51408,0.622272,0.815739,0.267824,0.476719,1.78076,0.713207,0.815739
2023_2024,R2,85,400,1,0.729416,0.110806,0.34284,1.08975,0.616175,1.51023,1.2926,0.27903,0.323109,0.231636,0.068763,0.27035,0.690346,0.0305493,1.09112,0.975395,22.1729,0.706355,13.2451,186.057,3.32262,3.99325,1.06964,-0.522095,0.969781,0.976219,0.66999,1.09112,14.346,12694.6,0.724535,0.529374,0.330997,0.874768,0.420574,0.852313,0.412812,0.331034,1.27527,0.611833,0.852304,0.352346,0.330968,1.52984,0.702616,0.852329,0.025035,1.68596,0.932712,12.528,0.641221,10.2134,97.37,3.21744,4.09801,1.22175,-0.399962,0.933331,0.933729,0.868868,1.68596,259.767,7489.08,0.667085,0.432568,0.481602,1.08592,0.438448,0.810919,0.31162,0.481486,1.54758,0.628929,0.810942,0.253866,0.481483,1.81858,0.718253,0.810915
2023_2024,R2,113,400,2,0.700614,0.121138,0.317962,0.988294,0.593191,-1.48484,1.18062,0.269456,0.320501,0.229324,0.0728001,0.268602,0.686025,0.0342111,1.10456,0.976002,23.0133,0.715608,12.8042,181.537,3.2864,3.94744,1.07068,-0.520688,0.968447,0.976579,0.656091,1.10456,100.891,13072.4,0.73375,0.542374,0.330613,0.849075,0.409839,0.855804,0.427087,0.330641,1.2405,0.602098,0.85579,0.366401,0.330704,1.49039,0.697345,0.855771,0.0256775,1.64743,0.935798,12.8301,0.654965,10.3302,100.123,3.22738,4.0822,1.20567,-0.413617,0.93862,0.937882,0.837514,1.64743,256.33,7714.74,0.678871,0.451101,0.47103,1.04518,0.423752,0.818978,0.330534,0.471012,1.49294,0.616385,0.819011,0.272468,0.471117,1.75596,0.706603,0.819008
2023_2024,R2,124,400,3,0.751702,0.174863,0.352283,1.15451,0.63755,-0.0404282,1.25725,0.260681,0.309207,0.240182,0.0608764,0.248301,0.717905,0.0375024,1.03362,0.978324,23.8424,0.726226,14.0932,212.054,3.24343,3.87338,1.04448,-0.533889,0.96977,0.980703,0.626613,1.03362,-159.84,14190.5,0.742751,0.563241,0.311672,0.811615,0.384966,0.8633,0.454942,0.311689,1.18295,0.564088,0.863298,0.398588,0.311642,1.4189,0.650229,0.863302,0.0275367,1.83015,0.925534,12.2885,0.645353,9.98279,93.5122,3.18658,4.07195,1.24956,-0.39239,0.928979,0.927557,0.881419,1.83015,289.739,7709.83,0.671965,0.442993,0.50855,1.07304,0.438513,0.811024,0.324079,0.508708,1.53615,0.624991,0.81099,0.267938,0.508625,1.80863,0.712057,0.81099
2023_2024,R2,128,400,4,0.744452,0.163274,0.350059,1.14241,0.625111,2.4244,1.26154,0.257296,0.307438,0.237112,0.0621722,0.250138,0.706364,0.0376485,1.03381,0.97812,23.6244,0.721734,13.8234,205.389,3.24397,3.87716,1.04673,-0.528833,0.968721,0.97986,0.634437,1.03381,-98.9118,13526,0.738435,0.558728,0.312226,0.820513,0.390838,0.861525,0.448848,0.312229,1.19572,0.576456,0.861527,0.391183,0.312316,1.43502,0.66741,0.861488,0.0277595,1.76541,0.927466,12.1696,0.6499,10.1942,96.0133,3.18706,4.05844,1.23627,-0.401119,0.932466,0.932767,0.864448,1.76541,258.99,7451.39,0.675796,0.44685,0.49629,1.06534,0.433919,0.813315,0.329488,0.496209,1.52226,0.61921,0.813325,0.274413,0.495964,1.78859,0.708372,0.813384
2023_2024,R5,1,0,1,0.571617,0.190561,0.178008,0.445452,0.479197,0.0407528,0.631221,0.221917,0.321648,0.217291,0.0898223,0.261929,0.645583,0.0220894,0.998223,0.968103,15.6478,0.694224,13.1386,157.129,3.3643,4.04946,1.03044,-0.504795,0.966984,0.970493,0.675399,0.998223,61.568,7975.2,0.710103,0.483543,0.328546,0.944947,0.424759,0.84562,0.357118,0.328294,1.36584,0.628685,0.845763,0.294359,0.328291,1.6237,0.72339,0.845753,0.0206118,1.85758,0.934097,14.0933,0.613346,11.1068,115.622,3.28981,4.23626,1.26523,-0.392794,0.934824,0.937454,0.944187,1.85758,177.846,7481.59,0.64384,0.402232,0.521243,1.15385,0.476313,0.795127,0.281156,0.520973,1.6417,0.657111,0.795264,0.225528,0.520669,1.9222,0.74096,0.795352
2023_2024,R5,119,0,2,0.5661,0.162737,0.160793,0.390103,0.493558,0.815615,0.631072,0.265486,0.343971,0.224886,0.103124,0.282583,0.682288,0.0230819,1.30873,0.963275,17.8181,0.680202,12.5282,154.027,3.35959,4.13307,1.13104,-0.47933,0.962361,0.965682,0.746413,1.30873,110.141,9509.26,0.701059,0.485039,0.39079,0.966611,0.437144,0.834524,0.365543,0.391082,1.39792,0.625416,0.834449,0.305729,0.391242,1.6658,0.715437,0.834388,0.0199289,2.01811,0.929617,14.3365,0.605417,11.4166,121.216,3.29947,4.27832,1.29581,-0.384051,0.932274,0.935577,0.979954,2.01811,150.456,7474.19,0.637489,0.394816,0.556154,1.17978,0.474739,0.789227,0.276335,0.556198,1.67682,0.649118,0.789234,0.222973,0.556422,1.96155,0.730609,0.789209
2023_2024,R5,123,0,3,0.601506,0.191539,0.185158,0.467935,0.495912,1.10503,0.673629,0.244383,0.313607,0.228723,0.0746031,0.243445,0.667365,0.0247474,1.19009,0.96768,18.4111,0.694353,12.6827,159.506,3.35256,4.07954,1.09841,-0.4994,0.966342,0.971922,0.704923,1.19009,86.6842,9789.23,0.713575,0.505046,0.361617,0.924804,0.4276,0.842567,0.387601,0.361599,1.34135,0.61539,0.842596,0.328065,0.361739,1.60227,0.709009,0.842574,0.0248802,1.90355,0.939086,15.625,0.623303,10.8429,117.807,3.27913,4.20463,1.27884,-0.409446,0.940862,0.947473,0.933968,1.90355,199.417,8632.09,0.654071,0.422473,0.526735,1.12659,0.459914,0.798299,0.308773,0.526673,1.60367,0.630373,0.798324,0.256895,0.526425,1.87967,0.714065,0.798396
2023_2024,R5,132,0,4,0.58792,0.179292,0.179114,0.445363,0.513757,0.909498,0.6599,0.267112,0.347176,0.229166,0.0939889,0.295598,0.689497,0.0245604,1.17035,0.965318,16.8726,0.709559,13.513,169.698,3.34549,4.06337,1.08788,-0.502268,0.966682,0.966883,0.674796,1.17035,74.923,8377.88,0.728351,0.528664,0.35104,0.881195,0.409854,0.849833,0.414711,0.350807,1.28022,0.595898,0.849845,0.355897,0.350555,1.53037,0.691635,0.849875,0.0202468,2.04826,0.933218,15.3354,0.611473,11.944,133.747,3.31535,4.29465,1.30268,-0.39008,0.935529,0.941257,0.973599,2.04826,93.047,7740.97,0.643329,0.405247,0.560237,1.16508,0.46733,0.791626,0.288308,0.560156,1.65811,0.642946,0.791656,0.234987,0.560185,1.94068,0.726436,0.791662
2023_2024,R5,15,50,1,0.619195,0.199225,0.205363,0.530634,0.517362,0.998102,0.731805,0.235876,0.319445,0.228559,0.0803416,0.250491,0.670738,0.0238818,1.03567,0.97072,17.6859,0.69992,13.7046,176.757,3.35817,4.04895,1.04516,-0.510437,0.968322,0.975322,0.671189,1.03567,-40.1139,9366.98,0.716159,0.500797,0.329834,0.918016,0.409235,0.849006,0.379522,0.32967,1.32781,0.604128,0.849076,0.319689,0.329693,1.57874,0.695646,0.849066,0.0246948,1.8462,0.938381,14.9808,0.624431,10.4104,109.155,3.2635,4.17883,1.26611,-0.407384,0.939197,0.942639,0.923713,1.8462,243.114,8524.41,0.654415,0.421817,0.512525,1.12064,0.462862,0.800713,0.305712,0.512397,1.59711,0.638546,0.800749,0.252821,0.512058,1.87285,0.724066,0.800864
2023_2024,R5,118,50,2,0.580991,0.209646,0.170437,0.420172,0.501347,1.26739,0.587805,0.245328,0.332311,0.233308,0.0882362,0.257387,0.69534,0.0232786,1.07265,0.970084,17.9279,0.701825,13.9636,182.977,3.36466,4.06028,1.05858,-0.508302,0.968069,0.97391,0.673861,1.07265,-44.8262,9224.52,0.718632,0.502084,0.339653,0.917549,0.417164,0.847582,0.378897,0.339504,1.33131,0.618141,0.84766,0.3159,0.339428,1.58994,0.712861,0.847701,0.0209765,1.95261,0.934053,14.8044,0.611753,11.277,120.874,3.30143,4.25759,1.28689,-0.395646,0.936767,0.940956,0.961348,1.95261,176.378,7915.18,0.643282,0.402892,0.540617,1.16267,0.470933,0.792194,0.285016,0.540546,1.65551,0.64413,0.792188,0.231214,0.540476,1.93945,0.726681,0.792199
2023_2024,R5,126,50,3,0.572842,0.198372,0.171118,0.421593,0.492822,10.6985,0.59333,0.249683,0.330604,0.231715,0.0906186,0.258246,0.689185,0.0260939,1.32254,0.967133,20.1193,0.685185,12.516,163.255,3.34533,4.10819,1.13847,-0.485962,0.963556,0.96949,0.741183,1.32254,119.336,11011.8,0.706851,0.500231,0.389577,0.944313,0.433262,0.835891,0.385489,0.389363,1.3661,0.615307,0.835953,0.327346,0.389199,1.62958,0.708296,0.835999,0.0236208,2.11297,0.932566,15.667,0.608952,10.764,116.533,3.28209,4.25367,1.31794,-0.389251,0.93382,0.94031,0.98816,2.11297,202.009,8560.75,0.642007,0.409485,0.574524,1.16028,0.470737,0.789351,0.294891,0.57423,1.65142,0.643219,0.789499,0.242388,0.574046,1.93558,0.728334,0.789587
2023_2024,R5,131,50,4,0.600671,0.142576,0.180148,72.8928,0.483893,-1.09456,0.699135,0.264995,0.300396,0.207788,0.0849672,0.252201,0.593938,0.0412772,0.860051,0.964679,12.1749,0.77513,10.6797,104.718,3.13787,3.68019,0.938467,-0.550684,0.969013,0.965542,0.512297,0.860051,233.822,7232.65,0.7855,0.601138,0.276507,0.719446,0.326706,0.884024,0.484013,0.276275,1.06115,0.544489,0.884012,0.417805,0.275912,1.27998,0.660873,0.884035,0.0234476,2.05912,0.934848,15.8025,0.612042,10.8344,118.053,3.29103,4.25049,1.30596,-0.395676,0.936551,0.942211,0.974422,2.05912,217.296,8825.68,0.644176,0.409009,0.561695,1.1584,0.47542,0.791874,0.294099,0.561161,1.64934,0.645717,0.791964,0.24243,0.561084,1.93207,0.727878,0.791952
2023_2024,R5,43,100,1,0.650834,0.231241,0.224468,0.600223,0.553515,0.464799,0.760388,0.230306,0.323397,0.232941,0.0745313,0.257225,0.679371,0.0230044,1.05003,0.968494,16.664,0.695857,14.9958,201.281,3.3478,4.0539,1.04928,-0.497742,0.965334,0.97498,0.680384,1.05003,-160.326,9080.68,0.712301,0.492048,0.336242,0.936843,0.41243,0.845984,0.368967,0.336326,1.35338,0.611499,0.845947,0.307791,0.336394,1.60657,0.705446,0.845876,0.0204662,1.93879,0.933578,14.5946,0.610952,11.1577,118.174,3.30056,4.25588,1.28272,-0.392533,0.935353,0.938141,0.959816,1.93879,189.465,7782.71,0.642417,0.398182,0.539405,1.17012,0.47116,0.79172,0.280171,0.539235,1.6607,0.64658,0.791772,0.227296,0.539015,1.93987,0.728792,0.791829
2023_2024,R5,117,100,2,0.646301,0.216445,0.204589,0.536241,0.543044,0.336954,0.733604,0.253274,0.323375,0.236835,0.0694463,0.255681,0.685278,0.0223014,1.13148,0.966276,16.7756,0.689961,14.4092,188.107,3.35766,4.09201,1.07931,-0.490372,0.964334,0.971186,0.703536,1.13148,-97.2171,8812.85,0.708216,0.484814,0.355431,0.955335,0.43296,0.840333,0.360907,0.35541,1.38233,0.630028,0.840341,0.299228,0.355493,1.64469,0.720307,0.840295,0.02215,1.94169,0.935225,14.988,0.615876,11.1421,119.641,3.29158,4.23664,1.28488,-0.400447,0.938148,0.943529,0.952022,1.94169,173.745,8009.27,0.647127,0.406358,0.538403,1.15866,0.466772,0.793261,0.290911,0.538455,1.64641,0.636825,0.793249,0.238897,0.538434,1.9261,0.718722,0.793244
2023_2024,R5,122,100,3,0.601153,0.211239,0.191041,0.484104,0.518892,-17.6376,0.656039,0.245779,0.334183,0.231574,0.0848401,0.270788,0.688271,0.0225664,1.19636,0.967074,18.1676,0.693986,13.704,178.252,3.37058,4.11247,1.10073,-0.494531,0.965876,0.970255,0.706601,1.19636,6.80745,9447.43,0.713424,0.501361,0.363675,0.932583,0.428684,0.841124,0.383223,0.363672,1.35138,0.6183,0.841116,0.323905,0.363574,1.6126,0.710519,0.841136,0.0229604,2.00098,0.934925,15.3745,0.616518,11.0036,119.037,3.28741,4.23472,1.29549,-0.398793,0.937383,0.943547,0.958647,2.00098,171.751,8079.92,0.648006,0.411803,0.549949,1.14984,0.469682,0.793948,0.297079,0.549554,1.63499,0.641031,0.794058,0.245073,0.549419,1.91514,0.723526,0.794079
2023_2024,R5,130,100,4,0.659513,0.175993,0.220459,5.70361,0.53359,0.0322666,0.837095,0.257473,0.309297,0.235441,0.0611854,0.239066,0.672133,0.022214,1.19657,0.96521,17.197,0.689029,14.4034,189.527,3.36092,4.11197,1.09742,-0.486336,0.963745,0.970857,0.714402,1.19657,-95.827,9087.57,0.707899,0.488513,0.368831,0.953014,0.434572,0.83975,0.3656,0.368882,1.38314,0.631359,0.839733,0.303807,0.368981,1.65103,0.722711,0.839698,0.0211035,1.90942,0.937207,15.2041,0.621146,11.6341,128.112,3.31515,4.25092,1.27711,-0.407961,0.941701,0.947765,0.93781,1.90942,152.746,7961.5,0.651484,0.407995,0.535629,1.15212,0.46908,0.794595,0.292579,0.535401,1.6368,0.641646,0.794689,0.240617,0.535339,1.9169,0.723788,0.794705
2023_2024,R5,57,200,1,0.616528,0.270285,0.224338,0.599103,0.514348,0.556028,0.647275,0.192867,0.303023,0.226121,0.0733961,0.231576,0.658599,0.025062,1.05174,0.971966,18.7583,0.705528,13.4832,176.604,3.35289,4.04214,1.05208,-0.512397,0.968631,0.975623,0.664123,1.05174,-25.4133,9940.48,0.722147,0.509692,0.332702,0.905228,0.406841,0.849779,0.389892,0.332559,1.30998,0.602423,0.84984,0.329517,0.332586,1.55972,0.696919,0.84983,0.029191,1.78794,0.940972,15.1449,0.634087,9.62376,99.7763,3.22185,4.10413,1.25227,-0.412842,0.939024,0.943971,0.897442,1.78794,307.899,9241.48,0.66282,0.436553,0.499921,1.08964,0.45239,0.806246,0.320632,0.499527,1.55329,0.631609,0.806381,0.266763,0.499112,1.82035,0.718578,0.806501
2023_2024,R5,116,200,2,0.677456,0.278552,0.263204,0.750951,0.58202,-0.0588139,0.79188,0.222989,0.321835,0.237282,0.0673751,0.257131,0.692531,0.0240328,1.06754,0.969308,17.391,0.70209,14.9265,202.675,3.34296,4.04916,1.05848,-0.50251,0.966417,0.974143,0.672927,1.06754,-164.184,9620.8,0.719093,0.500155,0.337766,0.922734,0.42273,0.847122,0.376726,0.33797,1.34071,0.62073,0.847043,0.314579,0.338172,1.6002,0.712175,0.846977,0.0263673,1.79434,0.943935,16.0024,0.632145,10.3683,112.644,3.26699,4.16127,1.25139,-0.417378,0.94267,0.94712,0.900896,1.79434,257.086,9112.95,0.660745,0.427774,0.502482,1.10888,0.452939,0.804706,0.311975,0.502541,1.57864,0.629536,0.804706,0.258609,0.502648,1.84872,0.715153,0.804701
2023_2024,R5,121,200,3,0.676554,0.274618,0.260082,0.74649,0.559396,1.17886,0.770953,0.213409,0.301181,0.2336,0.0593771,0.23149,0.66562,0.0248564,0.941156,0.971636,16.5904,0.718222,14.8103,197.069,3.33652,3.98994,1.00963,-0.51967,0.96916,0.977554,0.625077,0.941156,-147.348,8921.12,0.732275,0.514087,0.311912,0.887425,0.393433,0.85624,0.390249,0.311938,1.2869,0.600317,0.856227,0.327112,0.312005,1.53297,0.698432,0.856189,0.0273839,1.88715,0.938388,15.3147,0.629469,10.0126,105.198,3.24302,4.14475,1.27279,-0.409583,0.939006,0.943632,0.9194,1.88715,268.809,8795.74,0.659373,0.427987,0.520646,1.11289,0.45854,0.801503,0.313455,0.5204,1.58569,0.633757,0.801573,0.260244,0.52045,1.86067,0.720007,0.801541
2023_2024,R5,133,200,4,0.683758,0.31845,0.264272,0.755111,0.597169,1.5864,0.684149,0.217562,0.319748,0.242516,0.0632294,0.251898,0.711027,0.025101,1.01116,0.971818,17.9399,0.713964,15.4657,217.842,3.33751,4.01449,1.037,-0.512664,0.968081,0.975681,0.643547,1.01116,-210.957,9933.91,0.729569,0.516226,0.324094,0.889856,0.400661,0.854056,0.395289,0.324172,1.29214,0.600132,0.854004,0.333917,0.324164,1.54166,0.695393,0.853978,0.0252716,1.77682,0.942981,15.5808,0.636272,10.649,114.914,3.27554,4.16457,1.24727,-0.420999,0.944178,0.948462,0.891048,1.77682,222.01,8552.19,0.664391,0.433089,0.498614,1.09837,0.442844,0.80686,0.319232,0.498481,1.56023,0.618731,0.806887,0.266973,0.498481,1.82631,0.70565,0.806901
2023_2024,R5,71,300,1,0.703867,0.262345,0.29667,0.893955,0.586012,1.36429,0.938541,0.214986,0.299391,0.232319,0.0616779,0.229148,0.670395,0.0253766,1.01915,0.971718,18.0176,0.704876,14.157,188.132,3.33659,4.02196,1.03868,-0.509605,0.967522,0.976056,0.659973,1.01915,-123.259,9796.64,0.720612,0.504378,0.327965,0.913186,0.409513,0.850981,0.380572,0.32796,1.32563,0.614058,0.851004,0.317956,0.328037,1.58032,0.709519,0.850992,0.0284154,2.00118,0.93378,15.1102,0.616098,9.53482,98.3575,3.21676,4.14737,1.29728,-0.392507,0.931694,0.936704,0.959678,2.00118,311.882,9209.75,0.648075,0.417226,0.544551,1.14072,0.475551,0.794779,0.301761,0.544233,1.62629,0.652358,0.794825,0.248084,0.544098,1.90788,0.739901,0.794883
2023_2024,R5,114,300,2,0.719042,0.288185,0.305574,0.954018,0.597097,1.65456,0.973713,0.214708,0.305191,0.23827,0.0518071,0.240752,0.677572,0.0259551,0.903038,0.969705,14.9043,0.719097,15.7923,214.575,3.30782,3.95444,0.994432,-0.513867,0.966998,0.976183,0.617603,0.903038,-190.815,8308.87,0.732412,0.518032,0.301653,0.876611,0.390729,0.859162,0.394087,0.301748,1.27297,0.59827,0.859126,0.331021,0.301763,1.51682,0.695742,0.859099,0.0265966,1.89426,0.940415,15.8955,0.628294,10.2191,110.13,3.25904,4.16843,1.27338,-0.409642,0.939794,0.944392,0.922479,1.89426,264.942,9025.81,0.65807,0.428396,0.52112,1.11069,0.452197,0.802194,0.314595,0.521072,1.57893,0.625172,0.802217,0.262179,0.520987,1.84833,0.711783,0.802218
2023_2024,R5,125,300,3,0.65733,0.265222,0.254029,0.712568,0.562428,1.09678,0.764031,0.215508,0.31282,0.228354,0.0743202,0.251584,0.677117,0.0263054,1.08347,0.970512,18.3712,0.714098,13.593,177.746,3.32929,4.0213,1.06111,-0.512072,0.968093,0.974148,0.654427,1.08347,-53.275,9567.24,0.731062,0.530663,0.33342,0.869792,0.401295,0.854296,0.414681,0.333493,1.26525,0.592413,0.854293,0.354928,0.333351,1.51336,0.684631,0.854308,0.0305318,2.00734,0.935704,15.6101,0.624884,9.66409,101.999,3.2169,4.13949,1.29593,-0.400012,0.934768,0.940183,0.943906,2.00734,296.453,9306.03,0.656048,0.427148,0.547862,1.12108,0.460631,0.79878,0.313395,0.547561,1.59875,0.634022,0.798819,0.260909,0.54753,1.87398,0.72212,0.798801
2023_2024,R5,127,300,4,0.670319,0.280277,0.259195,0.740667,0.558307,1.23982,0.772513,0.205574,0.302844,0.228719,0.0617271,0.238363,0.654782,0.0235233,0.991332,0.969957,16.4983,0.703301,14.1777,182.147,3.35433,4.0381,1.02861,-0.508604,0.967646,0.97396,0.65848,0.991332,-72.2371,8789.65,0.718658,0.501531,0.322056,0.915363,0.406681,0.850796,0.378312,0.322016,1.32416,0.609649,0.850817,0.316015,0.322063,1.57574,0.707201,0.850778,0.0273064,1.90644,0.937637,15.285,0.628931,9.81651,102.526,3.2368,4.14354,1.27226,-0.40364,0.936471,0.941256,0.922,1.90644,288.165,8974.44,0.658168,0.430336,0.526983,1.10715,0.448001,0.80275,0.314955,0.526939,1.57546,0.628336,0.802734,0.260463,0.527129,1.84773,0.718977,0.802649
2023_2024,R5,85,400,1,0.690103,0.315334,0.293007,0.869848,0.581102,-4.56333,0.800482,0.18263,0.291606,0.224848,0.0650788,0.222848,0.650143,0.0236504,1.0478,0.969652,17.2634,0.696958,14.2373,186.537,3.3501,4.05102,1.04747,-0.502107,0.966361,0.973807,0.67795,1.0478,-106.742,9182.83,0.713178,0.492605,0.335964,0.933471,0.418393,0.846717,0.367159,0.336022,1.35268,0.621271,0.846712,0.304343,0.336021,1.61054,0.713775,0.846693,0.0263538,1.96922,0.930722,14.2125,0.612443,9.55653,95.1222,3.21291,4.15487,1.29254,-0.384785,0.928372,0.932373,0.962436,1.96922,293.798,8632.83,0.644724,0.410656,0.538541,1.15112,0.46657,0.794449,0.295212,0.538276,1.63503,0.639942,0.794541,0.243166,0.538001,1.90949,0.72425,0.794616
2023_2024,R5,113,400,2,0.679728,0.252711,0.263482,0.760387,0.568207,2.16689,0.848143,0.220324,0.316122,0.231494,0.0680488,0.253859,0.671834,0.0204224,1.1842,0.963359,16.1595,0.67329,14.4213,185.532,3.3724,4.14081,1.09283,-0.475019,0.961353,0.966025,0.74005,1.1842,-66.7226,8421.72,0.692613,0.45956,0.37022,1.00453,0.452048,0.83296,0.331369,0.370349,1.45266,0.654399,0.83289,0.267776,0.370445,1.7278,0.745911,0.832827,0.0277975,1.84268,0.94215,15.9263,0.628609,9.8351,105.313,3.24341,4.14236,1.26061,-0.408702,0.938564,0.944209,0.913761,1.84268,312.761,9552.76,0.657629,0.428654,0.511708,1.1055,0.454168,0.803683,0.312379,0.511895,1.57394,0.633408,0.803632,0.257579,0.511973,1.84696,0.723909,0.803631
2023_2024,R5,124,400,3,0.733355,0.280513,0.312031,0.987715,0.592801,2.25989,1.00065,0.208568,0.285675,0.236416,0.0479919,0.211326,0.66532,0.0243,0.984421,0.972695,18.0264,0.711407,14.8698,203.737,3.35389,4.0259,1.02583,-0.515322,0.968952,0.976273,0.643586,0.984421,-162.248,9926.03,0.726283,0.512583,0.318536,0.894754,0.399324,0.854412,0.389602,0.318586,1.29873,0.603457,0.854372,0.326735,0.318518,1.54816,0.699347,0.85437,0.0295729,1.86081,0.937233,14.8231,0.628165,9.56416,97.7996,3.21058,4.10802,1.26854,-0.406597,0.936546,0.941346,0.918305,1.86081,297.599,9017.89,0.658147,0.429644,0.514734,1.11043,0.45087,0.801917,0.31597,0.51473,1.5789,0.62515,0.801895,0.263376,0.514457,1.84829,0.71408,0.801946
2023_2024,R5,128,400,4,0.691443,0.255833,0.281491,0.835677,0.572542,2.74014,0.90062,0.216823,0.298814,0.230554,0.0627109,0.228086,0.664705,0.0256961,1.0055,0.972548,18.3141,0.710503,13.8086,181.798,3.34215,4.01911,1.03511,-0.515114,0.968755,0.976433,0.64848,1.0055,-79.4688,9880.79,0.726071,0.51757,0.321969,0.88895,0.400678,0.85386,0.397569,0.321802,1.29014,0.598465,0.853935,0.336662,0.321765,1.53761,0.693633,0.853932,0.0315289,2.00638,0.93622,15.7289,0.620388,9.56599,101.318,3.20925,4.12915,1.29647,-0.399839,0.934342,0.941078,0.951984,2.00638,303.071,9423.51,0.651875,0.428845,0.546684,1.12022,0.463717,0.797877,0.314647,0.54688,1.59985,0.640868,0.797843,0.261039,0.546904,1.8793,0.73053,0.797814
