safra,estagio,parcela,dose,bloco,atributo,valor
2023_2024,V6,1,0,1,NDVI,0.509272
2023_2024,V6,1,0,1,GNDVI,0.305187
2023_2024,V6,1,0,1,NDRE,0.0948162
2023_2024,V6,1,0,1,CIrededge,0.212733
2023_2024,V6,1,0,1,SAVI,0.484009
2023_2024,V6,1,0,1,EVI,0.616226
2023_2024,V6,1,0,1,VARI,0.326716
2023_2024,V6,1,0,1,TGI,0.189571
2023_2024,V6,1,0,1,spec_mean,0.386846
2023_2024,V6,1,0,1,spec_std,0.236653
2023_2024,V6,1,0,1,spec_p10,0.12338
2023_2024,V6,1,0,1,spec_p50,0.334245
2023_2024,V6,1,0,1,spec_p90,0.744359
2023_2024,V6,1,0,1,glcm_asm,0.0132203
2023_2024,V6,1,0,1,glcm_contrast,2.74238
2023_2024,V6,1,0,1,glcm_correlation,0.909977
2023_2024,V6,1,0,1,glcm_variance,15.2316
2023_2024,V6,1,0,1,glcm_idm,0.526698
2023_2024,V6,1,0,1,glcm_sum_average,16.0235
2023_2024,V6,1,0,1,glcm_sum_variance,218.534
2023_2024,V6,1,0,1,glcm_sum_entropy,3.36055
2023_2024,V6,1,0,1,glcm_entropy,4.52642
2023_2024,V6,1,0,1,glcm_diff_entropy,1.41939
2023_2024,V6,1,0,1,glcm_imc1,-0.321971
2023_2024,V6,1,0,1,glcm_imc2,0.907719
2023_2024,V6,1,0,1,glcm_mcc,0.911587
2023_2024,V6,1,0,1,glcm_dissimilarity,1.23093
2023_2024,V6,1,0,1,glcm_inertia,2.74238
2023_2024,V6,1,0,1,glcm_cluster_shade,-137.214
2023_2024,V6,1,0,1,glcm_cluster_prominence,7609.69
2023_2024,V6,1,0,1,glcm_homogeneity,0.57289
2023_2024,V6,1,0,1,glcmw3_asm,0.321906
2023_2024,V6,1,0,1,glcmw3_contrast,0.72569
2023_2024,V6,1,0,1,glcmw3_entropy,1.33776
2023_2024,V6,1,0,1,glcmw3_correlation,0.611516
2023_2024,V6,1,0,1,glcmw3_homogeneity,0.737096
2023_2024,V6,1,0,1,glcmw5_asm,0.200731
2023_2024,V6,1,0,1,glcmw5_contrast,0.726964
2023_2024,V6,1,0,1,glcmw5_entropy,1.90272
2023_2024,V6,1,0,1,glcmw5_correlation,0.742125
2023_2024,V6,1,0,1,glcmw5_homogeneity,0.736912
2023_2024,V6,1,0,1,glcmw7_asm,0.150917
2023_2024,V6,1,0,1,glcmw7_contrast,0.727579
2023_2024,V6,1,0,1,glcmw7_entropy,2.22856
2023_2024,V6,1,0,1,glcmw7_correlation,0.789957
2023_2024,V6,1,0,1,glcmw7_homogeneity,0.736733
2023_2024,V6,1,0,1,rgb_glcm_asm,0.0159012
2023_2024,V6,1,0,1,rgb_glcm_contrast,2.37033
2023_2024,V6,1,0,1,rgb_glcm_correlation,0.902384
2023_2024,V6,1,0,1,rgb_glcm_variance,12.1411
2023_2024,V6,1,0,1,rgb_glcm_idm,0.547808
2023_2024,V6,1,0,1,rgb_glcm_sum_average,13.4514
2023_2024,V6,1,0,1,rgb_glcm_sum_variance,149.615
2023_2024,V6,1,0,1,rgb_glcm_sum_entropy,3.28185
2023_2024,V6,1,0,1,rgb_glcm_entropy,4.39815
2023_2024,V6,1,0,1,rgb_glcm_diff_entropy,1.35744
2023_2024,V6,1,0,1,rgb_glcm_imc1,-0.321061
2023_2024,V6,1,0,1,rgb_glcm_imc2,0.902229
2023_2024,V6,1,0,1,rgb_glcm_mcc,0.902931
2023_2024,V6,1,0,1,rgb_glcm_dissimilarity,1.13843
2023_2024,V6,1,0,1,rgb_glcm_inertia,2.37033
2023_2024,V6,1,0,1,rgb_glcm_cluster_shade,13.3344
2023_2024,V6,1,0,1,rgb_glcm_cluster_prominence,5454.19
2023_2024,V6,1,0,1,rgb_glcm_homogeneity,0.589057
2023_2024,V6,1,0,1,rgb_glcmw3_asm,0.330564
2023_2024,V6,1,0,1,rgb_glcmw3_contrast,0.63997
2023_2024,V6,1,0,1,rgb_glcmw3_entropy,1.30877
2023_2024,V6,1,0,1,rgb_glcmw3_correlation,0.536312
2023_2024,V6,1,0,1,rgb_glcmw3_homogeneity,0.754475
2023_2024,V6,1,0,1,rgb_glcmw5_asm,0.207969
2023_2024,V6,1,0,1,rgb_glcmw5_contrast,0.641837
2023_2024,V6,1,0,1,rgb_glcmw5_entropy,1.85413
2023_2024,V6,1,0,1,rgb_glcmw5_correlation,0.692176
2023_2024,V6,1,0,1,rgb_glcmw5_homogeneity,0.753997
2023_2024,V6,1,0,1,rgb_glcmw7_asm,0.157208
2023_2024,V6,1,0,1,rgb_glcmw7_contrast,0.642202
2023_2024,V6,1,0,1,rgb_glcmw7_entropy,2.16094
2023_2024,V6,1,0,1,rgb_glcmw7_correlation,0.756841
2023_2024,V6,1,0,1,rgb_glcmw7_homogeneity,0.753799
2023_2024,V6,119,0,2,NDVI,0.506555
2023_2024,V6,119,0,2,GNDVI,0.219191
2023_2024,V6,119,0,2,NDRE,0.0880654
2023_2024,V6,119,0,2,CIrededge,0.195671
2023_2024,V6,119,0,2,SAVI,0.48002
2023_2024,V6,119,0,2,EVI,0.710123
2023_2024,V6,119,0,2,VARI,0.445926
2023_2024,V6,119,0,2,TGI,0.24308
2023_2024,V6,119,0,2,spec_mean,0.407467
2023_2024,V6,119,0,2,spec_std,0.234444
2023_2024,V6,119,0,2,spec_p10,0.142258
2023_2024,V6,119,0,2,spec_p50,0.360599
2023_2024,V6,119,0,2,spec_p90,0.750775
2023_2024,V6,119,0,2,glcm_asm,0.0127407
2023_2024,V6,119,0,2,glcm_contrast,2.82352
2023_2024,V6,119,0,2,glcm_correlation,0.91257
2023_2024,V6,119,0,2,glcm_variance,16.1474
2023_2024,V6,119,0,2,glcm_idm,0.528841
2023_2024,V6,119,0,2,glcm_sum_average,15.4148
2023_2024,V6,119,0,2,glcm_sum_variance,206.549
2023_2024,V6,119,0,2,glcm_sum_entropy,3.3822
2023_2024,V6,119,0,2,glcm_entropy,4.55691
2023_2024,V6,119,0,2,glcm_diff_entropy,1.43384
2023_2024,V6,119,0,2,glcm_imc1,-0.325233
2023_2024,V6,119,0,2,glcm_imc2,0.910848
2023_2024,V6,119,0,2,glcm_mcc,0.916192
2023_2024,V6,119,0,2,glcm_dissimilarity,1.23756
2023_2024,V6,119,0,2,glcm_inertia,2.82352
2023_2024,V6,119,0,2,glcm_cluster_shade,-93.9792
2023_2024,V6,119,0,2,glcm_cluster_prominence,8018.22
2023_2024,V6,119,0,2,glcm_homogeneity,0.574881
2023_2024,V6,119,0,2,glcmw3_asm,0.329754
2023_2024,V6,119,0,2,glcmw3_contrast,0.742089
2023_2024,V6,119,0,2,glcmw3_entropy,1.3234
2023_2024,V6,119,0,2,glcmw3_correlation,0.607881
2023_2024,V6,119,0,2,glcmw3_homogeneity,0.737901
2023_2024,V6,119,0,2,glcmw5_asm,0.208782
2023_2024,V6,119,0,2,glcmw5_contrast,0.744122
2023_2024,V6,119,0,2,glcmw5_entropy,1.88471
2023_2024,V6,119,0,2,glcmw5_correlation,0.744714
2023_2024,V6,119,0,2,glcmw5_homogeneity,0.73749
2023_2024,V6,119,0,2,glcmw7_asm,0.156912
2023_2024,V6,119,0,2,glcmw7_contrast,0.746052
2023_2024,V6,119,0,2,glcmw7_entropy,2.21405
2023_2024,V6,119,0,2,glcmw7_correlation,0.797816
2023_2024,V6,119,0,2,glcmw7_homogeneity,0.736993
2023_2024,V6,119,0,2,rgb_glcm_asm,0.0136428
2023_2024,V6,119,0,2,rgb_glcm_contrast,2.79355
2023_2024,V6,119,0,2,rgb_glcm_correlation,0.904602
2023_2024,V6,119,0,2,rgb_glcm_variance,14.6415
2023_2024,V6,119,0,2,rgb_glcm_idm,0.529465
2023_2024,V6,119,0,2,rgb_glcm_sum_average,14.455
2023_2024,V6,119,0,2,rgb_glcm_sum_variance,179.111
2023_2024,V6,119,0,2,rgb_glcm_sum_entropy,3.34922
2023_2024,V6,119,0,2,rgb_glcm_entropy,4.53207
2023_2024,V6,119,0,2,rgb_glcm_diff_entropy,1.42543
2023_2024,V6,119,0,2,rgb_glcm_imc1,-0.314581
2023_2024,V6,119,0,2,rgb_glcm_imc2,0.903224
2023_2024,V6,119,0,2,rgb_glcm_mcc,0.906269
2023_2024,V6,119,0,2,rgb_glcm_dissimilarity,1.23011
2023_2024,V6,119,0,2,rgb_glcm_inertia,2.79355
2023_2024,V6,119,0,2,rgb_glcm_cluster_shade,-54.4512
2023_2024,V6,119,0,2,rgb_glcm_cluster_prominence,7044.23
2023_2024,V6,119,0,2,rgb_glcm_homogeneity,0.574426
2023_2024,V6,119,0,2,rgb_glcmw3_asm,0.325428
2023_2024,V6,119,0,2,rgb_glcmw3_contrast,0.728503
2023_2024,V6,119,0,2,rgb_glcmw3_entropy,1.33715
2023_2024,V6,119,0,2,rgb_glcmw3_correlation,0.542701
2023_2024,V6,119,0,2,rgb_glcmw3_homogeneity,0.74181
2023_2024,V6,119,0,2,rgb_glcmw5_asm,0.206312
2023_2024,V6,119,0,2,rgb_glcmw5_contrast,0.734961
2023_2024,V6,119,0,2,rgb_glcmw5_entropy,1.89743
2023_2024,V6,119,0,2,rgb_glcmw5_correlation,0.69349
2023_2024,V6,119,0,2,rgb_glcmw5_homogeneity,0.740438
2023_2024,V6,119,0,2,rgb_glcmw7_asm,0.154477
2023_2024,V6,119,0,2,rgb_glcmw7_contrast,0.740038
2023_2024,V6,119,0,2,rgb_glcmw7_entropy,2.2246
2023_2024,V6,119,0,2,rgb_glcmw7_correlation,0.763474
2023_2024,V6,119,0,2,rgb_glcmw7_homogeneity,0.73928
2023_2024,V6,123,0,3,NDVI,0.4746
2023_2024,V6,123,0,3,GNDVI,0.232115
2023_2024,V6,123,0,3,NDRE,0.0908494
2023_2024,V6,123,0,3,CIrededge,0.201789
2023_2024,V6,123,0,3,SAVI,0.467601
2023_2024,V6,123,0,3,EVI,0.655904
2023_2024,V6,123,0,3,VARI,0.369661
2023_2024,V6,123,0,3,TGI,0.239845
2023_2024,V6,123,0,3,spec_mean,0.434916
2023_2024,V6,123,0,3,spec_std,0.231034
2023_2024,V6,123,0,3,spec_p10,0.16593
2023_2024,V6,123,0,3,spec_p50,0.411748
2023_2024,V6,123,0,3,spec_p90,0.762762
2023_2024,V6,123,0,3,glcm_asm,0.011624
2023_2024,V6,123,0,3,glcm_contrast,3.22544
2023_2024,V6,123,0,3,glcm_correlation,0.896424
2023_2024,V6,123,0,3,glcm_variance,15.5704
2023_2024,V6,123,0,3,glcm_idm,0.50403
2023_2024,V6,123,0,3,glcm_sum_average,15.1603
2023_2024,V6,123,0,3,glcm_sum_variance,197.765
2023_2024,V6,123,0,3,glcm_sum_entropy,3.38282
2023_2024,V6,123,0,3,glcm_entropy,4.62137
2023_2024,V6,123,0,3,glcm_diff_entropy,1.48932
2023_2024,V6,123,0,3,glcm_imc1,-0.30009
2023_2024,V6,123,0,3,glcm_imc2,0.896879
2023_2024,V6,123,0,3,glcm_mcc,0.897783
2023_2024,V6,123,0,3,glcm_dissimilarity,1.34036
2023_2024,V6,123,0,3,glcm_inertia,3.22544
2023_2024,V6,123,0,3,glcm_cluster_shade,-38.4012
2023_2024,V6,123,0,3,glcm_cluster_prominence,7355.15
2023_2024,V6,123,0,3,glcm_homogeneity,0.555491
2023_2024,V6,123,0,3,glcmw3_asm,0.311456
2023_2024,V6,123,0,3,glcmw3_contrast,0.831305
2023_2024,V6,123,0,3,glcmw3_entropy,1.37288
2023_2024,V6,123,0,3,glcmw3_correlation,0.630432
2023_2024,V6,123,0,3,glcmw3_homogeneity,0.719951
2023_2024,V6,123,0,3,glcmw5_asm,0.1947
2023_2024,V6,123,0,3,glcmw5_contrast,0.825686
2023_2024,V6,123,0,3,glcmw5_entropy,1.94165
2023_2024,V6,123,0,3,glcmw5_correlation,0.74921
2023_2024,V6,123,0,3,glcmw5_homogeneity,0.720852
2023_2024,V6,123,0,3,glcmw7_asm,0.148141
2023_2024,V6,123,0,3,glcmw7_contrast,0.822216
2023_2024,V6,123,0,3,glcmw7_entropy,2.26406
2023_2024,V6,123,0,3,glcmw7_correlation,0.787735
2023_2024,V6,123,0,3,glcmw7_homogeneity,0.721552
2023_2024,V6,123,0,3,rgb_glcm_asm,0.0155091
2023_2024,V6,123,0,3,rgb_glcm_contrast,2.63601
2023_2024,V6,123,0,3,rgb_glcm_correlation,0.888519
2023_2024,V6,123,0,3,rgb_glcm_variance,11.8227
2023_2024,V6,123,0,3,rgb_glcm_idm,0.536034
2023_2024,V6,123,0,3,rgb_glcm_sum_average,14.0922
2023_2024,V6,123,0,3,rgb_glcm_sum_variance,161.742
2023_2024,V6,123,0,3,rgb_glcm_sum_entropy,3.27154
2023_2024,V6,123,0,3,rgb_glcm_entropy,4.43871
2023_2024,V6,123,0,3,rgb_glcm_diff_entropy,1.401
2023_2024,V6,123,0,3,rgb_glcm_imc1,-0.299684
2023_2024,V6,123,0,3,rgb_glcm_imc2,0.889293
2023_2024,V6,123,0,3,rgb_glcm_mcc,0.888882
2023_2024,V6,123,0,3,rgb_glcm_dissimilarity,1.196
2023_2024,V6,123,0,3,rgb_glcm_inertia,2.63601
2023_2024,V6,123,0,3,rgb_glcm_cluster_shade,-12.5064
2023_2024,V6,123,0,3,rgb_glcm_cluster_prominence,5174.13
2023_2024,V6,123,0,3,rgb_glcm_homogeneity,0.57961
2023_2024,V6,123,0,3,rgb_glcmw3_asm,0.321443
2023_2024,V6,123,0,3,rgb_glcmw3_contrast,0.693803
2023_2024,V6,123,0,3,rgb_glcmw3_entropy,1.33507
2023_2024,V6,123,0,3,rgb_glcmw3_correlation,0.533536
2023_2024,V6,123,0,3,rgb_glcmw3_homogeneity,0.745199
2023_2024,V6,123,0,3,rgb_glcmw5_asm,0.203562
2023_2024,V6,123,0,3,rgb_glcmw5_contrast,0.694485
2023_2024,V6,123,0,3,rgb_glcmw5_entropy,1.8801
2023_2024,V6,123,0,3,rgb_glcmw5_correlation,0.678411
2023_2024,V6,123,0,3,rgb_glcmw5_homogeneity,0.744928
2023_2024,V6,123,0,3,rgb_glcmw7_asm,0.15598
2023_2024,V6,123,0,3,rgb_glcmw7_contrast,0.693421
2023_2024,V6,123,0,3,rgb_glcmw7_entropy,2.1805
2023_2024,V6,123,0,3,rgb_glcmw7_correlation,0.740544
2023_2024,V6,123,0,3,rgb_glcmw7_homogeneity,0.744936
2023_2024,V6,132,0,4,NDVI,0.538542
2023_2024,V6,132,0,4,GNDVI,0.216447
2023_2024,V6,132,0,4,NDRE,0.101113
2023_2024,V6,132,0,4,CIrededge,0.228417
2023_2024,V6,132,0,4,SAVI,0.498352
2023_2024,V6,132,0,4,EVI,0.791835
2023_2024,V6,132,0,4,VARI,0.516046
2023_2024,V6,132,0,4,TGI,0.237874
2023_2024,V6,132,0,4,spec_mean,0.385849
2023_2024,V6,132,0,4,spec_std,0.227522
2023_2024,V6,132,0,4,spec_p10,0.126147
2023_2024,V6,132,0,4,spec_p50,0.346151
2023_2024,V6,132,0,4,spec_p90,0.716274
2023_2024,V6,132,0,4,glcm_asm,0.0140857
2023_2024,V6,132,0,4,glcm_contrast,2.53207
2023_2024,V6,132,0,4,glcm_correlation,0.920441
2023_2024,V6,132,0,4,glcm_variance,15.9132
2023_2024,V6,132,0,4,glcm_idm,0.554469
2023_2024,V6,132,0,4,glcm_sum_average,14.7171
2023_2024,V6,132,0,4,glcm_sum_variance,189.648
2023_2024,V6,132,0,4,glcm_sum_entropy,3.38008
2023_2024,V6,132,0,4,glcm_entropy,4.49384
2023_2024,V6,132,0,4,glcm_diff_entropy,1.39354
2023_2024,V6,132,0,4,glcm_imc1,-0.346793
2023_2024,V6,132,0,4,glcm_imc2,0.92099
2023_2024,V6,132,0,4,glcm_mcc,0.923263
2023_2024,V6,132,0,4,glcm_dissimilarity,1.15091
2023_2024,V6,132,0,4,glcm_inertia,2.53207
2023_2024,V6,132,0,4,glcm_cluster_shade,-7.7069
2023_2024,V6,132,0,4,glcm_cluster_prominence,7832.66
2023_2024,V6,132,0,4,glcm_homogeneity,0.596396
2023_2024,V6,132,0,4,glcmw3_asm,0.352198
2023_2024,V6,132,0,4,glcmw3_contrast,0.674136
2023_2024,V6,132,0,4,glcmw3_entropy,1.27492
2023_2024,V6,132,0,4,glcmw3_correlation,0.58734
2023_2024,V6,132,0,4,glcmw3_homogeneity,0.75438
2023_2024,V6,132,0,4,glcmw5_asm,0.228308
2023_2024,V6,132,0,4,glcmw5_contrast,0.679331
2023_2024,V6,132,0,4,glcmw5_entropy,1.83153
2023_2024,V6,132,0,4,glcmw5_correlation,0.740662
2023_2024,V6,132,0,4,glcmw5_homogeneity,0.753175
2023_2024,V6,132,0,4,glcmw7_asm,0.172641
2023_2024,V6,132,0,4,glcmw7_contrast,0.682324
2023_2024,V6,132,0,4,glcmw7_entropy,2.16831
2023_2024,V6,132,0,4,glcmw7_correlation,0.802674
2023_2024,V6,132,0,4,glcmw7_homogeneity,0.752488
2023_2024,V6,132,0,4,rgb_glcm_asm,0.0147757
2023_2024,V6,132,0,4,rgb_glcm_contrast,2.88042
2023_2024,V6,132,0,4,rgb_glcm_correlation,0.891304
2023_2024,V6,132,0,4,rgb_glcm_variance,13.2499
2023_2024,V6,132,0,4,rgb_glcm_idm,0.528825
2023_2024,V6,132,0,4,rgb_glcm_sum_average,14.6476
2023_2024,V6,132,0,4,rgb_glcm_sum_variance,178.738
2023_2024,V6,132,0,4,rgb_glcm_sum_entropy,3.30655
2023_2024,V6,132,0,4,rgb_glcm_entropy,4.50566
2023_2024,V6,132,0,4,rgb_glcm_diff_entropy,1.43912
2023_2024,V6,132,0,4,rgb_glcm_imc1,-0.298752
2023_2024,V6,132,0,4,rgb_glcm_imc2,0.891364
2023_2024,V6,132,0,4,rgb_glcm_mcc,0.895447
2023_2024,V6,132,0,4,rgb_glcm_dissimilarity,1.24217
2023_2024,V6,132,0,4,rgb_glcm_inertia,2.88042
2023_2024,V6,132,0,4,rgb_glcm_cluster_shade,-56.4991
2023_2024,V6,132,0,4,rgb_glcm_cluster_prominence,6319.5
2023_2024,V6,132,0,4,rgb_glcm_homogeneity,0.574143
2023_2024,V6,132,0,4,rgb_glcmw3_asm,0.316349
2023_2024,V6,132,0,4,rgb_glcmw3_contrast,0.747271
2023_2024,V6,132,0,4,rgb_glcmw3_entropy,1.36572
2023_2024,V6,132,0,4,rgb_glcmw3_correlation,0.545847
2023_2024,V6,132,0,4,rgb_glcmw3_homogeneity,0.738571
2023_2024,V6,132,0,4,rgb_glcmw5_asm,0.198262
2023_2024,V6,132,0,4,rgb_glcmw5_contrast,0.75249
2023_2024,V6,132,0,4,rgb_glcmw5_entropy,1.93974
2023_2024,V6,132,0,4,rgb_glcmw5_correlation,0.695368
2023_2024,V6,132,0,4,rgb_glcmw5_homogeneity,0.737522
2023_2024,V6,132,0,4,rgb_glcmw7_asm,0.148161
2023_2024,V6,132,0,4,rgb_glcmw7_contrast,0.755587
2023_2024,V6,132,0,4,rgb_glcmw7_entropy,2.27086
2023_2024,V6,132,0,4,rgb_glcmw7_correlation,0.760738
2023_2024,V6,132,0,4,rgb_glcmw7_homogeneity,0.736807
2023_2024,V6,15,50,1,NDVI,0.53072
2023_2024,V6,15,50,1,GNDVI,0.329731
2023_2024,V6,15,50,1,NDRE,0.131234
2023_2024,V6,15,50,1,CIrededge,0.306772
2023_2024,V6,15,50,1,SAVI,0.496529
2023_2024,V6,15,50,1,EVI,0.693711
2023_2024,V6,15,50,1,VARI,0.353121
2023_2024,V6,15,50,1,TGI,0.160446
2023_2024,V6,15,50,1,spec_mean,0.361171
2023_2024,V6,15,50,1,spec_std,0.221416
2023_2024,V6,15,50,1,spec_p10,0.119022
2023_2024,V6,15,50,1,spec_p50,0.308516
2023_2024,V6,15,50,1,spec_p90,0.692307
2023_2024,V6,15,50,1,glcm_asm,0.0135378
2023_2024,V6,15,50,1,glcm_contrast,2.5786
2023_2024,V6,15,50,1,glcm_correlation,0.913474
2023_2024,V6,15,50,1,glcm_variance,14.9008
2023_2024,V6,15,50,1,glcm_idm,0.539462
2023_2024,V6,15,50,1,glcm_sum_average,14.924
2023_2024,V6,15,50,1,glcm_sum_variance,190.722
2023_2024,V6,15,50,1,glcm_sum_entropy,3.36128
2023_2024,V6,15,50,1,glcm_entropy,4.50514
2023_2024,V6,15,50,1,glcm_diff_entropy,1.39526
2023_2024,V6,15,50,1,glcm_imc1,-0.331041
2023_2024,V6,15,50,1,glcm_imc2,0.912454
2023_2024,V6,15,50,1,glcm_mcc,0.915981
2023_2024,V6,15,50,1,glcm_dissimilarity,1.1842
2023_2024,V6,15,50,1,glcm_inertia,2.5786
2023_2024,V6,15,50,1,glcm_cluster_shade,-69.4945
2023_2024,V6,15,50,1,glcm_cluster_prominence,7205.12
2023_2024,V6,15,50,1,glcm_homogeneity,0.583104
2023_2024,V6,15,50,1,glcmw3_asm,0.331925
2023_2024,V6,15,50,1,glcmw3_contrast,0.688636
2023_2024,V6,15,50,1,glcmw3_entropy,1.31719
2023_2024,V6,15,50,1,glcmw3_correlation,0.597584
2023_2024,V6,15,50,1,glcmw3_homogeneity,0.745164
2023_2024,V6,15,50,1,glcmw5_asm,0.209128
2023_2024,V6,15,50,1,glcmw5_contrast,0.691287
2023_2024,V6,15,50,1,glcmw5_entropy,1.87907
2023_2024,V6,15,50,1,glcmw5_correlation,0.743741
2023_2024,V6,15,50,1,glcmw5_homogeneity,0.74457
2023_2024,V6,15,50,1,glcmw7_asm,0.15644
2023_2024,V6,15,50,1,glcmw7_contrast,0.692771
2023_2024,V6,15,50,1,glcmw7_entropy,2.20793
2023_2024,V6,15,50,1,glcmw7_correlation,0.80085
2023_2024,V6,15,50,1,glcmw7_homogeneity,0.744335
2023_2024,V6,15,50,1,rgb_glcm_asm,0.0179803
2023_2024,V6,15,50,1,rgb_glcm_contrast,2.16834
2023_2024,V6,15,50,1,rgb_glcm_correlation,0.906692
2023_2024,V6,15,50,1,rgb_glcm_variance,11.6192
2023_2024,V6,15,50,1,rgb_glcm_idm,0.568051
2023_2024,V6,15,50,1,rgb_glcm_sum_average,11.9621
2023_2024,V6,15,50,1,rgb_glcm_sum_variance,120.291
2023_2024,V6,15,50,1,rgb_glcm_sum_entropy,3.24535
2023_2024,V6,15,50,1,rgb_glcm_entropy,4.31173
2023_2024,V6,15,50,1,rgb_glcm_diff_entropy,1.32357
2023_2024,V6,15,50,1,rgb_glcm_imc1,-0.332281
2023_2024,V6,15,50,1,rgb_glcm_imc2,0.905872
2023_2024,V6,15,50,1,rgb_glcm_mcc,0.907311
2023_2024,V6,15,50,1,rgb_glcm_dissimilarity,1.07166
2023_2024,V6,15,50,1,rgb_glcm_inertia,2.16834
2023_2024,V6,15,50,1,rgb_glcm_cluster_shade,95.393
2023_2024,V6,15,50,1,rgb_glcm_cluster_prominence,5536.72
2023_2024,V6,15,50,1,rgb_glcm_homogeneity,0.605607
2023_2024,V6,15,50,1,rgb_glcmw3_asm,0.351288
2023_2024,V6,15,50,1,rgb_glcmw3_contrast,0.58611
2023_2024,V6,15,50,1,rgb_glcmw3_entropy,1.25676
2023_2024,V6,15,50,1,rgb_glcmw3_correlation,0.517177
2023_2024,V6,15,50,1,rgb_glcmw3_homogeneity,0.768192
2023_2024,V6,15,50,1,rgb_glcmw5_asm,0.228567
2023_2024,V6,15,50,1,rgb_glcmw5_contrast,0.585609
2023_2024,V6,15,50,1,rgb_glcmw5_entropy,1.77811
2023_2024,V6,15,50,1,rgb_glcmw5_correlation,0.680636
2023_2024,V6,15,50,1,rgb_glcmw5_homogeneity,0.768179
2023_2024,V6,15,50,1,rgb_glcmw7_asm,0.17499
2023_2024,V6,15,50,1,rgb_glcmw7_contrast,0.586996
2023_2024,V6,15,50,1,rgb_glcmw7_entropy,2.07717
2023_2024,V6,15,50,1,rgb_glcmw7_correlation,0.752456
2023_2024,V6,15,50,1,rgb_glcmw7_homogeneity,0.767985
2023_2024,V6,118,50,2,NDVI,0.52666
2023_2024,V6,118,50,2,GNDVI,0.278193
2023_2024,V6,118,50,2,NDRE,0.132451
2023_2024,V6,118,50,2,CIrededge,0.310683
2023_2024,V6,118,50,2,SAVI,0.496499
2023_2024,V6,118,50,2,EVI,0.747509
2023_2024,V6,118,50,2,VARI,0.420551
2023_2024,V6,118,50,2,TGI,0.196008
2023_2024,V6,118,50,2,spec_mean,0.379802
2023_2024,V6,118,50,2,spec_std,0.226664
2023_2024,V6,118,50,2,spec_p10,0.126751
2023_2024,V6,118,50,2,spec_p50,0.333549
2023_2024,V6,118,50,2,spec_p90,0.714607
2023_2024,V6,118,50,2,glcm_asm,0.012822
2023_2024,V6,118,50,2,glcm_contrast,2.74753
2023_2024,V6,118,50,2,glcm_correlation,0.911624
2023_2024,V6,118,50,2,glcm_variance,15.5445
2023_2024,V6,118,50,2,glcm_idm,0.528093
2023_2024,V6,118,50,2,glcm_sum_average,15.6805
2023_2024,V6,118,50,2,glcm_sum_variance,210.877
2023_2024,V6,118,50,2,glcm_sum_entropy,3.37411
2023_2024,V6,118,50,2,glcm_entropy,4.54424
2023_2024,V6,118,50,2,glcm_diff_entropy,1.41956
2023_2024,V6,118,50,2,glcm_imc1,-0.32326
2023_2024,V6,118,50,2,glcm_imc2,0.909177
2023_2024,V6,118,50,2,glcm_mcc,0.913141
2023_2024,V6,118,50,2,glcm_dissimilarity,1.22861
2023_2024,V6,118,50,2,glcm_inertia,2.74753
2023_2024,V6,118,50,2,glcm_cluster_shade,-108.183
2023_2024,V6,118,50,2,glcm_cluster_prominence,7693.52
2023_2024,V6,118,50,2,glcm_homogeneity,0.573731
2023_2024,V6,118,50,2,glcmw3_asm,0.321122
2023_2024,V6,118,50,2,glcmw3_contrast,0.724177
2023_2024,V6,118,50,2,glcmw3_entropy,1.34068
2023_2024,V6,118,50,2,glcmw3_correlation,0.612996
2023_2024,V6,118,50,2,glcmw3_homogeneity,0.738087
2023_2024,V6,118,50,2,glcmw5_asm,0.199282
2023_2024,V6,118,50,2,glcmw5_contrast,0.725335
2023_2024,V6,118,50,2,glcmw5_entropy,1.9104
2023_2024,V6,118,50,2,glcmw5_correlation,0.749377
2023_2024,V6,118,50,2,glcmw5_homogeneity,0.737882
2023_2024,V6,118,50,2,glcmw7_asm,0.148525
2023_2024,V6,118,50,2,glcmw7_contrast,0.725495
2023_2024,V6,118,50,2,glcmw7_entropy,2.24305
2023_2024,V6,118,50,2,glcmw7_correlation,0.797962
2023_2024,V6,118,50,2,glcmw7_homogeneity,0.737935
2023_2024,V6,118,50,2,rgb_glcm_asm,0.0171706
2023_2024,V6,118,50,2,rgb_glcm_contrast,2.28803
2023_2024,V6,118,50,2,rgb_glcm_correlation,0.903037
2023_2024,V6,118,50,2,rgb_glcm_variance,11.7985
2023_2024,V6,118,50,2,rgb_glcm_idm,0.560041
2023_2024,V6,118,50,2,rgb_glcm_sum_average,12.8502
2023_2024,V6,118,50,2,rgb_glcm_sum_variance,136.767
2023_2024,V6,118,50,2,rgb_glcm_sum_entropy,3.26579
2023_2024,V6,118,50,2,rgb_glcm_entropy,4.3596
2023_2024,V6,118,50,2,rgb_glcm_diff_entropy,1.3426
2023_2024,V6,118,50,2,rgb_glcm_imc1,-0.325648
2023_2024,V6,118,50,2,rgb_glcm_imc2,0.903632
2023_2024,V6,118,50,2,rgb_glcm_mcc,0.90342
2023_2024,V6,118,50,2,rgb_glcm_dissimilarity,1.10232
2023_2024,V6,118,50,2,rgb_glcm_inertia,2.28803
2023_2024,V6,118,50,2,rgb_glcm_cluster_shade,53.8873
2023_2024,V6,118,50,2,rgb_glcm_cluster_prominence,5390.16
2023_2024,V6,118,50,2,rgb_glcm_homogeneity,0.598646
2023_2024,V6,118,50,2,rgb_glcmw3_asm,0.345546
2023_2024,V6,118,50,2,rgb_glcmw3_contrast,0.618406
2023_2024,V6,118,50,2,rgb_glcmw3_entropy,1.26999
2023_2024,V6,118,50,2,rgb_glcmw3_correlation,0.520415
2023_2024,V6,118,50,2,rgb_glcmw3_homogeneity,0.762946
2023_2024,V6,118,50,2,rgb_glcmw5_asm,0.22291
2023_2024,V6,118,50,2,rgb_glcmw5_contrast,0.617111
2023_2024,V6,118,50,2,rgb_glcmw5_entropy,1.7983
2023_2024,V6,118,50,2,rgb_glcmw5_correlation,0.67961
2023_2024,V6,118,50,2,rgb_glcmw5_homogeneity,0.763042
2023_2024,V6,118,50,2,rgb_glcmw7_asm,0.170435
2023_2024,V6,118,50,2,rgb_glcmw7_contrast,0.61542
2023_2024,V6,118,50,2,rgb_glcmw7_entropy,2.09879
2023_2024,V6,118,50,2,rgb_glcmw7_correlation,0.746321
2023_2024,V6,118,50,2,rgb_glcmw7_homogeneity,0.763163
2023_2024,V6,126,50,3,NDVI,0.554856
2023_2024,V6,126,50,3,GNDVI,0.254065
2023_2024,V6,126,50,3,NDRE,0.128631
2023_2024,V6,126,50,3,CIrededge,0.300855
2023_2024,V6,126,50,3,SAVI,0.520058
2023_2024,V6,126,50,3,EVI,0.963772
2023_2024,V6,126,50,3,VARI,0.526467
2023_2024,V6,126,50,3,TGI,0.212709
2023_2024,V6,126,50,3,spec_mean,0.387997
2023_2024,V6,126,50,3,spec_std,0.225404
2023_2024,V6,126,50,3,spec_p10,0.121359
2023_2024,V6,126,50,3,spec_p50,0.351825
2023_2024,V6,126,50,3,spec_p90,0.70993
2023_2024,V6,126,50,3,glcm_asm,0.0137334
2023_2024,V6,126,50,3,glcm_contrast,2.44765
2023_2024,V6,126,50,3,glcm_correlation,0.921602
2023_2024,V6,126,50,3,glcm_variance,15.6104
2023_2024,V6,126,50,3,glcm_idm,0.551542
2023_2024,V6,126,50,3,glcm_sum_average,15.2462
2023_2024,V6,126,50,3,glcm_sum_variance,200.912
2023_2024,V6,126,50,3,glcm_sum_entropy,3.37531
2023_2024,V6,126,50,3,glcm_entropy,4.48802
2023_2024,V6,126,50,3,glcm_diff_entropy,1.3765
2023_2024,V6,126,50,3,glcm_imc1,-0.346272
2023_2024,V6,126,50,3,glcm_imc2,0.920506
2023_2024,V6,126,50,3,glcm_mcc,0.925122
2023_2024,V6,126,50,3,glcm_dissimilarity,1.14355
2023_2024,V6,126,50,3,glcm_inertia,2.44765
2023_2024,V6,126,50,3,glcm_cluster_shade,-78.0688
2023_2024,V6,126,50,3,glcm_cluster_prominence,7767.48
2023_2024,V6,126,50,3,glcm_homogeneity,0.593264
2023_2024,V6,126,50,3,glcmw3_asm,0.343914
2023_2024,V6,126,50,3,glcmw3_contrast,0.659178
2023_2024,V6,126,50,3,glcmw3_entropy,1.28684
2023_2024,V6,126,50,3,glcmw3_correlation,0.587292
2023_2024,V6,126,50,3,glcmw3_homogeneity,0.753117
2023_2024,V6,126,50,3,glcmw5_asm,0.220188
2023_2024,V6,126,50,3,glcmw5_contrast,0.66335
2023_2024,V6,126,50,3,glcmw5_entropy,1.84177
2023_2024,V6,126,50,3,glcmw5_correlation,0.739399
2023_2024,V6,126,50,3,glcmw5_homogeneity,0.752225
2023_2024,V6,126,50,3,glcmw7_asm,0.166033
2023_2024,V6,126,50,3,glcmw7_contrast,0.665566
2023_2024,V6,126,50,3,glcmw7_entropy,2.17248
2023_2024,V6,126,50,3,glcmw7_correlation,0.799477
2023_2024,V6,126,50,3,glcmw7_homogeneity,0.751645
2023_2024,V6,126,50,3,rgb_glcm_asm,0.0155005
2023_2024,V6,126,50,3,rgb_glcm_contrast,2.48193
2023_2024,V6,126,50,3,rgb_glcm_correlation,0.903641
2023_2024,V6,126,50,3,rgb_glcm_variance,12.8786
2023_2024,V6,126,50,3,rgb_glcm_idm,0.54702
2023_2024,V6,126,50,3,rgb_glcm_sum_average,13.9112
2023_2024,V6,126,50,3,rgb_glcm_sum_variance,161.478
2023_2024,V6,126,50,3,rgb_glcm_sum_entropy,3.30712
2023_2024,V6,126,50,3,rgb_glcm_entropy,4.44
2023_2024,V6,126,50,3,rgb_glcm_diff_entropy,1.37712
2023_2024,V6,126,50,3,rgb_glcm_imc1,-0.320942
2023_2024,V6,126,50,3,rgb_glcm_imc2,0.903788
2023_2024,V6,126,50,3,rgb_glcm_mcc,0.904076
2023_2024,V6,126,50,3,rgb_glcm_dissimilarity,1.15436
2023_2024,V6,126,50,3,rgb_glcm_inertia,2.48193
2023_2024,V6,126,50,3,rgb_glcm_cluster_shade,-11.5353
2023_2024,V6,126,50,3,rgb_glcm_cluster_prominence,5899.56
2023_2024,V6,126,50,3,rgb_glcm_homogeneity,0.588482
2023_2024,V6,126,50,3,rgb_glcmw3_asm,0.332702
2023_2024,V6,126,50,3,rgb_glcmw3_contrast,0.657017
2023_2024,V6,126,50,3,rgb_glcmw3_entropy,1.30824
2023_2024,V6,126,50,3,rgb_glcmw3_correlation,0.523179
2023_2024,V6,126,50,3,rgb_glcmw3_homogeneity,0.754106
2023_2024,V6,126,50,3,rgb_glcmw5_asm,0.213649
2023_2024,V6,126,50,3,rgb_glcmw5_contrast,0.658383
2023_2024,V6,126,50,3,rgb_glcmw5_entropy,1.84687
2023_2024,V6,126,50,3,rgb_glcmw5_correlation,0.678198
2023_2024,V6,126,50,3,rgb_glcmw5_homogeneity,0.753854
2023_2024,V6,126,50,3,rgb_glcmw7_asm,0.162506
2023_2024,V6,126,50,3,rgb_glcmw7_contrast,0.659379
2023_2024,V6,126,50,3,rgb_glcmw7_entropy,2.15714
2023_2024,V6,126,50,3,rgb_glcmw7_correlation,0.750503
2023_2024,V6,126,50,3,rgb_glcmw7_homogeneity,0.753514
2023_2024,V6,131,50,4,NDVI,0.536064
2023_2024,V6,131,50,4,GNDVI,0.288891
2023_2024,V6,131,50,4,NDRE,0.140329
2023_2024,V6,131,50,4,CIrededge,0.333904
2023_2024,V6,131,50,4,SAVI,0.492599
2023_2024,V6,131,50,4,EVI,0.728358
2023_2024,V6,131,50,4,VARI,0.432329
2023_2024,V6,131,50,4,TGI,0.175802
2023_2024,V6,131,50,4,spec_mean,0.353728
2023_2024,V6,131,50,4,spec_std,0.219221
2023_2024,V6,131,50,4,spec_p10,0.113996
2023_2024,V6,131,50,4,spec_p50,0.3024
2023_2024,V6,131,50,4,spec_p90,0.674494
2023_2024,V6,131,50,4,glcm_asm,0.0134618
2023_2024,V6,131,50,4,glcm_contrast,2.58412
2023_2024,V6,131,50,4,glcm_correlation,0.919431
2023_2024,V6,131,50,4,glcm_variance,16.0368
2023_2024,V6,131,50,4,glcm_idm,0.546341
2023_2024,V6,131,50,4,glcm_sum_average,14.886
2023_2024,V6,131,50,4,glcm_sum_variance,193.887
2023_2024,V6,131,50,4,glcm_sum_entropy,3.3828
2023_2024,V6,131,50,4,glcm_entropy,4.51776
2023_2024,V6,131,50,4,glcm_diff_entropy,1.39875
2023_2024,V6,131,50,4,glcm_imc1,-0.339842
2023_2024,V6,131,50,4,glcm_imc2,0.917988
2023_2024,V6,131,50,4,glcm_mcc,0.921842
2023_2024,V6,131,50,4,glcm_dissimilarity,1.17258
2023_2024,V6,131,50,4,glcm_inertia,2.58412
2023_2024,V6,131,50,4,glcm_cluster_shade,-58.9879
2023_2024,V6,131,50,4,glcm_cluster_prominence,8072.57
2023_2024,V6,131,50,4,glcm_homogeneity,0.589089
2023_2024,V6,131,50,4,glcmw3_asm,0.341216
2023_2024,V6,131,50,4,glcmw3_contrast,0.687197
2023_2024,V6,131,50,4,glcmw3_entropy,1.29699
2023_2024,V6,131,50,4,glcmw3_correlation,0.595261
2023_2024,V6,131,50,4,glcmw3_homogeneity,0.749827
2023_2024,V6,131,50,4,glcmw5_asm,0.219461
2023_2024,V6,131,50,4,glcmw5_contrast,0.689779
2023_2024,V6,131,50,4,glcmw5_entropy,1.85455
2023_2024,V6,131,50,4,glcmw5_correlation,0.739795
2023_2024,V6,131,50,4,glcmw5_homogeneity,0.749246
2023_2024,V6,131,50,4,glcmw7_asm,0.166224
2023_2024,V6,131,50,4,glcmw7_contrast,0.692202
2023_2024,V6,131,50,4,glcmw7_entropy,2.18869
2023_2024,V6,131,50,4,glcmw7_correlation,0.797797
2023_2024,V6,131,50,4,glcmw7_homogeneity,0.748691
2023_2024,V6,131,50,4,rgb_glcm_asm,0.0153808
2023_2024,V6,131,50,4,rgb_glcm_contrast,2.5415
2023_2024,V6,131,50,4,rgb_glcm_correlation,0.901977
2023_2024,V6,131,50,4,rgb_glcm_variance,12.9638
2023_2024,V6,131,50,4,rgb_glcm_idm,0.5421
2023_2024,V6,131,50,4,rgb_glcm_sum_average,13.4407
2023_2024,V6,131,50,4,rgb_glcm_sum_variance,152.076
2023_2024,V6,131,50,4,rgb_glcm_sum_entropy,3.3035
2023_2024,V6,131,50,4,rgb_glcm_entropy,4.44631
2023_2024,V6,131,50,4,rgb_glcm_diff_entropy,1.387
2023_2024,V6,131,50,4,rgb_glcm_imc1,-0.316964
2023_2024,V6,131,50,4,rgb_glcm_imc2,0.901467
2023_2024,V6,131,50,4,rgb_glcm_mcc,0.902377
2023_2024,V6,131,50,4,rgb_glcm_dissimilarity,1.17173
2023_2024,V6,131,50,4,rgb_glcm_inertia,2.5415
2023_2024,V6,131,50,4,rgb_glcm_cluster_shade,6.69255
2023_2024,V6,131,50,4,rgb_glcm_cluster_prominence,5979.47
2023_2024,V6,131,50,4,rgb_glcm_homogeneity,0.584675
2023_2024,V6,131,50,4,rgb_glcmw3_asm,0.331414
2023_2024,V6,131,50,4,rgb_glcmw3_contrast,0.664845
2023_2024,V6,131,50,4,rgb_glcmw3_entropy,1.31234
2023_2024,V6,131,50,4,rgb_glcmw3_correlation,0.545435
2023_2024,V6,131,50,4,rgb_glcmw3_homogeneity,0.752854
2023_2024,V6,131,50,4,rgb_glcmw5_asm,0.210297
2023_2024,V6,131,50,4,rgb_glcmw5_contrast,0.663421
2023_2024,V6,131,50,4,rgb_glcmw5_entropy,1.85986
2023_2024,V6,131,50,4,rgb_glcmw5_correlation,0.695529
2023_2024,V6,131,50,4,rgb_glcmw5_homogeneity,0.752887
2023_2024,V6,131,50,4,rgb_glcmw7_asm,0.15913
2023_2024,V6,131,50,4,rgb_glcmw7_contrast,0.663532
2023_2024,V6,131,50,4,rgb_glcmw7_entropy,2.17373
2023_2024,V6,131,50,4,rgb_glcmw7_correlation,0.759971
2023_2024,V6,131,50,4,rgb_glcmw7_homogeneity,0.752824
2023_2024,V6,43,100,1,NDVI,0.513408
2023_2024,V6,43,100,1,GNDVI,0.332794
2023_2024,V6,43,100,1,NDRE,0.136535
2023_2024,V6,43,100,1,CIrededge,0.321882
2023_2024,V6,43,100,1,SAVI,0.494026
2023_2024,V6,43,100,1,EVI,0.717066
2023_2024,V6,43,100,1,VARI,0.314899
2023_2024,V6,43,100,1,TGI,0.164972
2023_2024,V6,43,100,1,spec_mean,0.384876
2023_2024,V6,43,100,1,spec_std,0.228108
2023_2024,V6,43,100,1,spec_p10,0.13572
2023_2024,V6,43,100,1,spec_p50,0.333005
2023_2024,V6,43,100,1,spec_p90,0.723647
2023_2024,V6,43,100,1,glcm_asm,0.0122807
2023_2024,V6,43,100,1,glcm_contrast,3.02487
2023_2024,V6,43,100,1,glcm_correlation,0.902468
2023_2024,V6,43,100,1,glcm_variance,15.5071
2023_2024,V6,43,100,1,glcm_idm,0.509577
2023_2024,V6,43,100,1,glcm_sum_average,15.8043
2023_2024,V6,43,100,1,glcm_sum_variance,213.586
2023_2024,V6,43,100,1,glcm_sum_entropy,3.37115
2023_2024,V6,43,100,1,glcm_entropy,4.58427
2023_2024,V6,43,100,1,glcm_diff_entropy,1.45806
2023_2024,V6,43,100,1,glcm_imc1,-0.306805
2023_2024,V6,43,100,1,glcm_imc2,0.900063
2023_2024,V6,43,100,1,glcm_mcc,0.903186
2023_2024,V6,43,100,1,glcm_dissimilarity,1.30112
2023_2024,V6,43,100,1,glcm_inertia,3.02487
2023_2024,V6,43,100,1,glcm_cluster_shade,-109.364
2023_2024,V6,43,100,1,glcm_cluster_prominence,7482.97
2023_2024,V6,43,100,1,glcm_homogeneity,0.558891
2023_2024,V6,43,100,1,glcmw3_asm,0.305424
2023_2024,V6,43,100,1,glcmw3_contrast,0.790385
2023_2024,V6,43,100,1,glcmw3_entropy,1.38205
2023_2024,V6,43,100,1,glcmw3_correlation,0.635015
2023_2024,V6,43,100,1,glcmw3_homogeneity,0.724895
2023_2024,V6,43,100,1,glcmw5_asm,0.185565
2023_2024,V6,43,100,1,glcmw5_contrast,0.788353
2023_2024,V6,43,100,1,glcmw5_entropy,1.96315
2023_2024,V6,43,100,1,glcmw5_correlation,0.760308
2023_2024,V6,43,100,1,glcmw5_homogeneity,0.725196
2023_2024,V6,43,100,1,glcmw7_asm,0.137551
2023_2024,V6,43,100,1,glcmw7_contrast,0.785142
2023_2024,V6,43,100,1,glcmw7_entropy,2.29535
2023_2024,V6,43,100,1,glcmw7_correlation,0.803244
2023_2024,V6,43,100,1,glcmw7_homogeneity,0.725664
2023_2024,V6,43,100,1,rgb_glcm_asm,0.0192362
2023_2024,V6,43,100,1,rgb_glcm_contrast,2.0053
2023_2024,V6,43,100,1,rgb_glcm_correlation,0.9074
2023_2024,V6,43,100,1,rgb_glcm_variance,10.8277
2023_2024,V6,43,100,1,rgb_glcm_idm,0.576457
2023_2024,V6,43,100,1,rgb_glcm_sum_average,12.0291
2023_2024,V6,43,100,1,rgb_glcm_sum_variance,118.974
2023_2024,V6,43,100,1,rgb_glcm_sum_entropy,3.21616
2023_2024,V6,43,100,1,rgb_glcm_entropy,4.24857
2023_2024,V6,43,100,1,rgb_glcm_diff_entropy,1.28927
2023_2024,V6,43,100,1,rgb_glcm_imc1,-0.337245
2023_2024,V6,43,100,1,rgb_glcm_imc2,0.906391
2023_2024,V6,43,100,1,rgb_glcm_mcc,0.907987
2023_2024,V6,43,100,1,rgb_glcm_dissimilarity,1.03255
2023_2024,V6,43,100,1,rgb_glcm_inertia,2.0053
2023_2024,V6,43,100,1,rgb_glcm_cluster_shade,89.1373
2023_2024,V6,43,100,1,rgb_glcm_cluster_prominence,5100.24
2023_2024,V6,43,100,1,rgb_glcm_homogeneity,0.611751
2023_2024,V6,43,100,1,rgb_glcmw3_asm,0.356954
2023_2024,V6,43,100,1,rgb_glcmw3_contrast,0.554912
2023_2024,V6,43,100,1,rgb_glcmw3_entropy,1.23502
2023_2024,V6,43,100,1,rgb_glcmw3_correlation,0.508448
2023_2024,V6,43,100,1,rgb_glcmw3_homogeneity,0.775165
2023_2024,V6,43,100,1,rgb_glcmw5_asm,0.232177
2023_2024,V6,43,100,1,rgb_glcmw5_contrast,0.552228
2023_2024,V6,43,100,1,rgb_glcmw5_entropy,1.74741
2023_2024,V6,43,100,1,rgb_glcmw5_correlation,0.67684
2023_2024,V6,43,100,1,rgb_glcmw5_homogeneity,0.77564
2023_2024,V6,43,100,1,rgb_glcmw7_asm,0.178955
2023_2024,V6,43,100,1,rgb_glcmw7_contrast,0.55099
2023_2024,V6,43,100,1,rgb_glcmw7_entropy,2.03387
2023_2024,V6,43,100,1,rgb_glcmw7_correlation,0.744815
2023_2024,V6,43,100,1,rgb_glcmw7_homogeneity,0.775938
2023_2024,V6,117,100,2,NDVI,0.514226
2023_2024,V6,117,100,2,GNDVI,0.296826
2023_2024,V6,117,100,2,NDRE,0.131729
2023_2024,V6,117,100,2,CIrededge,0.308747
2023_2024,V6,117,100,2,SAVI,0.495374
2023_2024,V6,117,100,2,EVI,0.9734
2023_2024,V6,117,100,2,VARI,0.371769
2023_2024,V6,117,100,2,TGI,0.186643
2023_2024,V6,117,100,2,spec_mean,0.393931
2023_2024,V6,117,100,2,spec_std,0.224996
2023_2024,V6,117,100,2,spec_p10,0.141204
2023_2024,V6,117,100,2,spec_p50,0.353004
2023_2024,V6,117,100,2,spec_p90,0.717461
2023_2024,V6,117,100,2,glcm_asm,0.0118546
2023_2024,V6,117,100,2,glcm_contrast,3.06122
2023_2024,V6,117,100,2,glcm_correlation,0.902009
2023_2024,V6,117,100,2,glcm_variance,15.62
2023_2024,V6,117,100,2,glcm_idm,0.50961
2023_2024,V6,117,100,2,glcm_sum_average,15.2691
2023_2024,V6,117,100,2,glcm_sum_variance,200.713
2023_2024,V6,117,100,2,glcm_sum_entropy,3.38242
2023_2024,V6,117,100,2,glcm_entropy,4.59983
2023_2024,V6,117,100,2,glcm_diff_entropy,1.46563
2023_2024,V6,117,100,2,glcm_imc1,-0.307759
2023_2024,V6,117,100,2,glcm_imc2,0.901296
2023_2024,V6,117,100,2,glcm_mcc,0.902739
2023_2024,V6,117,100,2,glcm_dissimilarity,1.30762
2023_2024,V6,117,100,2,glcm_inertia,3.06122
2023_2024,V6,117,100,2,glcm_cluster_shade,-46.3643
2023_2024,V6,117,100,2,glcm_cluster_prominence,7358.59
2023_2024,V6,117,100,2,glcm_homogeneity,0.559585
2023_2024,V6,117,100,2,glcmw3_asm,0.310507
2023_2024,V6,117,100,2,glcmw3_contrast,0.795637
2023_2024,V6,117,100,2,glcmw3_entropy,1.37774
2023_2024,V6,117,100,2,glcmw3_correlation,0.635065
2023_2024,V6,117,100,2,glcmw3_homogeneity,0.723597
2023_2024,V6,117,100,2,glcmw5_asm,0.191869
2023_2024,V6,117,100,2,glcmw5_contrast,0.794646
2023_2024,V6,117,100,2,glcmw5_entropy,1.95968
2023_2024,V6,117,100,2,glcmw5_correlation,0.762061
2023_2024,V6,117,100,2,glcmw5_homogeneity,0.723575
2023_2024,V6,117,100,2,glcmw7_asm,0.143496
2023_2024,V6,117,100,2,glcmw7_contrast,0.792104
2023_2024,V6,117,100,2,glcmw7_entropy,2.29733
2023_2024,V6,117,100,2,glcmw7_correlation,0.80535
2023_2024,V6,117,100,2,glcmw7_homogeneity,0.724022
2023_2024,V6,117,100,2,rgb_glcm_asm,0.0177813
2023_2024,V6,117,100,2,rgb_glcm_contrast,2.17397
2023_2024,V6,117,100,2,rgb_glcm_correlation,0.907133
2023_2024,V6,117,100,2,rgb_glcm_variance,11.7048
2023_2024,V6,117,100,2,rgb_glcm_idm,0.56559
2023_2024,V6,117,100,2,rgb_glcm_sum_average,12.4406
2023_2024,V6,117,100,2,rgb_glcm_sum_variance,128.953
2023_2024,V6,117,100,2,rgb_glcm_sum_entropy,3.25871
2023_2024,V6,117,100,2,rgb_glcm_entropy,4.3282
2023_2024,V6,117,100,2,rgb_glcm_diff_entropy,1.32235
2023_2024,V6,117,100,2,rgb_glcm_imc1,-0.332483
2023_2024,V6,117,100,2,rgb_glcm_imc2,0.906643
2023_2024,V6,117,100,2,rgb_glcm_mcc,0.907336
2023_2024,V6,117,100,2,rgb_glcm_dissimilarity,1.07689
2023_2024,V6,117,100,2,rgb_glcm_inertia,2.17397
2023_2024,V6,117,100,2,rgb_glcm_cluster_shade,75.0329
2023_2024,V6,117,100,2,rgb_glcm_cluster_prominence,5460.75
2023_2024,V6,117,100,2,rgb_glcm_homogeneity,0.60306
2023_2024,V6,117,100,2,rgb_glcmw3_asm,0.350691
2023_2024,V6,117,100,2,rgb_glcmw3_contrast,0.593184
2023_2024,V6,117,100,2,rgb_glcmw3_entropy,1.25517
2023_2024,V6,117,100,2,rgb_glcmw3_correlation,0.517546
2023_2024,V6,117,100,2,rgb_glcmw3_homogeneity,0.767254
2023_2024,V6,117,100,2,rgb_glcmw5_asm,0.227342
2023_2024,V6,117,100,2,rgb_glcmw5_contrast,0.592072
2023_2024,V6,117,100,2,rgb_glcmw5_entropy,1.775
2023_2024,V6,117,100,2,rgb_glcmw5_correlation,0.682045
2023_2024,V6,117,100,2,rgb_glcmw5_homogeneity,0.767417
2023_2024,V6,117,100,2,rgb_glcmw7_asm,0.173926
2023_2024,V6,117,100,2,rgb_glcmw7_contrast,0.591741
2023_2024,V6,117,100,2,rgb_glcmw7_entropy,2.07188
2023_2024,V6,117,100,2,rgb_glcmw7_correlation,0.754039
2023_2024,V6,117,100,2,rgb_glcmw7_homogeneity,0.767435
2023_2024,V6,122,100,3,NDVI,0.52467
2023_2024,V6,122,100,3,GNDVI,0.273262
2023_2024,V6,122,100,3,NDRE,0.142149
2023_2024,V6,122,100,3,CIrededge,0.33779
2023_2024,V6,122,100,3,SAVI,0.497201
2023_2024,V6,122,100,3,EVI,0.827558
2023_2024,V6,122,100,3,VARI,0.433633
2023_2024,V6,122,100,3,TGI,0.192988
2023_2024,V6,122,100,3,spec_mean,0.383445
2023_2024,V6,122,100,3,spec_std,0.221417
2023_2024,V6,122,100,3,spec_p10,0.136391
2023_2024,V6,122,100,3,spec_p50,0.340397
2023_2024,V6,122,100,3,spec_p90,0.70611
2023_2024,V6,122,100,3,glcm_asm,0.0127598
2023_2024,V6,122,100,3,glcm_contrast,2.81672
2023_2024,V6,122,100,3,glcm_correlation,0.90846
2023_2024,V6,122,100,3,glcm_variance,15.3852
2023_2024,V6,122,100,3,glcm_idm,0.527568
2023_2024,V6,122,100,3,glcm_sum_average,15.3088
2023_2024,V6,122,100,3,glcm_sum_variance,201.187
2023_2024,V6,122,100,3,glcm_sum_entropy,3.37305
2023_2024,V6,122,100,3,glcm_entropy,4.55799
2023_2024,V6,122,100,3,glcm_diff_entropy,1.43036
2023_2024,V6,122,100,3,glcm_imc1,-0.318101
2023_2024,V6,122,100,3,glcm_imc2,0.906461
2023_2024,V6,122,100,3,glcm_mcc,0.909854
2023_2024,V6,122,100,3,glcm_dissimilarity,1.23803
2023_2024,V6,122,100,3,glcm_inertia,2.81672
2023_2024,V6,122,100,3,glcm_cluster_shade,-85.5839
2023_2024,V6,122,100,3,glcm_cluster_prominence,7501.3
2023_2024,V6,122,100,3,glcm_homogeneity,0.57323
2023_2024,V6,122,100,3,glcmw3_asm,0.319968
2023_2024,V6,122,100,3,glcmw3_contrast,0.739669
2023_2024,V6,122,100,3,glcmw3_entropy,1.34555
2023_2024,V6,122,100,3,glcmw3_correlation,0.613995
2023_2024,V6,122,100,3,glcmw3_homogeneity,0.73701
2023_2024,V6,122,100,3,glcmw5_asm,0.196407
2023_2024,V6,122,100,3,glcmw5_contrast,0.740892
2023_2024,V6,122,100,3,glcmw5_entropy,1.92036
2023_2024,V6,122,100,3,glcmw5_correlation,0.757469
2023_2024,V6,122,100,3,glcmw5_homogeneity,0.736667
2023_2024,V6,122,100,3,glcmw7_asm,0.144472
2023_2024,V6,122,100,3,glcmw7_contrast,0.739643
2023_2024,V6,122,100,3,glcmw7_entropy,2.25738
2023_2024,V6,122,100,3,glcmw7_correlation,0.808475
2023_2024,V6,122,100,3,glcmw7_homogeneity,0.736963
2023_2024,V6,122,100,3,rgb_glcm_asm,0.0171657
2023_2024,V6,122,100,3,rgb_glcm_contrast,2.20513
2023_2024,V6,122,100,3,rgb_glcm_correlation,0.90813
2023_2024,V6,122,100,3,rgb_glcm_variance,12.0013
2023_2024,V6,122,100,3,rgb_glcm_idm,0.564774
2023_2024,V6,122,100,3,rgb_glcm_sum_average,12.4171
2023_2024,V6,122,100,3,rgb_glcm_sum_variance,129.519
2023_2024,V6,122,100,3,rgb_glcm_sum_entropy,3.26733
2023_2024,V6,122,100,3,rgb_glcm_entropy,4.34343
2023_2024,V6,122,100,3,rgb_glcm_diff_entropy,1.32989
2023_2024,V6,122,100,3,rgb_glcm_imc1,-0.333667
2023_2024,V6,122,100,3,rgb_glcm_imc2,0.907956
2023_2024,V6,122,100,3,rgb_glcm_mcc,0.9085
2023_2024,V6,122,100,3,rgb_glcm_dissimilarity,1.08271
2023_2024,V6,122,100,3,rgb_glcm_inertia,2.20513
2023_2024,V6,122,100,3,rgb_glcm_cluster_shade,71.0595
2023_2024,V6,122,100,3,rgb_glcm_cluster_prominence,5562.37
2023_2024,V6,122,100,3,rgb_glcm_homogeneity,0.602923
2023_2024,V6,122,100,3,rgb_glcmw3_asm,0.345653
2023_2024,V6,122,100,3,rgb_glcmw3_contrast,0.599243
2023_2024,V6,122,100,3,rgb_glcmw3_entropy,1.27015
2023_2024,V6,122,100,3,rgb_glcmw3_correlation,0.524613
2023_2024,V6,122,100,3,rgb_glcmw3_homogeneity,0.76555
2023_2024,V6,122,100,3,rgb_glcmw5_asm,0.222175
2023_2024,V6,122,100,3,rgb_glcmw5_contrast,0.599097
2023_2024,V6,122,100,3,rgb_glcmw5_entropy,1.7982
2023_2024,V6,122,100,3,rgb_glcmw5_correlation,0.688968
2023_2024,V6,122,100,3,rgb_glcmw5_homogeneity,0.765545
2023_2024,V6,122,100,3,rgb_glcmw7_asm,0.168859
2023_2024,V6,122,100,3,rgb_glcmw7_contrast,0.598221
2023_2024,V6,122,100,3,rgb_glcmw7_entropy,2.10022
2023_2024,V6,122,100,3,rgb_glcmw7_correlation,0.75734
2023_2024,V6,122,100,3,rgb_glcmw7_homogeneity,0.765532
2023_2024,V6,130,100,4,NDVI,0.553628
2023_2024,V6,130,100,4,GNDVI,0.280774
2023_2024,V6,130,100,4,NDRE,0.154459
2023_2024,V6,130,100,4,CIrededge,0.375153
2023_2024,V6,130,100,4,SAVI,0.494585
2023_2024,V6,130,100,4,EVI,0.799508
2023_2024,V6,130,100,4,VARI,0.489539
2023_2024,V6,130,100,4,TGI,0.170691
2023_2024,V6,130,100,4,spec_mean,0.3303
2023_2024,V6,130,100,4,spec_std,0.210556
2023_2024,V6,130,100,4,spec_p10,0.105242
2023_2024,V6,130,100,4,spec_p50,0.280758
2023_2024,V6,130,100,4,spec_p90,0.63912
2023_2024,V6,130,100,4,glcm_asm,0.0138241
2023_2024,V6,130,100,4,glcm_contrast,2.48602
2023_2024,V6,130,100,4,glcm_correlation,0.920195
2023_2024,V6,130,100,4,glcm_variance,15.5756
2023_2024,V6,130,100,4,glcm_idm,0.552863
2023_2024,V6,130,100,4,glcm_sum_average,14.4968
2023_2024,V6,130,100,4,glcm_sum_variance,183.505
2023_2024,V6,130,100,4,glcm_sum_entropy,3.37528
2023_2024,V6,130,100,4,glcm_entropy,4.49475
2023_2024,V6,130,100,4,glcm_diff_entropy,1.3845
2023_2024,V6,130,100,4,glcm_imc1,-0.344244
2023_2024,V6,130,100,4,glcm_imc2,0.91963
2023_2024,V6,130,100,4,glcm_mcc,0.922522
2023_2024,V6,130,100,4,glcm_dissimilarity,1.147
2023_2024,V6,130,100,4,glcm_inertia,2.48602
2023_2024,V6,130,100,4,glcm_cluster_shade,-23.935
2023_2024,V6,130,100,4,glcm_cluster_prominence,7642.9
2023_2024,V6,130,100,4,glcm_homogeneity,0.594717
2023_2024,V6,130,100,4,glcmw3_asm,0.345854
2023_2024,V6,130,100,4,glcmw3_contrast,0.664125
2023_2024,V6,130,100,4,glcmw3_entropy,1.28326
2023_2024,V6,130,100,4,glcmw3_correlation,0.597804
2023_2024,V6,130,100,4,glcmw3_homogeneity,0.753304
2023_2024,V6,130,100,4,glcmw5_asm,0.222669
2023_2024,V6,130,100,4,glcmw5_contrast,0.665485
2023_2024,V6,130,100,4,glcmw5_entropy,1.83821
2023_2024,V6,130,100,4,glcmw5_correlation,0.746148
2023_2024,V6,130,100,4,glcmw5_homogeneity,0.75292
2023_2024,V6,130,100,4,glcmw7_asm,0.168252
2023_2024,V6,130,100,4,glcmw7_contrast,0.665543
2023_2024,V6,130,100,4,glcmw7_entropy,2.16967
2023_2024,V6,130,100,4,glcmw7_correlation,0.805157
2023_2024,V6,130,100,4,glcmw7_homogeneity,0.752881
2023_2024,V6,130,100,4,rgb_glcm_asm,0.0174233
2023_2024,V6,130,100,4,rgb_glcm_contrast,2.2757
2023_2024,V6,130,100,4,rgb_glcm_correlation,0.90514
2023_2024,V6,130,100,4,rgb_glcm_variance,11.9951
2023_2024,V6,130,100,4,rgb_glcm_idm,0.564307
2023_2024,V6,130,100,4,rgb_glcm_sum_average,12.5405
2023_2024,V6,130,100,4,rgb_glcm_sum_variance,131.799
2023_2024,V6,130,100,4,rgb_glcm_sum_entropy,3.2618
2023_2024,V6,130,100,4,rgb_glcm_entropy,4.34855
2023_2024,V6,130,100,4,rgb_glcm_diff_entropy,1.3433
2023_2024,V6,130,100,4,rgb_glcm_imc1,-0.328938
2023_2024,V6,130,100,4,rgb_glcm_imc2,0.905257
2023_2024,V6,130,100,4,rgb_glcm_mcc,0.905644
2023_2024,V6,130,100,4,rgb_glcm_dissimilarity,1.09368
2023_2024,V6,130,100,4,rgb_glcm_inertia,2.2757
2023_2024,V6,130,100,4,rgb_glcm_cluster_shade,54.865
2023_2024,V6,130,100,4,rgb_glcm_cluster_prominence,5613.96
2023_2024,V6,130,100,4,rgb_glcm_homogeneity,0.602552
2023_2024,V6,130,100,4,rgb_glcmw3_asm,0.3478
2023_2024,V6,130,100,4,rgb_glcmw3_contrast,0.612721
2023_2024,V6,130,100,4,rgb_glcmw3_entropy,1.27023
2023_2024,V6,130,100,4,rgb_glcmw3_correlation,0.520694
2023_2024,V6,130,100,4,rgb_glcmw3_homogeneity,0.765262
2023_2024,V6,130,100,4,rgb_glcmw5_asm,0.225674
2023_2024,V6,130,100,4,rgb_glcmw5_contrast,0.612471
2023_2024,V6,130,100,4,rgb_glcmw5_entropy,1.80016
2023_2024,V6,130,100,4,rgb_glcmw5_correlation,0.684211
2023_2024,V6,130,100,4,rgb_glcmw5_homogeneity,0.765212
2023_2024,V6,130,100,4,rgb_glcmw7_asm,0.172375
2023_2024,V6,130,100,4,rgb_glcmw7_contrast,0.611819
2023_2024,V6,130,100,4,rgb_glcmw7_entropy,2.10531
2023_2024,V6,130,100,4,rgb_glcmw7_correlation,0.75361
2023_2024,V6,130,100,4,rgb_glcmw7_homogeneity,0.765194
2023_2024,V6,57,200,1,NDVI,0.537069
2023_2024,V6,57,200,1,GNDVI,0.3617
2023_2024,V6,57,200,1,NDRE,0.150822
2023_2024,V6,57,200,1,CIrededge,0.362329
2023_2024,V6,57,200,1,SAVI,0.511231
2023_2024,V6,57,200,1,EVI,0.705106
2023_2024,V6,57,200,1,VARI,0.31855
2023_2024,V6,57,200,1,TGI,0.150566
2023_2024,V6,57,200,1,spec_mean,0.367876
2023_2024,V6,57,200,1,spec_std,0.231123
2023_2024,V6,57,200,1,spec_p10,0.119038
2023_2024,V6,57,200,1,spec_p50,0.306588
2023_2024,V6,57,200,1,spec_p90,0.713875
2023_2024,V6,57,200,1,glcm_asm,0.0118599
2023_2024,V6,57,200,1,glcm_contrast,3.21133
2023_2024,V6,57,200,1,glcm_correlation,0.896457
2023_2024,V6,57,200,1,glcm_variance,15.5073
2023_2024,V6,57,200,1,glcm_idm,0.492699
2023_2024,V6,57,200,1,glcm_sum_average,15.9817
2023_2024,V6,57,200,1,glcm_sum_variance,217.879
2023_2024,V6,57,200,1,glcm_sum_entropy,3.36977
2023_2024,V6,57,200,1,glcm_entropy,4.60589
2023_2024,V6,57,200,1,glcm_diff_entropy,1.47935
2023_2024,V6,57,200,1,glcm_imc1,-0.297939
2023_2024,V6,57,200,1,glcm_imc2,0.894768
2023_2024,V6,57,200,1,glcm_mcc,0.897264
2023_2024,V6,57,200,1,glcm_dissimilarity,1.36012
2023_2024,V6,57,200,1,glcm_inertia,3.21133
2023_2024,V6,57,200,1,glcm_cluster_shade,-120.022
2023_2024,V6,57,200,1,glcm_cluster_prominence,7524.36
2023_2024,V6,57,200,1,glcm_homogeneity,0.545421
2023_2024,V6,57,200,1,glcmw3_asm,0.296645
2023_2024,V6,57,200,1,glcmw3_contrast,0.827062
2023_2024,V6,57,200,1,glcmw3_entropy,1.40803
2023_2024,V6,57,200,1,glcmw3_correlation,0.64407
2023_2024,V6,57,200,1,glcmw3_homogeneity,0.714556
2023_2024,V6,57,200,1,glcmw5_asm,0.178057
2023_2024,V6,57,200,1,glcmw5_contrast,0.825971
2023_2024,V6,57,200,1,glcmw5_entropy,1.99551
2023_2024,V6,57,200,1,glcmw5_correlation,0.766189
2023_2024,V6,57,200,1,glcmw5_homogeneity,0.714777
2023_2024,V6,57,200,1,glcmw7_asm,0.130731
2023_2024,V6,57,200,1,glcmw7_contrast,0.823575
2023_2024,V6,57,200,1,glcmw7_entropy,2.33201
2023_2024,V6,57,200,1,glcmw7_correlation,0.807618
2023_2024,V6,57,200,1,glcmw7_homogeneity,0.715299
2023_2024,V6,57,200,1,rgb_glcm_asm,0.0195757
2023_2024,V6,57,200,1,rgb_glcm_contrast,1.95335
2023_2024,V6,57,200,1,rgb_glcm_correlation,0.912898
2023_2024,V6,57,200,1,rgb_glcm_variance,11.213
2023_2024,V6,57,200,1,rgb_glcm_idm,0.581823
2023_2024,V6,57,200,1,rgb_glcm_sum_average,11.5389
2023_2024,V6,57,200,1,rgb_glcm_sum_variance,112.016
2023_2024,V6,57,200,1,rgb_glcm_sum_entropy,3.22515
2023_2024,V6,57,200,1,rgb_glcm_entropy,4.24109
2023_2024,V6,57,200,1,rgb_glcm_diff_entropy,1.27903
2023_2024,V6,57,200,1,rgb_glcm_imc1,-0.345094
2023_2024,V6,57,200,1,rgb_glcm_imc2,0.910745
2023_2024,V6,57,200,1,rgb_glcm_mcc,0.91355
2023_2024,V6,57,200,1,rgb_glcm_dissimilarity,1.01488
2023_2024,V6,57,200,1,rgb_glcm_inertia,1.95335
2023_2024,V6,57,200,1,rgb_glcm_cluster_shade,139.22
2023_2024,V6,57,200,1,rgb_glcm_cluster_prominence,5553.5
2023_2024,V6,57,200,1,rgb_glcm_homogeneity,0.616284
2023_2024,V6,57,200,1,rgb_glcmw3_asm,0.364872
2023_2024,V6,57,200,1,rgb_glcmw3_contrast,0.543207
2023_2024,V6,57,200,1,rgb_glcmw3_entropy,1.21472
2023_2024,V6,57,200,1,rgb_glcmw3_correlation,0.502754
2023_2024,V6,57,200,1,rgb_glcmw3_homogeneity,0.777484
2023_2024,V6,57,200,1,rgb_glcmw5_asm,0.240125
2023_2024,V6,57,200,1,rgb_glcmw5_contrast,0.540727
2023_2024,V6,57,200,1,rgb_glcmw5_entropy,1.71621
2023_2024,V6,57,200,1,rgb_glcmw5_correlation,0.671795
2023_2024,V6,57,200,1,rgb_glcmw5_homogeneity,0.777894
2023_2024,V6,57,200,1,rgb_glcmw7_asm,0.186229
2023_2024,V6,57,200,1,rgb_glcmw7_contrast,0.53958
2023_2024,V6,57,200,1,rgb_glcmw7_entropy,1.99755
2023_2024,V6,57,200,1,rgb_glcmw7_correlation,0.742093
2023_2024,V6,57,200,1,rgb_glcmw7_homogeneity,0.778187
2023_2024,V6,116,200,2,NDVI,0.514735
2023_2024,V6,116,200,2,GNDVI,0.32948
2023_2024,V6,116,200,2,NDRE,0.136077
2023_2024,V6,116,200,2,CIrededge,0.320866
2023_2024,V6,116,200,2,SAVI,0.493028
2023_2024,V6,116,200,2,EVI,0.689997
2023_2024,V6,116,200,2,VARI,0.323792
2023_2024,V6,116,200,2,TGI,0.162258
2023_2024,V6,116,200,2,spec_mean,0.379668
2023_2024,V6,116,200,2,spec_std,0.224383
2023_2024,V6,116,200,2,spec_p10,0.135244
2023_2024,V6,116,200,2,spec_p50,0.327921
2023_2024,V6,116,200,2,spec_p90,0.710039
2023_2024,V6,116,200,2,glcm_asm,0.0127328
2023_2024,V6,116,200,2,glcm_contrast,2.78177
2023_2024,V6,116,200,2,glcm_correlation,0.908604
2023_2024,V6,116,200,2,glcm_variance,15.2183
2023_2024,V6,116,200,2,glcm_idm,0.528729
2023_2024,V6,116,200,2,glcm_sum_average,15.5111
2023_2024,V6,116,200,2,glcm_sum_variance,205.429
2023_2024,V6,116,200,2,glcm_sum_entropy,3.37285
2023_2024,V6,116,200,2,glcm_entropy,4.54777
2023_2024,V6,116,200,2,glcm_diff_entropy,1.42603
2023_2024,V6,116,200,2,glcm_imc1,-0.320701
2023_2024,V6,116,200,2,glcm_imc2,0.907718
2023_2024,V6,116,200,2,glcm_mcc,0.909285
2023_2024,V6,116,200,2,glcm_dissimilarity,1.23192
2023_2024,V6,116,200,2,glcm_inertia,2.78177
2023_2024,V6,116,200,2,glcm_cluster_shade,-77.7436
2023_2024,V6,116,200,2,glcm_cluster_prominence,7228.63
2023_2024,V6,116,200,2,glcm_homogeneity,0.574442
2023_2024,V6,116,200,2,glcmw3_asm,0.323031
2023_2024,V6,116,200,2,glcmw3_contrast,0.732417
2023_2024,V6,116,200,2,glcmw3_entropy,1.33609
2023_2024,V6,116,200,2,glcmw3_correlation,0.619302
2023_2024,V6,116,200,2,glcmw3_homogeneity,0.73807
2023_2024,V6,116,200,2,glcmw5_asm,0.201939
2023_2024,V6,116,200,2,glcmw5_contrast,0.733374
2023_2024,V6,116,200,2,glcmw5_entropy,1.90237
2023_2024,V6,116,200,2,glcmw5_correlation,0.753682
2023_2024,V6,116,200,2,glcmw5_homogeneity,0.737852
2023_2024,V6,116,200,2,glcmw7_asm,0.153011
2023_2024,V6,116,200,2,glcmw7_contrast,0.730722
2023_2024,V6,116,200,2,glcmw7_entropy,2.2278
2023_2024,V6,116,200,2,glcmw7_correlation,0.799758
2023_2024,V6,116,200,2,glcmw7_homogeneity,0.738384
2023_2024,V6,116,200,2,rgb_glcm_asm,0.0175321
2023_2024,V6,116,200,2,rgb_glcm_contrast,2.18897
2023_2024,V6,116,200,2,rgb_glcm_correlation,0.907544
2023_2024,V6,116,200,2,rgb_glcm_variance,11.8378
2023_2024,V6,116,200,2,rgb_glcm_idm,0.567992
2023_2024,V6,116,200,2,rgb_glcm_sum_average,12.7107
2023_2024,V6,116,200,2,rgb_glcm_sum_variance,134.41
2023_2024,V6,116,200,2,rgb_glcm_sum_entropy,3.26362
2023_2024,V6,116,200,2,rgb_glcm_entropy,4.33423
2023_2024,V6,116,200,2,rgb_glcm_diff_entropy,1.32792
2023_2024,V6,116,200,2,rgb_glcm_imc1,-0.334667
2023_2024,V6,116,200,2,rgb_glcm_imc2,0.908204
2023_2024,V6,116,200,2,rgb_glcm_mcc,0.909119
2023_2024,V6,116,200,2,rgb_glcm_dissimilarity,1.07447
2023_2024,V6,116,200,2,rgb_glcm_inertia,2.18897
2023_2024,V6,116,200,2,rgb_glcm_cluster_shade,47.612
2023_2024,V6,116,200,2,rgb_glcm_cluster_prominence,5413.66
2023_2024,V6,116,200,2,rgb_glcm_homogeneity,0.605729
2023_2024,V6,116,200,2,rgb_glcmw3_asm,0.351287
2023_2024,V6,116,200,2,rgb_glcmw3_contrast,0.59845
2023_2024,V6,116,200,2,rgb_glcmw3_entropy,1.2588
2023_2024,V6,116,200,2,rgb_glcmw3_correlation,0.513603
2023_2024,V6,116,200,2,rgb_glcmw3_homogeneity,0.766241
2023_2024,V6,116,200,2,rgb_glcmw5_asm,0.230034
2023_2024,V6,116,200,2,rgb_glcmw5_contrast,0.598221
2023_2024,V6,116,200,2,rgb_glcmw5_entropy,1.77649
2023_2024,V6,116,200,2,rgb_glcmw5_correlation,0.674791
2023_2024,V6,116,200,2,rgb_glcmw5_homogeneity,0.76628
2023_2024,V6,116,200,2,rgb_glcmw7_asm,0.176923
2023_2024,V6,116,200,2,rgb_glcmw7_contrast,0.598849
2023_2024,V6,116,200,2,rgb_glcmw7_entropy,2.07123
2023_2024,V6,116,200,2,rgb_glcmw7_correlation,0.746191
2023_2024,V6,116,200,2,rgb_glcmw7_homogeneity,0.765987
2023_2024,V6,121,200,3,NDVI,0.536206
2023_2024,V6,121,200,3,GNDVI,0.268193
2023_2024,V6,121,200,3,NDRE,0.150545
2023_2024,V6,121,200,3,CIrededge,0.364994
2023_2024,V6,121,200,3,SAVI,0.498736
2023_2024,V6,121,200,3,EVI,0.797421
2023_2024,V6,121,200,3,VARI,0.473078
2023_2024,V6,121,200,3,TGI,0.189569
2023_2024,V6,121,200,3,spec_mean,0.367449
2023_2024,V6,121,200,3,spec_std,0.220445
2023_2024,V6,121,200,3,spec_p10,0.122119
2023_2024,V6,121,200,3,spec_p50,0.322658
2023_2024,V6,121,200,3,spec_p90,0.687513
2023_2024,V6,121,200,3,glcm_asm,0.0131963
2023_2024,V6,121,200,3,glcm_contrast,2.59518
2023_2024,V6,121,200,3,glcm_correlation,0.921847
2023_2024,V6,121,200,3,glcm_variance,16.6031
2023_2024,V6,121,200,3,glcm_idm,0.543364
2023_2024,V6,121,200,3,glcm_sum_average,15.1242
2023_2024,V6,121,200,3,glcm_sum_variance,201.483
2023_2024,V6,121,200,3,glcm_sum_entropy,3.39112
2023_2024,V6,121,200,3,glcm_entropy,4.52354
2023_2024,V6,121,200,3,glcm_diff_entropy,1.40034
2023_2024,V6,121,200,3,glcm_imc1,-0.341725
2023_2024,V6,121,200,3,glcm_imc2,0.919241
2023_2024,V6,121,200,3,glcm_mcc,0.923326
2023_2024,V6,121,200,3,glcm_dissimilarity,1.17974
2023_2024,V6,121,200,3,glcm_inertia,2.59518
2023_2024,V6,121,200,3,glcm_cluster_shade,-75.021
2023_2024,V6,121,200,3,glcm_cluster_prominence,8252.59
2023_2024,V6,121,200,3,glcm_homogeneity,0.586721
2023_2024,V6,121,200,3,glcmw3_asm,0.336449
2023_2024,V6,121,200,3,glcmw3_contrast,0.688216
2023_2024,V6,121,200,3,glcmw3_entropy,1.3063
2023_2024,V6,121,200,3,glcmw3_correlation,0.599223
2023_2024,V6,121,200,3,glcmw3_homogeneity,0.748203
2023_2024,V6,121,200,3,glcmw5_asm,0.213668
2023_2024,V6,121,200,3,glcmw5_contrast,0.690315
2023_2024,V6,121,200,3,glcmw5_entropy,1.86768
2023_2024,V6,121,200,3,glcmw5_correlation,0.746905
2023_2024,V6,121,200,3,glcmw5_homogeneity,0.747664
2023_2024,V6,121,200,3,glcmw7_asm,0.160401
2023_2024,V6,121,200,3,glcmw7_contrast,0.691011
2023_2024,V6,121,200,3,glcmw7_entropy,2.20215
2023_2024,V6,121,200,3,glcmw7_correlation,0.804312
2023_2024,V6,121,200,3,glcmw7_homogeneity,0.747507
2023_2024,V6,121,200,3,rgb_glcm_asm,0.0192995
2023_2024,V6,121,200,3,rgb_glcm_contrast,2.10817
2023_2024,V6,121,200,3,rgb_glcm_correlation,0.905255
2023_2024,V6,121,200,3,rgb_glcm_variance,11.1255
2023_2024,V6,121,200,3,rgb_glcm_idm,0.575619
2023_2024,V6,121,200,3,rgb_glcm_sum_average,11.6536
2023_2024,V6,121,200,3,rgb_glcm_sum_variance,113.529
2023_2024,V6,121,200,3,rgb_glcm_sum_entropy,3.21945
2023_2024,V6,121,200,3,rgb_glcm_entropy,4.2637
2023_2024,V6,121,200,3,rgb_glcm_diff_entropy,1.31149
2023_2024,V6,121,200,3,rgb_glcm_imc1,-0.333705
2023_2024,V6,121,200,3,rgb_glcm_imc2,0.904836
2023_2024,V6,121,200,3,rgb_glcm_mcc,0.905597
2023_2024,V6,121,200,3,rgb_glcm_dissimilarity,1.04844
2023_2024,V6,121,200,3,rgb_glcm_inertia,2.10817
2023_2024,V6,121,200,3,rgb_glcm_cluster_shade,111.845
2023_2024,V6,121,200,3,rgb_glcm_cluster_prominence,5419.67
2023_2024,V6,121,200,3,rgb_glcm_homogeneity,0.611588
2023_2024,V6,121,200,3,rgb_glcmw3_asm,0.3576
2023_2024,V6,121,200,3,rgb_glcmw3_contrast,0.576093
2023_2024,V6,121,200,3,rgb_glcmw3_entropy,1.23767
2023_2024,V6,121,200,3,rgb_glcmw3_correlation,0.513309
2023_2024,V6,121,200,3,rgb_glcmw3_homogeneity,0.773968
2023_2024,V6,121,200,3,rgb_glcmw5_asm,0.233015
2023_2024,V6,121,200,3,rgb_glcmw5_contrast,0.574071
2023_2024,V6,121,200,3,rgb_glcmw5_entropy,1.75507
2023_2024,V6,121,200,3,rgb_glcmw5_correlation,0.680532
2023_2024,V6,121,200,3,rgb_glcmw5_homogeneity,0.774266
2023_2024,V6,121,200,3,rgb_glcmw7_asm,0.179033
2023_2024,V6,121,200,3,rgb_glcmw7_contrast,0.572461
2023_2024,V6,121,200,3,rgb_glcmw7_entropy,2.05009
2023_2024,V6,121,200,3,rgb_glcmw7_correlation,0.749833
2023_2024,V6,121,200,3,rgb_glcmw7_homogeneity,0.774546
2023_2024,V6,133,200,4,NDVI,0.560552
2023_2024,V6,133,200,4,GNDVI,0.242358
2023_2024,V6,133,200,4,NDRE,0.141366
2023_2024,V6,133,200,4,CIrededge,0.336219
2023_2024,V6,133,200,4,SAVI,0.514401
2023_2024,V6,133,200,4,EVI,0.924623
2023_2024,V6,133,200,4,VARI,0.577495
2023_2024,V6,133,200,4,TGI,0.20586
2023_2024,V6,133,200,4,spec_mean,0.372389
2023_2024,V6,133,200,4,spec_std,0.2196
2023_2024,V6,133,200,4,spec_p10,0.11569
2023_2024,V6,133,200,4,spec_p50,0.333853
2023_2024,V6,133,200,4,spec_p90,0.682246
2023_2024,V6,133,200,4,glcm_asm,0.0143779
2023_2024,V6,133,200,4,glcm_contrast,2.24008
2023_2024,V6,133,200,4,glcm_correlation,0.929233
2023_2024,V6,133,200,4,glcm_variance,15.8272
2023_2024,V6,133,200,4,glcm_idm,0.567326
2023_2024,V6,133,200,4,glcm_sum_average,14.9664
2023_2024,V6,133,200,4,glcm_sum_variance,195.31
2023_2024,V6,133,200,4,glcm_sum_entropy,3.38009
2023_2024,V6,133,200,4,glcm_entropy,4.44955
2023_2024,V6,133,200,4,glcm_diff_entropy,1.34061
2023_2024,V6,133,200,4,glcm_imc1,-0.362985
2023_2024,V6,133,200,4,glcm_imc2,0.927899
2023_2024,V6,133,200,4,glcm_mcc,0.932863
2023_2024,V6,133,200,4,glcm_dissimilarity,1.08514
2023_2024,V6,133,200,4,glcm_inertia,2.24008
2023_2024,V6,133,200,4,glcm_cluster_shade,-66.655
2023_2024,V6,133,200,4,glcm_cluster_prominence,7992.95
2023_2024,V6,133,200,4,glcm_homogeneity,0.6058
2023_2024,V6,133,200,4,glcmw3_asm,0.3664
2023_2024,V6,133,200,4,glcmw3_contrast,0.608704
2023_2024,V6,133,200,4,glcmw3_entropy,1.23326
2023_2024,V6,133,200,4,glcmw3_correlation,0.566837
2023_2024,V6,133,200,4,glcmw3_homogeneity,0.766235
2023_2024,V6,133,200,4,glcmw5_asm,0.243038
2023_2024,V6,133,200,4,glcmw5_contrast,0.611455
2023_2024,V6,133,200,4,glcmw5_entropy,1.76769
2023_2024,V6,133,200,4,glcmw5_correlation,0.725792
2023_2024,V6,133,200,4,glcmw5_homogeneity,0.76573
2023_2024,V6,133,200,4,glcmw7_asm,0.186805
2023_2024,V6,133,200,4,glcmw7_contrast,0.613235
2023_2024,V6,133,200,4,glcmw7_entropy,2.09166
2023_2024,V6,133,200,4,glcmw7_correlation,0.793257
2023_2024,V6,133,200,4,glcmw7_homogeneity,0.76522
2023_2024,V6,133,200,4,rgb_glcm_asm,0.0159173
2023_2024,V6,133,200,4,rgb_glcm_contrast,2.51259
2023_2024,V6,133,200,4,rgb_glcm_correlation,0.901312
2023_2024,V6,133,200,4,rgb_glcm_variance,12.7299
2023_2024,V6,133,200,4,rgb_glcm_idm,0.547759
2023_2024,V6,133,200,4,rgb_glcm_sum_average,13.2277
2023_2024,V6,133,200,4,rgb_glcm_sum_variance,147.053
2023_2024,V6,133,200,4,rgb_glcm_sum_entropy,3.29558
2023_2024,V6,133,200,4,rgb_glcm_entropy,4.42973
2023_2024,V6,133,200,4,rgb_glcm_diff_entropy,1.38183
2023_2024,V6,133,200,4,rgb_glcm_imc1,-0.318227
2023_2024,V6,133,200,4,rgb_glcm_imc2,0.901639
2023_2024,V6,133,200,4,rgb_glcm_mcc,0.902219
2023_2024,V6,133,200,4,rgb_glcm_dissimilarity,1.15593
2023_2024,V6,133,200,4,rgb_glcm_inertia,2.51259
2023_2024,V6,133,200,4,rgb_glcm_cluster_shade,15.956
2023_2024,V6,133,200,4,rgb_glcm_cluster_prominence,5830.69
2023_2024,V6,133,200,4,rgb_glcm_homogeneity,0.589186
2023_2024,V6,133,200,4,rgb_glcmw3_asm,0.334912
2023_2024,V6,133,200,4,rgb_glcmw3_contrast,0.660088
2023_2024,V6,133,200,4,rgb_glcmw3_entropy,1.29842
2023_2024,V6,133,200,4,rgb_glcmw3_correlation,0.53279
2023_2024,V6,133,200,4,rgb_glcmw3_homogeneity,0.754795
2023_2024,V6,133,200,4,rgb_glcmw5_asm,0.215789
2023_2024,V6,133,200,4,rgb_glcmw5_contrast,0.657472
2023_2024,V6,133,200,4,rgb_glcmw5_entropy,1.82917
2023_2024,V6,133,200,4,rgb_glcmw5_correlation,0.682354
2023_2024,V6,133,200,4,rgb_glcmw5_homogeneity,0.755344
2023_2024,V6,133,200,4,rgb_glcmw7_asm,0.16585
2023_2024,V6,133,200,4,rgb_glcmw7_contrast,0.657435
2023_2024,V6,133,200,4,rgb_glcmw7_entropy,2.13237
2023_2024,V6,133,200,4,rgb_glcmw7_correlation,0.745581
2023_2024,V6,133,200,4,rgb_glcmw7_homogeneity,0.755359
2023_2024,V6,71,300,1,NDVI,0.512795
2023_2024,V6,71,300,1,GNDVI,0.369135
2023_2024,V6,71,300,1,NDRE,0.134039
2023_2024,V6,71,300,1,CIrededge,0.314645
2023_2024,V6,71,300,1,SAVI,0.501172
2023_2024,V6,71,300,1,EVI,0.653852
2023_2024,V6,71,300,1,VARI,0.253257
2023_2024,V6,71,300,1,TGI,0.150928
2023_2024,V6,71,300,1,spec_mean,0.394731
2023_2024,V6,71,300,1,spec_std,0.235412
2023_2024,V6,71,300,1,spec_p10,0.13561
2023_2024,V6,71,300,1,spec_p50,0.333094
2023_2024,V6,71,300,1,spec_p90,0.747233
2023_2024,V6,71,300,1,glcm_asm,0.0122561
2023_2024,V6,71,300,1,glcm_contrast,3.27501
2023_2024,V6,71,300,1,glcm_correlation,0.889623
2023_2024,V6,71,300,1,glcm_variance,14.8355
2023_2024,V6,71,300,1,glcm_idm,0.495649
2023_2024,V6,71,300,1,glcm_sum_average,16.2699
2023_2024,V6,71,300,1,glcm_sum_variance,222.939
2023_2024,V6,71,300,1,glcm_sum_entropy,3.35201
2023_2024,V6,71,300,1,glcm_entropy,4.60193
2023_2024,V6,71,300,1,glcm_diff_entropy,1.4915
2023_2024,V6,71,300,1,glcm_imc1,-0.288562
2023_2024,V6,71,300,1,glcm_imc2,0.887774
2023_2024,V6,71,300,1,glcm_mcc,0.890075
2023_2024,V6,71,300,1,glcm_dissimilarity,1.36204
2023_2024,V6,71,300,1,glcm_inertia,3.27501
2023_2024,V6,71,300,1,glcm_cluster_shade,-135.198
2023_2024,V6,71,300,1,glcm_cluster_prominence,7153.82
2023_2024,V6,71,300,1,glcm_homogeneity,0.548103
2023_2024,V6,71,300,1,glcmw3_asm,0.29529
2023_2024,V6,71,300,1,glcmw3_contrast,0.84026
2023_2024,V6,71,300,1,glcmw3_entropy,1.40504
2023_2024,V6,71,300,1,glcmw3_correlation,0.645686
2023_2024,V6,71,300,1,glcmw3_homogeneity,0.716167
2023_2024,V6,71,300,1,glcmw5_asm,0.177181
2023_2024,V6,71,300,1,glcmw5_contrast,0.835193
2023_2024,V6,71,300,1,glcmw5_entropy,1.99038
2023_2024,V6,71,300,1,glcmw5_correlation,0.759591
2023_2024,V6,71,300,1,glcmw5_homogeneity,0.717047
2023_2024,V6,71,300,1,glcmw7_asm,0.131386
2023_2024,V6,71,300,1,glcmw7_contrast,0.830109
2023_2024,V6,71,300,1,glcmw7_entropy,2.32128
2023_2024,V6,71,300,1,glcmw7_correlation,0.798047
2023_2024,V6,71,300,1,glcmw7_homogeneity,0.717913
2023_2024,V6,71,300,1,rgb_glcm_asm,0.0184124
2023_2024,V6,71,300,1,rgb_glcm_contrast,2.129
2023_2024,V6,71,300,1,rgb_glcm_correlation,0.905455
2023_2024,V6,71,300,1,rgb_glcm_variance,11.2592
2023_2024,V6,71,300,1,rgb_glcm_idm,0.568832
2023_2024,V6,71,300,1,rgb_glcm_sum_average,12.0082
2023_2024,V6,71,300,1,rgb_glcm_sum_variance,119.787
2023_2024,V6,71,300,1,rgb_glcm_sum_entropy,3.24008
2023_2024,V6,71,300,1,rgb_glcm_entropy,4.29751
2023_2024,V6,71,300,1,rgb_glcm_diff_entropy,1.31489
2023_2024,V6,71,300,1,rgb_glcm_imc1,-0.332069
2023_2024,V6,71,300,1,rgb_glcm_imc2,0.905179
2023_2024,V6,71,300,1,rgb_glcm_mcc,0.906061
2023_2024,V6,71,300,1,rgb_glcm_dissimilarity,1.06465
2023_2024,V6,71,300,1,rgb_glcm_inertia,2.129
2023_2024,V6,71,300,1,rgb_glcm_cluster_shade,103.337
2023_2024,V6,71,300,1,rgb_glcm_cluster_prominence,5219.79
2023_2024,V6,71,300,1,rgb_glcm_homogeneity,0.605917
2023_2024,V6,71,300,1,rgb_glcmw3_asm,0.349117
2023_2024,V6,71,300,1,rgb_glcmw3_contrast,0.584989
2023_2024,V6,71,300,1,rgb_glcmw3_entropy,1.25377
2023_2024,V6,71,300,1,rgb_glcmw3_correlation,0.522106
2023_2024,V6,71,300,1,rgb_glcmw3_homogeneity,0.767111
2023_2024,V6,71,300,1,rgb_glcmw5_asm,0.226081
2023_2024,V6,71,300,1,rgb_glcmw5_contrast,0.581176
2023_2024,V6,71,300,1,rgb_glcmw5_entropy,1.76786
2023_2024,V6,71,300,1,rgb_glcmw5_correlation,0.686749
2023_2024,V6,71,300,1,rgb_glcmw5_homogeneity,0.767788
2023_2024,V6,71,300,1,rgb_glcmw7_asm,0.174389
2023_2024,V6,71,300,1,rgb_glcmw7_contrast,0.579568
2023_2024,V6,71,300,1,rgb_glcmw7_entropy,2.05704
2023_2024,V6,71,300,1,rgb_glcmw7_correlation,0.754164
2023_2024,V6,71,300,1,rgb_glcmw7_homogeneity,0.768264
2023_2024,V6,114,300,2,NDVI,0.538442
2023_2024,V6,114,300,2,GNDVI,0.272431
2023_2024,V6,114,300,2,NDRE,0.146512
2023_2024,V6,114,300,2,CIrededge,0.351208
2023_2024,V6,114,300,2,SAVI,0.504603
2023_2024,V6,114,300,2,EVI,0.805226
2023_2024,V6,114,300,2,VARI,0.465814
2023_2024,V6,114,300,2,TGI,0.192127
2023_2024,V6,114,300,2,spec_mean,0.373548
2023_2024,V6,114,300,2,spec_std,0.219332
2023_2024,V6,114,300,2,spec_p10,0.127
2023_2024,V6,114,300,2,spec_p50,0.332593
2023_2024,V6,114,300,2,spec_p90,0.686175
2023_2024,V6,114,300,2,glcm_asm,0.0134207
2023_2024,V6,114,300,2,glcm_contrast,2.49112
2023_2024,V6,114,300,2,glcm_correlation,0.920019
2023_2024,V6,114,300,2,glcm_variance,15.5732
2023_2024,V6,114,300,2,glcm_idm,0.548676
2023_2024,V6,114,300,2,glcm_sum_average,15.0142
2023_2024,V6,114,300,2,glcm_sum_variance,195.143
2023_2024,V6,114,300,2,glcm_sum_entropy,3.38059
2023_2024,V6,114,300,2,glcm_entropy,4.50245
2023_2024,V6,114,300,2,glcm_diff_entropy,1.38387
2023_2024,V6,114,300,2,glcm_imc1,-0.342381
2023_2024,V6,114,300,2,glcm_imc2,0.91887
2023_2024,V6,114,300,2,glcm_mcc,0.920813
2023_2024,V6,114,300,2,glcm_dissimilarity,1.15497
2023_2024,V6,114,300,2,glcm_inertia,2.49112
2023_2024,V6,114,300,2,glcm_cluster_shade,-39.4537
2023_2024,V6,114,300,2,glcm_cluster_prominence,7525.67
2023_2024,V6,114,300,2,glcm_homogeneity,0.59102
2023_2024,V6,114,300,2,glcmw3_asm,0.337386
2023_2024,V6,114,300,2,glcmw3_contrast,0.667
2023_2024,V6,114,300,2,glcmw3_entropy,1.30329
2023_2024,V6,114,300,2,glcmw3_correlation,0.594895
2023_2024,V6,114,300,2,glcmw3_homogeneity,0.750371
2023_2024,V6,114,300,2,glcmw5_asm,0.213399
2023_2024,V6,114,300,2,glcmw5_contrast,0.668785
2023_2024,V6,114,300,2,glcmw5_entropy,1.8646
2023_2024,V6,114,300,2,glcmw5_correlation,0.746385
2023_2024,V6,114,300,2,glcmw5_homogeneity,0.749787
2023_2024,V6,114,300,2,glcmw7_asm,0.160132
2023_2024,V6,114,300,2,glcmw7_contrast,0.66833
2023_2024,V6,114,300,2,glcmw7_entropy,2.19633
2023_2024,V6,114,300,2,glcmw7_correlation,0.802631
2023_2024,V6,114,300,2,glcmw7_homogeneity,0.749825
2023_2024,V6,114,300,2,rgb_glcm_asm,0.0171671
2023_2024,V6,114,300,2,rgb_glcm_contrast,2.30875
2023_2024,V6,114,300,2,rgb_glcm_correlation,0.902621
2023_2024,V6,114,300,2,rgb_glcm_variance,11.8544
2023_2024,V6,114,300,2,rgb_glcm_idm,0.56048
2023_2024,V6,114,300,2,rgb_glcm_sum_average,12.7139
2023_2024,V6,114,300,2,rgb_glcm_sum_variance,134.405
2023_2024,V6,114,300,2,rgb_glcm_sum_entropy,3.26423
2023_2024,V6,114,300,2,rgb_glcm_entropy,4.35805
2023_2024,V6,114,300,2,rgb_glcm_diff_entropy,1.34678
2023_2024,V6,114,300,2,rgb_glcm_imc1,-0.325839
2023_2024,V6,114,300,2,rgb_glcm_imc2,0.903691
2023_2024,V6,114,300,2,rgb_glcm_mcc,0.903854
2023_2024,V6,114,300,2,rgb_glcm_dissimilarity,1.10406
2023_2024,V6,114,300,2,rgb_glcm_inertia,2.30875
2023_2024,V6,114,300,2,rgb_glcm_cluster_shade,48.3377
2023_2024,V6,114,300,2,rgb_glcm_cluster_prominence,5395.41
2023_2024,V6,114,300,2,rgb_glcm_homogeneity,0.599202
2023_2024,V6,114,300,2,rgb_glcmw3_asm,0.341946
2023_2024,V6,114,300,2,rgb_glcmw3_contrast,0.628346
2023_2024,V6,114,300,2,rgb_glcmw3_entropy,1.28261
2023_2024,V6,114,300,2,rgb_glcmw3_correlation,0.527314
2023_2024,V6,114,300,2,rgb_glcmw3_homogeneity,0.761451
2023_2024,V6,114,300,2,rgb_glcmw5_asm,0.220526
2023_2024,V6,114,300,2,rgb_glcmw5_contrast,0.626226
2023_2024,V6,114,300,2,rgb_glcmw5_entropy,1.81354
2023_2024,V6,114,300,2,rgb_glcmw5_correlation,0.685958
2023_2024,V6,114,300,2,rgb_glcmw5_homogeneity,0.761782
2023_2024,V6,114,300,2,rgb_glcmw7_asm,0.168838
2023_2024,V6,114,300,2,rgb_glcmw7_contrast,0.624885
2023_2024,V6,114,300,2,rgb_glcmw7_entropy,2.11471
2023_2024,V6,114,300,2,rgb_glcmw7_correlation,0.751717
2023_2024,V6,114,300,2,rgb_glcmw7_homogeneity,0.761894
2023_2024,V6,125,300,3,NDVI,0.525639
2023_2024,V6,125,300,3,GNDVI,0.243181
2023_2024,V6,125,300,3,NDRE,0.134426
2023_2024,V6,125,300,3,CIrededge,0.31715
2023_2024,V6,125,300,3,SAVI,0.489251
2023_2024,V6,125,300,3,EVI,0.875212
2023_2024,V6,125,300,3,VARI,0.494027
2023_2024,V6,125,300,3,TGI,0.198133
2023_2024,V6,125,300,3,spec_mean,0.379108
2023_2024,V6,125,300,3,spec_std,0.215593
2023_2024,V6,125,300,3,spec_p10,0.129943
2023_2024,V6,125,300,3,spec_p50,0.343459
2023_2024,V6,125,300,3,spec_p90,0.688078
2023_2024,V6,125,300,3,glcm_asm,0.0138555
2023_2024,V6,125,300,3,glcm_contrast,2.37129
2023_2024,V6,125,300,3,glcm_correlation,0.92587
2023_2024,V6,125,300,3,glcm_variance,15.9942
2023_2024,V6,125,300,3,glcm_idm,0.558794
2023_2024,V6,125,300,3,glcm_sum_average,14.7202
2023_2024,V6,125,300,3,glcm_sum_variance,190.093
2023_2024,V6,125,300,3,glcm_sum_entropy,3.38492
2023_2024,V6,125,300,3,glcm_entropy,4.48079
2023_2024,V6,125,300,3,glcm_diff_entropy,1.36493
2023_2024,V6,125,300,3,glcm_imc1,-0.35395
2023_2024,V6,125,300,3,glcm_imc2,0.924346
2023_2024,V6,125,300,3,glcm_mcc,0.927732
2023_2024,V6,125,300,3,glcm_dissimilarity,1.11985
2023_2024,V6,125,300,3,glcm_inertia,2.37129
2023_2024,V6,125,300,3,glcm_cluster_shade,-39.4708
2023_2024,V6,125,300,3,glcm_cluster_prominence,7807.19
2023_2024,V6,125,300,3,glcm_homogeneity,0.599355
2023_2024,V6,125,300,3,glcmw3_asm,0.355543
2023_2024,V6,125,300,3,glcmw3_contrast,0.638486
2023_2024,V6,125,300,3,glcmw3_entropy,1.26099
2023_2024,V6,125,300,3,glcmw3_correlation,0.570971
2023_2024,V6,125,300,3,glcmw3_homogeneity,0.757408
2023_2024,V6,125,300,3,glcmw5_asm,0.232218
2023_2024,V6,125,300,3,glcmw5_contrast,0.641764
2023_2024,V6,125,300,3,glcmw5_entropy,1.80295
2023_2024,V6,125,300,3,glcmw5_correlation,0.727464
2023_2024,V6,125,300,3,glcmw5_homogeneity,0.756623
2023_2024,V6,125,300,3,glcmw7_asm,0.176463
2023_2024,V6,125,300,3,glcmw7_contrast,0.644665
2023_2024,V6,125,300,3,glcmw7_entropy,2.12941
2023_2024,V6,125,300,3,glcmw7_correlation,0.791665
2023_2024,V6,125,300,3,glcmw7_homogeneity,0.755867
2023_2024,V6,125,300,3,rgb_glcm_asm,0.0184842
2023_2024,V6,125,300,3,rgb_glcm_contrast,2.21697
2023_2024,V6,125,300,3,rgb_glcm_correlation,0.902895
2023_2024,V6,125,300,3,rgb_glcm_variance,11.4153
2023_2024,V6,125,300,3,rgb_glcm_idm,0.56854
2023_2024,V6,125,300,3,rgb_glcm_sum_average,12.3333
2023_2024,V6,125,300,3,rgb_glcm_sum_variance,126.121
2023_2024,V6,125,300,3,rgb_glcm_sum_entropy,3.24057
2023_2024,V6,125,300,3,rgb_glcm_entropy,4.31253
2023_2024,V6,125,300,3,rgb_glcm_diff_entropy,1.33164
2023_2024,V6,125,300,3,rgb_glcm_imc1,-0.328089
2023_2024,V6,125,300,3,rgb_glcm_imc2,0.903299
2023_2024,V6,125,300,3,rgb_glcm_mcc,0.903353
2023_2024,V6,125,300,3,rgb_glcm_dissimilarity,1.07663
2023_2024,V6,125,300,3,rgb_glcm_inertia,2.21697
2023_2024,V6,125,300,3,rgb_glcm_cluster_shade,74.5293
2023_2024,V6,125,300,3,rgb_glcm_cluster_prominence,5360.79
2023_2024,V6,125,300,3,rgb_glcm_homogeneity,0.605878
2023_2024,V6,125,300,3,rgb_glcmw3_asm,0.356427
2023_2024,V6,125,300,3,rgb_glcmw3_contrast,0.598628
2023_2024,V6,125,300,3,rgb_glcmw3_entropy,1.24441
2023_2024,V6,125,300,3,rgb_glcmw3_correlation,0.508453
2023_2024,V6,125,300,3,rgb_glcmw3_homogeneity,0.768317
2023_2024,V6,125,300,3,rgb_glcmw5_asm,0.23441
2023_2024,V6,125,300,3,rgb_glcmw5_contrast,0.596962
2023_2024,V6,125,300,3,rgb_glcmw5_entropy,1.75795
2023_2024,V6,125,300,3,rgb_glcmw5_correlation,0.669978
2023_2024,V6,125,300,3,rgb_glcmw5_homogeneity,0.768577
2023_2024,V6,125,300,3,rgb_glcmw7_asm,0.181175
2023_2024,V6,125,300,3,rgb_glcmw7_contrast,0.596789
2023_2024,V6,125,300,3,rgb_glcmw7_entropy,2.05181
2023_2024,V6,125,300,3,rgb_glcmw7_correlation,0.738783
2023_2024,V6,125,300,3,rgb_glcmw7_homogeneity,0.768559
2023_2024,V6,127,300,4,NDVI,0.525743
2023_2024,V6,127,300,4,GNDVI,0.254617
2023_2024,V6,127,300,4,NDRE,0.142632
2023_2024,V6,127,300,4,CIrededge,0.340929
2023_2024,V6,127,300,4,SAVI,0.494454
2023_2024,V6,127,300,4,EVI,0.829934
2023_2024,V6,127,300,4,VARI,0.471179
2023_2024,V6,127,300,4,TGI,0.197779
2023_2024,V6,127,300,4,spec_mean,0.380079
2023_2024,V6,127,300,4,spec_std,0.218157
2023_2024,V6,127,300,4,spec_p10,0.13429
2023_2024,V6,127,300,4,spec_p50,0.33813
2023_2024,V6,127,300,4,spec_p90,0.690705
2023_2024,V6,127,300,4,glcm_asm,0.0122272
2023_2024,V6,127,300,4,glcm_contrast,2.94706
2023_2024,V6,127,300,4,glcm_correlation,0.905953
2023_2024,V6,127,300,4,glcm_variance,15.668
2023_2024,V6,127,300,4,glcm_idm,0.511867
2023_2024,V6,127,300,4,glcm_sum_average,15.3692
2023_2024,V6,127,300,4,glcm_sum_variance,203.49
2023_2024,V6,127,300,4,glcm_sum_entropy,3.37903
2023_2024,V6,127,300,4,glcm_entropy,4.5801
2023_2024,V6,127,300,4,glcm_diff_entropy,1.4466
2023_2024,V6,127,300,4,glcm_imc1,-0.313174
2023_2024,V6,127,300,4,glcm_imc2,0.904123
2023_2024,V6,127,300,4,glcm_mcc,0.906906
2023_2024,V6,127,300,4,glcm_dissimilarity,1.2862
2023_2024,V6,127,300,4,glcm_inertia,2.94706
2023_2024,V6,127,300,4,glcm_cluster_shade,-78.5698
2023_2024,V6,127,300,4,glcm_cluster_prominence,7661.71
2023_2024,V6,127,300,4,glcm_homogeneity,0.560719
2023_2024,V6,127,300,4,glcmw3_asm,0.305106
2023_2024,V6,127,300,4,glcmw3_contrast,0.769826
2023_2024,V6,127,300,4,glcmw3_entropy,1.37923
2023_2024,V6,127,300,4,glcmw3_correlation,0.642129
2023_2024,V6,127,300,4,glcmw3_homogeneity,0.726408
2023_2024,V6,127,300,4,glcmw5_asm,0.184534
2023_2024,V6,127,300,4,glcmw5_contrast,0.769037
2023_2024,V6,127,300,4,glcmw5_entropy,1.96172
2023_2024,V6,127,300,4,glcmw5_correlation,0.769773
2023_2024,V6,127,300,4,glcmw5_homogeneity,0.726475
2023_2024,V6,127,300,4,glcmw7_asm,0.135176
2023_2024,V6,127,300,4,glcmw7_contrast,0.767574
2023_2024,V6,127,300,4,glcmw7_entropy,2.30178
2023_2024,V6,127,300,4,glcmw7_correlation,0.814097
2023_2024,V6,127,300,4,glcmw7_homogeneity,0.726881
2023_2024,V6,127,300,4,rgb_glcm_asm,0.0158824
2023_2024,V6,127,300,4,rgb_glcm_contrast,2.55616
2023_2024,V6,127,300,4,rgb_glcm_correlation,0.894878
2023_2024,V6,127,300,4,rgb_glcm_variance,12.1581
2023_2024,V6,127,300,4,rgb_glcm_idm,0.543007
2023_2024,V6,127,300,4,rgb_glcm_sum_average,13.4364
2023_2024,V6,127,300,4,rgb_glcm_sum_variance,149.195
2023_2024,V6,127,300,4,rgb_glcm_sum_entropy,3.28164
2023_2024,V6,127,300,4,rgb_glcm_entropy,4.43004
2023_2024,V6,127,300,4,rgb_glcm_diff_entropy,1.38755
2023_2024,V6,127,300,4,rgb_glcm_imc1,-0.309232
2023_2024,V6,127,300,4,rgb_glcm_imc2,0.895652
2023_2024,V6,127,300,4,rgb_glcm_mcc,0.895319
2023_2024,V6,127,300,4,rgb_glcm_dissimilarity,1.17082
2023_2024,V6,127,300,4,rgb_glcm_inertia,2.55616
2023_2024,V6,127,300,4,rgb_glcm_cluster_shade,20.0558
2023_2024,V6,127,300,4,rgb_glcm_cluster_prominence,5488.29
2023_2024,V6,127,300,4,rgb_glcm_homogeneity,0.58506
2023_2024,V6,127,300,4,rgb_glcmw3_asm,0.325455
2023_2024,V6,127,300,4,rgb_glcmw3_contrast,0.678095
2023_2024,V6,127,300,4,rgb_glcmw3_entropy,1.32477
2023_2024,V6,127,300,4,rgb_glcmw3_correlation,0.544884
2023_2024,V6,127,300,4,rgb_glcmw3_homogeneity,0.74974
2023_2024,V6,127,300,4,rgb_glcmw5_asm,0.205312
2023_2024,V6,127,300,4,rgb_glcmw5_contrast,0.676168
2023_2024,V6,127,300,4,rgb_glcmw5_entropy,1.87129
2023_2024,V6,127,300,4,rgb_glcmw5_correlation,0.698157
2023_2024,V6,127,300,4,rgb_glcmw5_homogeneity,0.750099
2023_2024,V6,127,300,4,rgb_glcmw7_asm,0.15482
2023_2024,V6,127,300,4,rgb_glcmw7_contrast,0.674338
2023_2024,V6,127,300,4,rgb_glcmw7_entropy,2.18295
2023_2024,V6,127,300,4,rgb_glcmw7_correlation,0.761333
2023_2024,V6,127,300,4,rgb_glcmw7_homogeneity,0.750358
2023_2024,V6,85,400,1,NDVI,0.527024
2023_2024,V6,85,400,1,GNDVI,0.304278
2023_2024,V6,85,400,1,NDRE,0.139668
2023_2024,V6,85,400,1,CIrededge,0.331064
2023_2024,V6,85,400,1,SAVI,0.499492
2023_2024,V6,85,400,1,EVI,0.74637
2023_2024,V6,85,400,1,VARI,0.388869
2023_2024,V6,85,400,1,TGI,0.177215
2023_2024,V6,85,400,1,spec_mean,0.378093
2023_2024,V6,85,400,1,spec_std,0.219808
2023_2024,V6,85,400,1,spec_p10,0.129627
2023_2024,V6,85,400,1,spec_p50,0.33588
2023_2024,V6,85,400,1,spec_p90,0.696788
2023_2024,V6,85,400,1,glcm_asm,0.0145535
2023_2024,V6,85,400,1,glcm_contrast,2.48704
2023_2024,V6,85,400,1,glcm_correlation,0.904723
2023_2024,V6,85,400,1,glcm_variance,13.0516
2023_2024,V6,85,400,1,glcm_idm,0.545613
2023_2024,V6,85,400,1,glcm_sum_average,15.1709
2023_2024,V6,85,400,1,glcm_sum_variance,190.074
2023_2024,V6,85,400,1,glcm_sum_entropy,3.32381
2023_2024,V6,85,400,1,glcm_entropy,4.46093
2023_2024,V6,85,400,1,glcm_diff_entropy,1.37833
2023_2024,V6,85,400,1,glcm_imc1,-0.323039
2023_2024,V6,85,400,1,glcm_imc2,0.905921
2023_2024,V6,85,400,1,glcm_mcc,0.906275
2023_2024,V6,85,400,1,glcm_dissimilarity,1.15785
2023_2024,V6,85,400,1,glcm_inertia,2.48704
2023_2024,V6,85,400,1,glcm_cluster_shade,-26.8254
2023_2024,V6,85,400,1,glcm_cluster_prominence,6002.51
2023_2024,V6,85,400,1,glcm_homogeneity,0.587513
2023_2024,V6,85,400,1,glcmw3_asm,0.330136
2023_2024,V6,85,400,1,glcmw3_contrast,0.669484
2023_2024,V6,85,400,1,glcmw3_entropy,1.30555
2023_2024,V6,85,400,1,glcmw3_correlation,0.599527
2023_2024,V6,85,400,1,glcmw3_homogeneity,0.749744
2023_2024,V6,85,400,1,glcmw5_asm,0.207112
2023_2024,V6,85,400,1,glcmw5_contrast,0.666929
2023_2024,V6,85,400,1,glcmw5_entropy,1.85319
2023_2024,V6,85,400,1,glcmw5_correlation,0.738117
2023_2024,V6,85,400,1,glcmw5_homogeneity,0.750275
2023_2024,V6,85,400,1,glcmw7_asm,0.156403
2023_2024,V6,85,400,1,glcmw7_contrast,0.664999
2023_2024,V6,85,400,1,glcmw7_entropy,2.16361
2023_2024,V6,85,400,1,glcmw7_correlation,0.786666
2023_2024,V6,85,400,1,glcmw7_homogeneity,0.750487
2023_2024,V6,85,400,1,rgb_glcm_asm,0.0182076
2023_2024,V6,85,400,1,rgb_glcm_contrast,2.20929
2023_2024,V6,85,400,1,rgb_glcm_correlation,0.902449
2023_2024,V6,85,400,1,rgb_glcm_variance,11.3237
2023_2024,V6,85,400,1,rgb_glcm_idm,0.563721
2023_2024,V6,85,400,1,rgb_glcm_sum_average,11.9471
2023_2024,V6,85,400,1,rgb_glcm_sum_variance,118.926
2023_2024,V6,85,400,1,rgb_glcm_sum_entropy,3.23845
2023_2024,V6,85,400,1,rgb_glcm_entropy,4.31261
2023_2024,V6,85,400,1,rgb_glcm_diff_entropy,1.32822
2023_2024,V6,85,400,1,rgb_glcm_imc1,-0.325882
2023_2024,V6,85,400,1,rgb_glcm_imc2,0.901907
2023_2024,V6,85,400,1,rgb_glcm_mcc,0.902789
2023_2024,V6,85,400,1,rgb_glcm_dissimilarity,1.08454
2023_2024,V6,85,400,1,rgb_glcm_inertia,2.20929
2023_2024,V6,85,400,1,rgb_glcm_cluster_shade,108.783
2023_2024,V6,85,400,1,rgb_glcm_cluster_prominence,5336.36
2023_2024,V6,85,400,1,rgb_glcm_homogeneity,0.601558
2023_2024,V6,85,400,1,rgb_glcmw3_asm,0.3461
2023_2024,V6,85,400,1,rgb_glcmw3_contrast,0.600035
2023_2024,V6,85,400,1,rgb_glcmw3_entropy,1.26553
2023_2024,V6,85,400,1,rgb_glcmw3_correlation,0.519162
2023_2024,V6,85,400,1,rgb_glcmw3_homogeneity,0.765873
2023_2024,V6,85,400,1,rgb_glcmw5_asm,0.223723
2023_2024,V6,85,400,1,rgb_glcmw5_contrast,0.597512
2023_2024,V6,85,400,1,rgb_glcmw5_entropy,1.78444
2023_2024,V6,85,400,1,rgb_glcmw5_correlation,0.679837
2023_2024,V6,85,400,1,rgb_glcmw5_homogeneity,0.766164
2023_2024,V6,85,400,1,rgb_glcmw7_asm,0.171876
2023_2024,V6,85,400,1,rgb_glcmw7_contrast,0.596037
2023_2024,V6,85,400,1,rgb_glcmw7_entropy,2.07378
2023_2024,V6,85,400,1,rgb_glcmw7_correlation,0.746829
2023_2024,V6,85,400,1,rgb_glcmw7_homogeneity,0.76636
2023_2024,V6,113,400,2,NDVI,0.526666
2023_2024,V6,113,400,2,GNDVI,0.279287
2023_2024,V6,113,400,2,NDRE,0.140192
2023_2024,V6,113,400,2,CIrededge,0.331763
2023_2024,V6,113,400,2,SAVI,0.50256
2023_2024,V6,113,400,2,EVI,0.829675
2023_2024,V6,113,400,2,VARI,0.430295
2023_2024,V6,113,400,2,TGI,0.195109
2023_2024,V6,113,400,2,spec_mean,0.391921
2023_2024,V6,113,400,2,spec_std,0.227129
2023_2024,V6,113,400,2,spec_p10,0.136768
2023_2024,V6,113,400,2,spec_p50,0.345787
2023_2024,V6,113,400,2,spec_p90,0.723975
2023_2024,V6,113,400,2,glcm_asm,0.0134524
2023_2024,V6,113,400,2,glcm_contrast,2.60461
2023_2024,V6,113,400,2,glcm_correlation,0.917376
2023_2024,V6,113,400,2,glcm_variance,15.7618
2023_2024,V6,113,400,2,glcm_idm,0.539581
2023_2024,V6,113,400,2,glcm_sum_average,16.0135
2023_2024,V6,113,400,2,glcm_sum_variance,220.321
2023_2024,V6,113,400,2,glcm_sum_entropy,3.36922
2023_2024,V6,113,400,2,glcm_entropy,4.50448
2023_2024,V6,113,400,2,glcm_diff_entropy,1.40065
2023_2024,V6,113,400,2,glcm_imc1,-0.335903
2023_2024,V6,113,400,2,glcm_imc2,0.915276
2023_2024,V6,113,400,2,glcm_mcc,0.921061
2023_2024,V6,113,400,2,glcm_dissimilarity,1.18809
2023_2024,V6,113,400,2,glcm_inertia,2.60461
2023_2024,V6,113,400,2,glcm_cluster_shade,-141.436
2023_2024,V6,113,400,2,glcm_cluster_prominence,8019.83
2023_2024,V6,113,400,2,glcm_homogeneity,0.583523
2023_2024,V6,113,400,2,glcmw3_asm,0.329327
2023_2024,V6,113,400,2,glcmw3_contrast,0.696029
2023_2024,V6,113,400,2,glcmw3_entropy,1.32029
2023_2024,V6,113,400,2,glcmw3_correlation,0.603895
2023_2024,V6,113,400,2,glcmw3_homogeneity,0.744328
2023_2024,V6,113,400,2,glcmw5_asm,0.206568
2023_2024,V6,113,400,2,glcmw5_contrast,0.698764
2023_2024,V6,113,400,2,glcmw5_entropy,1.88352
2023_2024,V6,113,400,2,glcmw5_correlation,0.747906
2023_2024,V6,113,400,2,glcmw5_homogeneity,0.743816
2023_2024,V6,113,400,2,glcmw7_asm,0.153741
2023_2024,V6,113,400,2,glcmw7_contrast,0.700031
2023_2024,V6,113,400,2,glcmw7_entropy,2.21562
2023_2024,V6,113,400,2,glcmw7_correlation,0.803619
2023_2024,V6,113,400,2,glcmw7_homogeneity,0.743472
2023_2024,V6,113,400,2,rgb_glcm_asm,0.0178835
2023_2024,V6,113,400,2,rgb_glcm_contrast,2.12728
2023_2024,V6,113,400,2,rgb_glcm_correlation,0.91003
2023_2024,V6,113,400,2,rgb_glcm_variance,11.8221
2023_2024,V6,113,400,2,rgb_glcm_idm,0.57035
2023_2024,V6,113,400,2,rgb_glcm_sum_average,12.828
2023_2024,V6,113,400,2,rgb_glcm_sum_variance,136.654
2023_2024,V6,113,400,2,rgb_glcm_sum_entropy,3.2628
2023_2024,V6,113,400,2,rgb_glcm_entropy,4.32056
2023_2024,V6,113,400,2,rgb_glcm_diff_entropy,1.31425
2023_2024,V6,113,400,2,rgb_glcm_imc1,-0.33866
2023_2024,V6,113,400,2,rgb_glcm_imc2,0.910059
2023_2024,V6,113,400,2,rgb_glcm_mcc,0.9105
2023_2024,V6,113,400,2,rgb_glcm_dissimilarity,1.0616
2023_2024,V6,113,400,2,rgb_glcm_inertia,2.12728
2023_2024,V6,113,400,2,rgb_glcm_cluster_shade,41.6405
2023_2024,V6,113,400,2,rgb_glcm_cluster_prominence,5466.71
2023_2024,V6,113,400,2,rgb_glcm_homogeneity,0.606984
2023_2024,V6,113,400,2,rgb_glcmw3_asm,0.351469
2023_2024,V6,113,400,2,rgb_glcmw3_contrast,0.584503
2023_2024,V6,113,400,2,rgb_glcmw3_entropy,1.25413
2023_2024,V6,113,400,2,rgb_glcmw3_correlation,0.511125
2023_2024,V6,113,400,2,rgb_glcmw3_homogeneity,0.769474
2023_2024,V6,113,400,2,rgb_glcmw5_asm,0.228806
2023_2024,V6,113,400,2,rgb_glcmw5_contrast,0.584427
2023_2024,V6,113,400,2,rgb_glcmw5_entropy,1.77478
2023_2024,V6,113,400,2,rgb_glcmw5_correlation,0.676276
2023_2024,V6,113,400,2,rgb_glcmw5_homogeneity,0.769427
2023_2024,V6,113,400,2,rgb_glcmw7_asm,0.175482
2023_2024,V6,113,400,2,rgb_glcmw7_contrast,0.58374
2023_2024,V6,113,400,2,rgb_glcmw7_entropy,2.07235
2023_2024,V6,113,400,2,rgb_glcmw7_correlation,0.747586
2023_2024,V6,113,400,2,rgb_glcmw7_homogeneity,0.76947
2023_2024,V6,124,400,3,NDVI,0.538481
2023_2024,V6,124,400,3,GNDVI,0.234311
2023_2024,V6,124,400,3,NDRE,0.143725
2023_2024,V6,124,400,3,CIrededge,0.342942
2023_2024,V6,124,400,3,SAVI,0.500916
2023_2024,V6,124,400,3,EVI,0.923559
2023_2024,V6,124,400,3,VARI,0.533798
2023_2024,V6,124,400,3,TGI,0.208453
2023_2024,V6,124,400,3,spec_mean,0.38071
2023_2024,V6,124,400,3,spec_std,0.221899
2023_2024,V6,124,400,3,spec_p10,0.126735
2023_2024,V6,124,400,3,spec_p50,0.337888
2023_2024,V6,124,400,3,spec_p90,0.699781
2023_2024,V6,124,400,3,glcm_asm,0.0137393
2023_2024,V6,124,400,3,glcm_contrast,2.46638
2023_2024,V6,124,400,3,glcm_correlation,0.925346
2023_2024,V6,124,400,3,glcm_variance,16.5187
2023_2024,V6,124,400,3,glcm_idm,0.550937
2023_2024,V6,124,400,3,glcm_sum_average,15.4509
2023_2024,V6,124,400,3,glcm_sum_variance,209.213
2023_2024,V6,124,400,3,glcm_sum_entropy,3.38426
2023_2024,V6,124,400,3,glcm_entropy,4.49273
2023_2024,V6,124,400,3,glcm_diff_entropy,1.37784
2023_2024,V6,124,400,3,glcm_imc1,-0.349229
2023_2024,V6,124,400,3,glcm_imc2,0.922263
2023_2024,V6,124,400,3,glcm_mcc,0.927772
2023_2024,V6,124,400,3,glcm_dissimilarity,1.14723
2023_2024,V6,124,400,3,glcm_inertia,2.46638
2023_2024,V6,124,400,3,glcm_cluster_shade,-117.622
2023_2024,V6,124,400,3,glcm_cluster_prominence,8446.44
2023_2024,V6,124,400,3,glcm_homogeneity,0.592277
2023_2024,V6,124,400,3,glcmw3_asm,0.346258
2023_2024,V6,124,400,3,glcmw3_contrast,0.656428
2023_2024,V6,124,400,3,glcmw3_entropy,1.27785
2023_2024,V6,124,400,3,glcmw3_correlation,0.59055
2023_2024,V6,124,400,3,glcmw3_homogeneity,0.755579
2023_2024,V6,124,400,3,glcmw5_asm,0.223643
2023_2024,V6,124,400,3,glcmw5_contrast,0.657798
2023_2024,V6,124,400,3,glcmw5_entropy,1.82772
2023_2024,V6,124,400,3,glcmw5_correlation,0.738549
2023_2024,V6,124,400,3,glcmw5_homogeneity,0.755328
2023_2024,V6,124,400,3,glcmw7_asm,0.169591
2023_2024,V6,124,400,3,glcmw7_contrast,0.658325
2023_2024,V6,124,400,3,glcmw7_entropy,2.15628
2023_2024,V6,124,400,3,glcmw7_correlation,0.798893
2023_2024,V6,124,400,3,glcmw7_homogeneity,0.755222
2023_2024,V6,124,400,3,rgb_glcm_asm,0.0163016
2023_2024,V6,124,400,3,rgb_glcm_contrast,2.42034
2023_2024,V6,124,400,3,rgb_glcm_correlation,0.90353
2023_2024,V6,124,400,3,rgb_glcm_variance,12.5445
2023_2024,V6,124,400,3,rgb_glcm_idm,0.551688
2023_2024,V6,124,400,3,rgb_glcm_sum_average,12.7142
2023_2024,V6,124,400,3,rgb_glcm_sum_variance,136.648
2023_2024,V6,124,400,3,rgb_glcm_sum_entropy,3.28602
2023_2024,V6,124,400,3,rgb_glcm_entropy,4.40073
2023_2024,V6,124,400,3,rgb_glcm_diff_entropy,1.3662
2023_2024,V6,124,400,3,rgb_glcm_imc1,-0.323694
2023_2024,V6,124,400,3,rgb_glcm_imc2,0.904011
2023_2024,V6,124,400,3,rgb_glcm_mcc,0.904454
2023_2024,V6,124,400,3,rgb_glcm_dissimilarity,1.13557
2023_2024,V6,124,400,3,rgb_glcm_inertia,2.42034
2023_2024,V6,124,400,3,rgb_glcm_cluster_shade,48.3298
2023_2024,V6,124,400,3,rgb_glcm_cluster_prominence,5787.44
2023_2024,V6,124,400,3,rgb_glcm_homogeneity,0.592492
2023_2024,V6,124,400,3,rgb_glcmw3_asm,0.337948
2023_2024,V6,124,400,3,rgb_glcmw3_contrast,0.645297
2023_2024,V6,124,400,3,rgb_glcmw3_entropy,1.29159
2023_2024,V6,124,400,3,rgb_glcmw3_correlation,0.538434
2023_2024,V6,124,400,3,rgb_glcmw3_homogeneity,0.756948
2023_2024,V6,124,400,3,rgb_glcmw5_asm,0.21631
2023_2024,V6,124,400,3,rgb_glcmw5_contrast,0.641979
2023_2024,V6,124,400,3,rgb_glcmw5_entropy,1.82778
2023_2024,V6,124,400,3,rgb_glcmw5_correlation,0.696678
2023_2024,V6,124,400,3,rgb_glcmw5_homogeneity,0.757502
2023_2024,V6,124,400,3,rgb_glcmw7_asm,0.164533
2023_2024,V6,124,400,3,rgb_glcmw7_contrast,0.63998
2023_2024,V6,124,400,3,rgb_glcmw7_entropy,2.13412
2023_2024,V6,124,400,3,rgb_glcmw7_correlation,0.76222
2023_2024,V6,124,400,3,rgb_glcmw7_homogeneity,0.757974
2023_2024,V6,128,400,4,NDVI,0.524392
2023_2024,V6,128,400,4,GNDVI,0.234065
2023_2024,V6,128,400,4,NDRE,0.143971
2023_2024,V6,128,400,4,CIrededge,0.345086
2023_2024,V6,128,400,4,SAVI,0.493316
2023_2024,V6,128,400,4,EVI,0.898444
2023_2024,V6,128,400,4,VARI,0.499046
2023_2024,V6,128,400,4,TGI,0.209739
2023_2024,V6,128,400,4,spec_mean,0.38473
2023_2024,V6,128,400,4,spec_std,0.214948
2023_2024,V6,128,400,4,spec_p10,0.138349
2023_2024,V6,128,400,4,spec_p50,0.351203
2023_2024,V6,128,400,4,spec_p90,0.683211
2023_2024,V6,128,400,4,glcm_asm,0.0129099
2023_2024,V6,128,400,4,glcm_contrast,2.74035
2023_2024,V6,128,400,4,glcm_correlation,0.910915
2023_2024,V6,128,400,4,glcm_variance,15.3806
2023_2024,V6,128,400,4,glcm_idm,0.535455
2023_2024,V6,128,400,4,glcm_sum_average,14.8864
2023_2024,V6,128,400,4,glcm_sum_variance,191.229
2023_2024,V6,128,400,4,glcm_sum_entropy,3.37782
2023_2024,V6,128,400,4,glcm_entropy,4.54499
2023_2024,V6,128,400,4,glcm_diff_entropy,1.42136
2023_2024,V6,128,400,4,glcm_imc1,-0.325283
2023_2024,V6,128,400,4,glcm_imc2,0.910444
2023_2024,V6,128,400,4,glcm_mcc,0.911604
2023_2024,V6,128,400,4,glcm_dissimilarity,1.21342
2023_2024,V6,128,400,4,glcm_inertia,2.74035
2023_2024,V6,128,400,4,glcm_cluster_shade,-28.84
2023_2024,V6,128,400,4,glcm_cluster_prominence,7379.82
2023_2024,V6,128,400,4,glcm_homogeneity,0.579993
2023_2024,V6,128,400,4,glcmw3_asm,0.326805
2023_2024,V6,128,400,4,glcmw3_contrast,0.719858
2023_2024,V6,128,400,4,glcmw3_entropy,1.33128
2023_2024,V6,128,400,4,glcmw3_correlation,0.606196
2023_2024,V6,128,400,4,glcmw3_homogeneity,0.741852
2023_2024,V6,128,400,4,glcmw5_asm,0.204615
2023_2024,V6,128,400,4,glcmw5_contrast,0.720715
2023_2024,V6,128,400,4,glcmw5_entropy,1.90215
2023_2024,V6,128,400,4,glcmw5_correlation,0.749016
2023_2024,V6,128,400,4,glcmw5_homogeneity,0.741462
2023_2024,V6,128,400,4,glcmw7_asm,0.15318
2023_2024,V6,128,400,4,glcmw7_contrast,0.720344
2023_2024,V6,128,400,4,glcmw7_entropy,2.2375
2023_2024,V6,128,400,4,glcmw7_correlation,0.801337
2023_2024,V6,128,400,4,glcmw7_homogeneity,0.741424
2023_2024,V6,128,400,4,rgb_glcm_asm,0.0165059
2023_2024,V6,128,400,4,rgb_glcm_contrast,2.35703
2023_2024,V6,128,400,4,rgb_glcm_correlation,0.903355
2023_2024,V6,128,400,4,rgb_glcm_variance,12.1942
2023_2024,V6,128,400,4,rgb_glcm_idm,0.553912
2023_2024,V6,128,400,4,rgb_glcm_sum_average,13.1136
2023_2024,V6,128,400,4,rgb_glcm_sum_variance,143.124
2023_2024,V6,128,400,4,rgb_glcm_sum_entropy,3.27974
2023_2024,V6,128,400,4,rgb_glcm_entropy,4.38799
2023_2024,V6,128,400,4,rgb_glcm_diff_entropy,1.35646
2023_2024,V6,128,400,4,rgb_glcm_imc1,-0.323731
2023_2024,V6,128,400,4,rgb_glcm_imc2,0.903536
2023_2024,V6,128,400,4,rgb_glcm_mcc,0.903943
2023_2024,V6,128,400,4,rgb_glcm_dissimilarity,1.12443
2023_2024,V6,128,400,4,rgb_glcm_inertia,2.35703
2023_2024,V6,128,400,4,rgb_glcm_cluster_shade,28.4693
2023_2024,V6,128,400,4,rgb_glcm_cluster_prominence,5546.39
2023_2024,V6,128,400,4,rgb_glcm_homogeneity,0.594091
2023_2024,V6,128,400,4,rgb_glcmw3_asm,0.337699
2023_2024,V6,128,400,4,rgb_glcmw3_contrast,0.631792
2023_2024,V6,128,400,4,rgb_glcmw3_entropy,1.2947
2023_2024,V6,128,400,4,rgb_glcmw3_correlation,0.529692
2023_2024,V6,128,400,4,rgb_glcmw3_homogeneity,0.758595
2023_2024,V6,128,400,4,rgb_glcmw5_asm,0.216004
2023_2024,V6,128,400,4,rgb_glcmw5_contrast,0.630843
2023_2024,V6,128,400,4,rgb_glcmw5_entropy,1.8318
2023_2024,V6,128,400,4,rgb_glcmw5_correlation,0.686718
2023_2024,V6,128,400,4,rgb_glcmw5_homogeneity,0.758613
2023_2024,V6,128,400,4,rgb_glcmw7_asm,0.164782
2023_2024,V6,128,400,4,rgb_glcmw7_contrast,0.630127
2023_2024,V6,128,400,4,rgb_glcmw7_entropy,2.13567
2023_2024,V6,128,400,4,rgb_glcmw7_correlation,0.752328
2023_2024,V6,128,400,4,rgb_glcmw7_homogeneity,0.758723
2023_2024,V8,1,0,1,NDVI,0.570343
2023_2024,V8,1,0,1,GNDVI,0.241411
2023_2024,V8,1,0,1,NDRE,0.128384
2023_2024,V8,1,0,1,CIrededge,0.303607
2023_2024,V8,1,0,1,SAVI,0.521632
2023_2024,V8,1,0,1,EVI,1.34169
2023_2024,V8,1,0,1,VARI,0.546298
2023_2024,V8,1,0,1,TGI,0.231471
2023_2024,V8,1,0,1,spec_mean,0.365885
2023_2024,V8,1,0,1,spec_std,0.234116
2023_2024,V8,1,0,1,spec_p10,0.105943
2023_2024,V8,1,0,1,spec_p50,0.311433
2023_2024,V8,1,0,1,spec_p90,0.714733
2023_2024,V8,1,0,1,glcm_asm,0.0160607
2023_2024,V8,1,0,1,glcm_contrast,1.80175
2023_2024,V8,1,0,1,glcm_correlation,0.948528
2023_2024,V8,1,0,1,glcm_variance,17.5023
2023_2024,V8,1,0,1,glcm_idm,0.604469
2023_2024,V8,1,0,1,glcm_sum_average,14.4301
2023_2024,V8,1,0,1,glcm_sum_variance,189.873
2023_2024,V8,1,0,1,glcm_sum_entropy,3.39993
2023_2024,V8,1,0,1,glcm_entropy,4.34043
2023_2024,V8,1,0,1,glcm_diff_entropy,1.25752
2023_2024,V8,1,0,1,glcm_imc1,-0.414646
2023_2024,V8,1,0,1,glcm_imc2,0.946961
2023_2024,V8,1,0,1,glcm_mcc,0.950151
2023_2024,V8,1,0,1,glcm_dissimilarity,0.955473
2023_2024,V8,1,0,1,glcm_inertia,1.80175
2023_2024,V8,1,0,1,glcm_cluster_shade,-40.763
2023_2024,V8,1,0,1,glcm_cluster_prominence,8983.72
2023_2024,V8,1,0,1,glcm_homogeneity,0.636748
2023_2024,V8,1,0,1,glcmw3_asm,0.397077
2023_2024,V8,1,0,1,glcmw3_contrast,0.506958
2023_2024,V8,1,0,1,glcmw3_entropy,1.15506
2023_2024,V8,1,0,1,glcmw3_correlation,0.540703
2023_2024,V8,1,0,1,glcmw3_homogeneity,0.789226
2023_2024,V8,1,0,1,glcmw5_asm,0.271026
2023_2024,V8,1,0,1,glcmw5_contrast,0.507974
2023_2024,V8,1,0,1,glcmw5_entropy,1.65883
2023_2024,V8,1,0,1,glcmw5_correlation,0.718903
2023_2024,V8,1,0,1,glcmw5_homogeneity,0.788956
2023_2024,V8,1,0,1,glcmw7_asm,0.210579
2023_2024,V8,1,0,1,glcmw7_contrast,0.508688
2023_2024,V8,1,0,1,glcmw7_entropy,1.96951
2023_2024,V8,1,0,1,glcmw7_correlation,0.796421
2023_2024,V8,1,0,1,glcmw7_homogeneity,0.788715
2023_2024,V8,1,0,1,rgb_glcm_asm,0.0148971
2023_2024,V8,1,0,1,rgb_glcm_contrast,2.7253
2023_2024,V8,1,0,1,rgb_glcm_correlation,0.904145
2023_2024,V8,1,0,1,rgb_glcm_variance,14.2157
2023_2024,V8,1,0,1,rgb_glcm_idm,0.547613
2023_2024,V8,1,0,1,rgb_glcm_sum_average,12.7273
2023_2024,V8,1,0,1,rgb_glcm_sum_variance,142.417
2023_2024,V8,1,0,1,rgb_glcm_sum_entropy,3.33156
2023_2024,V8,1,0,1,rgb_glcm_entropy,4.48744
2023_2024,V8,1,0,1,rgb_glcm_diff_entropy,1.41729
2023_2024,V8,1,0,1,rgb_glcm_imc1,-0.321645
2023_2024,V8,1,0,1,rgb_glcm_imc2,0.906051
2023_2024,V8,1,0,1,rgb_glcm_mcc,0.906882
2023_2024,V8,1,0,1,rgb_glcm_dissimilarity,1.18443
2023_2024,V8,1,0,1,rgb_glcm_inertia,2.7253
2023_2024,V8,1,0,1,rgb_glcm_cluster_shade,71.343
2023_2024,V8,1,0,1,rgb_glcm_cluster_prominence,6880.88
2023_2024,V8,1,0,1,rgb_glcm_homogeneity,0.589716
2023_2024,V8,1,0,1,rgb_glcmw3_asm,0.335955
2023_2024,V8,1,0,1,rgb_glcmw3_contrast,0.71405
2023_2024,V8,1,0,1,rgb_glcmw3_entropy,1.32111
2023_2024,V8,1,0,1,rgb_glcmw3_correlation,0.520554
2023_2024,V8,1,0,1,rgb_glcmw3_homogeneity,0.75123
2023_2024,V8,1,0,1,rgb_glcmw5_asm,0.217189
2023_2024,V8,1,0,1,rgb_glcmw5_contrast,0.713957
2023_2024,V8,1,0,1,rgb_glcmw5_entropy,1.873
2023_2024,V8,1,0,1,rgb_glcmw5_correlation,0.684834
2023_2024,V8,1,0,1,rgb_glcmw5_homogeneity,0.751361
2023_2024,V8,1,0,1,rgb_glcmw7_asm,0.165774
2023_2024,V8,1,0,1,rgb_glcmw7_contrast,0.714454
2023_2024,V8,1,0,1,rgb_glcmw7_entropy,2.1915
2023_2024,V8,1,0,1,rgb_glcmw7_correlation,0.757385
2023_2024,V8,1,0,1,rgb_glcmw7_homogeneity,0.751369
2022_2023,V8,d0_b1,0,1,NDVI,0.65538
2022_2023,V8,d0_b1,0,1,GNDVI,-0.117564
2022_2023,V8,d0_b1,0,1,NDRE,0.184991
2022_2023,V8,d0_b1,0,1,CIrededge,0.473728
2022_2023,V8,d0_b1,0,1,SAVI,0.450231
2022_2023,V8,d0_b1,0,1,EVI,0.671783
2022_2023,V8,d0_b1,0,1,VARI,1.64525
2022_2023,V8,d0_b1,0,1,TGI,0.277813
2022_2023,V8,d0_b1,0,1,spec_mean,0.301222
2022_2023,V8,d0_b1,0,1,spec_std,0.226173
2022_2023,V8,d0_b1,0,1,spec_p10,0.0543404
2022_2023,V8,d0_b1,0,1,spec_p50,0.242051
2022_2023,V8,d0_b1,0,1,spec_p90,0.638039
2022_2023,V8,d0_b1,0,1,glcm_asm,0.0277759
2022_2023,V8,d0_b1,0,1,glcm_contrast,2.02702
2022_2023,V8,d0_b1,0,1,glcm_correlation,0.941277
2022_2023,V8,d0_b1,0,1,glcm_variance,17.2594
2022_2023,V8,d0_b1,0,1,glcm_idm,0.626181
2022_2023,V8,d0_b1,0,1,glcm_sum_average,10.3659
2022_2023,V8,d0_b1,0,1,glcm_sum_variance,117.356
2022_2023,V8,d0_b1,0,1,glcm_sum_entropy,3.27112
2022_2023,V8,d0_b1,0,1,glcm_entropy,4.18994
2022_2023,V8,d0_b1,0,1,glcm_diff_entropy,1.2997
2022_2023,V8,d0_b1,0,1,glcm_imc1,-0.410088
2022_2023,V8,d0_b1,0,1,glcm_imc2,0.940659
2022_2023,V8,d0_b1,0,1,glcm_mcc,0.94709
2022_2023,V8,d0_b1,0,1,glcm_dissimilarity,0.94637
2022_2023,V8,d0_b1,0,1,glcm_inertia,2.02702
2022_2023,V8,d0_b1,0,1,glcm_cluster_shade,290.845
2022_2023,V8,d0_b1,0,1,glcm_cluster_prominence,10133.4
2022_2023,V8,d0_b1,0,1,glcm_homogeneity,0.657072
2022_2023,V8,d0_b1,0,1,glcmw3_asm,0.442958
2022_2023,V8,d0_b1,0,1,glcmw3_contrast,0.5489
2022_2023,V8,d0_b1,0,1,glcmw3_entropy,1.08834
2022_2023,V8,d0_b1,0,1,glcmw3_correlation,0.470921
2022_2023,V8,d0_b1,0,1,glcmw3_homogeneity,0.799116
2022_2023,V8,d0_b1,0,1,glcmw5_asm,0.329126
2022_2023,V8,d0_b1,0,1,glcmw5_contrast,0.549677
2022_2023,V8,d0_b1,0,1,glcmw5_entropy,1.56413
2022_2023,V8,d0_b1,0,1,glcmw5_correlation,0.640894
2022_2023,V8,d0_b1,0,1,glcmw5_homogeneity,0.798892
2022_2023,V8,d0_b1,0,1,glcmw7_asm,0.273236
2022_2023,V8,d0_b1,0,1,glcmw7_contrast,0.550132
2022_2023,V8,d0_b1,0,1,glcmw7_entropy,1.85645
2022_2023,V8,d0_b1,0,1,glcmw7_correlation,0.726965
2022_2023,V8,d0_b1,0,1,glcmw7_homogeneity,0.798685
2022_2023,V8,d0_b1,0,1,rgb_glcm_asm,
2022_2023,V8,d0_b1,0,1,rgb_glcm_contrast,
2022_2023,V8,d0_b1,0,1,rgb_glcm_correlation,
2022_2023,V8,d0_b1,0,1,rgb_glcm_variance,
2022_2023,V8,d0_b1,0,1,rgb_glcm_idm,
2022_2023,V8,d0_b1,0,1,rgb_glcm_sum_average,
2022_2023,V8,d0_b1,0,1,rgb_glcm_sum_variance,
2022_2023,V8,d0_b1,0,1,rgb_glcm_sum_entropy,
2022_2023,V8,d0_b1,0,1,rgb_glcm_entropy,
2022_2023,V8,d0_b1,0,1,rgb_glcm_diff_entropy,
2022_2023,V8,d0_b1,0,1,rgb_glcm_imc1,
2022_2023,V8,d0_b1,0,1,rgb_glcm_imc2,
2022_2023,V8,d0_b1,0,1,rgb_glcm_mcc,
2022_2023,V8,d0_b1,0,1,rgb_glcm_dissimilarity,
2022_2023,V8,d0_b1,0,1,rgb_glcm_inertia,
2022_2023,V8,d0_b1,0,1,rgb_glcm_cluster_shade,
2022_2023,V8,d0_b1,0,1,rgb_glcm_cluster_prominence,
2022_2023,V8,d0_b1,0,1,rgb_glcm_homogeneity,
2022_2023,V8,d0_b1,0,1,rgb_glcmw3_asm,
2022_2023,V8,d0_b1,0,1,rgb_glcmw3_contrast,
2022_2023,V8,d0_b1,0,1,rgb_glcmw3_entropy,
2022_2023,V8,d0_b1,0,1,rgb_glcmw3_correlation,
2022_2023,V8,d0_b1,0,1,rgb_glcmw3_homogeneity,
2022_2023,V8,d0_b1,0,1,rgb_glcmw5_asm,
2022_2023,V8,d0_b1,0,1,rgb_glcmw5_contrast,
2022_2023,V8,d0_b1,0,1,rgb_glcmw5_entropy,
2022_2023,V8,d0_b1,0,1,rgb_glcmw5_correlation,
2022_2023,V8,d0_b1,0,1,rgb_glcmw5_homogeneity,
2022_2023,V8,d0_b1,0,1,rgb_glcmw7_asm,
2022_2023,V8,d0_b1,0,1,rgb_glcmw7_contrast,
2022_2023,V8,d0_b1,0,1,rgb_glcmw7_entropy,
2022_2023,V8,d0_b1,0,1,rgb_glcmw7_correlation,
2022_2023,V8,d0_b1,0,1,rgb_glcmw7_homogeneity,
2023_2024,V8,119,0,2,NDVI,0.627842
2023_2024,V8,119,0,2,GNDVI,0.171996
2023_2024,V8,119,0,2,NDRE,0.163586
2023_2024,V8,119,0,2,CIrededge,0.401419
2023_2024,V8,119,0,2,SAVI,0.556571
2023_2024,V8,119,0,2,EVI,0.547994
2023_2024,V8,119,0,2,VARI,0.762604
2023_2024,V8,119,0,2,TGI,0.277686
2023_2024,V8,119,0,2,spec_mean,0.351918
2023_2024,V8,119,0,2,spec_std,0.237015
2023_2024,V8,119,0,2,spec_p10,0.0949575
2023_2024,V8,119,0,2,spec_p50,0.298608
2023_2024,V8,119,0,2,spec_p90,0.703501
2023_2024,V8,119,0,2,glcm_asm,0.0213369
2023_2024,V8,119,0,2,glcm_contrast,2.14785
2023_2024,V8,119,0,2,glcm_correlation,0.949863
2023_2024,V8,119,0,2,glcm_variance,21.4197
2023_2024,V8,119,0,2,glcm_idm,0.609404
2023_2024,V8,119,0,2,glcm_sum_average,13.1294
2023_2024,V8,119,0,2,glcm_sum_variance,178.964
2023_2024,V8,119,0,2,glcm_sum_entropy,3.36041
2023_2024,V8,119,0,2,glcm_entropy,4.28455
2023_2024,V8,119,0,2,glcm_diff_entropy,1.33085
2023_2024,V8,119,0,2,glcm_imc1,-0.418014
2023_2024,V8,119,0,2,glcm_imc2,0.946621
2023_2024,V8,119,0,2,glcm_mcc,0.951305
2023_2024,V8,119,0,2,glcm_dissimilarity,0.998824
2023_2024,V8,119,0,2,glcm_inertia,2.14785
2023_2024,V8,119,0,2,glcm_cluster_shade,92.1379
2023_2024,V8,119,0,2,glcm_cluster_prominence,11377.3
2023_2024,V8,119,0,2,glcm_homogeneity,0.644411
2023_2024,V8,119,0,2,glcmw3_asm,0.415674
2023_2024,V8,119,0,2,glcmw3_contrast,0.577234
2023_2024,V8,119,0,2,glcmw3_entropy,1.14157
2023_2024,V8,119,0,2,glcmw3_correlation,0.54115
2023_2024,V8,119,0,2,glcmw3_homogeneity,0.786488
2023_2024,V8,119,0,2,glcmw5_asm,0.294183
2023_2024,V8,119,0,2,glcmw5_contrast,0.577694
2023_2024,V8,119,0,2,glcmw5_entropy,1.64344
2023_2024,V8,119,0,2,glcmw5_correlation,0.719384
2023_2024,V8,119,0,2,glcmw5_homogeneity,0.786313
2023_2024,V8,119,0,2,glcmw7_asm,0.233644
2023_2024,V8,119,0,2,glcmw7_contrast,0.578034
2023_2024,V8,119,0,2,glcmw7_entropy,1.95718
2023_2024,V8,119,0,2,glcmw7_correlation,0.804311
2023_2024,V8,119,0,2,glcmw7_homogeneity,0.786188
2023_2024,V8,119,0,2,rgb_glcm_asm,0.0163147
2023_2024,V8,119,0,2,rgb_glcm_contrast,2.68891
2023_2024,V8,119,0,2,rgb_glcm_correlation,0.91154
2023_2024,V8,119,0,2,rgb_glcm_variance,15.1985
2023_2024,V8,119,0,2,rgb_glcm_idm,0.560408
2023_2024,V8,119,0,2,rgb_glcm_sum_average,12.5747
2023_2024,V8,119,0,2,rgb_glcm_sum_variance,143.496
2023_2024,V8,119,0,2,rgb_glcm_sum_entropy,3.33402
2023_2024,V8,119,0,2,rgb_glcm_entropy,4.4632
2023_2024,V8,119,0,2,rgb_glcm_diff_entropy,1.41406
2023_2024,V8,119,0,2,rgb_glcm_imc1,-0.335349
2023_2024,V8,119,0,2,rgb_glcm_imc2,0.913461
2023_2024,V8,119,0,2,rgb_glcm_mcc,0.916144
2023_2024,V8,119,0,2,rgb_glcm_dissimilarity,1.15505
2023_2024,V8,119,0,2,rgb_glcm_inertia,2.68891
2023_2024,V8,119,0,2,rgb_glcm_cluster_shade,57.9436
2023_2024,V8,119,0,2,rgb_glcm_cluster_prominence,7567.98
2023_2024,V8,119,0,2,rgb_glcm_homogeneity,0.6012
2023_2024,V8,119,0,2,rgb_glcmw3_asm,0.3457
2023_2024,V8,119,0,2,rgb_glcmw3_contrast,0.703919
2023_2024,V8,119,0,2,rgb_glcmw3_entropy,1.3074
2023_2024,V8,119,0,2,rgb_glcmw3_correlation,0.523103
2023_2024,V8,119,0,2,rgb_glcmw3_homogeneity,0.757486
2023_2024,V8,119,0,2,rgb_glcmw5_asm,0.226786
2023_2024,V8,119,0,2,rgb_glcmw5_contrast,0.704151
2023_2024,V8,119,0,2,rgb_glcmw5_entropy,1.86055
2023_2024,V8,119,0,2,rgb_glcmw5_correlation,0.689463
2023_2024,V8,119,0,2,rgb_glcmw5_homogeneity,0.757501
2023_2024,V8,119,0,2,rgb_glcmw7_asm,0.173837
2023_2024,V8,119,0,2,rgb_glcmw7_contrast,0.704128
2023_2024,V8,119,0,2,rgb_glcmw7_entropy,2.18294
2023_2024,V8,119,0,2,rgb_glcmw7_correlation,0.764777
2023_2024,V8,119,0,2,rgb_glcmw7_homogeneity,0.757499
2022_2023,V8,d0_b2,0,2,NDVI,0.670014
2022_2023,V8,d0_b2,0,2,GNDVI,-0.151335
2022_2023,V8,d0_b2,0,2,NDRE,0.192548
2022_2023,V8,d0_b2,0,2,CIrededge,0.49296
2022_2023,V8,d0_b2,0,2,SAVI,0.46432
2022_2023,V8,d0_b2,0,2,EVI,0.348153
2022_2023,V8,d0_b2,0,2,VARI,1.71944
2022_2023,V8,d0_b2,0,2,TGI,0.312827
2022_2023,V8,d0_b2,0,2,spec_mean,0.312576
2022_2023,V8,d0_b2,0,2,spec_std,0.237948
2022_2023,V8,d0_b2,0,2,spec_p10,0.0514204
2022_2023,V8,d0_b2,0,2,spec_p50,0.248972
2022_2023,V8,d0_b2,0,2,spec_p90,0.672046
2022_2023,V8,d0_b2,0,2,glcm_asm,0.0262445
2022_2023,V8,d0_b2,0,2,glcm_contrast,2.10489
2022_2023,V8,d0_b2,0,2,glcm_correlation,0.939965
2022_2023,V8,d0_b2,0,2,glcm_variance,17.5308
2022_2023,V8,d0_b2,0,2,glcm_idm,0.617736
2022_2023,V8,d0_b2,0,2,glcm_sum_average,10.7015
2022_2023,V8,d0_b2,0,2,glcm_sum_variance,122.961
2022_2023,V8,d0_b2,0,2,glcm_sum_entropy,3.28925
2022_2023,V8,d0_b2,0,2,glcm_entropy,4.22572
2022_2023,V8,d0_b2,0,2,glcm_diff_entropy,1.31751
2022_2023,V8,d0_b2,0,2,glcm_imc1,-0.406618
2022_2023,V8,d0_b2,0,2,glcm_imc2,0.940371
2022_2023,V8,d0_b2,0,2,glcm_mcc,0.947486
2022_2023,V8,d0_b2,0,2,glcm_dissimilarity,0.97308
2022_2023,V8,d0_b2,0,2,glcm_inertia,2.10489
2022_2023,V8,d0_b2,0,2,glcm_cluster_shade,259.073
2022_2023,V8,d0_b2,0,2,glcm_cluster_prominence,9967.28
2022_2023,V8,d0_b2,0,2,glcm_homogeneity,0.650261
2022_2023,V8,d0_b2,0,2,glcmw3_asm,0.431253
2022_2023,V8,d0_b2,0,2,glcmw3_contrast,0.567948
2022_2023,V8,d0_b2,0,2,glcmw3_entropy,1.11697
2022_2023,V8,d0_b2,0,2,glcmw3_correlation,0.484316
2022_2023,V8,d0_b2,0,2,glcmw3_homogeneity,0.79336
2022_2023,V8,d0_b2,0,2,glcmw5_asm,0.317745
2022_2023,V8,d0_b2,0,2,glcmw5_contrast,0.568721
2022_2023,V8,d0_b2,0,2,glcmw5_entropy,1.60479
2022_2023,V8,d0_b2,0,2,glcmw5_correlation,0.649969
2022_2023,V8,d0_b2,0,2,glcmw5_homogeneity,0.793132
2022_2023,V8,d0_b2,0,2,glcmw7_asm,0.263399
2022_2023,V8,d0_b2,0,2,glcmw7_contrast,0.569009
2022_2023,V8,d0_b2,0,2,glcmw7_entropy,1.90205
2022_2023,V8,d0_b2,0,2,glcmw7_correlation,0.732532
2022_2023,V8,d0_b2,0,2,glcmw7_homogeneity,0.792994
2022_2023,V8,d0_b2,0,2,rgb_glcm_asm,
2022_2023,V8,d0_b2,0,2,rgb_glcm_contrast,
2022_2023,V8,d0_b2,0,2,rgb_glcm_correlation,
2022_2023,V8,d0_b2,0,2,rgb_glcm_variance,
2022_2023,V8,d0_b2,0,2,rgb_glcm_idm,
2022_2023,V8,d0_b2,0,2,rgb_glcm_sum_average,
2022_2023,V8,d0_b2,0,2,rgb_glcm_sum_variance,
2022_2023,V8,d0_b2,0,2,rgb_glcm_sum_entropy,
2022_2023,V8,d0_b2,0,2,rgb_glcm_entropy,
2022_2023,V8,d0_b2,0,2,rgb_glcm_diff_entropy,
2022_2023,V8,d0_b2,0,2,rgb_glcm_imc1,
2022_2023,V8,d0_b2,0,2,rgb_glcm_imc2,
2022_2023,V8,d0_b2,0,2,rgb_glcm_mcc,
2022_2023,V8,d0_b2,0,2,rgb_glcm_dissimilarity,
2022_2023,V8,d0_b2,0,2,rgb_glcm_inertia,
2022_2023,V8,d0_b2,0,2,rgb_glcm_cluster_shade,
2022_2023,V8,d0_b2,0,2,rgb_glcm_cluster_prominence,
2022_2023,V8,d0_b2,0,2,rgb_glcm_homogeneity,
2022_2023,V8,d0_b2,0,2,rgb_glcmw3_asm,
2022_2023,V8,d0_b2,0,2,rgb_glcmw3_contrast,
2022_2023,V8,d0_b2,0,2,rgb_glcmw3_entropy,
2022_2023,V8,d0_b2,0,2,rgb_glcmw3_correlation,
2022_2023,V8,d0_b2,0,2,rgb_glcmw3_homogeneity,
2022_2023,V8,d0_b2,0,2,rgb_glcmw5_asm,
2022_2023,V8,d0_b2,0,2,rgb_glcmw5_contrast,
2022_2023,V8,d0_b2,0,2,rgb_glcmw5_entropy,
2022_2023,V8,d0_b2,0,2,rgb_glcmw5_correlation,
2022_2023,V8,d0_b2,0,2,rgb_glcmw5_homogeneity,
2022_2023,V8,d0_b2,0,2,rgb_glcmw7_asm,
2022_2023,V8,d0_b2,0,2,rgb_glcmw7_contrast,
2022_2023,V8,d0_b2,0,2,rgb_glcmw7_entropy,
2022_2023,V8,d0_b2,0,2,rgb_glcmw7_correlation,
2022_2023,V8,d0_b2,0,2,rgb_glcmw7_homogeneity,
2023_2024,V8,123,0,3,NDVI,0.631555
2023_2024,V8,123,0,3,GNDVI,0.178931
2023_2024,V8,123,0,3,NDRE,0.170605
2023_2024,V8,123,0,3,CIrededge,0.420969
2023_2024,V8,123,0,3,SAVI,0.563481
2023_2024,V8,123,0,3,EVI,0.682048
2023_2024,V8,123,0,3,VARI,0.764333
2023_2024,V8,123,0,3,TGI,0.278708
2023_2024,V8,123,0,3,spec_mean,0.353774
2023_2024,V8,123,0,3,spec_std,0.237516
2023_2024,V8,123,0,3,spec_p10,0.0922423
2023_2024,V8,123,0,3,spec_p50,0.308127
2023_2024,V8,123,0,3,spec_p90,0.705109
2023_2024,V8,123,0,3,glcm_asm,0.0232228
2023_2024,V8,123,0,3,glcm_contrast,2.08433
2023_2024,V8,123,0,3,glcm_correlation,0.953445
2023_2024,V8,123,0,3,glcm_variance,22.3857
2023_2024,V8,123,0,3,glcm_idm,0.610539
2023_2024,V8,123,0,3,glcm_sum_average,12.9171
2023_2024,V8,123,0,3,glcm_sum_variance,179.025
2023_2024,V8,123,0,3,glcm_sum_entropy,3.34809
2023_2024,V8,123,0,3,glcm_entropy,4.24752
2023_2024,V8,123,0,3,glcm_diff_entropy,1.3199
2023_2024,V8,123,0,3,glcm_imc1,-0.425074
2023_2024,V8,123,0,3,glcm_imc2,0.948166
2023_2024,V8,123,0,3,glcm_mcc,0.954834
2023_2024,V8,123,0,3,glcm_dissimilarity,0.987346
2023_2024,V8,123,0,3,glcm_inertia,2.08433
2023_2024,V8,123,0,3,glcm_cluster_shade,123.904
2023_2024,V8,123,0,3,glcm_cluster_prominence,12243.8
2023_2024,V8,123,0,3,glcm_homogeneity,0.645066
2023_2024,V8,123,0,3,glcmw3_asm,0.425585
2023_2024,V8,123,0,3,glcmw3_contrast,0.56187
2023_2024,V8,123,0,3,glcmw3_entropy,1.12381
2023_2024,V8,123,0,3,glcmw3_correlation,0.528473
2023_2024,V8,123,0,3,glcmw3_homogeneity,0.789011
2023_2024,V8,123,0,3,glcmw5_asm,0.307291
2023_2024,V8,123,0,3,glcmw5_contrast,0.562206
2023_2024,V8,123,0,3,glcmw5_entropy,1.616
2023_2024,V8,123,0,3,glcmw5_correlation,0.703562
2023_2024,V8,123,0,3,glcmw5_homogeneity,0.788925
2023_2024,V8,123,0,3,glcmw7_asm,0.248508
2023_2024,V8,123,0,3,glcmw7_contrast,0.562529
2023_2024,V8,123,0,3,glcmw7_entropy,1.92325
2023_2024,V8,123,0,3,glcmw7_correlation,0.788031
2023_2024,V8,123,0,3,glcmw7_homogeneity,0.788803
2023_2024,V8,123,0,3,rgb_glcm_asm,0.0169385
2023_2024,V8,123,0,3,rgb_glcm_contrast,2.50783
2023_2024,V8,123,0,3,rgb_glcm_correlation,0.914391
2023_2024,V8,123,0,3,rgb_glcm_variance,14.6469
2023_2024,V8,123,0,3,rgb_glcm_idm,0.568512
2023_2024,V8,123,0,3,rgb_glcm_sum_average,12.0604
2023_2024,V8,123,0,3,rgb_glcm_sum_variance,132.488
2023_2024,V8,123,0,3,rgb_glcm_sum_entropy,3.3192
2023_2024,V8,123,0,3,rgb_glcm_entropy,4.41909
2023_2024,V8,123,0,3,rgb_glcm_diff_entropy,1.38714
2023_2024,V8,123,0,3,rgb_glcm_imc1,-0.341554
2023_2024,V8,123,0,3,rgb_glcm_imc2,0.915428
2023_2024,V8,123,0,3,rgb_glcm_mcc,0.916584
2023_2024,V8,123,0,3,rgb_glcm_dissimilarity,1.11676
2023_2024,V8,123,0,3,rgb_glcm_inertia,2.50783
2023_2024,V8,123,0,3,rgb_glcm_cluster_shade,103.262
2023_2024,V8,123,0,3,rgb_glcm_cluster_prominence,7427.49
2023_2024,V8,123,0,3,rgb_glcm_homogeneity,0.607811
2023_2024,V8,123,0,3,rgb_glcmw3_asm,0.357642
2023_2024,V8,123,0,3,rgb_glcmw3_contrast,0.661685
2023_2024,V8,123,0,3,rgb_glcmw3_entropy,1.27566
2023_2024,V8,123,0,3,rgb_glcmw3_correlation,0.503519
2023_2024,V8,123,0,3,rgb_glcmw3_homogeneity,0.764324
2023_2024,V8,123,0,3,rgb_glcmw5_asm,0.238309
2023_2024,V8,123,0,3,rgb_glcmw5_contrast,0.661243
2023_2024,V8,123,0,3,rgb_glcmw5_entropy,1.81311
2023_2024,V8,123,0,3,rgb_glcmw5_correlation,0.673848
2023_2024,V8,123,0,3,rgb_glcmw5_homogeneity,0.764414
2023_2024,V8,123,0,3,rgb_glcmw7_asm,0.183971
2023_2024,V8,123,0,3,rgb_glcmw7_contrast,0.661503
2023_2024,V8,123,0,3,rgb_glcmw7_entropy,2.12879
2023_2024,V8,123,0,3,rgb_glcmw7_correlation,0.751586
2023_2024,V8,123,0,3,rgb_glcmw7_homogeneity,0.764325
2022_2023,V8,d0_b3,0,3,NDVI,0.669704
2022_2023,V8,d0_b3,0,3,GNDVI,-0.132341
2022_2023,V8,d0_b3,0,3,NDRE,0.217652
2022_2023,V8,d0_b3,0,3,CIrededge,0.584191
2022_2023,V8,d0_b3,0,3,SAVI,0.461167
2022_2023,V8,d0_b3,0,3,EVI,-0.6988
2022_2023,V8,d0_b3,0,3,VARI,1.0647
2022_2023,V8,d0_b3,0,3,TGI,0.284617
2022_2023,V8,d0_b3,0,3,spec_mean,0.307679
2022_2023,V8,d0_b3,0,3,spec_std,0.232908
2022_2023,V8,d0_b3,0,3,spec_p10,0.0500621
2022_2023,V8,d0_b3,0,3,spec_p50,0.245585
2022_2023,V8,d0_b3,0,3,spec_p90,0.659095
2022_2023,V8,d0_b3,0,3,glcm_asm,0.0271948
2022_2023,V8,d0_b3,0,3,glcm_contrast,1.88389
2022_2023,V8,d0_b3,0,3,glcm_correlation,0.944023
2022_2023,V8,d0_b3,0,3,glcm_variance,16.8282
2022_2023,V8,d0_b3,0,3,glcm_idm,0.643483
2022_2023,V8,d0_b3,0,3,glcm_sum_average,10.521
2022_2023,V8,d0_b3,0,3,glcm_sum_variance,117.872
2022_2023,V8,d0_b3,0,3,glcm_sum_entropy,3.28019
2022_2023,V8,d0_b3,0,3,glcm_entropy,4.16314
2022_2023,V8,d0_b3,0,3,glcm_diff_entropy,1.26782
2022_2023,V8,d0_b3,0,3,glcm_imc1,-0.424841
2022_2023,V8,d0_b3,0,3,glcm_imc2,0.945592
2022_2023,V8,d0_b3,0,3,glcm_mcc,0.949558
2022_2023,V8,d0_b3,0,3,glcm_dissimilarity,0.894716
2022_2023,V8,d0_b3,0,3,glcm_inertia,1.88389
2022_2023,V8,d0_b3,0,3,glcm_cluster_shade,295.26
2022_2023,V8,d0_b3,0,3,glcm_cluster_prominence,9871.31
2022_2023,V8,d0_b3,0,3,glcm_homogeneity,0.67194
2022_2023,V8,d0_b3,0,3,glcmw3_asm,0.456047
2022_2023,V8,d0_b3,0,3,glcmw3_contrast,0.518241
2022_2023,V8,d0_b3,0,3,glcmw3_entropy,1.05601
2022_2023,V8,d0_b3,0,3,glcmw3_correlation,0.4537
2022_2023,V8,d0_b3,0,3,glcmw3_homogeneity,0.807837
2022_2023,V8,d0_b3,0,3,glcmw5_asm,0.341465
2022_2023,V8,d0_b3,0,3,glcmw5_contrast,0.518855
2022_2023,V8,d0_b3,0,3,glcmw5_entropy,1.51791
2022_2023,V8,d0_b3,0,3,glcmw5_correlation,0.630335
2022_2023,V8,d0_b3,0,3,glcmw5_homogeneity,0.807684
2022_2023,V8,d0_b3,0,3,glcmw7_asm,0.284895
2022_2023,V8,d0_b3,0,3,glcmw7_contrast,0.51918
2022_2023,V8,d0_b3,0,3,glcmw7_entropy,1.80072
2022_2023,V8,d0_b3,0,3,glcmw7_correlation,0.721485
2022_2023,V8,d0_b3,0,3,glcmw7_homogeneity,0.807592
2022_2023,V8,d0_b3,0,3,rgb_glcm_asm,
2022_2023,V8,d0_b3,0,3,rgb_glcm_contrast,
2022_2023,V8,d0_b3,0,3,rgb_glcm_correlation,
2022_2023,V8,d0_b3,0,3,rgb_glcm_variance,
2022_2023,V8,d0_b3,0,3,rgb_glcm_idm,
2022_2023,V8,d0_b3,0,3,rgb_glcm_sum_average,
2022_2023,V8,d0_b3,0,3,rgb_glcm_sum_variance,
2022_2023,V8,d0_b3,0,3,rgb_glcm_sum_entropy,
2022_2023,V8,d0_b3,0,3,rgb_glcm_entropy,
2022_2023,V8,d0_b3,0,3,rgb_glcm_diff_entropy,
2022_2023,V8,d0_b3,0,3,rgb_glcm_imc1,
2022_2023,V8,d0_b3,0,3,rgb_glcm_imc2,
2022_2023,V8,d0_b3,0,3,rgb_glcm_mcc,
2022_2023,V8,d0_b3,0,3,rgb_glcm_dissimilarity,
2022_2023,V8,d0_b3,0,3,rgb_glcm_inertia,
2022_2023,V8,d0_b3,0,3,rgb_glcm_cluster_shade,
2022_2023,V8,d0_b3,0,3,rgb_glcm_cluster_prominence,
2022_2023,V8,d0_b3,0,3,rgb_glcm_homogeneity,
2022_2023,V8,d0_b3,0,3,rgb_glcmw3_asm,
2022_2023,V8,d0_b3,0,3,rgb_glcmw3_contrast,
2022_2023,V8,d0_b3,0,3,rgb_glcmw3_entropy,
2022_2023,V8,d0_b3,0,3,rgb_glcmw3_correlation,
2022_2023,V8,d0_b3,0,3,rgb_glcmw3_homogeneity,
2022_2023,V8,d0_b3,0,3,rgb_glcmw5_asm,
2022_2023,V8,d0_b3,0,3,rgb_glcmw5_contrast,
2022_2023,V8,d0_b3,0,3,rgb_glcmw5_entropy,
2022_2023,V8,d0_b3,0,3,rgb_glcmw5_correlation,
2022_2023,V8,d0_b3,0,3,rgb_glcmw5_homogeneity,
2022_2023,V8,d0_b3,0,3,rgb_glcmw7_asm,
2022_2023,V8,d0_b3,0,3,rgb_glcmw7_contrast,
2022_2023,V8,d0_b3,0,3,rgb_glcmw7_entropy,
2022_2023,V8,d0_b3,0,3,rgb_glcmw7_correlation,
2022_2023,V8,d0_b3,0,3,rgb_glcmw7_homogeneity,
2023_2024,V8,132,0,4,NDVI,0.650531
2023_2024,V8,132,0,4,GNDVI,0.143485
2023_2024,V8,132,0,4,NDRE,0.180406
2023_2024,V8,132,0,4,CIrededge,0.449051
2023_2024,V8,132,0,4,SAVI,0.569063
2023_2024,V8,132,0,4,EVI,51.0234
2023_2024,V8,132,0,4,VARI,0.855984
2023_2024,V8,132,0,4,TGI,0.29723
2023_2024,V8,132,0,4,spec_mean,0.351082
2023_2024,V8,132,0,4,spec_std,0.24117
2023_2024,V8,132,0,4,spec_p10,0.085307
2023_2024,V8,132,0,4,spec_p50,0.301476
2023_2024,V8,132,0,4,spec_p90,0.708136
2023_2024,V8,132,0,4,glcm_asm,0.0236231
2023_2024,V8,132,0,4,glcm_contrast,1.95241
2023_2024,V8,132,0,4,glcm_correlation,0.956536
2023_2024,V8,132,0,4,glcm_variance,22.4599
2023_2024,V8,132,0,4,glcm_idm,0.629456
2023_2024,V8,132,0,4,glcm_sum_average,13.2953
2023_2024,V8,132,0,4,glcm_sum_variance,186.915
2023_2024,V8,132,0,4,glcm_sum_entropy,3.34403
2023_2024,V8,132,0,4,glcm_entropy,4.20884
2023_2024,V8,132,0,4,glcm_diff_entropy,1.29261
2023_2024,V8,132,0,4,glcm_imc1,-0.439901
2023_2024,V8,132,0,4,glcm_imc2,0.952286
2023_2024,V8,132,0,4,glcm_mcc,0.957316
2023_2024,V8,132,0,4,glcm_dissimilarity,0.935291
2023_2024,V8,132,0,4,glcm_inertia,1.95241
2023_2024,V8,132,0,4,glcm_cluster_shade,110.727
2023_2024,V8,132,0,4,glcm_cluster_prominence,12158.7
2023_2024,V8,132,0,4,glcm_homogeneity,0.661862
2023_2024,V8,132,0,4,glcmw3_asm,0.453701
2023_2024,V8,132,0,4,glcmw3_contrast,0.524887
2023_2024,V8,132,0,4,glcmw3_entropy,1.0655
2023_2024,V8,132,0,4,glcmw3_correlation,0.50878
2023_2024,V8,132,0,4,glcmw3_homogeneity,0.801256
2023_2024,V8,132,0,4,glcmw5_asm,0.338018
2023_2024,V8,132,0,4,glcmw5_contrast,0.525053
2023_2024,V8,132,0,4,glcmw5_entropy,1.53629
2023_2024,V8,132,0,4,glcmw5_correlation,0.68566
2023_2024,V8,132,0,4,glcmw5_homogeneity,0.801179
2023_2024,V8,132,0,4,glcmw7_asm,0.278848
2023_2024,V8,132,0,4,glcmw7_contrast,0.525408
2023_2024,V8,132,0,4,glcmw7_entropy,1.83288
2023_2024,V8,132,0,4,glcmw7_correlation,0.773125
2023_2024,V8,132,0,4,glcmw7_homogeneity,0.801052
2023_2024,V8,132,0,4,rgb_glcm_asm,0.0163536
2023_2024,V8,132,0,4,rgb_glcm_contrast,2.7007
2023_2024,V8,132,0,4,rgb_glcm_correlation,0.909706
2023_2024,V8,132,0,4,rgb_glcm_variance,14.955
2023_2024,V8,132,0,4,rgb_glcm_idm,0.558244
2023_2024,V8,132,0,4,rgb_glcm_sum_average,12.8429
2023_2024,V8,132,0,4,rgb_glcm_sum_variance,147.64
2023_2024,V8,132,0,4,rgb_glcm_sum_entropy,3.32869
2023_2024,V8,132,0,4,rgb_glcm_entropy,4.46281
2023_2024,V8,132,0,4,rgb_glcm_diff_entropy,1.41403
2023_2024,V8,132,0,4,rgb_glcm_imc1,-0.332503
2023_2024,V8,132,0,4,rgb_glcm_imc2,0.911771
2023_2024,V8,132,0,4,rgb_glcm_mcc,0.915607
2023_2024,V8,132,0,4,rgb_glcm_dissimilarity,1.16006
2023_2024,V8,132,0,4,rgb_glcm_inertia,2.7007
2023_2024,V8,132,0,4,rgb_glcm_cluster_shade,30.0593
2023_2024,V8,132,0,4,rgb_glcm_cluster_prominence,7373.35
2023_2024,V8,132,0,4,rgb_glcm_homogeneity,0.598972
2023_2024,V8,132,0,4,rgb_glcmw3_asm,0.349135
2023_2024,V8,132,0,4,rgb_glcmw3_contrast,0.706129
2023_2024,V8,132,0,4,rgb_glcmw3_entropy,1.29939
2023_2024,V8,132,0,4,rgb_glcmw3_correlation,0.510998
2023_2024,V8,132,0,4,rgb_glcmw3_homogeneity,0.758088
2023_2024,V8,132,0,4,rgb_glcmw5_asm,0.230606
2023_2024,V8,132,0,4,rgb_glcmw5_contrast,0.706048
2023_2024,V8,132,0,4,rgb_glcmw5_entropy,1.84721
2023_2024,V8,132,0,4,rgb_glcmw5_correlation,0.67662
2023_2024,V8,132,0,4,rgb_glcmw5_homogeneity,0.758112
2023_2024,V8,132,0,4,rgb_glcmw7_asm,0.177374
2023_2024,V8,132,0,4,rgb_glcmw7_contrast,0.706334
2023_2024,V8,132,0,4,rgb_glcmw7_entropy,2.16665
2023_2024,V8,132,0,4,rgb_glcmw7_correlation,0.750832
2023_2024,V8,132,0,4,rgb_glcmw7_homogeneity,0.758041
2022_2023,V8,d0_b4,0,4,NDVI,0.657644
2022_2023,V8,d0_b4,0,4,GNDVI,-0.150874
2022_2023,V8,d0_b4,0,4,NDRE,0.189835
2022_2023,V8,d0_b4,0,4,CIrededge,0.487992
2022_2023,V8,d0_b4,0,4,SAVI,0.468934
2022_2023,V8,d0_b4,0,4,EVI,-1.20495
2022_2023,V8,d0_b4,0,4,VARI,1.74539
2022_2023,V8,d0_b4,0,4,TGI,0.316626
2022_2023,V8,d0_b4,0,4,spec_mean,0.331964
2022_2023,V8,d0_b4,0,4,spec_std,0.240317
2022_2023,V8,d0_b4,0,4,spec_p10,0.0588877
2022_2023,V8,d0_b4,0,4,spec_p50,0.277209
2022_2023,V8,d0_b4,0,4,spec_p90,0.69086
2022_2023,V8,d0_b4,0,4,glcm_asm,0.0243807
2022_2023,V8,d0_b4,0,4,glcm_contrast,2.05721
2022_2023,V8,d0_b4,0,4,glcm_correlation,0.94057
2022_2023,V8,d0_b4,0,4,glcm_variance,17.3257
2022_2023,V8,d0_b4,0,4,glcm_idm,0.620262
2022_2023,V8,d0_b4,0,4,glcm_sum_average,11.0497
2022_2023,V8,d0_b4,0,4,glcm_sum_variance,127.227
2022_2023,V8,d0_b4,0,4,glcm_sum_entropy,3.30613
2022_2023,V8,d0_b4,0,4,glcm_entropy,4.2439
2022_2023,V8,d0_b4,0,4,glcm_diff_entropy,1.30617
2022_2023,V8,d0_b4,0,4,glcm_imc1,-0.407319
2022_2023,V8,d0_b4,0,4,glcm_imc2,0.941223
2022_2023,V8,d0_b4,0,4,glcm_mcc,0.946777
2022_2023,V8,d0_b4,0,4,glcm_dissimilarity,0.961456
2022_2023,V8,d0_b4,0,4,glcm_inertia,2.05721
2022_2023,V8,d0_b4,0,4,glcm_cluster_shade,236.094
2022_2023,V8,d0_b4,0,4,glcm_cluster_prominence,9727.41
2022_2023,V8,d0_b4,0,4,glcm_homogeneity,0.651773
2022_2023,V8,d0_b4,0,4,glcmw3_asm,0.429401
2022_2023,V8,d0_b4,0,4,glcmw3_contrast,0.559809
2022_2023,V8,d0_b4,0,4,glcmw3_entropy,1.11451
2022_2023,V8,d0_b4,0,4,glcmw3_correlation,0.480894
2022_2023,V8,d0_b4,0,4,glcmw3_homogeneity,0.794462
2022_2023,V8,d0_b4,0,4,glcmw5_asm,0.314141
2022_2023,V8,d0_b4,0,4,glcmw5_contrast,0.560624
2022_2023,V8,d0_b4,0,4,glcmw5_entropy,1.59918
2022_2023,V8,d0_b4,0,4,glcmw5_correlation,0.651446
2022_2023,V8,d0_b4,0,4,glcmw5_homogeneity,0.794208
2022_2023,V8,d0_b4,0,4,glcmw7_asm,0.259063
2022_2023,V8,d0_b4,0,4,glcmw7_contrast,0.5607
2022_2023,V8,d0_b4,0,4,glcmw7_entropy,1.89407
2022_2023,V8,d0_b4,0,4,glcmw7_correlation,0.735373
2022_2023,V8,d0_b4,0,4,glcmw7_homogeneity,0.794143
2022_2023,V8,d0_b4,0,4,rgb_glcm_asm,
2022_2023,V8,d0_b4,0,4,rgb_glcm_contrast,
2022_2023,V8,d0_b4,0,4,rgb_glcm_correlation,
2022_2023,V8,d0_b4,0,4,rgb_glcm_variance,
2022_2023,V8,d0_b4,0,4,rgb_glcm_idm,
2022_2023,V8,d0_b4,0,4,rgb_glcm_sum_average,
2022_2023,V8,d0_b4,0,4,rgb_glcm_sum_variance,
2022_2023,V8,d0_b4,0,4,rgb_glcm_sum_entropy,
2022_2023,V8,d0_b4,0,4,rgb_glcm_entropy,
2022_2023,V8,d0_b4,0,4,rgb_glcm_diff_entropy,
2022_2023,V8,d0_b4,0,4,rgb_glcm_imc1,
2022_2023,V8,d0_b4,0,4,rgb_glcm_imc2,
2022_2023,V8,d0_b4,0,4,rgb_glcm_mcc,
2022_2023,V8,d0_b4,0,4,rgb_glcm_dissimilarity,
2022_2023,V8,d0_b4,0,4,rgb_glcm_inertia,
2022_2023,V8,d0_b4,0,4,rgb_glcm_cluster_shade,
2022_2023,V8,d0_b4,0,4,rgb_glcm_cluster_prominence,
2022_2023,V8,d0_b4,0,4,rgb_glcm_homogeneity,
2022_2023,V8,d0_b4,0,4,rgb_glcmw3_asm,
2022_2023,V8,d0_b4,0,4,rgb_glcmw3_contrast,
2022_2023,V8,d0_b4,0,4,rgb_glcmw3_entropy,
2022_2023,V8,d0_b4,0,4,rgb_glcmw3_correlation,
2022_2023,V8,d0_b4,0,4,rgb_glcmw3_homogeneity,
2022_2023,V8,d0_b4,0,4,rgb_glcmw5_asm,
2022_2023,V8,d0_b4,0,4,rgb_glcmw5_contrast,
2022_2023,V8,d0_b4,0,4,rgb_glcmw5_entropy,
2022_2023,V8,d0_b4,0,4,rgb_glcmw5_correlation,
2022_2023,V8,d0_b4,0,4,rgb_glcmw5_homogeneity,
2022_2023,V8,d0_b4,0,4,rgb_glcmw7_asm,
2022_2023,V8,d0_b4,0,4,rgb_glcmw7_contrast,
2022_2023,V8,d0_b4,0,4,rgb_glcmw7_entropy,
2022_2023,V8,d0_b4,0,4,rgb_glcmw7_correlation,
2022_2023,V8,d0_b4,0,4,rgb_glcmw7_homogeneity,
2023_2024,V8,15,50,1,NDVI,0.711981
2023_2024,V8,15,50,1,GNDVI,0.33787
2023_2024,V8,15,50,1,NDRE,0.196247
2023_2024,V8,15,50,1,CIrededge,0.502436
2023_2024,V8,15,50,1,SAVI,0.629471
2023_2024,V8,15,50,1,EVI,1.27311
2023_2024,V8,15,50,1,VARI,0.738057
2023_2024,V8,15,50,1,TGI,0.201586
2023_2024,V8,15,50,1,spec_mean,0.321886
2023_2024,V8,15,50,1,spec_std,0.244634
2023_2024,V8,15,50,1,spec_p10,0.0682156
2023_2024,V8,15,50,1,spec_p50,0.257464
2023_2024,V8,15,50,1,spec_p90,0.696535
2023_2024,V8,15,50,1,glcm_asm,0.0184845
2023_2024,V8,15,50,1,glcm_contrast,1.79951
2023_2024,V8,15,50,1,glcm_correlation,0.952822
2023_2024,V8,15,50,1,glcm_variance,19.0716
2023_2024,V8,15,50,1,glcm_idm,0.620926
2023_2024,V8,15,50,1,glcm_sum_average,15.2803
2023_2024,V8,15,50,1,glcm_sum_variance,216.062
2023_2024,V8,15,50,1,glcm_sum_entropy,3.38177
2023_2024,V8,15,50,1,glcm_entropy,4.2895
2023_2024,V8,15,50,1,glcm_diff_entropy,1.258
2023_2024,V8,15,50,1,glcm_imc1,-0.425064
2023_2024,V8,15,50,1,glcm_imc2,0.949355
2023_2024,V8,15,50,1,glcm_mcc,0.954465
2023_2024,V8,15,50,1,glcm_dissimilarity,0.925572
2023_2024,V8,15,50,1,glcm_inertia,1.79951
2023_2024,V8,15,50,1,glcm_cluster_shade,-177.567
2023_2024,V8,15,50,1,glcm_cluster_prominence,10454.9
2023_2024,V8,15,50,1,glcm_homogeneity,0.651115
2023_2024,V8,15,50,1,glcmw3_asm,0.418782
2023_2024,V8,15,50,1,glcmw3_contrast,0.501599
2023_2024,V8,15,50,1,glcmw3_entropy,1.11512
2023_2024,V8,15,50,1,glcmw3_correlation,0.527234
2023_2024,V8,15,50,1,glcmw3_homogeneity,0.79968
2023_2024,V8,15,50,1,glcmw5_asm,0.291741
2023_2024,V8,15,50,1,glcmw5_contrast,0.501806
2023_2024,V8,15,50,1,glcmw5_entropy,1.61345
2023_2024,V8,15,50,1,glcmw5_correlation,0.714176
2023_2024,V8,15,50,1,glcmw5_homogeneity,0.799658
2023_2024,V8,15,50,1,glcmw7_asm,0.2292
2023_2024,V8,15,50,1,glcmw7_contrast,0.502126
2023_2024,V8,15,50,1,glcmw7_entropy,1.92497
2023_2024,V8,15,50,1,glcmw7_correlation,0.796733
2023_2024,V8,15,50,1,glcmw7_homogeneity,0.79955
2023_2024,V8,15,50,1,rgb_glcm_asm,0.017687
2023_2024,V8,15,50,1,rgb_glcm_contrast,2.3738
2023_2024,V8,15,50,1,rgb_glcm_correlation,0.912111
2023_2024,V8,15,50,1,rgb_glcm_variance,13.5045
2023_2024,V8,15,50,1,rgb_glcm_idm,0.574156
2023_2024,V8,15,50,1,rgb_glcm_sum_average,11.4285
2023_2024,V8,15,50,1,rgb_glcm_sum_variance,117.967
2023_2024,V8,15,50,1,rgb_glcm_sum_entropy,3.28457
2023_2024,V8,15,50,1,rgb_glcm_entropy,4.36096
2023_2024,V8,15,50,1,rgb_glcm_diff_entropy,1.36403
2023_2024,V8,15,50,1,rgb_glcm_imc1,-0.342396
2023_2024,V8,15,50,1,rgb_glcm_imc2,0.913765
2023_2024,V8,15,50,1,rgb_glcm_mcc,0.914137
2023_2024,V8,15,50,1,rgb_glcm_dissimilarity,1.08805
2023_2024,V8,15,50,1,rgb_glcm_inertia,2.3738
2023_2024,V8,15,50,1,rgb_glcm_cluster_shade,133.296
2023_2024,V8,15,50,1,rgb_glcm_cluster_prominence,6757.13
2023_2024,V8,15,50,1,rgb_glcm_homogeneity,0.61199
2023_2024,V8,15,50,1,rgb_glcmw3_asm,0.358644
2023_2024,V8,15,50,1,rgb_glcmw3_contrast,0.635256
2023_2024,V8,15,50,1,rgb_glcmw3_entropy,1.26604
2023_2024,V8,15,50,1,rgb_glcmw3_correlation,0.513146
2023_2024,V8,15,50,1,rgb_glcmw3_homogeneity,0.76906
2023_2024,V8,15,50,1,rgb_glcmw5_asm,0.237368
2023_2024,V8,15,50,1,rgb_glcmw5_contrast,0.634744
2023_2024,V8,15,50,1,rgb_glcmw5_entropy,1.80223
2023_2024,V8,15,50,1,rgb_glcmw5_correlation,0.682614
2023_2024,V8,15,50,1,rgb_glcmw5_homogeneity,0.76918
2023_2024,V8,15,50,1,rgb_glcmw7_asm,0.182976
2023_2024,V8,15,50,1,rgb_glcmw7_contrast,0.634523
2023_2024,V8,15,50,1,rgb_glcmw7_entropy,2.11169
2023_2024,V8,15,50,1,rgb_glcmw7_correlation,0.758148
2023_2024,V8,15,50,1,rgb_glcmw7_homogeneity,0.769171
2022_2023,V8,d50_b1,50,1,NDVI,0.666157
2022_2023,V8,d50_b1,50,1,GNDVI,-0.108294
2022_2023,V8,d50_b1,50,1,NDRE,0.213496
2022_2023,V8,d50_b1,50,1,CIrededge,0.561981
2022_2023,V8,d50_b1,50,1,SAVI,0.464101
2022_2023,V8,d50_b1,50,1,EVI,1.64524
2022_2023,V8,d50_b1,50,1,VARI,1.74176
2022_2023,V8,d50_b1,50,1,TGI,0.274591
2022_2023,V8,d50_b1,50,1,spec_mean,0.300738
2022_2023,V8,d50_b1,50,1,spec_std,0.225835
2022_2023,V8,d50_b1,50,1,spec_p10,0.0512201
2022_2023,V8,d50_b1,50,1,spec_p50,0.241337
2022_2023,V8,d50_b1,50,1,spec_p90,0.638159
2022_2023,V8,d50_b1,50,1,glcm_asm,0.0283877
2022_2023,V8,d50_b1,50,1,glcm_contrast,1.87237
2022_2023,V8,d50_b1,50,1,glcm_correlation,0.945219
2022_2023,V8,d50_b1,50,1,glcm_variance,17.0815
2022_2023,V8,d50_b1,50,1,glcm_idm,0.63937
2022_2023,V8,d50_b1,50,1,glcm_sum_average,10.4179
2022_2023,V8,d50_b1,50,1,glcm_sum_variance,117.715
2022_2023,V8,d50_b1,50,1,glcm_sum_entropy,3.26967
2022_2023,V8,d50_b1,50,1,glcm_entropy,4.15172
2022_2023,V8,d50_b1,50,1,glcm_diff_entropy,1.26682
2022_2023,V8,d50_b1,50,1,glcm_imc1,-0.424067
2022_2023,V8,d50_b1,50,1,glcm_imc2,0.944936
2022_2023,V8,d50_b1,50,1,glcm_mcc,0.951145
2022_2023,V8,d50_b1,50,1,glcm_dissimilarity,0.900685
2022_2023,V8,d50_b1,50,1,glcm_inertia,1.87237
2022_2023,V8,d50_b1,50,1,glcm_cluster_shade,281.491
2022_2023,V8,d50_b1,50,1,glcm_cluster_prominence,9998.68
2022_2023,V8,d50_b1,50,1,glcm_homogeneity,0.668072
2022_2023,V8,d50_b1,50,1,glcmw3_asm,0.452364
2022_2023,V8,d50_b1,50,1,glcmw3_contrast,0.515102
2022_2023,V8,d50_b1,50,1,glcmw3_entropy,1.06355
2022_2023,V8,d50_b1,50,1,glcmw3_correlation,0.457447
2022_2023,V8,d50_b1,50,1,glcmw3_homogeneity,0.806856
2022_2023,V8,d50_b1,50,1,glcmw5_asm,0.338792
2022_2023,V8,d50_b1,50,1,glcmw5_contrast,0.515754
2022_2023,V8,d50_b1,50,1,glcmw5_entropy,1.52741
2022_2023,V8,d50_b1,50,1,glcmw5_correlation,0.629861
2022_2023,V8,d50_b1,50,1,glcmw5_homogeneity,0.806665
2022_2023,V8,d50_b1,50,1,glcmw7_asm,0.283732
2022_2023,V8,d50_b1,50,1,glcmw7_contrast,0.516031
2022_2023,V8,d50_b1,50,1,glcmw7_entropy,1.80938
2022_2023,V8,d50_b1,50,1,glcmw7_correlation,0.71675
2022_2023,V8,d50_b1,50,1,glcmw7_homogeneity,0.806552
2022_2023,V8,d50_b1,50,1,rgb_glcm_asm,
2022_2023,V8,d50_b1,50,1,rgb_glcm_contrast,
2022_2023,V8,d50_b1,50,1,rgb_glcm_correlation,
2022_2023,V8,d50_b1,50,1,rgb_glcm_variance,
2022_2023,V8,d50_b1,50,1,rgb_glcm_idm,
2022_2023,V8,d50_b1,50,1,rgb_glcm_sum_average,
2022_2023,V8,d50_b1,50,1,rgb_glcm_sum_variance,
2022_2023,V8,d50_b1,50,1,rgb_glcm_sum_entropy,
2022_2023,V8,d50_b1,50,1,rgb_glcm_entropy,
2022_2023,V8,d50_b1,50,1,rgb_glcm_diff_entropy,
2022_2023,V8,d50_b1,50,1,rgb_glcm_imc1,
2022_2023,V8,d50_b1,50,1,rgb_glcm_imc2,
2022_2023,V8,d50_b1,50,1,rgb_glcm_mcc,
2022_2023,V8,d50_b1,50,1,rgb_glcm_dissimilarity,
2022_2023,V8,d50_b1,50,1,rgb_glcm_inertia,
2022_2023,V8,d50_b1,50,1,rgb_glcm_cluster_shade,
2022_2023,V8,d50_b1,50,1,rgb_glcm_cluster_prominence,
2022_2023,V8,d50_b1,50,1,rgb_glcm_homogeneity,
2022_2023,V8,d50_b1,50,1,rgb_glcmw3_asm,
2022_2023,V8,d50_b1,50,1,rgb_glcmw3_contrast,
2022_2023,V8,d50_b1,50,1,rgb_glcmw3_entropy,
2022_2023,V8,d50_b1,50,1,rgb_glcmw3_correlation,
2022_2023,V8,d50_b1,50,1,rgb_glcmw3_homogeneity,
2022_2023,V8,d50_b1,50,1,rgb_glcmw5_asm,
2022_2023,V8,d50_b1,50,1,rgb_glcmw5_contrast,
2022_2023,V8,d50_b1,50,1,rgb_glcmw5_entropy,
2022_2023,V8,d50_b1,50,1,rgb_glcmw5_correlation,
2022_2023,V8,d50_b1,50,1,rgb_glcmw5_homogeneity,
2022_2023,V8,d50_b1,50,1,rgb_glcmw7_asm,
2022_2023,V8,d50_b1,50,1,rgb_glcmw7_contrast,
2022_2023,V8,d50_b1,50,1,rgb_glcmw7_entropy,
2022_2023,V8,d50_b1,50,1,rgb_glcmw7_correlation,
2022_2023,V8,d50_b1,50,1,rgb_glcmw7_homogeneity,
2023_2024,V8,118,50,2,NDVI,0.682289
2023_2024,V8,118,50,2,GNDVI,0.236701
2023_2024,V8,118,50,2,NDRE,0.205281
2023_2024,V8,118,50,2,CIrededge,0.53373
2023_2024,V8,118,50,2,SAVI,0.601813
2023_2024,V8,118,50,2,EVI,1.26317
2023_2024,V8,118,50,2,VARI,0.815013
2023_2024,V8,118,50,2,TGI,0.25174
2023_2024,V8,118,50,2,spec_mean,0.33344
2023_2024,V8,118,50,2,spec_std,0.241656
2023_2024,V8,118,50,2,spec_p10,0.0721039
2023_2024,V8,118,50,2,spec_p50,0.281591
2023_2024,V8,118,50,2,spec_p90,0.694231
2023_2024,V8,118,50,2,glcm_asm,0.0224675
2023_2024,V8,118,50,2,glcm_contrast,1.86058
2023_2024,V8,118,50,2,glcm_correlation,0.958026
2023_2024,V8,118,50,2,glcm_variance,22.1636
2023_2024,V8,118,50,2,glcm_idm,0.629352
2023_2024,V8,118,50,2,glcm_sum_average,14.0355
2023_2024,V8,118,50,2,glcm_sum_variance,200.77
2023_2024,V8,118,50,2,glcm_sum_entropy,3.35949
2023_2024,V8,118,50,2,glcm_entropy,4.21698
2023_2024,V8,118,50,2,glcm_diff_entropy,1.27408
2023_2024,V8,118,50,2,glcm_imc1,-0.443756
2023_2024,V8,118,50,2,glcm_imc2,0.953796
2023_2024,V8,118,50,2,glcm_mcc,0.959533
2023_2024,V8,118,50,2,glcm_dissimilarity,0.920923
2023_2024,V8,118,50,2,glcm_inertia,1.86058
2023_2024,V8,118,50,2,glcm_cluster_shade,-41.236
2023_2024,V8,118,50,2,glcm_cluster_prominence,11968.3
2023_2024,V8,118,50,2,glcm_homogeneity,0.660424
2023_2024,V8,118,50,2,glcmw3_asm,0.44144
2023_2024,V8,118,50,2,glcmw3_contrast,0.511937
2023_2024,V8,118,50,2,glcmw3_entropy,1.07997
2023_2024,V8,118,50,2,glcmw3_correlation,0.515086
2023_2024,V8,118,50,2,glcmw3_homogeneity,0.801473
2023_2024,V8,118,50,2,glcmw5_asm,0.321086
2023_2024,V8,118,50,2,glcmw5_contrast,0.512119
2023_2024,V8,118,50,2,glcmw5_entropy,1.55892
2023_2024,V8,118,50,2,glcmw5_correlation,0.6985
2023_2024,V8,118,50,2,glcmw5_homogeneity,0.80141
2023_2024,V8,118,50,2,glcmw7_asm,0.260662
2023_2024,V8,118,50,2,glcmw7_contrast,0.512027
2023_2024,V8,118,50,2,glcmw7_entropy,1.85921
2023_2024,V8,118,50,2,glcmw7_correlation,0.782988
2023_2024,V8,118,50,2,glcmw7_homogeneity,0.801436
2023_2024,V8,118,50,2,rgb_glcm_asm,0.0183172
2023_2024,V8,118,50,2,rgb_glcm_contrast,2.35434
2023_2024,V8,118,50,2,rgb_glcm_correlation,0.918168
2023_2024,V8,118,50,2,rgb_glcm_variance,14.3853
2023_2024,V8,118,50,2,rgb_glcm_idm,0.583008
2023_2024,V8,118,50,2,rgb_glcm_sum_average,11.5255
2023_2024,V8,118,50,2,rgb_glcm_sum_variance,122.849
2023_2024,V8,118,50,2,rgb_glcm_sum_entropy,3.29983
2023_2024,V8,118,50,2,rgb_glcm_entropy,4.36273
2023_2024,V8,118,50,2,rgb_glcm_diff_entropy,1.36254
2023_2024,V8,118,50,2,rgb_glcm_imc1,-0.352659
2023_2024,V8,118,50,2,rgb_glcm_imc2,0.919542
2023_2024,V8,118,50,2,rgb_glcm_mcc,0.920169
2023_2024,V8,118,50,2,rgb_glcm_dissimilarity,1.06924
2023_2024,V8,118,50,2,rgb_glcm_inertia,2.35434
2023_2024,V8,118,50,2,rgb_glcm_cluster_shade,135.23
2023_2024,V8,118,50,2,rgb_glcm_cluster_prominence,7401.58
2023_2024,V8,118,50,2,rgb_glcm_homogeneity,0.620108
2023_2024,V8,118,50,2,rgb_glcmw3_asm,0.375315
2023_2024,V8,118,50,2,rgb_glcmw3_contrast,0.626942
2023_2024,V8,118,50,2,rgb_glcmw3_entropy,1.2323
2023_2024,V8,118,50,2,rgb_glcmw3_correlation,0.493546
2023_2024,V8,118,50,2,rgb_glcmw3_homogeneity,0.774709
2023_2024,V8,118,50,2,rgb_glcmw5_asm,0.254942
2023_2024,V8,118,50,2,rgb_glcmw5_contrast,0.626516
2023_2024,V8,118,50,2,rgb_glcmw5_entropy,1.75523
2023_2024,V8,118,50,2,rgb_glcmw5_correlation,0.669773
2023_2024,V8,118,50,2,rgb_glcmw5_homogeneity,0.774859
2023_2024,V8,118,50,2,rgb_glcmw7_asm,0.199361
2023_2024,V8,118,50,2,rgb_glcmw7_contrast,0.626537
2023_2024,V8,118,50,2,rgb_glcmw7_entropy,2.06028
2023_2024,V8,118,50,2,rgb_glcmw7_correlation,0.750136
2023_2024,V8,118,50,2,rgb_glcmw7_homogeneity,0.774832
2022_2023,V8,d50_b2,50,2,NDVI,0.640697
2022_2023,V8,d50_b2,50,2,GNDVI,-0.0469465
2022_2023,V8,d50_b2,50,2,NDRE,0.211939
2022_2023,V8,d50_b2,50,2,CIrededge,0.558372
2022_2023,V8,d50_b2,50,2,SAVI,0.478087
2022_2023,V8,d50_b2,50,2,EVI,-0.555949
2022_2023,V8,d50_b2,50,2,VARI,1.59415
2022_2023,V8,d50_b2,50,2,TGI,0.261491
2022_2023,V8,d50_b2,50,2,spec_mean,0.318033
2022_2023,V8,d50_b2,50,2,spec_std,0.221822
2022_2023,V8,d50_b2,50,2,spec_p10,0.0679968
2022_2023,V8,d50_b2,50,2,spec_p50,0.267184
2022_2023,V8,d50_b2,50,2,spec_p90,0.647707
2022_2023,V8,d50_b2,50,2,glcm_asm,0.0260318
2022_2023,V8,d50_b2,50,2,glcm_contrast,2.03971
2022_2023,V8,d50_b2,50,2,glcm_correlation,0.94044
2022_2023,V8,d50_b2,50,2,glcm_variance,17.1337
2022_2023,V8,d50_b2,50,2,glcm_idm,0.627776
2022_2023,V8,d50_b2,50,2,glcm_sum_average,10.5941
2022_2023,V8,d50_b2,50,2,glcm_sum_variance,120.445
2022_2023,V8,d50_b2,50,2,glcm_sum_entropy,3.28476
2022_2023,V8,d50_b2,50,2,glcm_entropy,4.20856
2022_2023,V8,d50_b2,50,2,glcm_diff_entropy,1.29813
2022_2023,V8,d50_b2,50,2,glcm_imc1,-0.407979
2022_2023,V8,d50_b2,50,2,glcm_imc2,0.940275
2022_2023,V8,d50_b2,50,2,glcm_mcc,0.945726
2022_2023,V8,d50_b2,50,2,glcm_dissimilarity,0.943853
2022_2023,V8,d50_b2,50,2,glcm_inertia,2.03971
2022_2023,V8,d50_b2,50,2,glcm_cluster_shade,283.85
2022_2023,V8,d50_b2,50,2,glcm_cluster_prominence,10001.7
2022_2023,V8,d50_b2,50,2,glcm_homogeneity,0.658057
2022_2023,V8,d50_b2,50,2,glcmw3_asm,0.441617
2022_2023,V8,d50_b2,50,2,glcmw3_contrast,0.552899
2022_2023,V8,d50_b2,50,2,glcmw3_entropy,1.09073
2022_2023,V8,d50_b2,50,2,glcmw3_correlation,0.465772
2022_2023,V8,d50_b2,50,2,glcmw3_homogeneity,0.800595
2022_2023,V8,d50_b2,50,2,glcmw5_asm,0.326536
2022_2023,V8,d50_b2,50,2,glcmw5_contrast,0.553132
2022_2023,V8,d50_b2,50,2,glcmw5_entropy,1.56732
2022_2023,V8,d50_b2,50,2,glcmw5_correlation,0.641086
2022_2023,V8,d50_b2,50,2,glcmw5_homogeneity,0.800565
2022_2023,V8,d50_b2,50,2,glcmw7_asm,0.270174
2022_2023,V8,d50_b2,50,2,glcmw7_contrast,0.553493
2022_2023,V8,d50_b2,50,2,glcmw7_entropy,1.85849
2022_2023,V8,d50_b2,50,2,glcmw7_correlation,0.730469
2022_2023,V8,d50_b2,50,2,glcmw7_homogeneity,0.800431
2022_2023,V8,d50_b2,50,2,rgb_glcm_asm,
2022_2023,V8,d50_b2,50,2,rgb_glcm_contrast,
2022_2023,V8,d50_b2,50,2,rgb_glcm_correlation,
2022_2023,V8,d50_b2,50,2,rgb_glcm_variance,
2022_2023,V8,d50_b2,50,2,rgb_glcm_idm,
2022_2023,V8,d50_b2,50,2,rgb_glcm_sum_average,
2022_2023,V8,d50_b2,50,2,rgb_glcm_sum_variance,
2022_2023,V8,d50_b2,50,2,rgb_glcm_sum_entropy,
2022_2023,V8,d50_b2,50,2,rgb_glcm_entropy,
2022_2023,V8,d50_b2,50,2,rgb_glcm_diff_entropy,
2022_2023,V8,d50_b2,50,2,rgb_glcm_imc1,
2022_2023,V8,d50_b2,50,2,rgb_glcm_imc2,
2022_2023,V8,d50_b2,50,2,rgb_glcm_mcc,
2022_2023,V8,d50_b2,50,2,rgb_glcm_dissimilarity,
2022_2023,V8,d50_b2,50,2,rgb_glcm_inertia,
2022_2023,V8,d50_b2,50,2,rgb_glcm_cluster_shade,
2022_2023,V8,d50_b2,50,2,rgb_glcm_cluster_prominence,
2022_2023,V8,d50_b2,50,2,rgb_glcm_homogeneity,
2022_2023,V8,d50_b2,50,2,rgb_glcmw3_asm,
2022_2023,V8,d50_b2,50,2,rgb_glcmw3_contrast,
2022_2023,V8,d50_b2,50,2,rgb_glcmw3_entropy,
2022_2023,V8,d50_b2,50,2,rgb_glcmw3_correlation,
2022_2023,V8,d50_b2,50,2,rgb_glcmw3_homogeneity,
2022_2023,V8,d50_b2,50,2,rgb_glcmw5_asm,
2022_2023,V8,d50_b2,50,2,rgb_glcmw5_contrast,
2022_2023,V8,d50_b2,50,2,rgb_glcmw5_entropy,
2022_2023,V8,d50_b2,50,2,rgb_glcmw5_correlation,
2022_2023,V8,d50_b2,50,2,rgb_glcmw5_homogeneity,
2022_2023,V8,d50_b2,50,2,rgb_glcmw7_asm,
2022_2023,V8,d50_b2,50,2,rgb_glcmw7_contrast,
2022_2023,V8,d50_b2,50,2,rgb_glcmw7_entropy,
2022_2023,V8,d50_b2,50,2,rgb_glcmw7_correlation,
2022_2023,V8,d50_b2,50,2,rgb_glcmw7_homogeneity,
2023_2024,V8,126,50,3,NDVI,0.691229
2023_2024,V8,126,50,3,GNDVI,0.238787
2023_2024,V8,126,50,3,NDRE,0.213179
2023_2024,V8,126,50,3,CIrededge,0.555385
2023_2024,V8,126,50,3,SAVI,0.605236
2023_2024,V8,126,50,3,EVI,1.76757
2023_2024,V8,126,50,3,VARI,0.837225
2023_2024,V8,126,50,3,TGI,0.245928
2023_2024,V8,126,50,3,spec_mean,0.32767
2023_2024,V8,126,50,3,spec_std,0.237234
2023_2024,V8,126,50,3,spec_p10,0.0720608
2023_2024,V8,126,50,3,spec_p50,0.278343
2023_2024,V8,126,50,3,spec_p90,0.6755
2023_2024,V8,126,50,3,glcm_asm,0.023859
2023_2024,V8,126,50,3,glcm_contrast,1.95355
2023_2024,V8,126,50,3,glcm_correlation,0.956653
2023_2024,V8,126,50,3,glcm_variance,22.5337
2023_2024,V8,126,50,3,glcm_idm,0.624259
2023_2024,V8,126,50,3,glcm_sum_average,13.4935
2023_2024,V8,126,50,3,glcm_sum_variance,191.209
2023_2024,V8,126,50,3,glcm_sum_entropy,3.34323
2023_2024,V8,126,50,3,glcm_entropy,4.2121
2023_2024,V8,126,50,3,glcm_diff_entropy,1.29401
2023_2024,V8,126,50,3,glcm_imc1,-0.43803
2023_2024,V8,126,50,3,glcm_imc2,0.95174
2023_2024,V8,126,50,3,glcm_mcc,0.957767
2023_2024,V8,126,50,3,glcm_dissimilarity,0.944118
2023_2024,V8,126,50,3,glcm_inertia,1.95355
2023_2024,V8,126,50,3,glcm_cluster_shade,15.2198
2023_2024,V8,126,50,3,glcm_cluster_prominence,12216.3
2023_2024,V8,126,50,3,glcm_homogeneity,0.65692
2023_2024,V8,126,50,3,glcmw3_asm,0.437865
2023_2024,V8,126,50,3,glcmw3_contrast,0.532998
2023_2024,V8,126,50,3,glcmw3_entropy,1.09308
2023_2024,V8,126,50,3,glcmw3_correlation,0.522929
2023_2024,V8,126,50,3,glcmw3_homogeneity,0.796951
2023_2024,V8,126,50,3,glcmw5_asm,0.317688
2023_2024,V8,126,50,3,glcmw5_contrast,0.53313
2023_2024,V8,126,50,3,glcmw5_entropy,1.57693
2023_2024,V8,126,50,3,glcmw5_correlation,0.707429
2023_2024,V8,126,50,3,glcmw5_homogeneity,0.796883
2023_2024,V8,126,50,3,glcmw7_asm,0.256546
2023_2024,V8,126,50,3,glcmw7_contrast,0.533284
2023_2024,V8,126,50,3,glcmw7_entropy,1.88096
2023_2024,V8,126,50,3,glcmw7_correlation,0.795588
2023_2024,V8,126,50,3,glcmw7_homogeneity,0.796819
2023_2024,V8,126,50,3,rgb_glcm_asm,0.0173886
2023_2024,V8,126,50,3,rgb_glcm_contrast,2.66043
2023_2024,V8,126,50,3,rgb_glcm_correlation,0.912731
2023_2024,V8,126,50,3,rgb_glcm_variance,15.2426
2023_2024,V8,126,50,3,rgb_glcm_idm,0.564581
2023_2024,V8,126,50,3,rgb_glcm_sum_average,12.089
2023_2024,V8,126,50,3,rgb_glcm_sum_variance,135.207
2023_2024,V8,126,50,3,rgb_glcm_sum_entropy,3.31989
2023_2024,V8,126,50,3,rgb_glcm_entropy,4.43585
2023_2024,V8,126,50,3,rgb_glcm_diff_entropy,1.41247
2023_2024,V8,126,50,3,rgb_glcm_imc1,-0.338275
2023_2024,V8,126,50,3,rgb_glcm_imc2,0.914161
2023_2024,V8,126,50,3,rgb_glcm_mcc,0.916043
2023_2024,V8,126,50,3,rgb_glcm_dissimilarity,1.14495
2023_2024,V8,126,50,3,rgb_glcm_inertia,2.66043
2023_2024,V8,126,50,3,rgb_glcm_cluster_shade,83.9073
2023_2024,V8,126,50,3,rgb_glcm_cluster_prominence,7639.55
2023_2024,V8,126,50,3,rgb_glcm_homogeneity,0.605191
2023_2024,V8,126,50,3,rgb_glcmw3_asm,0.357818
2023_2024,V8,126,50,3,rgb_glcmw3_contrast,0.696524
2023_2024,V8,126,50,3,rgb_glcmw3_entropy,1.28293
2023_2024,V8,126,50,3,rgb_glcmw3_correlation,0.506957
2023_2024,V8,126,50,3,rgb_glcmw3_homogeneity,0.761475
2023_2024,V8,126,50,3,rgb_glcmw5_asm,0.238903
2023_2024,V8,126,50,3,rgb_glcmw5_contrast,0.696792
2023_2024,V8,126,50,3,rgb_glcmw5_entropy,1.82723
2023_2024,V8,126,50,3,rgb_glcmw5_correlation,0.676293
2023_2024,V8,126,50,3,rgb_glcmw5_homogeneity,0.761384
2023_2024,V8,126,50,3,rgb_glcmw7_asm,0.185205
2023_2024,V8,126,50,3,rgb_glcmw7_contrast,0.696847
2023_2024,V8,126,50,3,rgb_glcmw7_entropy,2.14376
2023_2024,V8,126,50,3,rgb_glcmw7_correlation,0.754592
2023_2024,V8,126,50,3,rgb_glcmw7_homogeneity,0.761329
2022_2023,V8,d50_b3,50,3,NDVI,0.678895
2022_2023,V8,d50_b3,50,3,GNDVI,-0.112395
2022_2023,V8,d50_b3,50,3,NDRE,0.215621
2022_2023,V8,d50_b3,50,3,CIrededge,0.572959
2022_2023,V8,d50_b3,50,3,SAVI,0.481664
2022_2023,V8,d50_b3,50,3,EVI,1.18308
2022_2023,V8,d50_b3,50,3,VARI,1.73954
2022_2023,V8,d50_b3,50,3,TGI,0.29897
2022_2023,V8,d50_b3,50,3,spec_mean,0.314638
2022_2023,V8,d50_b3,50,3,spec_std,0.235298
2022_2023,V8,d50_b3,50,3,spec_p10,0.0535751
2022_2023,V8,d50_b3,50,3,spec_p50,0.25331
2022_2023,V8,d50_b3,50,3,spec_p90,0.669859
2022_2023,V8,d50_b3,50,3,glcm_asm,0.0275723
2022_2023,V8,d50_b3,50,3,glcm_contrast,2.02838
2022_2023,V8,d50_b3,50,3,glcm_correlation,0.943198
2022_2023,V8,d50_b3,50,3,glcm_variance,17.8583
2022_2023,V8,d50_b3,50,3,glcm_idm,0.626458
2022_2023,V8,d50_b3,50,3,glcm_sum_average,10.7197
2022_2023,V8,d50_b3,50,3,glcm_sum_variance,124.71
2022_2023,V8,d50_b3,50,3,glcm_sum_entropy,3.28505
2022_2023,V8,d50_b3,50,3,glcm_entropy,4.2039
2022_2023,V8,d50_b3,50,3,glcm_diff_entropy,1.30067
2022_2023,V8,d50_b3,50,3,glcm_imc1,-0.4142
2022_2023,V8,d50_b3,50,3,glcm_imc2,0.942737
2022_2023,V8,d50_b3,50,3,glcm_mcc,0.949517
2022_2023,V8,d50_b3,50,3,glcm_dissimilarity,0.946467
2022_2023,V8,d50_b3,50,3,glcm_inertia,2.02838
2022_2023,V8,d50_b3,50,3,glcm_cluster_shade,262.918
2022_2023,V8,d50_b3,50,3,glcm_cluster_prominence,10268
2022_2023,V8,d50_b3,50,3,glcm_homogeneity,0.657471
2022_2023,V8,d50_b3,50,3,glcmw3_asm,0.440356
2022_2023,V8,d50_b3,50,3,glcmw3_contrast,0.550797
2022_2023,V8,d50_b3,50,3,glcmw3_entropy,1.09665
2022_2023,V8,d50_b3,50,3,glcmw3_correlation,0.472041
2022_2023,V8,d50_b3,50,3,glcmw3_homogeneity,0.798173
2022_2023,V8,d50_b3,50,3,glcmw5_asm,0.327124
2022_2023,V8,d50_b3,50,3,glcmw5_contrast,0.551331
2022_2023,V8,d50_b3,50,3,glcmw5_entropy,1.5746
2022_2023,V8,d50_b3,50,3,glcmw5_correlation,0.640931
2022_2023,V8,d50_b3,50,3,glcmw5_homogeneity,0.798011
2022_2023,V8,d50_b3,50,3,glcmw7_asm,0.272507
2022_2023,V8,d50_b3,50,3,glcmw7_contrast,0.551614
2022_2023,V8,d50_b3,50,3,glcmw7_entropy,1.86597
2022_2023,V8,d50_b3,50,3,glcmw7_correlation,0.72708
2022_2023,V8,d50_b3,50,3,glcmw7_homogeneity,0.797925
2022_2023,V8,d50_b3,50,3,rgb_glcm_asm,
2022_2023,V8,d50_b3,50,3,rgb_glcm_contrast,
2022_2023,V8,d50_b3,50,3,rgb_glcm_correlation,
2022_2023,V8,d50_b3,50,3,rgb_glcm_variance,
2022_2023,V8,d50_b3,50,3,rgb_glcm_idm,
2022_2023,V8,d50_b3,50,3,rgb_glcm_sum_average,
2022_2023,V8,d50_b3,50,3,rgb_glcm_sum_variance,
2022_2023,V8,d50_b3,50,3,rgb_glcm_sum_entropy,
2022_2023,V8,d50_b3,50,3,rgb_glcm_entropy,
2022_2023,V8,d50_b3,50,3,rgb_glcm_diff_entropy,
2022_2023,V8,d50_b3,50,3,rgb_glcm_imc1,
2022_2023,V8,d50_b3,50,3,rgb_glcm_imc2,
2022_2023,V8,d50_b3,50,3,rgb_glcm_mcc,
2022_2023,V8,d50_b3,50,3,rgb_glcm_dissimilarity,
2022_2023,V8,d50_b3,50,3,rgb_glcm_inertia,
2022_2023,V8,d50_b3,50,3,rgb_glcm_cluster_shade,
2022_2023,V8,d50_b3,50,3,rgb_glcm_cluster_prominence,
2022_2023,V8,d50_b3,50,3,rgb_glcm_homogeneity,
2022_2023,V8,d50_b3,50,3,rgb_glcmw3_asm,
2022_2023,V8,d50_b3,50,3,rgb_glcmw3_contrast,
2022_2023,V8,d50_b3,50,3,rgb_glcmw3_entropy,
2022_2023,V8,d50_b3,50,3,rgb_glcmw3_correlation,
2022_2023,V8,d50_b3,50,3,rgb_glcmw3_homogeneity,
2022_2023,V8,d50_b3,50,3,rgb_glcmw5_asm,
2022_2023,V8,d50_b3,50,3,rgb_glcmw5_contrast,
2022_2023,V8,d50_b3,50,3,rgb_glcmw5_entropy,
2022_2023,V8,d50_b3,50,3,rgb_glcmw5_correlation,
2022_2023,V8,d50_b3,50,3,rgb_glcmw5_homogeneity,
2022_2023,V8,d50_b3,50,3,rgb_glcmw7_asm,
2022_2023,V8,d50_b3,50,3,rgb_glcmw7_contrast,
2022_2023,V8,d50_b3,50,3,rgb_glcmw7_entropy,
2022_2023,V8,d50_b3,50,3,rgb_glcmw7_correlation,
2022_2023,V8,d50_b3,50,3,rgb_glcmw7_homogeneity,
2023_2024,V8,131,50,4,NDVI,0.708131
2023_2024,V8,131,50,4,GNDVI,0.273335
2023_2024,V8,131,50,4,NDRE,0.223094
2023_2024,V8,131,50,4,CIrededge,0.59131
2023_2024,V8,131,50,4,SAVI,0.618953
2023_2024,V8,131,50,4,EVI,0.664273
2023_2024,V8,131,50,4,VARI,0.835707
2023_2024,V8,131,50,4,TGI,0.231893
2023_2024,V8,131,50,4,spec_mean,0.321529
2023_2024,V8,131,50,4,spec_std,0.240196
2023_2024,V8,131,50,4,spec_p10,0.0638823
2023_2024,V8,131,50,4,spec_p50,0.272489
2023_2024,V8,131,50,4,spec_p90,0.675781
2023_2024,V8,131,50,4,glcm_asm,0.0217847
2023_2024,V8,131,50,4,glcm_contrast,2.00031
2023_2024,V8,131,50,4,glcm_correlation,0.954507
2023_2024,V8,131,50,4,glcm_variance,21.9847
2023_2024,V8,131,50,4,glcm_idm,0.627744
2023_2024,V8,131,50,4,glcm_sum_average,14.1001
2023_2024,V8,131,50,4,glcm_sum_variance,201.308
2023_2024,V8,131,50,4,glcm_sum_entropy,3.35907
2023_2024,V8,131,50,4,glcm_entropy,4.25341
2023_2024,V8,131,50,4,glcm_diff_entropy,1.30029
2023_2024,V8,131,50,4,glcm_imc1,-0.430281
2023_2024,V8,131,50,4,glcm_imc2,0.950201
2023_2024,V8,131,50,4,glcm_mcc,0.955374
2023_2024,V8,131,50,4,glcm_dissimilarity,0.943506
2023_2024,V8,131,50,4,glcm_inertia,2.00031
2023_2024,V8,131,50,4,glcm_cluster_shade,-36.7024
2023_2024,V8,131,50,4,glcm_cluster_prominence,11734
2023_2024,V8,131,50,4,glcm_homogeneity,0.659758
2023_2024,V8,131,50,4,glcmw3_asm,0.435359
2023_2024,V8,131,50,4,glcmw3_contrast,0.541481
2023_2024,V8,131,50,4,glcmw3_entropy,1.09553
2023_2024,V8,131,50,4,glcmw3_correlation,0.516749
2023_2024,V8,131,50,4,glcmw3_homogeneity,0.797608
2023_2024,V8,131,50,4,glcmw5_asm,0.313681
2023_2024,V8,131,50,4,glcmw5_contrast,0.541691
2023_2024,V8,131,50,4,glcmw5_entropy,1.58259
2023_2024,V8,131,50,4,glcmw5_correlation,0.701523
2023_2024,V8,131,50,4,glcmw5_homogeneity,0.797538
2023_2024,V8,131,50,4,glcmw7_asm,0.252881
2023_2024,V8,131,50,4,glcmw7_contrast,0.541923
2023_2024,V8,131,50,4,glcmw7_entropy,1.88629
2023_2024,V8,131,50,4,glcmw7_correlation,0.787361
2023_2024,V8,131,50,4,glcmw7_homogeneity,0.79748
2023_2024,V8,131,50,4,rgb_glcm_asm,0.0167631
2023_2024,V8,131,50,4,rgb_glcm_contrast,2.60134
2023_2024,V8,131,50,4,rgb_glcm_correlation,0.913782
2023_2024,V8,131,50,4,rgb_glcm_variance,15.0858
2023_2024,V8,131,50,4,rgb_glcm_idm,0.56605
2023_2024,V8,131,50,4,rgb_glcm_sum_average,11.936
2023_2024,V8,131,50,4,rgb_glcm_sum_variance,131.861
2023_2024,V8,131,50,4,rgb_glcm_sum_entropy,3.3267
2023_2024,V8,131,50,4,rgb_glcm_entropy,4.43603
2023_2024,V8,131,50,4,rgb_glcm_diff_entropy,1.40175
2023_2024,V8,131,50,4,rgb_glcm_imc1,-0.340409
2023_2024,V8,131,50,4,rgb_glcm_imc2,0.915392
2023_2024,V8,131,50,4,rgb_glcm_mcc,0.916503
2023_2024,V8,131,50,4,rgb_glcm_dissimilarity,1.13335
2023_2024,V8,131,50,4,rgb_glcm_inertia,2.60134
2023_2024,V8,131,50,4,rgb_glcm_cluster_shade,110.228
2023_2024,V8,131,50,4,rgb_glcm_cluster_prominence,7470.64
2023_2024,V8,131,50,4,rgb_glcm_homogeneity,0.60604
2023_2024,V8,131,50,4,rgb_glcmw3_asm,0.354143
2023_2024,V8,131,50,4,rgb_glcmw3_contrast,0.685634
2023_2024,V8,131,50,4,rgb_glcmw3_entropy,1.28671
2023_2024,V8,131,50,4,rgb_glcmw3_correlation,0.509584
2023_2024,V8,131,50,4,rgb_glcmw3_homogeneity,0.761826
2023_2024,V8,131,50,4,rgb_glcmw5_asm,0.234328
2023_2024,V8,131,50,4,rgb_glcmw5_contrast,0.685175
2023_2024,V8,131,50,4,rgb_glcmw5_entropy,1.83145
2023_2024,V8,131,50,4,rgb_glcmw5_correlation,0.679537
2023_2024,V8,131,50,4,rgb_glcmw5_homogeneity,0.761951
2023_2024,V8,131,50,4,rgb_glcmw7_asm,0.180564
2023_2024,V8,131,50,4,rgb_glcmw7_contrast,0.685129
2023_2024,V8,131,50,4,rgb_glcmw7_entropy,2.14647
2023_2024,V8,131,50,4,rgb_glcmw7_correlation,0.755327
2023_2024,V8,131,50,4,rgb_glcmw7_homogeneity,0.761969
2022_2023,V8,d50_b4,50,4,NDVI,0.651339
2022_2023,V8,d50_b4,50,4,GNDVI,-0.0926498
2022_2023,V8,d50_b4,50,4,NDRE,0.199414
2022_2023,V8,d50_b4,50,4,CIrededge,0.513047
2022_2023,V8,d50_b4,50,4,SAVI,0.483369
2022_2023,V8,d50_b4,50,4,EVI,0.528939
2022_2023,V8,d50_b4,50,4,VARI,1.58025
2022_2023,V8,d50_b4,50,4,TGI,0.301163
2022_2023,V8,d50_b4,50,4,spec_mean,0.330861
2022_2023,V8,d50_b4,50,4,spec_std,0.233622
2022_2023,V8,d50_b4,50,4,spec_p10,0.0651368
2022_2023,V8,d50_b4,50,4,spec_p50,0.277504
2022_2023,V8,d50_b4,50,4,spec_p90,0.681616
2022_2023,V8,d50_b4,50,4,glcm_asm,0.023553
2022_2023,V8,d50_b4,50,4,glcm_contrast,2.02567
2022_2023,V8,d50_b4,50,4,glcm_correlation,0.940649
2022_2023,V8,d50_b4,50,4,glcm_variance,17.0775
2022_2023,V8,d50_b4,50,4,glcm_idm,0.624681
2022_2023,V8,d50_b4,50,4,glcm_sum_average,11.0559
2022_2023,V8,d50_b4,50,4,glcm_sum_variance,126.292
2022_2023,V8,d50_b4,50,4,glcm_sum_entropy,3.31146
2022_2023,V8,d50_b4,50,4,glcm_entropy,4.24123
2022_2023,V8,d50_b4,50,4,glcm_diff_entropy,1.29862
2022_2023,V8,d50_b4,50,4,glcm_imc1,-0.409638
2022_2023,V8,d50_b4,50,4,glcm_imc2,0.94206
2022_2023,V8,d50_b4,50,4,glcm_mcc,0.946523
2022_2023,V8,d50_b4,50,4,glcm_dissimilarity,0.948617
2022_2023,V8,d50_b4,50,4,glcm_inertia,2.02567
2022_2023,V8,d50_b4,50,4,glcm_cluster_shade,245.732
2022_2023,V8,d50_b4,50,4,glcm_cluster_prominence,9531.94
2022_2023,V8,d50_b4,50,4,glcm_homogeneity,0.655401
2022_2023,V8,d50_b4,50,4,glcmw3_asm,0.426926
2022_2023,V8,d50_b4,50,4,glcmw3_contrast,0.553848
2022_2023,V8,d50_b4,50,4,glcmw3_entropy,1.1194
2022_2023,V8,d50_b4,50,4,glcmw3_correlation,0.476593
2022_2023,V8,d50_b4,50,4,glcmw3_homogeneity,0.796371
2022_2023,V8,d50_b4,50,4,glcmw5_asm,0.310288
2022_2023,V8,d50_b4,50,4,glcmw5_contrast,0.554334
2022_2023,V8,d50_b4,50,4,glcmw5_entropy,1.60651
2022_2023,V8,d50_b4,50,4,glcmw5_correlation,0.651206
2022_2023,V8,d50_b4,50,4,glcmw5_homogeneity,0.796202
2022_2023,V8,d50_b4,50,4,glcmw7_asm,0.254422
2022_2023,V8,d50_b4,50,4,glcmw7_contrast,0.554672
2022_2023,V8,d50_b4,50,4,glcmw7_entropy,1.90144
2022_2023,V8,d50_b4,50,4,glcmw7_correlation,0.73754
2022_2023,V8,d50_b4,50,4,glcmw7_homogeneity,0.796078
2022_2023,V8,d50_b4,50,4,rgb_glcm_asm,
2022_2023,V8,d50_b4,50,4,rgb_glcm_contrast,
2022_2023,V8,d50_b4,50,4,rgb_glcm_correlation,
2022_2023,V8,d50_b4,50,4,rgb_glcm_variance,
2022_2023,V8,d50_b4,50,4,rgb_glcm_idm,
2022_2023,V8,d50_b4,50,4,rgb_glcm_sum_average,
2022_2023,V8,d50_b4,50,4,rgb_glcm_sum_variance,
2022_2023,V8,d50_b4,50,4,rgb_glcm_sum_entropy,
2022_2023,V8,d50_b4,50,4,rgb_glcm_entropy,
2022_2023,V8,d50_b4,50,4,rgb_glcm_diff_entropy,
2022_2023,V8,d50_b4,50,4,rgb_glcm_imc1,
2022_2023,V8,d50_b4,50,4,rgb_glcm_imc2,
2022_2023,V8,d50_b4,50,4,rgb_glcm_mcc,
2022_2023,V8,d50_b4,50,4,rgb_glcm_dissimilarity,
2022_2023,V8,d50_b4,50,4,rgb_glcm_inertia,
2022_2023,V8,d50_b4,50,4,rgb_glcm_cluster_shade,
2022_2023,V8,d50_b4,50,4,rgb_glcm_cluster_prominence,
2022_2023,V8,d50_b4,50,4,rgb_glcm_homogeneity,
2022_2023,V8,d50_b4,50,4,rgb_glcmw3_asm,
2022_2023,V8,d50_b4,50,4,rgb_glcmw3_contrast,
2022_2023,V8,d50_b4,50,4,rgb_glcmw3_entropy,
2022_2023,V8,d50_b4,50,4,rgb_glcmw3_correlation,
2022_2023,V8,d50_b4,50,4,rgb_glcmw3_homogeneity,
2022_2023,V8,d50_b4,50,4,rgb_glcmw5_asm,
2022_2023,V8,d50_b4,50,4,rgb_glcmw5_contrast,
2022_2023,V8,d50_b4,50,4,rgb_glcmw5_entropy,
2022_2023,V8,d50_b4,50,4,rgb_glcmw5_correlation,
2022_2023,V8,d50_b4,50,4,rgb_glcmw5_homogeneity,
2022_2023,V8,d50_b4,50,4,rgb_glcmw7_asm,
2022_2023,V8,d50_b4,50,4,rgb_glcmw7_contrast,
2022_2023,V8,d50_b4,50,4,rgb_glcmw7_entropy,
2022_2023,V8,d50_b4,50,4,rgb_glcmw7_correlation,
2022_2023,V8,d50_b4,50,4,rgb_glcmw7_homogeneity,
2023_2024,V8,43,100,1,NDVI,0.728673
2023_2024,V8,43,100,1,GNDVI,0.31402
2023_2024,V8,43,100,1,NDRE,0.220896
2023_2024,V8,43,100,1,CIrededge,0.58503
2023_2024,V8,43,100,1,SAVI,0.645573
2023_2024,V8,43,100,1,EVI,1.00407
2023_2024,V8,43,100,1,VARI,0.837424
2023_2024,V8,43,100,1,TGI,0.215926
2023_2024,V8,43,100,1,spec_mean,0.325098
2023_2024,V8,43,100,1,spec_std,0.246015
2023_2024,V8,43,100,1,spec_p10,0.0663113
2023_2024,V8,43,100,1,spec_p50,0.264427
2023_2024,V8,43,100,1,spec_p90,0.702954
2023_2024,V8,43,100,1,glcm_asm,0.0203879
2023_2024,V8,43,100,1,glcm_contrast,1.82608
2023_2024,V8,43,100,1,glcm_correlation,0.954965
2023_2024,V8,43,100,1,glcm_variance,20.2741
2023_2024,V8,43,100,1,glcm_idm,0.626381
2023_2024,V8,43,100,1,glcm_sum_average,15.5623
2023_2024,V8,43,100,1,glcm_sum_variance,228.026
2023_2024,V8,43,100,1,glcm_sum_entropy,3.36583
2023_2024,V8,43,100,1,glcm_entropy,4.24741
2023_2024,V8,43,100,1,glcm_diff_entropy,1.26671
2023_2024,V8,43,100,1,glcm_imc1,-0.433369
2023_2024,V8,43,100,1,glcm_imc2,0.951114
2023_2024,V8,43,100,1,glcm_mcc,0.956877
2023_2024,V8,43,100,1,glcm_dissimilarity,0.920912
2023_2024,V8,43,100,1,glcm_inertia,1.82608
2023_2024,V8,43,100,1,glcm_cluster_shade,-226.802
2023_2024,V8,43,100,1,glcm_cluster_prominence,11412.6
2023_2024,V8,43,100,1,glcm_homogeneity,0.657238
2023_2024,V8,43,100,1,glcmw3_asm,0.42701
2023_2024,V8,43,100,1,glcmw3_contrast,0.505719
2023_2024,V8,43,100,1,glcmw3_entropy,1.10345
2023_2024,V8,43,100,1,glcmw3_correlation,0.523501
2023_2024,V8,43,100,1,glcmw3_homogeneity,0.799776
2023_2024,V8,43,100,1,glcmw5_asm,0.302562
2023_2024,V8,43,100,1,glcmw5_contrast,0.505776
2023_2024,V8,43,100,1,glcmw5_entropy,1.59358
2023_2024,V8,43,100,1,glcmw5_correlation,0.709968
2023_2024,V8,43,100,1,glcmw5_homogeneity,0.799747
2023_2024,V8,43,100,1,glcmw7_asm,0.240891
2023_2024,V8,43,100,1,glcmw7_contrast,0.506002
2023_2024,V8,43,100,1,glcmw7_entropy,1.89911
2023_2024,V8,43,100,1,glcmw7_correlation,0.793964
2023_2024,V8,43,100,1,glcmw7_homogeneity,0.799673
2023_2024,V8,43,100,1,rgb_glcm_asm,0.0167037
2023_2024,V8,43,100,1,rgb_glcm_contrast,2.55305
2023_2024,V8,43,100,1,rgb_glcm_correlation,0.908073
2023_2024,V8,43,100,1,rgb_glcm_variance,13.8863
2023_2024,V8,43,100,1,rgb_glcm_idm,0.564374
2023_2024,V8,43,100,1,rgb_glcm_sum_average,11.6961
2023_2024,V8,43,100,1,rgb_glcm_sum_variance,123.466
2023_2024,V8,43,100,1,rgb_glcm_sum_entropy,3.30129
2023_2024,V8,43,100,1,rgb_glcm_entropy,4.41212
2023_2024,V8,43,100,1,rgb_glcm_diff_entropy,1.39391
2023_2024,V8,43,100,1,rgb_glcm_imc1,-0.332658
2023_2024,V8,43,100,1,rgb_glcm_imc2,0.909973
2023_2024,V8,43,100,1,rgb_glcm_mcc,0.909934
2023_2024,V8,43,100,1,rgb_glcm_dissimilarity,1.13058
2023_2024,V8,43,100,1,rgb_glcm_inertia,2.55305
2023_2024,V8,43,100,1,rgb_glcm_cluster_shade,125.146
2023_2024,V8,43,100,1,rgb_glcm_cluster_prominence,6926.68
2023_2024,V8,43,100,1,rgb_glcm_homogeneity,0.60423
2023_2024,V8,43,100,1,rgb_glcmw3_asm,0.34859
2023_2024,V8,43,100,1,rgb_glcmw3_contrast,0.676644
2023_2024,V8,43,100,1,rgb_glcmw3_entropy,1.29683
2023_2024,V8,43,100,1,rgb_glcmw3_correlation,0.517574
2023_2024,V8,43,100,1,rgb_glcmw3_homogeneity,0.761418
2023_2024,V8,43,100,1,rgb_glcmw5_asm,0.228667
2023_2024,V8,43,100,1,rgb_glcmw5_contrast,0.676397
2023_2024,V8,43,100,1,rgb_glcmw5_entropy,1.84439
2023_2024,V8,43,100,1,rgb_glcmw5_correlation,0.683708
2023_2024,V8,43,100,1,rgb_glcmw5_homogeneity,0.761485
2023_2024,V8,43,100,1,rgb_glcmw7_asm,0.175658
2023_2024,V8,43,100,1,rgb_glcmw7_contrast,0.676281
2023_2024,V8,43,100,1,rgb_glcmw7_entropy,2.15981
2023_2024,V8,43,100,1,rgb_glcmw7_correlation,0.75708
2023_2024,V8,43,100,1,rgb_glcmw7_homogeneity,0.76151
2022_2023,V8,d100_b1,100,1,NDVI,0.674996
2022_2023,V8,d100_b1,100,1,GNDVI,-0.0419936
2022_2023,V8,d100_b1,100,1,NDRE,0.223734
2022_2023,V8,d100_b1,100,1,CIrededge,0.594673
2022_2023,V8,d100_b1,100,1,SAVI,0.492054
2022_2023,V8,d100_b1,100,1,EVI,0.132324
2022_2023,V8,d100_b1,100,1,VARI,1.59381
2022_2023,V8,d100_b1,100,1,TGI,0.267911
2022_2023,V8,d100_b1,100,1,spec_mean,0.305929
2022_2023,V8,d100_b1,100,1,spec_std,0.223676
2022_2023,V8,d100_b1,100,1,spec_p10,0.0578854
2022_2023,V8,d100_b1,100,1,spec_p50,0.250174
2022_2023,V8,d100_b1,100,1,spec_p90,0.640143
2022_2023,V8,d100_b1,100,1,glcm_asm,0.0282134
2022_2023,V8,d100_b1,100,1,glcm_contrast,1.93548
2022_2023,V8,d100_b1,100,1,glcm_correlation,0.944903
2022_2023,V8,d100_b1,100,1,glcm_variance,17.5641
2022_2023,V8,d100_b1,100,1,glcm_idm,0.634558
2022_2023,V8,d100_b1,100,1,glcm_sum_average,10.5857
2022_2023,V8,d100_b1,100,1,glcm_sum_variance,121.738
2022_2023,V8,d100_b1,100,1,glcm_sum_entropy,3.27762
2022_2023,V8,d100_b1,100,1,glcm_entropy,4.18096
2022_2023,V8,d100_b1,100,1,glcm_diff_entropy,1.2804
2022_2023,V8,d100_b1,100,1,glcm_imc1,-0.418741
2022_2023,V8,d100_b1,100,1,glcm_imc2,0.943808
2022_2023,V8,d100_b1,100,1,glcm_mcc,0.950512
2022_2023,V8,d100_b1,100,1,glcm_dissimilarity,0.918243
2022_2023,V8,d100_b1,100,1,glcm_inertia,1.93548
2022_2023,V8,d100_b1,100,1,glcm_cluster_shade,264.323
2022_2023,V8,d100_b1,100,1,glcm_cluster_prominence,10152.8
2022_2023,V8,d100_b1,100,1,glcm_homogeneity,0.664059
2022_2023,V8,d100_b1,100,1,glcmw3_asm,0.450181
2022_2023,V8,d100_b1,100,1,glcmw3_contrast,0.527033
2022_2023,V8,d100_b1,100,1,glcmw3_entropy,1.07359
2022_2023,V8,d100_b1,100,1,glcmw3_correlation,0.458664
2022_2023,V8,d100_b1,100,1,glcmw3_homogeneity,0.805566
2022_2023,V8,d100_b1,100,1,glcmw5_asm,0.337651
2022_2023,V8,d100_b1,100,1,glcmw5_contrast,0.52744
2022_2023,V8,d100_b1,100,1,glcmw5_entropy,1.54098
2022_2023,V8,d100_b1,100,1,glcmw5_correlation,0.629712
2022_2023,V8,d100_b1,100,1,glcmw5_homogeneity,0.805442
2022_2023,V8,d100_b1,100,1,glcmw7_asm,0.283445
2022_2023,V8,d100_b1,100,1,glcmw7_contrast,0.527643
2022_2023,V8,d100_b1,100,1,glcmw7_entropy,1.82471
2022_2023,V8,d100_b1,100,1,glcmw7_correlation,0.718455
2022_2023,V8,d100_b1,100,1,glcmw7_homogeneity,0.805356
2022_2023,V8,d100_b1,100,1,rgb_glcm_asm,
2022_2023,V8,d100_b1,100,1,rgb_glcm_contrast,
2022_2023,V8,d100_b1,100,1,rgb_glcm_correlation,
2022_2023,V8,d100_b1,100,1,rgb_glcm_variance,
2022_2023,V8,d100_b1,100,1,rgb_glcm_idm,
2022_2023,V8,d100_b1,100,1,rgb_glcm_sum_average,
2022_2023,V8,d100_b1,100,1,rgb_glcm_sum_variance,
2022_2023,V8,d100_b1,100,1,rgb_glcm_sum_entropy,
2022_2023,V8,d100_b1,100,1,rgb_glcm_entropy,
2022_2023,V8,d100_b1,100,1,rgb_glcm_diff_entropy,
2022_2023,V8,d100_b1,100,1,rgb_glcm_imc1,
2022_2023,V8,d100_b1,100,1,rgb_glcm_imc2,
2022_2023,V8,d100_b1,100,1,rgb_glcm_mcc,
2022_2023,V8,d100_b1,100,1,rgb_glcm_dissimilarity,
2022_2023,V8,d100_b1,100,1,rgb_glcm_inertia,
2022_2023,V8,d100_b1,100,1,rgb_glcm_cluster_shade,
2022_2023,V8,d100_b1,100,1,rgb_glcm_cluster_prominence,
2022_2023,V8,d100_b1,100,1,rgb_glcm_homogeneity,
2022_2023,V8,d100_b1,100,1,rgb_glcmw3_asm,
2022_2023,V8,d100_b1,100,1,rgb_glcmw3_contrast,
2022_2023,V8,d100_b1,100,1,rgb_glcmw3_entropy,
2022_2023,V8,d100_b1,100,1,rgb_glcmw3_correlation,
2022_2023,V8,d100_b1,100,1,rgb_glcmw3_homogeneity,
2022_2023,V8,d100_b1,100,1,rgb_glcmw5_asm,
2022_2023,V8,d100_b1,100,1,rgb_glcmw5_contrast,
2022_2023,V8,d100_b1,100,1,rgb_glcmw5_entropy,
2022_2023,V8,d100_b1,100,1,rgb_glcmw5_correlation,
2022_2023,V8,d100_b1,100,1,rgb_glcmw5_homogeneity,
2022_2023,V8,d100_b1,100,1,rgb_glcmw7_asm,
2022_2023,V8,d100_b1,100,1,rgb_glcmw7_contrast,
2022_2023,V8,d100_b1,100,1,rgb_glcmw7_entropy,
2022_2023,V8,d100_b1,100,1,rgb_glcmw7_correlation,
2022_2023,V8,d100_b1,100,1,rgb_glcmw7_homogeneity,
2023_2024,V8,117,100,2,NDVI,0.710109
2023_2024,V8,117,100,2,GNDVI,0.295883
2023_2024,V8,117,100,2,NDRE,0.24204
2023_2024,V8,117,100,2,CIrededge,0.660915
2023_2024,V8,117,100,2,SAVI,0.621346
2023_2024,V8,117,100,2,EVI,0.788813
2023_2024,V8,117,100,2,VARI,0.846579
2023_2024,V8,117,100,2,TGI,0.20949
2023_2024,V8,117,100,2,spec_mean,0.313005
2023_2024,V8,117,100,2,spec_std,0.236265
2023_2024,V8,117,100,2,spec_p10,0.0647356
2023_2024,V8,117,100,2,spec_p50,0.261742
2023_2024,V8,117,100,2,spec_p90,0.665352
2023_2024,V8,117,100,2,glcm_asm,0.0238783
2023_2024,V8,117,100,2,glcm_contrast,1.93164
2023_2024,V8,117,100,2,glcm_correlation,0.957839
2023_2024,V8,117,100,2,glcm_variance,22.9081
2023_2024,V8,117,100,2,glcm_idm,0.630002
2023_2024,V8,117,100,2,glcm_sum_average,13.9589
2023_2024,V8,117,100,2,glcm_sum_variance,202.403
2023_2024,V8,117,100,2,glcm_sum_entropy,3.34279
2023_2024,V8,117,100,2,glcm_entropy,4.21021
2023_2024,V8,117,100,2,glcm_diff_entropy,1.28826
2023_2024,V8,117,100,2,glcm_imc1,-0.438325
2023_2024,V8,117,100,2,glcm_imc2,0.951788
2023_2024,V8,117,100,2,glcm_mcc,0.959223
2023_2024,V8,117,100,2,glcm_dissimilarity,0.930644
2023_2024,V8,117,100,2,glcm_inertia,1.93164
2023_2024,V8,117,100,2,glcm_cluster_shade,-45.744
2023_2024,V8,117,100,2,glcm_cluster_prominence,12523.9
2023_2024,V8,117,100,2,glcm_homogeneity,0.661876
2023_2024,V8,117,100,2,glcmw3_asm,0.446051
2023_2024,V8,117,100,2,glcmw3_contrast,0.524812
2023_2024,V8,117,100,2,glcmw3_entropy,1.07453
2023_2024,V8,117,100,2,glcmw3_correlation,0.515731
2023_2024,V8,117,100,2,glcmw3_homogeneity,0.80122
2023_2024,V8,117,100,2,glcmw5_asm,0.326951
2023_2024,V8,117,100,2,glcmw5_contrast,0.524879
2023_2024,V8,117,100,2,glcmw5_entropy,1.55217
2023_2024,V8,117,100,2,glcmw5_correlation,0.697206
2023_2024,V8,117,100,2,glcmw5_homogeneity,0.80121
2023_2024,V8,117,100,2,glcmw7_asm,0.266969
2023_2024,V8,117,100,2,glcmw7_contrast,0.524702
2023_2024,V8,117,100,2,glcmw7_entropy,1.8534
2023_2024,V8,117,100,2,glcmw7_correlation,0.782016
2023_2024,V8,117,100,2,glcmw7_homogeneity,0.801237
2023_2024,V8,117,100,2,rgb_glcm_asm,0.0193575
2023_2024,V8,117,100,2,rgb_glcm_contrast,2.44148
2023_2024,V8,117,100,2,rgb_glcm_correlation,0.915614
2023_2024,V8,117,100,2,rgb_glcm_variance,14.4662
2023_2024,V8,117,100,2,rgb_glcm_idm,0.57934
2023_2024,V8,117,100,2,rgb_glcm_sum_average,11.0958
2023_2024,V8,117,100,2,rgb_glcm_sum_variance,116.44
2023_2024,V8,117,100,2,rgb_glcm_sum_entropy,3.28444
2023_2024,V8,117,100,2,rgb_glcm_entropy,4.35375
2023_2024,V8,117,100,2,rgb_glcm_diff_entropy,1.37586
2023_2024,V8,117,100,2,rgb_glcm_imc1,-0.347706
2023_2024,V8,117,100,2,rgb_glcm_imc2,0.916499
2023_2024,V8,117,100,2,rgb_glcm_mcc,0.917511
2023_2024,V8,117,100,2,rgb_glcm_dissimilarity,1.0866
2023_2024,V8,117,100,2,rgb_glcm_inertia,2.44148
2023_2024,V8,117,100,2,rgb_glcm_cluster_shade,158.017
2023_2024,V8,117,100,2,rgb_glcm_cluster_prominence,7568.9
2023_2024,V8,117,100,2,rgb_glcm_homogeneity,0.617207
2023_2024,V8,117,100,2,rgb_glcmw3_asm,0.371234
2023_2024,V8,117,100,2,rgb_glcmw3_contrast,0.646026
2023_2024,V8,117,100,2,rgb_glcmw3_entropy,1.24596
2023_2024,V8,117,100,2,rgb_glcmw3_correlation,0.488926
2023_2024,V8,117,100,2,rgb_glcmw3_homogeneity,0.771673
2023_2024,V8,117,100,2,rgb_glcmw5_asm,0.252313
2023_2024,V8,117,100,2,rgb_glcmw5_contrast,0.645663
2023_2024,V8,117,100,2,rgb_glcmw5_entropy,1.7712
2023_2024,V8,117,100,2,rgb_glcmw5_correlation,0.662404
2023_2024,V8,117,100,2,rgb_glcmw5_homogeneity,0.771761
2023_2024,V8,117,100,2,rgb_glcmw7_asm,0.19773
2023_2024,V8,117,100,2,rgb_glcmw7_contrast,0.645799
2023_2024,V8,117,100,2,rgb_glcmw7_entropy,2.07617
2023_2024,V8,117,100,2,rgb_glcmw7_correlation,0.741881
2023_2024,V8,117,100,2,rgb_glcmw7_homogeneity,0.771749
2022_2023,V8,d100_b2,100,2,NDVI,0.659551
2022_2023,V8,d100_b2,100,2,GNDVI,-0.14191
2022_2023,V8,d100_b2,100,2,NDRE,0.214775
2022_2023,V8,d100_b2,100,2,CIrededge,0.57152
2022_2023,V8,d100_b2,100,2,SAVI,0.452929
2022_2023,V8,d100_b2,100,2,EVI,1.15203
2022_2023,V8,d100_b2,100,2,VARI,1.86747
2022_2023,V8,d100_b2,100,2,TGI,0.282603
2022_2023,V8,d100_b2,100,2,spec_mean,0.306941
2022_2023,V8,d100_b2,100,2,spec_std,0.230037
2022_2023,V8,d100_b2,100,2,spec_p10,0.052256
2022_2023,V8,d100_b2,100,2,spec_p50,0.246619
2022_2023,V8,d100_b2,100,2,spec_p90,0.653231
2022_2023,V8,d100_b2,100,2,glcm_asm,0.0289154
2022_2023,V8,d100_b2,100,2,glcm_contrast,1.86244
2022_2023,V8,d100_b2,100,2,glcm_correlation,0.944779
2022_2023,V8,d100_b2,100,2,glcm_variance,16.8869
2022_2023,V8,d100_b2,100,2,glcm_idm,0.641084
2022_2023,V8,d100_b2,100,2,glcm_sum_average,10.1508
2022_2023,V8,d100_b2,100,2,glcm_sum_variance,113.22
2022_2023,V8,d100_b2,100,2,glcm_sum_entropy,3.25938
2022_2023,V8,d100_b2,100,2,glcm_entropy,4.13539
2022_2023,V8,d100_b2,100,2,glcm_diff_entropy,1.26318
2022_2023,V8,d100_b2,100,2,glcm_imc1,-0.423104
2022_2023,V8,d100_b2,100,2,glcm_imc2,0.943974
2022_2023,V8,d100_b2,100,2,glcm_mcc,0.949117
2022_2023,V8,d100_b2,100,2,glcm_dissimilarity,0.896554
2022_2023,V8,d100_b2,100,2,glcm_inertia,1.86244
2022_2023,V8,d100_b2,100,2,glcm_cluster_shade,321.232
2022_2023,V8,d100_b2,100,2,glcm_cluster_prominence,10156.6
2022_2023,V8,d100_b2,100,2,glcm_homogeneity,0.669371
2022_2023,V8,d100_b2,100,2,glcmw3_asm,0.454139
2022_2023,V8,d100_b2,100,2,glcmw3_contrast,0.513491
2022_2023,V8,d100_b2,100,2,glcmw3_entropy,1.05809
2022_2023,V8,d100_b2,100,2,glcmw3_correlation,0.455341
2022_2023,V8,d100_b2,100,2,glcmw3_homogeneity,0.807952
2022_2023,V8,d100_b2,100,2,glcmw5_asm,0.339605
2022_2023,V8,d100_b2,100,2,glcmw5_contrast,0.514246
2022_2023,V8,d100_b2,100,2,glcmw5_entropy,1.52125
2022_2023,V8,d100_b2,100,2,glcmw5_correlation,0.630067
2022_2023,V8,d100_b2,100,2,glcmw5_homogeneity,0.807756
2022_2023,V8,d100_b2,100,2,glcmw7_asm,0.283606
2022_2023,V8,d100_b2,100,2,glcmw7_contrast,0.514669
2022_2023,V8,d100_b2,100,2,glcmw7_entropy,1.8031
2022_2023,V8,d100_b2,100,2,glcmw7_correlation,0.720162
2022_2023,V8,d100_b2,100,2,glcmw7_homogeneity,0.807626
2022_2023,V8,d100_b2,100,2,rgb_glcm_asm,
2022_2023,V8,d100_b2,100,2,rgb_glcm_contrast,
2022_2023,V8,d100_b2,100,2,rgb_glcm_correlation,
2022_2023,V8,d100_b2,100,2,rgb_glcm_variance,
2022_2023,V8,d100_b2,100,2,rgb_glcm_idm,
2022_2023,V8,d100_b2,100,2,rgb_glcm_sum_average,
2022_2023,V8,d100_b2,100,2,rgb_glcm_sum_variance,
2022_2023,V8,d100_b2,100,2,rgb_glcm_sum_entropy,
2022_2023,V8,d100_b2,100,2,rgb_glcm_entropy,
2022_2023,V8,d100_b2,100,2,rgb_glcm_diff_entropy,
2022_2023,V8,d100_b2,100,2,rgb_glcm_imc1,
2022_2023,V8,d100_b2,100,2,rgb_glcm_imc2,
2022_2023,V8,d100_b2,100,2,rgb_glcm_mcc,
2022_2023,V8,d100_b2,100,2,rgb_glcm_dissimilarity,
2022_2023,V8,d100_b2,100,2,rgb_glcm_inertia,
2022_2023,V8,d100_b2,100,2,rgb_glcm_cluster_shade,
2022_2023,V8,d100_b2,100,2,rgb_glcm_cluster_prominence,
2022_2023,V8,d100_b2,100,2,rgb_glcm_homogeneity,
2022_2023,V8,d100_b2,100,2,rgb_glcmw3_asm,
2022_2023,V8,d100_b2,100,2,rgb_glcmw3_contrast,
2022_2023,V8,d100_b2,100,2,rgb_glcmw3_entropy,
2022_2023,V8,d100_b2,100,2,rgb_glcmw3_correlation,
2022_2023,V8,d100_b2,100,2,rgb_glcmw3_homogeneity,
2022_2023,V8,d100_b2,100,2,rgb_glcmw5_asm,
2022_2023,V8,d100_b2,100,2,rgb_glcmw5_contrast,
2022_2023,V8,d100_b2,100,2,rgb_glcmw5_entropy,
2022_2023,V8,d100_b2,100,2,rgb_glcmw5_correlation,
2022_2023,V8,d100_b2,100,2,rgb_glcmw5_homogeneity,
2022_2023,V8,d100_b2,100,2,rgb_glcmw7_asm,
2022_2023,V8,d100_b2,100,2,rgb_glcmw7_contrast,
2022_2023,V8,d100_b2,100,2,rgb_glcmw7_entropy,
2022_2023,V8,d100_b2,100,2,rgb_glcmw7_correlation,
2022_2023,V8,d100_b2,100,2,rgb_glcmw7_homogeneity,
2023_2024,V8,122,100,3,NDVI,0.727135
2023_2024,V8,122,100,3,GNDVI,0.269751
2023_2024,V8,122,100,3,NDRE,0.241054
2023_2024,V8,122,100,3,CIrededge,0.653141
2023_2024,V8,122,100,3,SAVI,0.641281
2023_2024,V8,122,100,3,EVI,-0.306449
2023_2024,V8,122,100,3,VARI,0.904838
2023_2024,V8,122,100,3,TGI,0.239012
2023_2024,V8,122,100,3,spec_mean,0.326342
2023_2024,V8,122,100,3,spec_std,0.244406
2023_2024,V8,122,100,3,spec_p10,0.0667212
2023_2024,V8,122,100,3,spec_p50,0.270957
2023_2024,V8,122,100,3,spec_p90,0.706404
2023_2024,V8,122,100,3,glcm_asm,0.0227788
2023_2024,V8,122,100,3,glcm_contrast,1.87173
2023_2024,V8,122,100,3,glcm_correlation,0.958054
2023_2024,V8,122,100,3,glcm_variance,22.311
2023_2024,V8,122,100,3,glcm_idm,0.633373
2023_2024,V8,122,100,3,glcm_sum_average,14.7587
2023_2024,V8,122,100,3,glcm_sum_variance,217.476
2023_2024,V8,122,100,3,glcm_sum_entropy,3.3524
2023_2024,V8,122,100,3,glcm_entropy,4.21624
2023_2024,V8,122,100,3,glcm_diff_entropy,1.2746
2023_2024,V8,122,100,3,glcm_imc1,-0.440669
2023_2024,V8,122,100,3,glcm_imc2,0.952748
2023_2024,V8,122,100,3,glcm_mcc,0.959677
2023_2024,V8,122,100,3,glcm_dissimilarity,0.915044
2023_2024,V8,122,100,3,glcm_inertia,1.87173
2023_2024,V8,122,100,3,glcm_cluster_shade,-158.191
2023_2024,V8,122,100,3,glcm_cluster_prominence,12473.5
2023_2024,V8,122,100,3,glcm_homogeneity,0.663932
2023_2024,V8,122,100,3,glcmw3_asm,0.445266
2023_2024,V8,122,100,3,glcmw3_contrast,0.514136
2023_2024,V8,122,100,3,glcmw3_entropy,1.0718
2023_2024,V8,122,100,3,glcmw3_correlation,0.506148
2023_2024,V8,122,100,3,glcmw3_homogeneity,0.804075
2023_2024,V8,122,100,3,glcmw5_asm,0.324396
2023_2024,V8,122,100,3,glcmw5_contrast,0.514268
2023_2024,V8,122,100,3,glcmw5_entropy,1.55077
2023_2024,V8,122,100,3,glcmw5_correlation,0.691729
2023_2024,V8,122,100,3,glcmw5_homogeneity,0.804046
2023_2024,V8,122,100,3,glcmw7_asm,0.263602
2023_2024,V8,122,100,3,glcmw7_contrast,0.514169
2023_2024,V8,122,100,3,glcmw7_entropy,1.85201
2023_2024,V8,122,100,3,glcmw7_correlation,0.776829
2023_2024,V8,122,100,3,glcmw7_homogeneity,0.804075
2023_2024,V8,122,100,3,rgb_glcm_asm,0.0191618
2023_2024,V8,122,100,3,rgb_glcm_contrast,2.4621
2023_2024,V8,122,100,3,rgb_glcm_correlation,0.913009
2023_2024,V8,122,100,3,rgb_glcm_variance,14.1515
2023_2024,V8,122,100,3,rgb_glcm_idm,0.580151
2023_2024,V8,122,100,3,rgb_glcm_sum_average,10.8553
2023_2024,V8,122,100,3,rgb_glcm_sum_variance,111.562
2023_2024,V8,122,100,3,rgb_glcm_sum_entropy,3.27785
2023_2024,V8,122,100,3,rgb_glcm_entropy,4.34713
2023_2024,V8,122,100,3,rgb_glcm_diff_entropy,1.37984
2023_2024,V8,122,100,3,rgb_glcm_imc1,-0.3453
2023_2024,V8,122,100,3,rgb_glcm_imc2,0.914903
2023_2024,V8,122,100,3,rgb_glcm_mcc,0.915379
2023_2024,V8,122,100,3,rgb_glcm_dissimilarity,1.08832
2023_2024,V8,122,100,3,rgb_glcm_inertia,2.4621
2023_2024,V8,122,100,3,rgb_glcm_cluster_shade,177.331
2023_2024,V8,122,100,3,rgb_glcm_cluster_prominence,7365.09
2023_2024,V8,122,100,3,rgb_glcm_homogeneity,0.618086
2023_2024,V8,122,100,3,rgb_glcmw3_asm,0.37141
2023_2024,V8,122,100,3,rgb_glcmw3_contrast,0.652136
2023_2024,V8,122,100,3,rgb_glcmw3_entropy,1.24609
2023_2024,V8,122,100,3,rgb_glcmw3_correlation,0.501715
2023_2024,V8,122,100,3,rgb_glcmw3_homogeneity,0.770934
2023_2024,V8,122,100,3,rgb_glcmw5_asm,0.251745
2023_2024,V8,122,100,3,rgb_glcmw5_contrast,0.652008
2023_2024,V8,122,100,3,rgb_glcmw5_entropy,1.77749
2023_2024,V8,122,100,3,rgb_glcmw5_correlation,0.673055
2023_2024,V8,122,100,3,rgb_glcmw5_homogeneity,0.770976
2023_2024,V8,122,100,3,rgb_glcmw7_asm,0.197502
2023_2024,V8,122,100,3,rgb_glcmw7_contrast,0.651597
2023_2024,V8,122,100,3,rgb_glcmw7_entropy,2.08532
2023_2024,V8,122,100,3,rgb_glcmw7_correlation,0.751479
2023_2024,V8,122,100,3,rgb_glcmw7_homogeneity,0.771028
2022_2023,V8,d100_b3,100,3,NDVI,0.67432
2022_2023,V8,d100_b3,100,3,GNDVI,-0.084622
2022_2023,V8,d100_b3,100,3,NDRE,0.222134
2022_2023,V8,d100_b3,100,3,CIrededge,0.594311
2022_2023,V8,d100_b3,100,3,SAVI,0.486218
2022_2023,V8,d100_b3,100,3,EVI,0.637297
2022_2023,V8,d100_b3,100,3,VARI,1.69619
2022_2023,V8,d100_b3,100,3,TGI,0.289314
2022_2023,V8,d100_b3,100,3,spec_mean,0.315144
2022_2023,V8,d100_b3,100,3,spec_std,0.232808
2022_2023,V8,d100_b3,100,3,spec_p10,0.0564347
2022_2023,V8,d100_b3,100,3,spec_p50,0.255084
2022_2023,V8,d100_b3,100,3,spec_p90,0.668829
2022_2023,V8,d100_b3,100,3,glcm_asm,0.0278048
2022_2023,V8,d100_b3,100,3,glcm_contrast,1.87913
2022_2023,V8,d100_b3,100,3,glcm_correlation,0.946485
2022_2023,V8,d100_b3,100,3,glcm_variance,17.5571
2022_2023,V8,d100_b3,100,3,glcm_idm,0.63926
2022_2023,V8,d100_b3,100,3,glcm_sum_average,10.6607
2022_2023,V8,d100_b3,100,3,glcm_sum_variance,122.957
2022_2023,V8,d100_b3,100,3,glcm_sum_entropy,3.2825
2022_2023,V8,d100_b3,100,3,glcm_entropy,4.17285
2022_2023,V8,d100_b3,100,3,glcm_diff_entropy,1.26853
2022_2023,V8,d100_b3,100,3,glcm_imc1,-0.423663
2022_2023,V8,d100_b3,100,3,glcm_imc2,0.945435
2022_2023,V8,d100_b3,100,3,glcm_mcc,0.951461
2022_2023,V8,d100_b3,100,3,glcm_dissimilarity,0.901926
2022_2023,V8,d100_b3,100,3,glcm_inertia,1.87913
2022_2023,V8,d100_b3,100,3,glcm_cluster_shade,267.386
2022_2023,V8,d100_b3,100,3,glcm_cluster_prominence,10093.7
2022_2023,V8,d100_b3,100,3,glcm_homogeneity,0.66797
2022_2023,V8,d100_b3,100,3,glcmw3_asm,0.453655
2022_2023,V8,d100_b3,100,3,glcmw3_contrast,0.515669
2022_2023,V8,d100_b3,100,3,glcmw3_entropy,1.06222
2022_2023,V8,d100_b3,100,3,glcmw3_correlation,0.456153
2022_2023,V8,d100_b3,100,3,glcmw3_homogeneity,0.807492
2022_2023,V8,d100_b3,100,3,glcmw5_asm,0.339075
2022_2023,V8,d100_b3,100,3,glcmw5_contrast,0.516047
2022_2023,V8,d100_b3,100,3,glcmw5_entropy,1.52784
2022_2023,V8,d100_b3,100,3,glcmw5_correlation,0.633283
2022_2023,V8,d100_b3,100,3,glcmw5_homogeneity,0.807416
2022_2023,V8,d100_b3,100,3,glcmw7_asm,0.282848
2022_2023,V8,d100_b3,100,3,glcmw7_contrast,0.516273
2022_2023,V8,d100_b3,100,3,glcmw7_entropy,1.81342
2022_2023,V8,d100_b3,100,3,glcmw7_correlation,0.725334
2022_2023,V8,d100_b3,100,3,glcmw7_homogeneity,0.807328
2022_2023,V8,d100_b3,100,3,rgb_glcm_asm,
2022_2023,V8,d100_b3,100,3,rgb_glcm_contrast,
2022_2023,V8,d100_b3,100,3,rgb_glcm_correlation,
2022_2023,V8,d100_b3,100,3,rgb_glcm_variance,
2022_2023,V8,d100_b3,100,3,rgb_glcm_idm,
2022_2023,V8,d100_b3,100,3,rgb_glcm_sum_average,
2022_2023,V8,d100_b3,100,3,rgb_glcm_sum_variance,
2022_2023,V8,d100_b3,100,3,rgb_glcm_sum_entropy,
2022_2023,V8,d100_b3,100,3,rgb_glcm_entropy,
2022_2023,V8,d100_b3,100,3,rgb_glcm_diff_entropy,
2022_2023,V8,d100_b3,100,3,rgb_glcm_imc1,
2022_2023,V8,d100_b3,100,3,rgb_glcm_imc2,
2022_2023,V8,d100_b3,100,3,rgb_glcm_mcc,
2022_2023,V8,d100_b3,100,3,rgb_glcm_dissimilarity,
2022_2023,V8,d100_b3,100,3,rgb_glcm_inertia,
2022_2023,V8,d100_b3,100,3,rgb_glcm_cluster_shade,
2022_2023,V8,d100_b3,100,3,rgb_glcm_cluster_prominence,
2022_2023,V8,d100_b3,100,3,rgb_glcm_homogeneity,
2022_2023,V8,d100_b3,100,3,rgb_glcmw3_asm,
2022_2023,V8,d100_b3,100,3,rgb_glcmw3_contrast,
2022_2023,V8,d100_b3,100,3,rgb_glcmw3_entropy,
2022_2023,V8,d100_b3,100,3,rgb_glcmw3_correlation,
2022_2023,V8,d100_b3,100,3,rgb_glcmw3_homogeneity,
2022_2023,V8,d100_b3,100,3,rgb_glcmw5_asm,
2022_2023,V8,d100_b3,100,3,rgb_glcmw5_contrast,
2022_2023,V8,d100_b3,100,3,rgb_glcmw5_entropy,
2022_2023,V8,d100_b3,100,3,rgb_glcmw5_correlation,
2022_2023,V8,d100_b3,100,3,rgb_glcmw5_homogeneity,
2022_2023,V8,d100_b3,100,3,rgb_glcmw7_asm,
2022_2023,V8,d100_b3,100,3,rgb_glcmw7_contrast,
2022_2023,V8,d100_b3,100,3,rgb_glcmw7_entropy,
2022_2023,V8,d100_b3,100,3,rgb_glcmw7_correlation,
2022_2023,V8,d100_b3,100,3,rgb_glcmw7_homogeneity,
2023_2024,V8,130,100,4,NDVI,0.731746
2023_2024,V8,130,100,4,GNDVI,0.333873
2023_2024,V8,130,100,4,NDRE,0.257489
2023_2024,V8,130,100,4,CIrededge,0.723089
2023_2024,V8,130,100,4,SAVI,0.641196
2023_2024,V8,130,100,4,EVI,-5.06971
2023_2024,V8,130,100,4,VARI,0.850784
2023_2024,V8,130,100,4,TGI,0.200344
2023_2024,V8,130,100,4,spec_mean,0.310337
2023_2024,V8,130,100,4,spec_std,0.243311
2023_2024,V8,130,100,4,spec_p10,0.0588532
2023_2024,V8,130,100,4,spec_p50,0.255498
2023_2024,V8,130,100,4,spec_p90,0.692654
2023_2024,V8,130,100,4,glcm_asm,0.0217794
2023_2024,V8,130,100,4,glcm_contrast,1.84754
2023_2024,V8,130,100,4,glcm_correlation,0.958267
2023_2024,V8,130,100,4,glcm_variance,22.1353
2023_2024,V8,130,100,4,glcm_idm,0.635382
2023_2024,V8,130,100,4,glcm_sum_average,14.7916
2023_2024,V8,130,100,4,glcm_sum_variance,217.277
2023_2024,V8,130,100,4,glcm_sum_entropy,3.36425
2023_2024,V8,130,100,4,glcm_entropy,4.22771
2023_2024,V8,130,100,4,glcm_diff_entropy,1.26956
2023_2024,V8,130,100,4,glcm_imc1,-0.440993
2023_2024,V8,130,100,4,glcm_imc2,0.95317
2023_2024,V8,130,100,4,glcm_mcc,0.95904
2023_2024,V8,130,100,4,glcm_dissimilarity,0.908084
2023_2024,V8,130,100,4,glcm_inertia,1.84754
2023_2024,V8,130,100,4,glcm_cluster_shade,-126.756
2023_2024,V8,130,100,4,glcm_cluster_prominence,12163.2
2023_2024,V8,130,100,4,glcm_homogeneity,0.665648
2023_2024,V8,130,100,4,glcmw3_asm,0.443721
2023_2024,V8,130,100,4,glcmw3_contrast,0.508021
2023_2024,V8,130,100,4,glcmw3_entropy,1.0721
2023_2024,V8,130,100,4,glcmw3_correlation,0.507333
2023_2024,V8,130,100,4,glcmw3_homogeneity,0.803211
2023_2024,V8,130,100,4,glcmw5_asm,0.321058
2023_2024,V8,130,100,4,glcmw5_contrast,0.508057
2023_2024,V8,130,100,4,glcmw5_entropy,1.54843
2023_2024,V8,130,100,4,glcmw5_correlation,0.699481
2023_2024,V8,130,100,4,glcmw5_homogeneity,0.803122
2023_2024,V8,130,100,4,glcmw7_asm,0.258643
2023_2024,V8,130,100,4,glcmw7_contrast,0.508068
2023_2024,V8,130,100,4,glcmw7_entropy,1.84777
2023_2024,V8,130,100,4,glcmw7_correlation,0.787828
2023_2024,V8,130,100,4,glcmw7_homogeneity,0.803079
2023_2024,V8,130,100,4,rgb_glcm_asm,0.0206304
2023_2024,V8,130,100,4,rgb_glcm_contrast,2.23415
2023_2024,V8,130,100,4,rgb_glcm_correlation,0.918267
2023_2024,V8,130,100,4,rgb_glcm_variance,13.6673
2023_2024,V8,130,100,4,rgb_glcm_idm,0.591907
2023_2024,V8,130,100,4,rgb_glcm_sum_average,10.4797
2023_2024,V8,130,100,4,rgb_glcm_sum_variance,104.645
2023_2024,V8,130,100,4,rgb_glcm_sum_entropy,3.25403
2023_2024,V8,130,100,4,rgb_glcm_entropy,4.28351
2023_2024,V8,130,100,4,rgb_glcm_diff_entropy,1.34133
2023_2024,V8,130,100,4,rgb_glcm_imc1,-0.355346
2023_2024,V8,130,100,4,rgb_glcm_imc2,0.918106
2023_2024,V8,130,100,4,rgb_glcm_mcc,0.919337
2023_2024,V8,130,100,4,rgb_glcm_dissimilarity,1.03641
2023_2024,V8,130,100,4,rgb_glcm_inertia,2.23415
2023_2024,V8,130,100,4,rgb_glcm_cluster_shade,194.514
2023_2024,V8,130,100,4,rgb_glcm_cluster_prominence,7315.04
2023_2024,V8,130,100,4,rgb_glcm_homogeneity,0.627412
2023_2024,V8,130,100,4,rgb_glcmw3_asm,0.385248
2023_2024,V8,130,100,4,rgb_glcmw3_contrast,0.598851
2023_2024,V8,130,100,4,rgb_glcmw3_entropy,1.20751
2023_2024,V8,130,100,4,rgb_glcmw3_correlation,0.480557
2023_2024,V8,130,100,4,rgb_glcmw3_homogeneity,0.780427
2023_2024,V8,130,100,4,rgb_glcmw5_asm,0.265892
2023_2024,V8,130,100,4,rgb_glcmw5_contrast,0.598275
2023_2024,V8,130,100,4,rgb_glcmw5_entropy,1.71615
2023_2024,V8,130,100,4,rgb_glcmw5_correlation,0.65628
2023_2024,V8,130,100,4,rgb_glcmw5_homogeneity,0.780507
2023_2024,V8,130,100,4,rgb_glcmw7_asm,0.21085
2023_2024,V8,130,100,4,rgb_glcmw7_contrast,0.598061
2023_2024,V8,130,100,4,rgb_glcmw7_entropy,2.00891
2023_2024,V8,130,100,4,rgb_glcmw7_correlation,0.737548
2023_2024,V8,130,100,4,rgb_glcmw7_homogeneity,0.780538
2022_2023,V8,d100_b4,100,4,NDVI,0.691892
2022_2023,V8,d100_b4,100,4,GNDVI,-0.0810821
2022_2023,V8,d100_b4,100,4,NDRE,0.231609
2022_2023,V8,d100_b4,100,4,CIrededge,0.628486
2022_2023,V8,d100_b4,100,4,SAVI,0.498401
2022_2023,V8,d100_b4,100,4,EVI,-1.01308
2022_2023,V8,d100_b4,100,4,VARI,1.73533
2022_2023,V8,d100_b4,100,4,TGI,0.290968
2022_2023,V8,d100_b4,100,4,spec_mean,0.314046
2022_2023,V8,d100_b4,100,4,spec_std,0.232683
2022_2023,V8,d100_b4,100,4,spec_p10,0.0524789
2022_2023,V8,d100_b4,100,4,spec_p50,0.257395
2022_2023,V8,d100_b4,100,4,spec_p90,0.665647
2022_2023,V8,d100_b4,100,4,glcm_asm,0.0255167
2022_2023,V8,d100_b4,100,4,glcm_contrast,1.99715
2022_2023,V8,d100_b4,100,4,glcm_correlation,0.943279
2022_2023,V8,d100_b4,100,4,glcm_variance,17.6009
2022_2023,V8,d100_b4,100,4,glcm_idm,0.627049
2022_2023,V8,d100_b4,100,4,glcm_sum_average,10.9089
2022_2023,V8,d100_b4,100,4,glcm_sum_variance,126.332
2022_2023,V8,d100_b4,100,4,glcm_sum_entropy,3.29868
2022_2023,V8,d100_b4,100,4,glcm_entropy,4.22473
2022_2023,V8,d100_b4,100,4,glcm_diff_entropy,1.29396
2022_2023,V8,d100_b4,100,4,glcm_imc1,-0.412152
2022_2023,V8,d100_b4,100,4,glcm_imc2,0.942558
2022_2023,V8,d100_b4,100,4,glcm_mcc,0.947954
2022_2023,V8,d100_b4,100,4,glcm_dissimilarity,0.940589
2022_2023,V8,d100_b4,100,4,glcm_inertia,1.99715
2022_2023,V8,d100_b4,100,4,glcm_cluster_shade,244.835
2022_2023,V8,d100_b4,100,4,glcm_cluster_prominence,9927.15
2022_2023,V8,d100_b4,100,4,glcm_homogeneity,0.657661
2022_2023,V8,d100_b4,100,4,glcmw3_asm,0.437927
2022_2023,V8,d100_b4,100,4,glcmw3_contrast,0.54329
2022_2023,V8,d100_b4,100,4,glcmw3_entropy,1.09807
2022_2023,V8,d100_b4,100,4,glcmw3_correlation,0.473056
2022_2023,V8,d100_b4,100,4,glcmw3_homogeneity,0.799628
2022_2023,V8,d100_b4,100,4,glcmw5_asm,0.322381
2022_2023,V8,d100_b4,100,4,glcmw5_contrast,0.543548
2022_2023,V8,d100_b4,100,4,glcmw5_entropy,1.57812
2022_2023,V8,d100_b4,100,4,glcmw5_correlation,0.646343
2022_2023,V8,d100_b4,100,4,glcmw5_homogeneity,0.799547
2022_2023,V8,d100_b4,100,4,glcmw7_asm,0.26675
2022_2023,V8,d100_b4,100,4,glcmw7_contrast,0.544027
2022_2023,V8,d100_b4,100,4,glcmw7_entropy,1.86972
2022_2023,V8,d100_b4,100,4,glcmw7_correlation,0.734102
2022_2023,V8,d100_b4,100,4,glcmw7_homogeneity,0.799398
2022_2023,V8,d100_b4,100,4,rgb_glcm_asm,
2022_2023,V8,d100_b4,100,4,rgb_glcm_contrast,
2022_2023,V8,d100_b4,100,4,rgb_glcm_correlation,
2022_2023,V8,d100_b4,100,4,rgb_glcm_variance,
2022_2023,V8,d100_b4,100,4,rgb_glcm_idm,
2022_2023,V8,d100_b4,100,4,rgb_glcm_sum_average,
2022_2023,V8,d100_b4,100,4,rgb_glcm_sum_variance,
2022_2023,V8,d100_b4,100,4,rgb_glcm_sum_entropy,
2022_2023,V8,d100_b4,100,4,rgb_glcm_entropy,
2022_2023,V8,d100_b4,100,4,rgb_glcm_diff_entropy,
2022_2023,V8,d100_b4,100,4,rgb_glcm_imc1,
2022_2023,V8,d100_b4,100,4,rgb_glcm_imc2,
2022_2023,V8,d100_b4,100,4,rgb_glcm_mcc,
2022_2023,V8,d100_b4,100,4,rgb_glcm_dissimilarity,
2022_2023,V8,d100_b4,100,4,rgb_glcm_inertia,
2022_2023,V8,d100_b4,100,4,rgb_glcm_cluster_shade,
2022_2023,V8,d100_b4,100,4,rgb_glcm_cluster_prominence,
2022_2023,V8,d100_b4,100,4,rgb_glcm_homogeneity,
2022_2023,V8,d100_b4,100,4,rgb_glcmw3_asm,
2022_2023,V8,d100_b4,100,4,rgb_glcmw3_contrast,
2022_2023,V8,d100_b4,100,4,rgb_glcmw3_entropy,
2022_2023,V8,d100_b4,100,4,rgb_glcmw3_correlation,
2022_2023,V8,d100_b4,100,4,rgb_glcmw3_homogeneity,
2022_2023,V8,d100_b4,100,4,rgb_glcmw5_asm,
2022_2023,V8,d100_b4,100,4,rgb_glcmw5_contrast,
2022_2023,V8,d100_b4,100,4,rgb_glcmw5_entropy,
2022_2023,V8,d100_b4,100,4,rgb_glcmw5_correlation,
2022_2023,V8,d100_b4,100,4,rgb_glcmw5_homogeneity,
2022_2023,V8,d100_b4,100,4,rgb_glcmw7_asm,
2022_2023,V8,d100_b4,100,4,rgb_glcmw7_contrast,
2022_2023,V8,d100_b4,100,4,rgb_glcmw7_entropy,
2022_2023,V8,d100_b4,100,4,rgb_glcmw7_correlation,
2022_2023,V8,d100_b4,100,4,rgb_glcmw7_homogeneity,
2023_2024,V8,57,200,1,NDVI,0.7215
2023_2024,V8,57,200,1,GNDVI,0.372326
2023_2024,V8,57,200,1,NDRE,0.240978
2023_2024,V8,57,200,1,CIrededge,0.654575
2023_2024,V8,57,200,1,SAVI,0.635788
2023_2024,V8,57,200,1,EVI,1.20411
2023_2024,V8,57,200,1,VARI,0.768923
2023_2024,V8,57,200,1,TGI,0.174719
2023_2024,V8,57,200,1,spec_mean,0.304926
2023_2024,V8,57,200,1,spec_std,0.238979
2023_2024,V8,57,200,1,spec_p10,0.0634607
2023_2024,V8,57,200,1,spec_p50,0.240426
2023_2024,V8,57,200,1,spec_p90,0.680789
2023_2024,V8,57,200,1,glcm_asm,0.0214925
2023_2024,V8,57,200,1,glcm_contrast,1.72402
2023_2024,V8,57,200,1,glcm_correlation,0.958877
2023_2024,V8,57,200,1,glcm_variance,20.9616
2023_2024,V8,57,200,1,glcm_idm,0.632484
2023_2024,V8,57,200,1,glcm_sum_average,14.8092
2023_2024,V8,57,200,1,glcm_sum_variance,213.056
2023_2024,V8,57,200,1,glcm_sum_entropy,3.3666
2023_2024,V8,57,200,1,glcm_entropy,4.2167
2023_2024,V8,57,200,1,glcm_diff_entropy,1.24372
2023_2024,V8,57,200,1,glcm_imc1,-0.446394
2023_2024,V8,57,200,1,glcm_imc2,0.954651
2023_2024,V8,57,200,1,glcm_mcc,0.959954
2023_2024,V8,57,200,1,glcm_dissimilarity,0.894606
2023_2024,V8,57,200,1,glcm_inertia,1.72402
2023_2024,V8,57,200,1,glcm_cluster_shade,-165.499
2023_2024,V8,57,200,1,glcm_cluster_prominence,11690.6
2023_2024,V8,57,200,1,glcm_homogeneity,0.661779
2023_2024,V8,57,200,1,glcmw3_asm,0.444036
2023_2024,V8,57,200,1,glcmw3_contrast,0.481151
2023_2024,V8,57,200,1,glcmw3_entropy,1.0689
2023_2024,V8,57,200,1,glcmw3_correlation,0.506841
2023_2024,V8,57,200,1,glcmw3_homogeneity,0.806438
2023_2024,V8,57,200,1,glcmw5_asm,0.320194
2023_2024,V8,57,200,1,glcmw5_contrast,0.481396
2023_2024,V8,57,200,1,glcmw5_entropy,1.54535
2023_2024,V8,57,200,1,glcmw5_correlation,0.700323
2023_2024,V8,57,200,1,glcmw5_homogeneity,0.806368
2023_2024,V8,57,200,1,glcmw7_asm,0.257296
2023_2024,V8,57,200,1,glcmw7_contrast,0.481509
2023_2024,V8,57,200,1,glcmw7_entropy,1.84435
2023_2024,V8,57,200,1,glcmw7_correlation,0.78914
2023_2024,V8,57,200,1,glcmw7_homogeneity,0.806318
2023_2024,V8,57,200,1,rgb_glcm_asm,0.0188484
2023_2024,V8,57,200,1,rgb_glcm_contrast,2.43419
2023_2024,V8,57,200,1,rgb_glcm_correlation,0.911801
2023_2024,V8,57,200,1,rgb_glcm_variance,13.7995
2023_2024,V8,57,200,1,rgb_glcm_idm,0.5725
2023_2024,V8,57,200,1,rgb_glcm_sum_average,10.8751
2023_2024,V8,57,200,1,rgb_glcm_sum_variance,110.582
2023_2024,V8,57,200,1,rgb_glcm_sum_entropy,3.27125
2023_2024,V8,57,200,1,rgb_glcm_entropy,4.34648
2023_2024,V8,57,200,1,rgb_glcm_diff_entropy,1.37474
2023_2024,V8,57,200,1,rgb_glcm_imc1,-0.340738
2023_2024,V8,57,200,1,rgb_glcm_imc2,0.912265
2023_2024,V8,57,200,1,rgb_glcm_mcc,0.913304
2023_2024,V8,57,200,1,rgb_glcm_dissimilarity,1.09858
2023_2024,V8,57,200,1,rgb_glcm_inertia,2.43419
2023_2024,V8,57,200,1,rgb_glcm_cluster_shade,175.967
2023_2024,V8,57,200,1,rgb_glcm_cluster_prominence,7297.03
2023_2024,V8,57,200,1,rgb_glcm_homogeneity,0.611188
2023_2024,V8,57,200,1,rgb_glcmw3_asm,0.361304
2023_2024,V8,57,200,1,rgb_glcmw3_contrast,0.643819
2023_2024,V8,57,200,1,rgb_glcmw3_entropy,1.2658
2023_2024,V8,57,200,1,rgb_glcmw3_correlation,0.507157
2023_2024,V8,57,200,1,rgb_glcmw3_homogeneity,0.767612
2023_2024,V8,57,200,1,rgb_glcmw5_asm,0.241695
2023_2024,V8,57,200,1,rgb_glcmw5_contrast,0.64356
2023_2024,V8,57,200,1,rgb_glcmw5_entropy,1.79913
2023_2024,V8,57,200,1,rgb_glcmw5_correlation,0.678182
2023_2024,V8,57,200,1,rgb_glcmw5_homogeneity,0.767686
2023_2024,V8,57,200,1,rgb_glcmw7_asm,0.187801
2023_2024,V8,57,200,1,rgb_glcmw7_contrast,0.643801
2023_2024,V8,57,200,1,rgb_glcmw7_entropy,2.10633
2023_2024,V8,57,200,1,rgb_glcmw7_correlation,0.755554
2023_2024,V8,57,200,1,rgb_glcmw7_homogeneity,0.767617
2022_2023,V8,d200_b1,200,1,NDVI,0.688735
2022_2023,V8,d200_b1,200,1,GNDVI,-0.0466945
2022_2023,V8,d200_b1,200,1,NDRE,0.245838
2022_2023,V8,d200_b1,200,1,CIrededge,0.680648
2022_2023,V8,d200_b1,200,1,SAVI,0.491915
2022_2023,V8,d200_b1,200,1,EVI,0.402886
2022_2023,V8,d200_b1,200,1,VARI,1.75454
2022_2023,V8,d200_b1,200,1,TGI,0.261398
2022_2023,V8,d200_b1,200,1,spec_mean,0.296051
2022_2023,V8,d200_b1,200,1,spec_std,0.224107
2022_2023,V8,d200_b1,200,1,spec_p10,0.0506394
2022_2023,V8,d200_b1,200,1,spec_p50,0.239165
2022_2023,V8,d200_b1,200,1,spec_p90,0.632982
2022_2023,V8,d200_b1,200,1,glcm_asm,0.0280413
2022_2023,V8,d200_b1,200,1,glcm_contrast,1.80974
2022_2023,V8,d200_b1,200,1,glcm_correlation,0.948503
2022_2023,V8,d200_b1,200,1,glcm_variance,17.5756
2022_2023,V8,d200_b1,200,1,glcm_idm,0.643992
2022_2023,V8,d200_b1,200,1,glcm_sum_average,10.8173
2022_2023,V8,d200_b1,200,1,glcm_sum_variance,125.198
2022_2023,V8,d200_b1,200,1,glcm_sum_entropy,3.28741
2022_2023,V8,d200_b1,200,1,glcm_entropy,4.1621
2022_2023,V8,d200_b1,200,1,glcm_diff_entropy,1.25521
2022_2023,V8,d200_b1,200,1,glcm_imc1,-0.433123
2022_2023,V8,d200_b1,200,1,glcm_imc2,0.948595
2022_2023,V8,d200_b1,200,1,glcm_mcc,0.955039
2022_2023,V8,d200_b1,200,1,glcm_dissimilarity,0.883884
2022_2023,V8,d200_b1,200,1,glcm_inertia,1.80974
2022_2023,V8,d200_b1,200,1,glcm_cluster_shade,246.639
2022_2023,V8,d200_b1,200,1,glcm_cluster_prominence,10030
2022_2023,V8,d200_b1,200,1,glcm_homogeneity,0.672121
2022_2023,V8,d200_b1,200,1,glcmw3_asm,0.456922
2022_2023,V8,d200_b1,200,1,glcmw3_contrast,0.500919
2022_2023,V8,d200_b1,200,1,glcmw3_entropy,1.05507
2022_2023,V8,d200_b1,200,1,glcmw3_correlation,0.45441
2022_2023,V8,d200_b1,200,1,glcmw3_homogeneity,0.810117
2022_2023,V8,d200_b1,200,1,glcmw5_asm,0.344051
2022_2023,V8,d200_b1,200,1,glcmw5_contrast,0.501229
2022_2023,V8,d200_b1,200,1,glcmw5_entropy,1.5164
2022_2023,V8,d200_b1,200,1,glcmw5_correlation,0.625803
2022_2023,V8,d200_b1,200,1,glcmw5_homogeneity,0.810025
2022_2023,V8,d200_b1,200,1,glcmw7_asm,0.289298
2022_2023,V8,d200_b1,200,1,glcmw7_contrast,0.50142
2022_2023,V8,d200_b1,200,1,glcmw7_entropy,1.79895
2022_2023,V8,d200_b1,200,1,glcmw7_correlation,0.712141
2022_2023,V8,d200_b1,200,1,glcmw7_homogeneity,0.809943
2022_2023,V8,d200_b1,200,1,rgb_glcm_asm,
2022_2023,V8,d200_b1,200,1,rgb_glcm_contrast,
2022_2023,V8,d200_b1,200,1,rgb_glcm_correlation,
2022_2023,V8,d200_b1,200,1,rgb_glcm_variance,
2022_2023,V8,d200_b1,200,1,rgb_glcm_idm,
2022_2023,V8,d200_b1,200,1,rgb_glcm_sum_average,
2022_2023,V8,d200_b1,200,1,rgb_glcm_sum_variance,
2022_2023,V8,d200_b1,200,1,rgb_glcm_sum_entropy,
2022_2023,V8,d200_b1,200,1,rgb_glcm_entropy,
2022_2023,V8,d200_b1,200,1,rgb_glcm_diff_entropy,
2022_2023,V8,d200_b1,200,1,rgb_glcm_imc1,
2022_2023,V8,d200_b1,200,1,rgb_glcm_imc2,
2022_2023,V8,d200_b1,200,1,rgb_glcm_mcc,
2022_2023,V8,d200_b1,200,1,rgb_glcm_dissimilarity,
2022_2023,V8,d200_b1,200,1,rgb_glcm_inertia,
2022_2023,V8,d200_b1,200,1,rgb_glcm_cluster_shade,
2022_2023,V8,d200_b1,200,1,rgb_glcm_cluster_prominence,
2022_2023,V8,d200_b1,200,1,rgb_glcm_homogeneity,
2022_2023,V8,d200_b1,200,1,rgb_glcmw3_asm,
2022_2023,V8,d200_b1,200,1,rgb_glcmw3_contrast,
2022_2023,V8,d200_b1,200,1,rgb_glcmw3_entropy,
2022_2023,V8,d200_b1,200,1,rgb_glcmw3_correlation,
2022_2023,V8,d200_b1,200,1,rgb_glcmw3_homogeneity,
2022_2023,V8,d200_b1,200,1,rgb_glcmw5_asm,
2022_2023,V8,d200_b1,200,1,rgb_glcmw5_contrast,
2022_2023,V8,d200_b1,200,1,rgb_glcmw5_entropy,
2022_2023,V8,d200_b1,200,1,rgb_glcmw5_correlation,
2022_2023,V8,d200_b1,200,1,rgb_glcmw5_homogeneity,
2022_2023,V8,d200_b1,200,1,rgb_glcmw7_asm,
2022_2023,V8,d200_b1,200,1,rgb_glcmw7_contrast,
2022_2023,V8,d200_b1,200,1,rgb_glcmw7_entropy,
2022_2023,V8,d200_b1,200,1,rgb_glcmw7_correlation,
2022_2023,V8,d200_b1,200,1,rgb_glcmw7_homogeneity,
2023_2024,V8,116,200,2,NDVI,0.724634
2023_2024,V8,116,200,2,GNDVI,0.328166
2023_2024,V8,116,200,2,NDRE,0.257417
2023_2024,V8,116,200,2,CIrededge,0.720393
2023_2024,V8,116,200,2,SAVI,0.640773
2023_2024,V8,116,200,2,EVI,10.622
2023_2024,V8,116,200,2,VARI,0.860209
2023_2024,V8,116,200,2,TGI,0.198017
2023_2024,V8,116,200,2,spec_mean,0.314516
2023_2024,V8,116,200,2,spec_std,0.240054
2023_2024,V8,116,200,2,spec_p10,0.0654872
2023_2024,V8,116,200,2,spec_p50,0.258584
2023_2024,V8,116,200,2,spec_p90,0.694388
2023_2024,V8,116,200,2,glcm_asm,0.021731
2023_2024,V8,116,200,2,glcm_contrast,1.85027
2023_2024,V8,116,200,2,glcm_correlation,0.957704
2023_2024,V8,116,200,2,glcm_variance,21.8728
2023_2024,V8,116,200,2,glcm_idm,0.637352
2023_2024,V8,116,200,2,glcm_sum_average,15.0892
2023_2024,V8,116,200,2,glcm_sum_variance,223.134
2023_2024,V8,116,200,2,glcm_sum_entropy,3.36344
2023_2024,V8,116,200,2,glcm_entropy,4.22847
2023_2024,V8,116,200,2,glcm_diff_entropy,1.26797
2023_2024,V8,116,200,2,glcm_imc1,-0.439924
2023_2024,V8,116,200,2,glcm_imc2,0.952832
2023_2024,V8,116,200,2,glcm_mcc,0.958717
2023_2024,V8,116,200,2,glcm_dissimilarity,0.904611
2023_2024,V8,116,200,2,glcm_inertia,1.85027
2023_2024,V8,116,200,2,glcm_cluster_shade,-169.629
2023_2024,V8,116,200,2,glcm_cluster_prominence,12129.8
2023_2024,V8,116,200,2,glcm_homogeneity,0.667042
2023_2024,V8,116,200,2,glcmw3_asm,0.441628
2023_2024,V8,116,200,2,glcmw3_contrast,0.512243
2023_2024,V8,116,200,2,glcmw3_entropy,1.07527
2023_2024,V8,116,200,2,glcmw3_correlation,0.507832
2023_2024,V8,116,200,2,glcmw3_homogeneity,0.804398
2023_2024,V8,116,200,2,glcmw5_asm,0.317624
2023_2024,V8,116,200,2,glcmw5_contrast,0.51242
2023_2024,V8,116,200,2,glcmw5_entropy,1.55572
2023_2024,V8,116,200,2,glcmw5_correlation,0.70088
2023_2024,V8,116,200,2,glcmw5_homogeneity,0.804345
2023_2024,V8,116,200,2,glcmw7_asm,0.254746
2023_2024,V8,116,200,2,glcmw7_contrast,0.51261
2023_2024,V8,116,200,2,glcmw7_entropy,1.85731
2023_2024,V8,116,200,2,glcmw7_correlation,0.788011
2023_2024,V8,116,200,2,glcmw7_homogeneity,0.804282
2023_2024,V8,116,200,2,rgb_glcm_asm,0.020243
2023_2024,V8,116,200,2,rgb_glcm_contrast,2.13238
2023_2024,V8,116,200,2,rgb_glcm_correlation,0.921454
2023_2024,V8,116,200,2,rgb_glcm_variance,13.574
2023_2024,V8,116,200,2,rgb_glcm_idm,0.593921
2023_2024,V8,116,200,2,rgb_glcm_sum_average,10.6284
2023_2024,V8,116,200,2,rgb_glcm_sum_variance,106.483
2023_2024,V8,116,200,2,rgb_glcm_sum_entropy,3.25821
2023_2024,V8,116,200,2,rgb_glcm_entropy,4.27375
2023_2024,V8,116,200,2,rgb_glcm_diff_entropy,1.32263
2023_2024,V8,116,200,2,rgb_glcm_imc1,-0.361849
2023_2024,V8,116,200,2,rgb_glcm_imc2,0.921213
2023_2024,V8,116,200,2,rgb_glcm_mcc,0.92289
2023_2024,V8,116,200,2,rgb_glcm_dissimilarity,1.01877
2023_2024,V8,116,200,2,rgb_glcm_inertia,2.13238
2023_2024,V8,116,200,2,rgb_glcm_cluster_shade,197.591
2023_2024,V8,116,200,2,rgb_glcm_cluster_prominence,7379.84
2023_2024,V8,116,200,2,rgb_glcm_homogeneity,0.628643
2023_2024,V8,116,200,2,rgb_glcmw3_asm,0.381207
2023_2024,V8,116,200,2,rgb_glcmw3_contrast,0.579658
2023_2024,V8,116,200,2,rgb_glcmw3_entropy,1.21307
2023_2024,V8,116,200,2,rgb_glcmw3_correlation,0.48726
2023_2024,V8,116,200,2,rgb_glcmw3_homogeneity,0.781391
2023_2024,V8,116,200,2,rgb_glcmw5_asm,0.260254
2023_2024,V8,116,200,2,rgb_glcmw5_contrast,0.579597
2023_2024,V8,116,200,2,rgb_glcmw5_entropy,1.72745
2023_2024,V8,116,200,2,rgb_glcmw5_correlation,0.66221
2023_2024,V8,116,200,2,rgb_glcmw5_homogeneity,0.781316
2023_2024,V8,116,200,2,rgb_glcmw7_asm,0.204432
2023_2024,V8,116,200,2,rgb_glcmw7_contrast,0.579685
2023_2024,V8,116,200,2,rgb_glcmw7_entropy,2.02434
2023_2024,V8,116,200,2,rgb_glcmw7_correlation,0.741854
2023_2024,V8,116,200,2,rgb_glcmw7_homogeneity,0.781295
2022_2023,V8,d200_b2,200,2,NDVI,0.634922
2022_2023,V8,d200_b2,200,2,GNDVI,-0.104756
2022_2023,V8,d200_b2,200,2,NDRE,0.208892
2022_2023,V8,d200_b2,200,2,CIrededge,0.5497
2022_2023,V8,d200_b2,200,2,SAVI,0.460484
2022_2023,V8,d200_b2,200,2,EVI,0.573805
2022_2023,V8,d200_b2,200,2,VARI,1.72365
2022_2023,V8,d200_b2,200,2,TGI,0.277745
2022_2023,V8,d200_b2,200,2,spec_mean,0.321254
2022_2023,V8,d200_b2,200,2,spec_std,0.227899
2022_2023,V8,d200_b2,200,2,spec_p10,0.0641653
2022_2023,V8,d200_b2,200,2,spec_p50,0.266755
2022_2023,V8,d200_b2,200,2,spec_p90,0.66225
2022_2023,V8,d200_b2,200,2,glcm_asm,0.027287
2022_2023,V8,d200_b2,200,2,glcm_contrast,1.83455
2022_2023,V8,d200_b2,200,2,glcm_correlation,0.945452
2022_2023,V8,d200_b2,200,2,glcm_variance,16.8148
2022_2023,V8,d200_b2,200,2,glcm_idm,0.642431
2022_2023,V8,d200_b2,200,2,glcm_sum_average,10.5216
2022_2023,V8,d200_b2,200,2,glcm_sum_variance,117.937
2022_2023,V8,d200_b2,200,2,glcm_sum_entropy,3.2811
2022_2023,V8,d200_b2,200,2,glcm_entropy,4.15512
2022_2023,V8,d200_b2,200,2,glcm_diff_entropy,1.25768
2022_2023,V8,d200_b2,200,2,glcm_imc1,-0.428166
2022_2023,V8,d200_b2,200,2,glcm_imc2,0.946565
2022_2023,V8,d200_b2,200,2,glcm_mcc,0.951635
2022_2023,V8,d200_b2,200,2,glcm_dissimilarity,0.889434
2022_2023,V8,d200_b2,200,2,glcm_inertia,1.83455
2022_2023,V8,d200_b2,200,2,glcm_cluster_shade,289.174
2022_2023,V8,d200_b2,200,2,glcm_cluster_prominence,9896.95
2022_2023,V8,d200_b2,200,2,glcm_homogeneity,0.670333
2022_2023,V8,d200_b2,200,2,glcmw3_asm,0.455283
2022_2023,V8,d200_b2,200,2,glcmw3_contrast,0.50713
2022_2023,V8,d200_b2,200,2,glcmw3_entropy,1.05535
2022_2023,V8,d200_b2,200,2,glcmw3_correlation,0.448614
2022_2023,V8,d200_b2,200,2,glcmw3_homogeneity,0.808931
2022_2023,V8,d200_b2,200,2,glcmw5_asm,0.341465
2022_2023,V8,d200_b2,200,2,glcmw5_contrast,0.507754
2022_2023,V8,d200_b2,200,2,glcmw5_entropy,1.51503
2022_2023,V8,d200_b2,200,2,glcmw5_correlation,0.622848
2022_2023,V8,d200_b2,200,2,glcmw5_homogeneity,0.80875
2022_2023,V8,d200_b2,200,2,glcmw7_asm,0.285995
2022_2023,V8,d200_b2,200,2,glcmw7_contrast,0.508161
2022_2023,V8,d200_b2,200,2,glcmw7_entropy,1.795
2022_2023,V8,d200_b2,200,2,glcmw7_correlation,0.711481
2022_2023,V8,d200_b2,200,2,glcmw7_homogeneity,0.80857
2022_2023,V8,d200_b2,200,2,rgb_glcm_asm,
2022_2023,V8,d200_b2,200,2,rgb_glcm_contrast,
2022_2023,V8,d200_b2,200,2,rgb_glcm_correlation,
2022_2023,V8,d200_b2,200,2,rgb_glcm_variance,
2022_2023,V8,d200_b2,200,2,rgb_glcm_idm,
2022_2023,V8,d200_b2,200,2,rgb_glcm_sum_average,
2022_2023,V8,d200_b2,200,2,rgb_glcm_sum_variance,
2022_2023,V8,d200_b2,200,2,rgb_glcm_sum_entropy,
2022_2023,V8,d200_b2,200,2,rgb_glcm_entropy,
2022_2023,V8,d200_b2,200,2,rgb_glcm_diff_entropy,
2022_2023,V8,d200_b2,200,2,rgb_glcm_imc1,
2022_2023,V8,d200_b2,200,2,rgb_glcm_imc2,
2022_2023,V8,d200_b2,200,2,rgb_glcm_mcc,
2022_2023,V8,d200_b2,200,2,rgb_glcm_dissimilarity,
2022_2023,V8,d200_b2,200,2,rgb_glcm_inertia,
2022_2023,V8,d200_b2,200,2,rgb_glcm_cluster_shade,
2022_2023,V8,d200_b2,200,2,rgb_glcm_cluster_prominence,
2022_2023,V8,d200_b2,200,2,rgb_glcm_homogeneity,
2022_2023,V8,d200_b2,200,2,rgb_glcmw3_asm,
2022_2023,V8,d200_b2,200,2,rgb_glcmw3_contrast,
2022_2023,V8,d200_b2,200,2,rgb_glcmw3_entropy,
2022_2023,V8,d200_b2,200,2,rgb_glcmw3_correlation,
2022_2023,V8,d200_b2,200,2,rgb_glcmw3_homogeneity,
2022_2023,V8,d200_b2,200,2,rgb_glcmw5_asm,
2022_2023,V8,d200_b2,200,2,rgb_glcmw5_contrast,
2022_2023,V8,d200_b2,200,2,rgb_glcmw5_entropy,
2022_2023,V8,d200_b2,200,2,rgb_glcmw5_correlation,
2022_2023,V8,d200_b2,200,2,rgb_glcmw5_homogeneity,
2022_2023,V8,d200_b2,200,2,rgb_glcmw7_asm,
2022_2023,V8,d200_b2,200,2,rgb_glcmw7_contrast,
2022_2023,V8,d200_b2,200,2,rgb_glcmw7_entropy,
2022_2023,V8,d200_b2,200,2,rgb_glcmw7_correlation,
2022_2023,V8,d200_b2,200,2,rgb_glcmw7_homogeneity,
2023_2024,V8,121,200,3,NDVI,0.7414
2023_2024,V8,121,200,3,GNDVI,0.325096
2023_2024,V8,121,200,3,NDRE,0.266663
2023_2024,V8,121,200,3,CIrededge,0.754914
2023_2024,V8,121,200,3,SAVI,0.656484
2023_2024,V8,121,200,3,EVI,1.257
2023_2024,V8,121,200,3,VARI,0.8926
2023_2024,V8,121,200,3,TGI,0.212931
2023_2024,V8,121,200,3,spec_mean,0.31926
2023_2024,V8,121,200,3,spec_std,0.246272
2023_2024,V8,121,200,3,spec_p10,0.0597881
2023_2024,V8,121,200,3,spec_p50,0.266483
2023_2024,V8,121,200,3,spec_p90,0.716977
2023_2024,V8,121,200,3,glcm_asm,0.0232201
2023_2024,V8,121,200,3,glcm_contrast,1.73795
2023_2024,V8,121,200,3,glcm_correlation,0.960714
2023_2024,V8,121,200,3,glcm_variance,22.1194
2023_2024,V8,121,200,3,glcm_idm,0.642318
2023_2024,V8,121,200,3,glcm_sum_average,15.272
2023_2024,V8,121,200,3,glcm_sum_variance,228.972
2023_2024,V8,121,200,3,glcm_sum_entropy,3.34591
2023_2024,V8,121,200,3,glcm_entropy,4.18358
2023_2024,V8,121,200,3,glcm_diff_entropy,1.24573
2023_2024,V8,121,200,3,glcm_imc1,-0.448417
2023_2024,V8,121,200,3,glcm_imc2,0.954418
2023_2024,V8,121,200,3,glcm_mcc,0.961821
2023_2024,V8,121,200,3,glcm_dissimilarity,0.879618
2023_2024,V8,121,200,3,glcm_inertia,1.73795
2023_2024,V8,121,200,3,glcm_cluster_shade,-228.007
2023_2024,V8,121,200,3,glcm_cluster_prominence,12677.9
2023_2024,V8,121,200,3,glcm_homogeneity,0.671083
2023_2024,V8,121,200,3,glcmw3_asm,0.452844
2023_2024,V8,121,200,3,glcmw3_contrast,0.483685
2023_2024,V8,121,200,3,glcmw3_entropy,1.05056
2023_2024,V8,121,200,3,glcmw3_correlation,0.498802
2023_2024,V8,121,200,3,glcmw3_homogeneity,0.80982
2023_2024,V8,121,200,3,glcmw5_asm,0.330505
2023_2024,V8,121,200,3,glcmw5_contrast,0.483804
2023_2024,V8,121,200,3,glcmw5_entropy,1.52128
2023_2024,V8,121,200,3,glcmw5_correlation,0.689766
2023_2024,V8,121,200,3,glcmw5_homogeneity,0.809767
2023_2024,V8,121,200,3,glcmw7_asm,0.268612
2023_2024,V8,121,200,3,glcmw7_contrast,0.483594
2023_2024,V8,121,200,3,glcmw7_entropy,1.81818
2023_2024,V8,121,200,3,glcmw7_correlation,0.777879
2023_2024,V8,121,200,3,glcmw7_homogeneity,0.8098
2023_2024,V8,121,200,3,rgb_glcm_asm,0.0188933
2023_2024,V8,121,200,3,rgb_glcm_contrast,2.52829
2023_2024,V8,121,200,3,rgb_glcm_correlation,0.914596
2023_2024,V8,121,200,3,rgb_glcm_variance,14.802
2023_2024,V8,121,200,3,rgb_glcm_idm,0.570083
2023_2024,V8,121,200,3,rgb_glcm_sum_average,11.1235
2023_2024,V8,121,200,3,rgb_glcm_sum_variance,117.976
2023_2024,V8,121,200,3,rgb_glcm_sum_entropy,3.29433
2023_2024,V8,121,200,3,rgb_glcm_entropy,4.3808
2023_2024,V8,121,200,3,rgb_glcm_diff_entropy,1.39108
2023_2024,V8,121,200,3,rgb_glcm_imc1,-0.343598
2023_2024,V8,121,200,3,rgb_glcm_imc2,0.915186
2023_2024,V8,121,200,3,rgb_glcm_mcc,0.917468
2023_2024,V8,121,200,3,rgb_glcm_dissimilarity,1.11608
2023_2024,V8,121,200,3,rgb_glcm_inertia,2.52829
2023_2024,V8,121,200,3,rgb_glcm_cluster_shade,160.738
2023_2024,V8,121,200,3,rgb_glcm_cluster_prominence,7637.06
2023_2024,V8,121,200,3,rgb_glcm_homogeneity,0.609594
2023_2024,V8,121,200,3,rgb_glcmw3_asm,0.363274
2023_2024,V8,121,200,3,rgb_glcmw3_contrast,0.665301
2023_2024,V8,121,200,3,rgb_glcmw3_entropy,1.26661
2023_2024,V8,121,200,3,rgb_glcmw3_correlation,0.511674
2023_2024,V8,121,200,3,rgb_glcmw3_homogeneity,0.765416
2023_2024,V8,121,200,3,rgb_glcmw5_asm,0.244444
2023_2024,V8,121,200,3,rgb_glcmw5_contrast,0.665085
2023_2024,V8,121,200,3,rgb_glcmw5_entropy,1.80294
2023_2024,V8,121,200,3,rgb_glcmw5_correlation,0.680577
2023_2024,V8,121,200,3,rgb_glcmw5_homogeneity,0.765479
2023_2024,V8,121,200,3,rgb_glcmw7_asm,0.190631
2023_2024,V8,121,200,3,rgb_glcmw7_contrast,0.664677
2023_2024,V8,121,200,3,rgb_glcmw7_entropy,2.11356
2023_2024,V8,121,200,3,rgb_glcmw7_correlation,0.757002
2023_2024,V8,121,200,3,rgb_glcmw7_homogeneity,0.76551
2022_2023,V8,d200_b3,200,3,NDVI,0.680616
2022_2023,V8,d200_b3,200,3,GNDVI,-0.11031
2022_2023,V8,d200_b3,200,3,NDRE,0.225673
2022_2023,V8,d200_b3,200,3,CIrededge,0.606674
2022_2023,V8,d200_b3,200,3,SAVI,0.480791
2022_2023,V8,d200_b3,200,3,EVI,4.5489
2022_2023,V8,d200_b3,200,3,VARI,1.80053
2022_2023,V8,d200_b3,200,3,TGI,0.289496
2022_2023,V8,d200_b3,200,3,spec_mean,0.31338
2022_2023,V8,d200_b3,200,3,spec_std,0.233871
2022_2023,V8,d200_b3,200,3,spec_p10,0.0520402
2022_2023,V8,d200_b3,200,3,spec_p50,0.254775
2022_2023,V8,d200_b3,200,3,spec_p90,0.665866
2022_2023,V8,d200_b3,200,3,glcm_asm,0.0252027
2022_2023,V8,d200_b3,200,3,glcm_contrast,1.92052
2022_2023,V8,d200_b3,200,3,glcm_correlation,0.944336
2022_2023,V8,d200_b3,200,3,glcm_variance,17.2508
2022_2023,V8,d200_b3,200,3,glcm_idm,0.630607
2022_2023,V8,d200_b3,200,3,glcm_sum_average,10.8593
2022_2023,V8,d200_b3,200,3,glcm_sum_variance,124.232
2022_2023,V8,d200_b3,200,3,glcm_sum_entropy,3.3002
2022_2023,V8,d200_b3,200,3,glcm_entropy,4.20686
2022_2023,V8,d200_b3,200,3,glcm_diff_entropy,1.2791
2022_2023,V8,d200_b3,200,3,glcm_imc1,-0.417971
2022_2023,V8,d200_b3,200,3,glcm_imc2,0.944294
2022_2023,V8,d200_b3,200,3,glcm_mcc,0.949734
2022_2023,V8,d200_b3,200,3,glcm_dissimilarity,0.923797
2022_2023,V8,d200_b3,200,3,glcm_inertia,1.92052
2022_2023,V8,d200_b3,200,3,glcm_cluster_shade,253.47
2022_2023,V8,d200_b3,200,3,glcm_cluster_prominence,9763.8
2022_2023,V8,d200_b3,200,3,glcm_homogeneity,0.660336
2022_2023,V8,d200_b3,200,3,glcmw3_asm,0.439299
2022_2023,V8,d200_b3,200,3,glcmw3_contrast,0.5283
2022_2023,V8,d200_b3,200,3,glcmw3_entropy,1.09117
2022_2023,V8,d200_b3,200,3,glcmw3_correlation,0.468756
2022_2023,V8,d200_b3,200,3,glcmw3_homogeneity,0.801831
2022_2023,V8,d200_b3,200,3,glcmw5_asm,0.32459
2022_2023,V8,d200_b3,200,3,glcmw5_contrast,0.528839
2022_2023,V8,d200_b3,200,3,glcmw5_entropy,1.56659
2022_2023,V8,d200_b3,200,3,glcmw5_correlation,0.640473
2022_2023,V8,d200_b3,200,3,glcmw5_homogeneity,0.80169
2022_2023,V8,d200_b3,200,3,glcmw7_asm,0.269513
2022_2023,V8,d200_b3,200,3,glcmw7_contrast,0.529148
2022_2023,V8,d200_b3,200,3,glcmw7_entropy,1.85677
2022_2023,V8,d200_b3,200,3,glcmw7_correlation,0.725416
2022_2023,V8,d200_b3,200,3,glcmw7_homogeneity,0.801554
2022_2023,V8,d200_b3,200,3,rgb_glcm_asm,
2022_2023,V8,d200_b3,200,3,rgb_glcm_contrast,
2022_2023,V8,d200_b3,200,3,rgb_glcm_correlation,
2022_2023,V8,d200_b3,200,3,rgb_glcm_variance,
2022_2023,V8,d200_b3,200,3,rgb_glcm_idm,
2022_2023,V8,d200_b3,200,3,rgb_glcm_sum_average,
2022_2023,V8,d200_b3,200,3,rgb_glcm_sum_variance,
2022_2023,V8,d200_b3,200,3,rgb_glcm_sum_entropy,
2022_2023,V8,d200_b3,200,3,rgb_glcm_entropy,
2022_2023,V8,d200_b3,200,3,rgb_glcm_diff_entropy,
2022_2023,V8,d200_b3,200,3,rgb_glcm_imc1,
2022_2023,V8,d200_b3,200,3,rgb_glcm_imc2,
2022_2023,V8,d200_b3,200,3,rgb_glcm_mcc,
2022_2023,V8,d200_b3,200,3,rgb_glcm_dissimilarity,
2022_2023,V8,d200_b3,200,3,rgb_glcm_inertia,
2022_2023,V8,d200_b3,200,3,rgb_glcm_cluster_shade,
2022_2023,V8,d200_b3,200,3,rgb_glcm_cluster_prominence,
2022_2023,V8,d200_b3,200,3,rgb_glcm_homogeneity,
2022_2023,V8,d200_b3,200,3,rgb_glcmw3_asm,
2022_2023,V8,d200_b3,200,3,rgb_glcmw3_contrast,
2022_2023,V8,d200_b3,200,3,rgb_glcmw3_entropy,
2022_2023,V8,d200_b3,200,3,rgb_glcmw3_correlation,
2022_2023,V8,d200_b3,200,3,rgb_glcmw3_homogeneity,
2022_2023,V8,d200_b3,200,3,rgb_glcmw5_asm,
2022_2023,V8,d200_b3,200,3,rgb_glcmw5_contrast,
2022_2023,V8,d200_b3,200,3,rgb_glcmw5_entropy,
2022_2023,V8,d200_b3,200,3,rgb_glcmw5_correlation,
2022_2023,V8,d200_b3,200,3,rgb_glcmw5_homogeneity,
2022_2023,V8,d200_b3,200,3,rgb_glcmw7_asm,
2022_2023,V8,d200_b3,200,3,rgb_glcmw7_contrast,
2022_2023,V8,d200_b3,200,3,rgb_glcmw7_entropy,
2022_2023,V8,d200_b3,200,3,rgb_glcmw7_correlation,
2022_2023,V8,d200_b3,200,3,rgb_glcmw7_homogeneity,
2023_2024,V8,133,200,4,NDVI,0.72872
2023_2024,V8,133,200,4,GNDVI,0.286174
2023_2024,V8,133,200,4,NDRE,0.267799
2023_2024,V8,133,200,4,CIrededge,0.763339
2023_2024,V8,133,200,4,SAVI,0.642682
2023_2024,V8,133,200,4,EVI,1.36268
2023_2024,V8,133,200,4,VARI,0.938331
2023_2024,V8,133,200,4,TGI,0.224096
2023_2024,V8,133,200,4,spec_mean,0.322168
2023_2024,V8,133,200,4,spec_std,0.243756
2023_2024,V8,133,200,4,spec_p10,0.0610388
2023_2024,V8,133,200,4,spec_p50,0.273753
2023_2024,V8,133,200,4,spec_p90,0.704517
2023_2024,V8,133,200,4,glcm_asm,0.0236276
2023_2024,V8,133,200,4,glcm_contrast,1.87894
2023_2024,V8,133,200,4,glcm_correlation,0.959418
2023_2024,V8,133,200,4,glcm_variance,23.1498
2023_2024,V8,133,200,4,glcm_idm,0.63606
2023_2024,V8,133,200,4,glcm_sum_average,14.8212
2023_2024,V8,133,200,4,glcm_sum_variance,222.523
2023_2024,V8,133,200,4,glcm_sum_entropy,3.34071
2023_2024,V8,133,200,4,glcm_entropy,4.19557
2023_2024,V8,133,200,4,glcm_diff_entropy,1.27535
2023_2024,V8,133,200,4,glcm_imc1,-0.441912
2023_2024,V8,133,200,4,glcm_imc2,0.952598
2023_2024,V8,133,200,4,glcm_mcc,0.960488
2023_2024,V8,133,200,4,glcm_dissimilarity,0.911258
2023_2024,V8,133,200,4,glcm_inertia,1.87894
2023_2024,V8,133,200,4,glcm_cluster_shade,-147.535
2023_2024,V8,133,200,4,glcm_cluster_prominence,12900.7
2023_2024,V8,133,200,4,glcm_homogeneity,0.666465
2023_2024,V8,133,200,4,glcmw3_asm,0.449112
2023_2024,V8,133,200,4,glcmw3_contrast,0.513516
2023_2024,V8,133,200,4,glcmw3_entropy,1.06348
2023_2024,V8,133,200,4,glcmw3_correlation,0.50331
2023_2024,V8,133,200,4,glcmw3_homogeneity,0.804372
2023_2024,V8,133,200,4,glcmw5_asm,0.328302
2023_2024,V8,133,200,4,glcmw5_contrast,0.513475
2023_2024,V8,133,200,4,glcmw5_entropy,1.53702
2023_2024,V8,133,200,4,glcmw5_correlation,0.691699
2023_2024,V8,133,200,4,glcmw5_homogeneity,0.804379
2023_2024,V8,133,200,4,glcmw7_asm,0.266978
2023_2024,V8,133,200,4,glcmw7_contrast,0.513483
2023_2024,V8,133,200,4,glcmw7_entropy,1.83665
2023_2024,V8,133,200,4,glcmw7_correlation,0.780266
2023_2024,V8,133,200,4,glcmw7_homogeneity,0.804367
2023_2024,V8,133,200,4,rgb_glcm_asm,0.0190608
2023_2024,V8,133,200,4,rgb_glcm_contrast,2.48275
2023_2024,V8,133,200,4,rgb_glcm_correlation,0.920626
2023_2024,V8,133,200,4,rgb_glcm_variance,15.6395
2023_2024,V8,133,200,4,rgb_glcm_idm,0.578174
2023_2024,V8,133,200,4,rgb_glcm_sum_average,11.3169
2023_2024,V8,133,200,4,rgb_glcm_sum_variance,124.146
2023_2024,V8,133,200,4,rgb_glcm_sum_entropy,3.3125
2023_2024,V8,133,200,4,rgb_glcm_entropy,4.38607
2023_2024,V8,133,200,4,rgb_glcm_diff_entropy,1.38179
2023_2024,V8,133,200,4,rgb_glcm_imc1,-0.352871
2023_2024,V8,133,200,4,rgb_glcm_imc2,0.92049
2023_2024,V8,133,200,4,rgb_glcm_mcc,0.922247
2023_2024,V8,133,200,4,rgb_glcm_dissimilarity,1.09412
2023_2024,V8,133,200,4,rgb_glcm_inertia,2.48275
2023_2024,V8,133,200,4,rgb_glcm_cluster_shade,161.761
2023_2024,V8,133,200,4,rgb_glcm_cluster_prominence,8098.86
2023_2024,V8,133,200,4,rgb_glcm_homogeneity,0.616137
2023_2024,V8,133,200,4,rgb_glcmw3_asm,0.370399
2023_2024,V8,133,200,4,rgb_glcmw3_contrast,0.655803
2023_2024,V8,133,200,4,rgb_glcmw3_entropy,1.24806
2023_2024,V8,133,200,4,rgb_glcmw3_correlation,0.494222
2023_2024,V8,133,200,4,rgb_glcmw3_homogeneity,0.770005
2023_2024,V8,133,200,4,rgb_glcmw5_asm,0.251652
2023_2024,V8,133,200,4,rgb_glcmw5_contrast,0.655633
2023_2024,V8,133,200,4,rgb_glcmw5_entropy,1.77395
2023_2024,V8,133,200,4,rgb_glcmw5_correlation,0.666098
2023_2024,V8,133,200,4,rgb_glcmw5_homogeneity,0.770043
2023_2024,V8,133,200,4,rgb_glcmw7_asm,0.197347
2023_2024,V8,133,200,4,rgb_glcmw7_contrast,0.655952
2023_2024,V8,133,200,4,rgb_glcmw7_entropy,2.07774
2023_2024,V8,133,200,4,rgb_glcmw7_correlation,0.744353
2023_2024,V8,133,200,4,rgb_glcmw7_homogeneity,0.769939
2022_2023,V8,d200_b4,200,4,NDVI,0.713455
2022_2023,V8,d200_b4,200,4,GNDVI,-0.0735678
2022_2023,V8,d200_b4,200,4,NDRE,0.258789
2022_2023,V8,d200_b4,200,4,CIrededge,0.732922
2022_2023,V8,d200_b4,200,4,SAVI,0.517331
2022_2023,V8,d200_b4,200,4,EVI,0.750947
2022_2023,V8,d200_b4,200,4,VARI,1.79371
2022_2023,V8,d200_b4,200,4,TGI,0.29557
2022_2023,V8,d200_b4,200,4,spec_mean,0.317108
2022_2023,V8,d200_b4,200,4,spec_std,0.236437
2022_2023,V8,d200_b4,200,4,spec_p10,0.048499
2022_2023,V8,d200_b4,200,4,spec_p50,0.262139
2022_2023,V8,d200_b4,200,4,spec_p90,0.674176
2022_2023,V8,d200_b4,200,4,glcm_asm,0.025461
2022_2023,V8,d200_b4,200,4,glcm_contrast,1.67349
2022_2023,V8,d200_b4,200,4,glcm_correlation,0.950064
2022_2023,V8,d200_b4,200,4,glcm_variance,16.7712
2022_2023,V8,d200_b4,200,4,glcm_idm,0.650087
2022_2023,V8,d200_b4,200,4,glcm_sum_average,11.1384
2022_2023,V8,d200_b4,200,4,glcm_sum_variance,127.187
2022_2023,V8,d200_b4,200,4,glcm_sum_entropy,3.30146
2022_2023,V8,d200_b4,200,4,glcm_entropy,4.16151
2022_2023,V8,d200_b4,200,4,glcm_diff_entropy,1.22321
2022_2023,V8,d200_b4,200,4,glcm_imc1,-0.437295
2022_2023,V8,d200_b4,200,4,glcm_imc2,0.949755
2022_2023,V8,d200_b4,200,4,glcm_mcc,0.954115
2022_2023,V8,d200_b4,200,4,glcm_dissimilarity,0.852964
2022_2023,V8,d200_b4,200,4,glcm_inertia,1.67349
2022_2023,V8,d200_b4,200,4,glcm_cluster_shade,207.453
2022_2023,V8,d200_b4,200,4,glcm_cluster_prominence,9284.21
2022_2023,V8,d200_b4,200,4,glcm_homogeneity,0.67646
2022_2023,V8,d200_b4,200,4,glcmw3_asm,0.457797
2022_2023,V8,d200_b4,200,4,glcmw3_contrast,0.470348
2022_2023,V8,d200_b4,200,4,glcmw3_entropy,1.03946
2022_2023,V8,d200_b4,200,4,glcmw3_correlation,0.461754
2022_2023,V8,d200_b4,200,4,glcmw3_homogeneity,0.815445
2022_2023,V8,d200_b4,200,4,glcmw5_asm,0.338805
2022_2023,V8,d200_b4,200,4,glcmw5_contrast,0.47041
2022_2023,V8,d200_b4,200,4,glcmw5_entropy,1.49906
2022_2023,V8,d200_b4,200,4,glcmw5_correlation,0.646502
2022_2023,V8,d200_b4,200,4,glcmw5_homogeneity,0.815442
2022_2023,V8,d200_b4,200,4,glcmw7_asm,0.279611
2022_2023,V8,d200_b4,200,4,glcmw7_contrast,0.470522
2022_2023,V8,d200_b4,200,4,glcmw7_entropy,1.78372
2022_2023,V8,d200_b4,200,4,glcmw7_correlation,0.737445
2022_2023,V8,d200_b4,200,4,glcmw7_homogeneity,0.815408
2022_2023,V8,d200_b4,200,4,rgb_glcm_asm,
2022_2023,V8,d200_b4,200,4,rgb_glcm_contrast,
2022_2023,V8,d200_b4,200,4,rgb_glcm_correlation,
2022_2023,V8,d200_b4,200,4,rgb_glcm_variance,
2022_2023,V8,d200_b4,200,4,rgb_glcm_idm,
2022_2023,V8,d200_b4,200,4,rgb_glcm_sum_average,
2022_2023,V8,d200_b4,200,4,rgb_glcm_sum_variance,
2022_2023,V8,d200_b4,200,4,rgb_glcm_sum_entropy,
2022_2023,V8,d200_b4,200,4,rgb_glcm_entropy,
2022_2023,V8,d200_b4,200,4,rgb_glcm_diff_entropy,
2022_2023,V8,d200_b4,200,4,rgb_glcm_imc1,
2022_2023,V8,d200_b4,200,4,rgb_glcm_imc2,
2022_2023,V8,d200_b4,200,4,rgb_glcm_mcc,
2022_2023,V8,d200_b4,200,4,rgb_glcm_dissimilarity,
2022_2023,V8,d200_b4,200,4,rgb_glcm_inertia,
2022_2023,V8,d200_b4,200,4,rgb_glcm_cluster_shade,
2022_2023,V8,d200_b4,200,4,rgb_glcm_cluster_prominence,
2022_2023,V8,d200_b4,200,4,rgb_glcm_homogeneity,
2022_2023,V8,d200_b4,200,4,rgb_glcmw3_asm,
2022_2023,V8,d200_b4,200,4,rgb_glcmw3_contrast,
2022_2023,V8,d200_b4,200,4,rgb_glcmw3_entropy,
2022_2023,V8,d200_b4,200,4,rgb_glcmw3_correlation,
2022_2023,V8,d200_b4,200,4,rgb_glcmw3_homogeneity,
2022_2023,V8,d200_b4,200,4,rgb_glcmw5_asm,
2022_2023,V8,d200_b4,200,4,rgb_glcmw5_contrast,
2022_2023,V8,d200_b4,200,4,rgb_glcmw5_entropy,
2022_2023,V8,d200_b4,200,4,rgb_glcmw5_correlation,
2022_2023,V8,d200_b4,200,4,rgb_glcmw5_homogeneity,
2022_2023,V8,d200_b4,200,4,rgb_glcmw7_asm,
2022_2023,V8,d200_b4,200,4,rgb_glcmw7_contrast,
2022_2023,V8,d200_b4,200,4,rgb_glcmw7_entropy,
2022_2023,V8,d200_b4,200,4,rgb_glcmw7_correlation,
2022_2023,V8,d200_b4,200,4,rgb_glcmw7_homogeneity,
2023_2024,V8,71,300,1,NDVI,0.712365
2023_2024,V8,71,300,1,GNDVI,0.298035
2023_2024,V8,71,300,1,NDRE,0.238439
2023_2024,V8,71,300,1,CIrededge,0.644575
2023_2024,V8,71,300,1,SAVI,0.636262
2023_2024,V8,71,300,1,EVI,0.612944
2023_2024,V8,71,300,1,VARI,0.86145
2023_2024,V8,71,300,1,TGI,0.216505
2023_2024,V8,71,300,1,spec_mean,0.32913
2023_2024,V8,71,300,1,spec_std,0.241394
2023_2024,V8,71,300,1,spec_p10,0.0722356
2023_2024,V8,71,300,1,spec_p50,0.275389
2023_2024,V8,71,300,1,spec_p90,0.711165
2023_2024,V8,71,300,1,glcm_asm,0.0218309
2023_2024,V8,71,300,1,glcm_contrast,1.78257
2023_2024,V8,71,300,1,glcm_correlation,0.957907
2023_2024,V8,71,300,1,glcm_variance,21.1743
2023_2024,V8,71,300,1,glcm_idm,0.631105
2023_2024,V8,71,300,1,glcm_sum_average,15.1239
2023_2024,V8,71,300,1,glcm_sum_variance,221.257
2023_2024,V8,71,300,1,glcm_sum_entropy,3.36199
2023_2024,V8,71,300,1,glcm_entropy,4.21459
2023_2024,V8,71,300,1,glcm_diff_entropy,1.25829
2023_2024,V8,71,300,1,glcm_imc1,-0.445396
2023_2024,V8,71,300,1,glcm_imc2,0.954269
2023_2024,V8,71,300,1,glcm_mcc,0.959372
2023_2024,V8,71,300,1,glcm_dissimilarity,0.906538
2023_2024,V8,71,300,1,glcm_inertia,1.78257
2023_2024,V8,71,300,1,glcm_cluster_shade,-198.051
2023_2024,V8,71,300,1,glcm_cluster_prominence,11981.1
2023_2024,V8,71,300,1,glcm_homogeneity,0.661608
2023_2024,V8,71,300,1,glcmw3_asm,0.440334
2023_2024,V8,71,300,1,glcmw3_contrast,0.49507
2023_2024,V8,71,300,1,glcmw3_entropy,1.07767
2023_2024,V8,71,300,1,glcmw3_correlation,0.511246
2023_2024,V8,71,300,1,glcmw3_homogeneity,0.803291
2023_2024,V8,71,300,1,glcmw5_asm,0.318343
2023_2024,V8,71,300,1,glcmw5_contrast,0.495277
2023_2024,V8,71,300,1,glcmw5_entropy,1.55545
2023_2024,V8,71,300,1,glcmw5_correlation,0.697392
2023_2024,V8,71,300,1,glcmw5_homogeneity,0.803183
2023_2024,V8,71,300,1,glcmw7_asm,0.257491
2023_2024,V8,71,300,1,glcmw7_contrast,0.495315
2023_2024,V8,71,300,1,glcmw7_entropy,1.85422
2023_2024,V8,71,300,1,glcmw7_correlation,0.782034
2023_2024,V8,71,300,1,glcmw7_homogeneity,0.803161
2023_2024,V8,71,300,1,rgb_glcm_asm,0.0195932
2023_2024,V8,71,300,1,rgb_glcm_contrast,2.30832
2023_2024,V8,71,300,1,rgb_glcm_correlation,0.914364
2023_2024,V8,71,300,1,rgb_glcm_variance,13.4774
2023_2024,V8,71,300,1,rgb_glcm_idm,0.582588
2023_2024,V8,71,300,1,rgb_glcm_sum_average,10.8136
2023_2024,V8,71,300,1,rgb_glcm_sum_variance,108.631
2023_2024,V8,71,300,1,rgb_glcm_sum_entropy,3.2618
2023_2024,V8,71,300,1,rgb_glcm_entropy,4.31492
2023_2024,V8,71,300,1,rgb_glcm_diff_entropy,1.35147
2023_2024,V8,71,300,1,rgb_glcm_imc1,-0.347166
2023_2024,V8,71,300,1,rgb_glcm_imc2,0.914755
2023_2024,V8,71,300,1,rgb_glcm_mcc,0.915596
2023_2024,V8,71,300,1,rgb_glcm_dissimilarity,1.0624
2023_2024,V8,71,300,1,rgb_glcm_inertia,2.30832
2023_2024,V8,71,300,1,rgb_glcm_cluster_shade,189.665
2023_2024,V8,71,300,1,rgb_glcm_cluster_prominence,7290.09
2023_2024,V8,71,300,1,rgb_glcm_homogeneity,0.619017
2023_2024,V8,71,300,1,rgb_glcmw3_asm,0.370901
2023_2024,V8,71,300,1,rgb_glcmw3_contrast,0.618456
2023_2024,V8,71,300,1,rgb_glcmw3_entropy,1.23902
2023_2024,V8,71,300,1,rgb_glcmw3_correlation,0.494609
2023_2024,V8,71,300,1,rgb_glcmw3_homogeneity,0.774952
2023_2024,V8,71,300,1,rgb_glcmw5_asm,0.250025
2023_2024,V8,71,300,1,rgb_glcmw5_contrast,0.618035
2023_2024,V8,71,300,1,rgb_glcmw5_entropy,1.76426
2023_2024,V8,71,300,1,rgb_glcmw5_correlation,0.667102
2023_2024,V8,71,300,1,rgb_glcmw5_homogeneity,0.775031
2023_2024,V8,71,300,1,rgb_glcmw7_asm,0.195402
2023_2024,V8,71,300,1,rgb_glcmw7_contrast,0.617852
2023_2024,V8,71,300,1,rgb_glcmw7_entropy,2.06613
2023_2024,V8,71,300,1,rgb_glcmw7_correlation,0.743829
2023_2024,V8,71,300,1,rgb_glcmw7_homogeneity,0.775074
2022_2023,V8,d300_b1,300,1,NDVI,0.687581
2022_2023,V8,d300_b1,300,1,GNDVI,-0.0465456
2022_2023,V8,d300_b1,300,1,NDRE,0.250009
2022_2023,V8,d300_b1,300,1,CIrededge,0.699047
2022_2023,V8,d300_b1,300,1,SAVI,0.488644
2022_2023,V8,d300_b1,300,1,EVI,0.842631
2022_2023,V8,d300_b1,300,1,VARI,1.76059
2022_2023,V8,d300_b1,300,1,TGI,0.255383
2022_2023,V8,d300_b1,300,1,spec_mean,0.295927
2022_2023,V8,d300_b1,300,1,spec_std,0.223244
2022_2023,V8,d300_b1,300,1,spec_p10,0.050138
2022_2023,V8,d300_b1,300,1,spec_p50,0.238293
2022_2023,V8,d300_b1,300,1,spec_p90,0.630814
2022_2023,V8,d300_b1,300,1,glcm_asm,0.0272201
2022_2023,V8,d300_b1,300,1,glcm_contrast,1.81167
2022_2023,V8,d300_b1,300,1,glcm_correlation,0.946326
2022_2023,V8,d300_b1,300,1,glcm_variance,16.8773
2022_2023,V8,d300_b1,300,1,glcm_idm,0.647362
2022_2023,V8,d300_b1,300,1,glcm_sum_average,10.6165
2022_2023,V8,d300_b1,300,1,glcm_sum_variance,119.593
2022_2023,V8,d300_b1,300,1,glcm_sum_entropy,3.28332
2022_2023,V8,d300_b1,300,1,glcm_entropy,4.15839
2022_2023,V8,d300_b1,300,1,glcm_diff_entropy,1.25213
2022_2023,V8,d300_b1,300,1,glcm_imc1,-0.428971
2022_2023,V8,d300_b1,300,1,glcm_imc2,0.946978
2022_2023,V8,d300_b1,300,1,glcm_mcc,0.95165
2022_2023,V8,d300_b1,300,1,glcm_dissimilarity,0.877521
2022_2023,V8,d300_b1,300,1,glcm_inertia,1.81167
2022_2023,V8,d300_b1,300,1,glcm_cluster_shade,267.452
2022_2023,V8,d300_b1,300,1,glcm_cluster_prominence,9773.63
2022_2023,V8,d300_b1,300,1,glcm_homogeneity,0.674784
2022_2023,V8,d300_b1,300,1,glcmw3_asm,0.458532
2022_2023,V8,d300_b1,300,1,glcmw3_contrast,0.501269
2022_2023,V8,d300_b1,300,1,glcmw3_entropy,1.04932
2022_2023,V8,d300_b1,300,1,glcmw3_correlation,0.446408
2022_2023,V8,d300_b1,300,1,glcmw3_homogeneity,0.811743
2022_2023,V8,d300_b1,300,1,glcmw5_asm,0.344022
2022_2023,V8,d300_b1,300,1,glcmw5_contrast,0.501559
2022_2023,V8,d300_b1,300,1,glcmw5_entropy,1.50798
2022_2023,V8,d300_b1,300,1,glcmw5_correlation,0.622688
2022_2023,V8,d300_b1,300,1,glcmw5_homogeneity,0.811657
2022_2023,V8,d300_b1,300,1,glcmw7_asm,0.288657
2022_2023,V8,d300_b1,300,1,glcmw7_contrast,0.501416
2022_2023,V8,d300_b1,300,1,glcmw7_entropy,1.78556
2022_2023,V8,d300_b1,300,1,glcmw7_correlation,0.711881
2022_2023,V8,d300_b1,300,1,glcmw7_homogeneity,0.811676
2022_2023,V8,d300_b1,300,1,rgb_glcm_asm,
2022_2023,V8,d300_b1,300,1,rgb_glcm_contrast,
2022_2023,V8,d300_b1,300,1,rgb_glcm_correlation,
2022_2023,V8,d300_b1,300,1,rgb_glcm_variance,
2022_2023,V8,d300_b1,300,1,rgb_glcm_idm,
2022_2023,V8,d300_b1,300,1,rgb_glcm_sum_average,
2022_2023,V8,d300_b1,300,1,rgb_glcm_sum_variance,
2022_2023,V8,d300_b1,300,1,rgb_glcm_sum_entropy,
2022_2023,V8,d300_b1,300,1,rgb_glcm_entropy,
2022_2023,V8,d300_b1,300,1,rgb_glcm_diff_entropy,
2022_2023,V8,d300_b1,300,1,rgb_glcm_imc1,
2022_2023,V8,d300_b1,300,1,rgb_glcm_imc2,
2022_2023,V8,d300_b1,300,1,rgb_glcm_mcc,
2022_2023,V8,d300_b1,300,1,rgb_glcm_dissimilarity,
2022_2023,V8,d300_b1,300,1,rgb_glcm_inertia,
2022_2023,V8,d300_b1,300,1,rgb_glcm_cluster_shade,
2022_2023,V8,d300_b1,300,1,rgb_glcm_cluster_prominence,
2022_2023,V8,d300_b1,300,1,rgb_glcm_homogeneity,
2022_2023,V8,d300_b1,300,1,rgb_glcmw3_asm,
2022_2023,V8,d300_b1,300,1,rgb_glcmw3_contrast,
2022_2023,V8,d300_b1,300,1,rgb_glcmw3_entropy,
2022_2023,V8,d300_b1,300,1,rgb_glcmw3_correlation,
2022_2023,V8,d300_b1,300,1,rgb_glcmw3_homogeneity,
2022_2023,V8,d300_b1,300,1,rgb_glcmw5_asm,
2022_2023,V8,d300_b1,300,1,rgb_glcmw5_contrast,
2022_2023,V8,d300_b1,300,1,rgb_glcmw5_entropy,
2022_2023,V8,d300_b1,300,1,rgb_glcmw5_correlation,
2022_2023,V8,d300_b1,300,1,rgb_glcmw5_homogeneity,
2022_2023,V8,d300_b1,300,1,rgb_glcmw7_asm,
2022_2023,V8,d300_b1,300,1,rgb_glcmw7_contrast,
2022_2023,V8,d300_b1,300,1,rgb_glcmw7_entropy,
2022_2023,V8,d300_b1,300,1,rgb_glcmw7_correlation,
2022_2023,V8,d300_b1,300,1,rgb_glcmw7_homogeneity,
2023_2024,V8,114,300,2,NDVI,0.761495
2023_2024,V8,114,300,2,GNDVI,0.327454
2023_2024,V8,114,300,2,NDRE,0.269004
2023_2024,V8,114,300,2,CIrededge,0.769313
2023_2024,V8,114,300,2,SAVI,0.662428
2023_2024,V8,114,300,2,EVI,1.83924
2023_2024,V8,114,300,2,VARI,0.962009
2023_2024,V8,114,300,2,TGI,0.208947
2023_2024,V8,114,300,2,spec_mean,0.311026
2023_2024,V8,114,300,2,spec_std,0.24342
2023_2024,V8,114,300,2,spec_p10,0.0555687
2023_2024,V8,114,300,2,spec_p50,0.255065
2023_2024,V8,114,300,2,spec_p90,0.697225
2023_2024,V8,114,300,2,glcm_asm,0.0208175
2023_2024,V8,114,300,2,glcm_contrast,1.71284
2023_2024,V8,114,300,2,glcm_correlation,0.958188
2023_2024,V8,114,300,2,glcm_variance,20.4826
2023_2024,V8,114,300,2,glcm_idm,0.641225
2023_2024,V8,114,300,2,glcm_sum_average,15.273
2023_2024,V8,114,300,2,glcm_sum_variance,222.022
2023_2024,V8,114,300,2,glcm_sum_entropy,3.36487
2023_2024,V8,114,300,2,glcm_entropy,4.22524
2023_2024,V8,114,300,2,glcm_diff_entropy,1.241
2023_2024,V8,114,300,2,glcm_imc1,-0.441687
2023_2024,V8,114,300,2,glcm_imc2,0.953334
2023_2024,V8,114,300,2,glcm_mcc,0.959007
2023_2024,V8,114,300,2,glcm_dissimilarity,0.877601
2023_2024,V8,114,300,2,glcm_inertia,1.71284
2023_2024,V8,114,300,2,glcm_cluster_shade,-194.032
2023_2024,V8,114,300,2,glcm_cluster_prominence,11273.4
2023_2024,V8,114,300,2,glcm_homogeneity,0.669903
2023_2024,V8,114,300,2,glcmw3_asm,0.447165
2023_2024,V8,114,300,2,glcmw3_contrast,0.476944
2023_2024,V8,114,300,2,glcmw3_entropy,1.05837
2023_2024,V8,114,300,2,glcmw3_correlation,0.505076
2023_2024,V8,114,300,2,glcmw3_homogeneity,0.809652
2023_2024,V8,114,300,2,glcmw5_asm,0.323667
2023_2024,V8,114,300,2,glcmw5_contrast,0.477144
2023_2024,V8,114,300,2,glcmw5_entropy,1.53312
2023_2024,V8,114,300,2,glcmw5_correlation,0.694301
2023_2024,V8,114,300,2,glcmw5_homogeneity,0.809591
2023_2024,V8,114,300,2,glcmw7_asm,0.261003
2023_2024,V8,114,300,2,glcmw7_contrast,0.477302
2023_2024,V8,114,300,2,glcmw7_entropy,1.83297
2023_2024,V8,114,300,2,glcmw7_correlation,0.781594
2023_2024,V8,114,300,2,glcmw7_homogeneity,0.809511
2023_2024,V8,114,300,2,rgb_glcm_asm,0.0195367
2023_2024,V8,114,300,2,rgb_glcm_contrast,2.63689
2023_2024,V8,114,300,2,rgb_glcm_correlation,0.910988
2023_2024,V8,114,300,2,rgb_glcm_variance,14.812
2023_2024,V8,114,300,2,rgb_glcm_idm,0.571033
2023_2024,V8,114,300,2,rgb_glcm_sum_average,10.9011
2023_2024,V8,114,300,2,rgb_glcm_sum_variance,114.633
2023_2024,V8,114,300,2,rgb_glcm_sum_entropy,3.2839
2023_2024,V8,114,300,2,rgb_glcm_entropy,4.37808
2023_2024,V8,114,300,2,rgb_glcm_diff_entropy,1.40723
2023_2024,V8,114,300,2,rgb_glcm_imc1,-0.339579
2023_2024,V8,114,300,2,rgb_glcm_imc2,0.912779
2023_2024,V8,114,300,2,rgb_glcm_mcc,0.914344
2023_2024,V8,114,300,2,rgb_glcm_dissimilarity,1.12818
2023_2024,V8,114,300,2,rgb_glcm_inertia,2.63689
2023_2024,V8,114,300,2,rgb_glcm_cluster_shade,172.434
2023_2024,V8,114,300,2,rgb_glcm_cluster_prominence,7674.73
2023_2024,V8,114,300,2,rgb_glcm_homogeneity,0.61071
2023_2024,V8,114,300,2,rgb_glcmw3_asm,0.365346
2023_2024,V8,114,300,2,rgb_glcmw3_contrast,0.68884
2023_2024,V8,114,300,2,rgb_glcmw3_entropy,1.26598
2023_2024,V8,114,300,2,rgb_glcmw3_correlation,0.504425
2023_2024,V8,114,300,2,rgb_glcmw3_homogeneity,0.764587
2023_2024,V8,114,300,2,rgb_glcmw5_asm,0.247429
2023_2024,V8,114,300,2,rgb_glcmw5_contrast,0.688848
2023_2024,V8,114,300,2,rgb_glcmw5_entropy,1.80296
2023_2024,V8,114,300,2,rgb_glcmw5_correlation,0.671567
2023_2024,V8,114,300,2,rgb_glcmw5_homogeneity,0.764551
2023_2024,V8,114,300,2,rgb_glcmw7_asm,0.193952
2023_2024,V8,114,300,2,rgb_glcmw7_contrast,0.689103
2023_2024,V8,114,300,2,rgb_glcmw7_entropy,2.11331
2023_2024,V8,114,300,2,rgb_glcmw7_correlation,0.748742
2023_2024,V8,114,300,2,rgb_glcmw7_homogeneity,0.764513
2022_2023,V8,d300_b2,300,2,NDVI,0.685728
2022_2023,V8,d300_b2,300,2,GNDVI,-0.0614707
2022_2023,V8,d300_b2,300,2,NDRE,0.238316
2022_2023,V8,d300_b2,300,2,CIrededge,0.651613
2022_2023,V8,d300_b2,300,2,SAVI,0.495855
2022_2023,V8,d300_b2,300,2,EVI,-0.575085
2022_2023,V8,d300_b2,300,2,VARI,1.69239
2022_2023,V8,d300_b2,300,2,TGI,0.277237
2022_2023,V8,d300_b2,300,2,spec_mean,0.308061
2022_2023,V8,d300_b2,300,2,spec_std,0.230382
2022_2023,V8,d300_b2,300,2,spec_p10,0.0525689
2022_2023,V8,d300_b2,300,2,spec_p50,0.249181
2022_2023,V8,d300_b2,300,2,spec_p90,0.657798
2022_2023,V8,d300_b2,300,2,glcm_asm,0.0271773
2022_2023,V8,d300_b2,300,2,glcm_contrast,1.91473
2022_2023,V8,d300_b2,300,2,glcm_correlation,0.94578
2022_2023,V8,d300_b2,300,2,glcm_variance,17.6673
2022_2023,V8,d300_b2,300,2,glcm_idm,0.63749
2022_2023,V8,d300_b2,300,2,glcm_sum_average,10.8367
2022_2023,V8,d300_b2,300,2,glcm_sum_variance,125.715
2022_2023,V8,d300_b2,300,2,glcm_sum_entropy,3.28946
2022_2023,V8,d300_b2,300,2,glcm_entropy,4.19046
2022_2023,V8,d300_b2,300,2,glcm_diff_entropy,1.2746
2022_2023,V8,d300_b2,300,2,glcm_imc1,-0.421741
2022_2023,V8,d300_b2,300,2,glcm_imc2,0.945213
2022_2023,V8,d300_b2,300,2,glcm_mcc,0.951607
2022_2023,V8,d300_b2,300,2,glcm_dissimilarity,0.90966
2022_2023,V8,d300_b2,300,2,glcm_inertia,1.91473
2022_2023,V8,d300_b2,300,2,glcm_cluster_shade,241.07
2022_2023,V8,d300_b2,300,2,glcm_cluster_prominence,9947.81
2022_2023,V8,d300_b2,300,2,glcm_homogeneity,0.66646
2022_2023,V8,d300_b2,300,2,glcmw3_asm,0.451615
2022_2023,V8,d300_b2,300,2,glcmw3_contrast,0.524534
2022_2023,V8,d300_b2,300,2,glcmw3_entropy,1.06893
2022_2023,V8,d300_b2,300,2,glcmw3_correlation,0.45116
2022_2023,V8,d300_b2,300,2,glcmw3_homogeneity,0.806429
2022_2023,V8,d300_b2,300,2,glcmw5_asm,0.33848
2022_2023,V8,d300_b2,300,2,glcmw5_contrast,0.524773
2022_2023,V8,d300_b2,300,2,glcmw5_entropy,1.53408
2022_2023,V8,d300_b2,300,2,glcmw5_correlation,0.625947
2022_2023,V8,d300_b2,300,2,glcmw5_homogeneity,0.806389
2022_2023,V8,d300_b2,300,2,glcmw7_asm,0.283598
2022_2023,V8,d300_b2,300,2,glcmw7_contrast,0.525003
2022_2023,V8,d300_b2,300,2,glcmw7_entropy,1.81682
2022_2023,V8,d300_b2,300,2,glcmw7_correlation,0.716498
2022_2023,V8,d300_b2,300,2,glcmw7_homogeneity,0.806316
2022_2023,V8,d300_b2,300,2,rgb_glcm_asm,
2022_2023,V8,d300_b2,300,2,rgb_glcm_contrast,
2022_2023,V8,d300_b2,300,2,rgb_glcm_correlation,
2022_2023,V8,d300_b2,300,2,rgb_glcm_variance,
2022_2023,V8,d300_b2,300,2,rgb_glcm_idm,
2022_2023,V8,d300_b2,300,2,rgb_glcm_sum_average,
2022_2023,V8,d300_b2,300,2,rgb_glcm_sum_variance,
2022_2023,V8,d300_b2,300,2,rgb_glcm_sum_entropy,
2022_2023,V8,d300_b2,300,2,rgb_glcm_entropy,
2022_2023,V8,d300_b2,300,2,rgb_glcm_diff_entropy,
2022_2023,V8,d300_b2,300,2,rgb_glcm_imc1,
2022_2023,V8,d300_b2,300,2,rgb_glcm_imc2,
2022_2023,V8,d300_b2,300,2,rgb_glcm_mcc,
2022_2023,V8,d300_b2,300,2,rgb_glcm_dissimilarity,
2022_2023,V8,d300_b2,300,2,rgb_glcm_inertia,
2022_2023,V8,d300_b2,300,2,rgb_glcm_cluster_shade,
2022_2023,V8,d300_b2,300,2,rgb_glcm_cluster_prominence,
2022_2023,V8,d300_b2,300,2,rgb_glcm_homogeneity,
2022_2023,V8,d300_b2,300,2,rgb_glcmw3_asm,
2022_2023,V8,d300_b2,300,2,rgb_glcmw3_contrast,
2022_2023,V8,d300_b2,300,2,rgb_glcmw3_entropy,
2022_2023,V8,d300_b2,300,2,rgb_glcmw3_correlation,
2022_2023,V8,d300_b2,300,2,rgb_glcmw3_homogeneity,
2022_2023,V8,d300_b2,300,2,rgb_glcmw5_asm,
2022_2023,V8,d300_b2,300,2,rgb_glcmw5_contrast,
2022_2023,V8,d300_b2,300,2,rgb_glcmw5_entropy,
2022_2023,V8,d300_b2,300,2,rgb_glcmw5_correlation,
2022_2023,V8,d300_b2,300,2,rgb_glcmw5_homogeneity,
2022_2023,V8,d300_b2,300,2,rgb_glcmw7_asm,
2022_2023,V8,d300_b2,300,2,rgb_glcmw7_contrast,
2022_2023,V8,d300_b2,300,2,rgb_glcmw7_entropy,
2022_2023,V8,d300_b2,300,2,rgb_glcmw7_correlation,
2022_2023,V8,d300_b2,300,2,rgb_glcmw7_homogeneity,
2023_2024,V8,125,300,3,NDVI,0.727731
2023_2024,V8,125,300,3,GNDVI,0.266028
2023_2024,V8,125,300,3,NDRE,0.25381
2023_2024,V8,125,300,3,CIrededge,0.706104
2023_2024,V8,125,300,3,SAVI,0.638103
2023_2024,V8,125,300,3,EVI,-0.642803
2023_2024,V8,125,300,3,VARI,0.932256
2023_2024,V8,125,300,3,TGI,0.235427
2023_2024,V8,125,300,3,spec_mean,0.324214
2023_2024,V8,125,300,3,spec_std,0.241605
2023_2024,V8,125,300,3,spec_p10,0.0640558
2023_2024,V8,125,300,3,spec_p50,0.275632
2023_2024,V8,125,300,3,spec_p90,0.704995
2023_2024,V8,125,300,3,glcm_asm,0.0228526
2023_2024,V8,125,300,3,glcm_contrast,1.73105
2023_2024,V8,125,300,3,glcm_correlation,0.960114
2023_2024,V8,125,300,3,glcm_variance,21.7
2023_2024,V8,125,300,3,glcm_idm,0.644806
2023_2024,V8,125,300,3,glcm_sum_average,14.4739
2023_2024,V8,125,300,3,glcm_sum_variance,208.72
2023_2024,V8,125,300,3,glcm_sum_entropy,3.35399
2023_2024,V8,125,300,3,glcm_entropy,4.18782
2023_2024,V8,125,300,3,glcm_diff_entropy,1.24427
2023_2024,V8,125,300,3,glcm_imc1,-0.451307
2023_2024,V8,125,300,3,glcm_imc2,0.955461
2023_2024,V8,125,300,3,glcm_mcc,0.960716
2023_2024,V8,125,300,3,glcm_dissimilarity,0.874264
2023_2024,V8,125,300,3,glcm_inertia,1.73105
2023_2024,V8,125,300,3,glcm_cluster_shade,-114.779
2023_2024,V8,125,300,3,glcm_cluster_prominence,11789.8
2023_2024,V8,125,300,3,glcm_homogeneity,0.673468
2023_2024,V8,125,300,3,glcmw3_asm,0.453542
2023_2024,V8,125,300,3,glcmw3_contrast,0.481977
2023_2024,V8,125,300,3,glcmw3_entropy,1.04769
2023_2024,V8,125,300,3,glcmw3_correlation,0.498167
2023_2024,V8,125,300,3,glcmw3_homogeneity,0.810516
2023_2024,V8,125,300,3,glcmw5_asm,0.329873
2023_2024,V8,125,300,3,glcmw5_contrast,0.482109
2023_2024,V8,125,300,3,glcmw5_entropy,1.51663
2023_2024,V8,125,300,3,glcmw5_correlation,0.694529
2023_2024,V8,125,300,3,glcmw5_homogeneity,0.810475
2023_2024,V8,125,300,3,glcmw7_asm,0.266158
2023_2024,V8,125,300,3,glcmw7_contrast,0.482234
2023_2024,V8,125,300,3,glcmw7_entropy,1.81323
2023_2024,V8,125,300,3,glcmw7_correlation,0.785879
2023_2024,V8,125,300,3,glcmw7_homogeneity,0.810432
2023_2024,V8,125,300,3,rgb_glcm_asm,0.0187283
2023_2024,V8,125,300,3,rgb_glcm_contrast,2.38762
2023_2024,V8,125,300,3,rgb_glcm_correlation,0.91842
2023_2024,V8,125,300,3,rgb_glcm_variance,14.6335
2023_2024,V8,125,300,3,rgb_glcm_idm,0.578199
2023_2024,V8,125,300,3,rgb_glcm_sum_average,11.0175
2023_2024,V8,125,300,3,rgb_glcm_sum_variance,115.798
2023_2024,V8,125,300,3,rgb_glcm_sum_entropy,3.29407
2023_2024,V8,125,300,3,rgb_glcm_entropy,4.35827
2023_2024,V8,125,300,3,rgb_glcm_diff_entropy,1.36724
2023_2024,V8,125,300,3,rgb_glcm_imc1,-0.350048
2023_2024,V8,125,300,3,rgb_glcm_imc2,0.917959
2023_2024,V8,125,300,3,rgb_glcm_mcc,0.919342
2023_2024,V8,125,300,3,rgb_glcm_dissimilarity,1.08168
2023_2024,V8,125,300,3,rgb_glcm_inertia,2.38762
2023_2024,V8,125,300,3,rgb_glcm_cluster_shade,182.391
2023_2024,V8,125,300,3,rgb_glcm_cluster_prominence,7722.21
2023_2024,V8,125,300,3,rgb_glcm_homogeneity,0.616052
2023_2024,V8,125,300,3,rgb_glcmw3_asm,0.367436
2023_2024,V8,125,300,3,rgb_glcmw3_contrast,0.634309
2023_2024,V8,125,300,3,rgb_glcmw3_entropy,1.2491
2023_2024,V8,125,300,3,rgb_glcmw3_correlation,0.50086
2023_2024,V8,125,300,3,rgb_glcmw3_homogeneity,0.771774
2023_2024,V8,125,300,3,rgb_glcmw5_asm,0.247258
2023_2024,V8,125,300,3,rgb_glcmw5_contrast,0.633873
2023_2024,V8,125,300,3,rgb_glcmw5_entropy,1.77749
2023_2024,V8,125,300,3,rgb_glcmw5_correlation,0.673683
2023_2024,V8,125,300,3,rgb_glcmw5_homogeneity,0.771846
2023_2024,V8,125,300,3,rgb_glcmw7_asm,0.192728
2023_2024,V8,125,300,3,rgb_glcmw7_contrast,0.633661
2023_2024,V8,125,300,3,rgb_glcmw7_entropy,2.08403
2023_2024,V8,125,300,3,rgb_glcmw7_correlation,0.751349
2023_2024,V8,125,300,3,rgb_glcmw7_homogeneity,0.771876
2022_2023,V8,d300_b3,300,3,NDVI,0.706155
2022_2023,V8,d300_b3,300,3,GNDVI,-0.0814981
2022_2023,V8,d300_b3,300,3,NDRE,0.260028
2022_2023,V8,d300_b3,300,3,CIrededge,0.741239
2022_2023,V8,d300_b3,300,3,SAVI,0.502703
2022_2023,V8,d300_b3,300,3,EVI,-0.494216
2022_2023,V8,d300_b3,300,3,VARI,1.92068
2022_2023,V8,d300_b3,300,3,TGI,0.280468
2022_2023,V8,d300_b3,300,3,spec_mean,0.310632
2022_2023,V8,d300_b3,300,3,spec_std,0.233164
2022_2023,V8,d300_b3,300,3,spec_p10,0.0475665
2022_2023,V8,d300_b3,300,3,spec_p50,0.255414
2022_2023,V8,d300_b3,300,3,spec_p90,0.661371
2022_2023,V8,d300_b3,300,3,glcm_asm,0.0252378
2022_2023,V8,d300_b3,300,3,glcm_contrast,1.89419
2022_2023,V8,d300_b3,300,3,glcm_correlation,0.94478
2022_2023,V8,d300_b3,300,3,glcm_variance,17.1519
2022_2023,V8,d300_b3,300,3,glcm_idm,0.631419
2022_2023,V8,d300_b3,300,3,glcm_sum_average,11.0818
2022_2023,V8,d300_b3,300,3,glcm_sum_variance,127.218
2022_2023,V8,d300_b3,300,3,glcm_sum_entropy,3.30351
2022_2023,V8,d300_b3,300,3,glcm_entropy,4.21445
2022_2023,V8,d300_b3,300,3,glcm_diff_entropy,1.27304
2022_2023,V8,d300_b3,300,3,glcm_imc1,-0.41954
2022_2023,V8,d300_b3,300,3,glcm_imc2,0.945131
2022_2023,V8,d300_b3,300,3,glcm_mcc,0.950997
2022_2023,V8,d300_b3,300,3,glcm_dissimilarity,0.917937
2022_2023,V8,d300_b3,300,3,glcm_inertia,1.89419
2022_2023,V8,d300_b3,300,3,glcm_cluster_shade,212.97
2022_2023,V8,d300_b3,300,3,glcm_cluster_prominence,9641.18
2022_2023,V8,d300_b3,300,3,glcm_homogeneity,0.660775
2022_2023,V8,d300_b3,300,3,glcmw3_asm,0.441749
2022_2023,V8,d300_b3,300,3,glcmw3_contrast,0.522683
2022_2023,V8,d300_b3,300,3,glcmw3_entropy,1.08654
2022_2023,V8,d300_b3,300,3,glcmw3_correlation,0.466657
2022_2023,V8,d300_b3,300,3,glcmw3_homogeneity,0.803299
2022_2023,V8,d300_b3,300,3,glcmw5_asm,0.326406
2022_2023,V8,d300_b3,300,3,glcmw5_contrast,0.522837
2022_2023,V8,d300_b3,300,3,glcmw5_entropy,1.55985
2022_2023,V8,d300_b3,300,3,glcmw5_correlation,0.642614
2022_2023,V8,d300_b3,300,3,glcmw5_homogeneity,0.803282
2022_2023,V8,d300_b3,300,3,glcmw7_asm,0.270551
2022_2023,V8,d300_b3,300,3,glcmw7_contrast,0.523038
2022_2023,V8,d300_b3,300,3,glcmw7_entropy,1.84859
2022_2023,V8,d300_b3,300,3,glcmw7_correlation,0.731255
2022_2023,V8,d300_b3,300,3,glcmw7_homogeneity,0.803209
2022_2023,V8,d300_b3,300,3,rgb_glcm_asm,
2022_2023,V8,d300_b3,300,3,rgb_glcm_contrast,
2022_2023,V8,d300_b3,300,3,rgb_glcm_correlation,
2022_2023,V8,d300_b3,300,3,rgb_glcm_variance,
2022_2023,V8,d300_b3,300,3,rgb_glcm_idm,
2022_2023,V8,d300_b3,300,3,rgb_glcm_sum_average,
2022_2023,V8,d300_b3,300,3,rgb_glcm_sum_variance,
2022_2023,V8,d300_b3,300,3,rgb_glcm_sum_entropy,
2022_2023,V8,d300_b3,300,3,rgb_glcm_entropy,
2022_2023,V8,d300_b3,300,3,rgb_glcm_diff_entropy,
2022_2023,V8,d300_b3,300,3,rgb_glcm_imc1,
2022_2023,V8,d300_b3,300,3,rgb_glcm_imc2,
2022_2023,V8,d300_b3,300,3,rgb_glcm_mcc,
2022_2023,V8,d300_b3,300,3,rgb_glcm_dissimilarity,
2022_2023,V8,d300_b3,300,3,rgb_glcm_inertia,
2022_2023,V8,d300_b3,300,3,rgb_glcm_cluster_shade,
2022_2023,V8,d300_b3,300,3,rgb_glcm_cluster_prominence,
2022_2023,V8,d300_b3,300,3,rgb_glcm_homogeneity,
2022_2023,V8,d300_b3,300,3,rgb_glcmw3_asm,
2022_2023,V8,d300_b3,300,3,rgb_glcmw3_contrast,
2022_2023,V8,d300_b3,300,3,rgb_glcmw3_entropy,
2022_2023,V8,d300_b3,300,3,rgb_glcmw3_correlation,
2022_2023,V8,d300_b3,300,3,rgb_glcmw3_homogeneity,
2022_2023,V8,d300_b3,300,3,rgb_glcmw5_asm,
2022_2023,V8,d300_b3,300,3,rgb_glcmw5_contrast,
2022_2023,V8,d300_b3,300,3,rgb_glcmw5_entropy,
2022_2023,V8,d300_b3,300,3,rgb_glcmw5_correlation,
2022_2023,V8,d300_b3,300,3,rgb_glcmw5_homogeneity,
2022_2023,V8,d300_b3,300,3,rgb_glcmw7_asm,
2022_2023,V8,d300_b3,300,3,rgb_glcmw7_contrast,
2022_2023,V8,d300_b3,300,3,rgb_glcmw7_entropy,
2022_2023,V8,d300_b3,300,3,rgb_glcmw7_correlation,
2022_2023,V8,d300_b3,300,3,rgb_glcmw7_homogeneity,
2023_2024,V8,127,300,4,NDVI,0.709984
2023_2024,V8,127,300,4,GNDVI,0.316326
2023_2024,V8,127,300,4,NDRE,0.233729
2023_2024,V8,127,300,4,CIrededge,0.628412
2023_2024,V8,127,300,4,SAVI,0.632815
2023_2024,V8,127,300,4,EVI,0.495223
2023_2024,V8,127,300,4,VARI,0.795888
2023_2024,V8,127,300,4,TGI,0.211089
2023_2024,V8,127,300,4,spec_mean,0.327446
2023_2024,V8,127,300,4,spec_std,0.242234
2023_2024,V8,127,300,4,spec_p10,0.0724024
2023_2024,V8,127,300,4,spec_p50,0.273341
2023_2024,V8,127,300,4,spec_p90,0.70503
2023_2024,V8,127,300,4,glcm_asm,0.0213818
2023_2024,V8,127,300,4,glcm_contrast,1.85148
2023_2024,V8,127,300,4,glcm_correlation,0.956755
2023_2024,V8,127,300,4,glcm_variance,21.4069
2023_2024,V8,127,300,4,glcm_idm,0.623536
2023_2024,V8,127,300,4,glcm_sum_average,14.8675
2023_2024,V8,127,300,4,glcm_sum_variance,216.082
2023_2024,V8,127,300,4,glcm_sum_entropy,3.36509
2023_2024,V8,127,300,4,glcm_entropy,4.24191
2023_2024,V8,127,300,4,glcm_diff_entropy,1.2728
2023_2024,V8,127,300,4,glcm_imc1,-0.437085
2023_2024,V8,127,300,4,glcm_imc2,0.95224
2023_2024,V8,127,300,4,glcm_mcc,0.958064
2023_2024,V8,127,300,4,glcm_dissimilarity,0.929566
2023_2024,V8,127,300,4,glcm_inertia,1.85148
2023_2024,V8,127,300,4,glcm_cluster_shade,-165.255
2023_2024,V8,127,300,4,glcm_cluster_prominence,11944.9
2023_2024,V8,127,300,4,glcm_homogeneity,0.654958
2023_2024,V8,127,300,4,glcmw3_asm,0.430719
2023_2024,V8,127,300,4,glcmw3_contrast,0.511367
2023_2024,V8,127,300,4,glcmw3_entropy,1.10013
2023_2024,V8,127,300,4,glcmw3_correlation,0.525185
2023_2024,V8,127,300,4,glcmw3_homogeneity,0.798667
2023_2024,V8,127,300,4,glcmw5_asm,0.308248
2023_2024,V8,127,300,4,glcmw5_contrast,0.511484
2023_2024,V8,127,300,4,glcmw5_entropy,1.58879
2023_2024,V8,127,300,4,glcmw5_correlation,0.709503
2023_2024,V8,127,300,4,glcmw5_homogeneity,0.798621
2023_2024,V8,127,300,4,glcmw7_asm,0.246989
2023_2024,V8,127,300,4,glcmw7_contrast,0.511577
2023_2024,V8,127,300,4,glcmw7_entropy,1.89567
2023_2024,V8,127,300,4,glcmw7_correlation,0.794093
2023_2024,V8,127,300,4,glcmw7_homogeneity,0.798581
2023_2024,V8,127,300,4,rgb_glcm_asm,0.019565
2023_2024,V8,127,300,4,rgb_glcm_contrast,2.51659
2023_2024,V8,127,300,4,rgb_glcm_correlation,0.910621
2023_2024,V8,127,300,4,rgb_glcm_variance,14.0782
2023_2024,V8,127,300,4,rgb_glcm_idm,0.573183
2023_2024,V8,127,300,4,rgb_glcm_sum_average,10.8312
2023_2024,V8,127,300,4,rgb_glcm_sum_variance,110.99
2023_2024,V8,127,300,4,rgb_glcm_sum_entropy,3.26859
2023_2024,V8,127,300,4,rgb_glcm_entropy,4.34901
2023_2024,V8,127,300,4,rgb_glcm_diff_entropy,1.38652
2023_2024,V8,127,300,4,rgb_glcm_imc1,-0.339542
2023_2024,V8,127,300,4,rgb_glcm_imc2,0.911664
2023_2024,V8,127,300,4,rgb_glcm_mcc,0.913034
2023_2024,V8,127,300,4,rgb_glcm_dissimilarity,1.10722
2023_2024,V8,127,300,4,rgb_glcm_inertia,2.51659
2023_2024,V8,127,300,4,rgb_glcm_cluster_shade,167.788
2023_2024,V8,127,300,4,rgb_glcm_cluster_prominence,7387.83
2023_2024,V8,127,300,4,rgb_glcm_homogeneity,0.611879
2023_2024,V8,127,300,4,rgb_glcmw3_asm,0.365165
2023_2024,V8,127,300,4,rgb_glcmw3_contrast,0.662141
2023_2024,V8,127,300,4,rgb_glcmw3_entropy,1.26111
2023_2024,V8,127,300,4,rgb_glcmw3_correlation,0.506075
2023_2024,V8,127,300,4,rgb_glcmw3_homogeneity,0.768283
2023_2024,V8,127,300,4,rgb_glcmw5_asm,0.245604
2023_2024,V8,127,300,4,rgb_glcmw5_contrast,0.661922
2023_2024,V8,127,300,4,rgb_glcmw5_entropy,1.79553
2023_2024,V8,127,300,4,rgb_glcmw5_correlation,0.677411
2023_2024,V8,127,300,4,rgb_glcmw5_homogeneity,0.768318
2023_2024,V8,127,300,4,rgb_glcmw7_asm,0.191704
2023_2024,V8,127,300,4,rgb_glcmw7_contrast,0.661892
2023_2024,V8,127,300,4,rgb_glcmw7_entropy,2.10354
2023_2024,V8,127,300,4,rgb_glcmw7_correlation,0.754623
2023_2024,V8,127,300,4,rgb_glcmw7_homogeneity,0.768338
2022_2023,V8,d300_b4,300,4,NDVI,0.68477
2022_2023,V8,d300_b4,300,4,GNDVI,-0.107301
2022_2023,V8,d300_b4,300,4,NDRE,0.238719
2022_2023,V8,d300_b4,300,4,CIrededge,0.659506
2022_2023,V8,d300_b4,300,4,SAVI,0.490938
2022_2023,V8,d300_b4,300,4,EVI,-1.42014
2022_2023,V8,d300_b4,300,4,VARI,1.84093
2022_2023,V8,d300_b4,300,4,TGI,0.292699
2022_2023,V8,d300_b4,300,4,spec_mean,0.324136
2022_2023,V8,d300_b4,300,4,spec_std,0.234657
2022_2023,V8,d300_b4,300,4,spec_p10,0.0558844
2022_2023,V8,d300_b4,300,4,spec_p50,0.270448
2022_2023,V8,d300_b4,300,4,spec_p90,0.676805
2022_2023,V8,d300_b4,300,4,glcm_asm,0.0272768
2022_2023,V8,d300_b4,300,4,glcm_contrast,1.89863
2022_2023,V8,d300_b4,300,4,glcm_correlation,0.944318
2022_2023,V8,d300_b4,300,4,glcm_variance,17.0473
2022_2023,V8,d300_b4,300,4,glcm_idm,0.63154
2022_2023,V8,d300_b4,300,4,glcm_sum_average,10.4957
2022_2023,V8,d300_b4,300,4,glcm_sum_variance,118.51
2022_2023,V8,d300_b4,300,4,glcm_sum_entropy,3.27527
2022_2023,V8,d300_b4,300,4,glcm_entropy,4.18183
2022_2023,V8,d300_b4,300,4,glcm_diff_entropy,1.2735
2022_2023,V8,d300_b4,300,4,glcm_imc1,-0.415282
2022_2023,V8,d300_b4,300,4,glcm_imc2,0.942481
2022_2023,V8,d300_b4,300,4,glcm_mcc,0.948422
2022_2023,V8,d300_b4,300,4,glcm_dissimilarity,0.918469
2022_2023,V8,d300_b4,300,4,glcm_inertia,1.89863
2022_2023,V8,d300_b4,300,4,glcm_cluster_shade,271.123
2022_2023,V8,d300_b4,300,4,glcm_cluster_prominence,9985.97
2022_2023,V8,d300_b4,300,4,glcm_homogeneity,0.660872
2022_2023,V8,d300_b4,300,4,glcmw3_asm,0.445625
2022_2023,V8,d300_b4,300,4,glcmw3_contrast,0.518451
2022_2023,V8,d300_b4,300,4,glcmw3_entropy,1.07699
2022_2023,V8,d300_b4,300,4,glcmw3_correlation,0.468885
2022_2023,V8,d300_b4,300,4,glcmw3_homogeneity,0.804749
2022_2023,V8,d300_b4,300,4,glcmw5_asm,0.328887
2022_2023,V8,d300_b4,300,4,glcmw5_contrast,0.51887
2022_2023,V8,d300_b4,300,4,glcmw5_entropy,1.55069
2022_2023,V8,d300_b4,300,4,glcmw5_correlation,0.648945
2022_2023,V8,d300_b4,300,4,glcmw5_homogeneity,0.804634
2022_2023,V8,d300_b4,300,4,glcmw7_asm,0.271642
2022_2023,V8,d300_b4,300,4,glcmw7_contrast,0.519185
2022_2023,V8,d300_b4,300,4,glcmw7_entropy,1.84144
2022_2023,V8,d300_b4,300,4,glcmw7_correlation,0.739209
2022_2023,V8,d300_b4,300,4,glcmw7_homogeneity,0.804516
2022_2023,V8,d300_b4,300,4,rgb_glcm_asm,
2022_2023,V8,d300_b4,300,4,rgb_glcm_contrast,
2022_2023,V8,d300_b4,300,4,rgb_glcm_correlation,
2022_2023,V8,d300_b4,300,4,rgb_glcm_variance,
2022_2023,V8,d300_b4,300,4,rgb_glcm_idm,
2022_2023,V8,d300_b4,300,4,rgb_glcm_sum_average,
2022_2023,V8,d300_b4,300,4,rgb_glcm_sum_variance,
2022_2023,V8,d300_b4,300,4,rgb_glcm_sum_entropy,
2022_2023,V8,d300_b4,300,4,rgb_glcm_entropy,
2022_2023,V8,d300_b4,300,4,rgb_glcm_diff_entropy,
2022_2023,V8,d300_b4,300,4,rgb_glcm_imc1,
2022_2023,V8,d300_b4,300,4,rgb_glcm_imc2,
2022_2023,V8,d300_b4,300,4,rgb_glcm_mcc,
2022_2023,V8,d300_b4,300,4,rgb_glcm_dissimilarity,
2022_2023,V8,d300_b4,300,4,rgb_glcm_inertia,
2022_2023,V8,d300_b4,300,4,rgb_glcm_cluster_shade,
2022_2023,V8,d300_b4,300,4,rgb_glcm_cluster_prominence,
2022_2023,V8,d300_b4,300,4,rgb_glcm_homogeneity,
2022_2023,V8,d300_b4,300,4,rgb_glcmw3_asm,
2022_2023,V8,d300_b4,300,4,rgb_glcmw3_contrast,
2022_2023,V8,d300_b4,300,4,rgb_glcmw3_entropy,
2022_2023,V8,d300_b4,300,4,rgb_glcmw3_correlation,
2022_2023,V8,d300_b4,300,4,rgb_glcmw3_homogeneity,
2022_2023,V8,d300_b4,300,4,rgb_glcmw5_asm,
2022_2023,V8,d300_b4,300,4,rgb_glcmw5_contrast,
2022_2023,V8,d300_b4,300,4,rgb_glcmw5_entropy,
2022_2023,V8,d300_b4,300,4,rgb_glcmw5_correlation,
2022_2023,V8,d300_b4,300,4,rgb_glcmw5_homogeneity,
2022_2023,V8,d300_b4,300,4,rgb_glcmw7_asm,
2022_2023,V8,d300_b4,300,4,rgb_glcmw7_contrast,
2022_2023,V8,d300_b4,300,4,rgb_glcmw7_entropy,
2022_2023,V8,d300_b4,300,4,rgb_glcmw7_correlation,
2022_2023,V8,d300_b4,300,4,rgb_glcmw7_homogeneity,
2023_2024,V8,85,400,1,NDVI,0.655737
2023_2024,V8,85,400,1,GNDVI,0.253866
2023_2024,V8,85,400,1,NDRE,0.197739
2023_2024,V8,85,400,1,CIrededge,0.505728
2023_2024,V8,85,400,1,SAVI,0.59556
2023_2024,V8,85,400,1,EVI,1.1824
2023_2024,V8,85,400,1,VARI,0.761487
2023_2024,V8,85,400,1,TGI,0.235926
2023_2024,V8,85,400,1,spec_mean,0.354042
2023_2024,V8,85,400,1,spec_std,0.237645
2023_2024,V8,85,400,1,spec_p10,0.0908265
2023_2024,V8,85,400,1,spec_p50,0.306886
2023_2024,V8,85,400,1,spec_p90,0.706282
2023_2024,V8,85,400,1,glcm_asm,0.0184495
2023_2024,V8,85,400,1,glcm_contrast,1.94938
2023_2024,V8,85,400,1,glcm_correlation,0.95178
2023_2024,V8,85,400,1,glcm_variance,20.2135
2023_2024,V8,85,400,1,glcm_idm,0.609353
2023_2024,V8,85,400,1,glcm_sum_average,14.6514
2023_2024,V8,85,400,1,glcm_sum_variance,205.719
2023_2024,V8,85,400,1,glcm_sum_entropy,3.39026
2023_2024,V8,85,400,1,glcm_entropy,4.30738
2023_2024,V8,85,400,1,glcm_diff_entropy,1.29248
2023_2024,V8,85,400,1,glcm_imc1,-0.422909
2023_2024,V8,85,400,1,glcm_imc2,0.949078
2023_2024,V8,85,400,1,glcm_mcc,0.952807
2023_2024,V8,85,400,1,glcm_dissimilarity,0.969105
2023_2024,V8,85,400,1,glcm_inertia,1.94938
2023_2024,V8,85,400,1,glcm_cluster_shade,-96.2819
2023_2024,V8,85,400,1,glcm_cluster_prominence,10758.1
2023_2024,V8,85,400,1,glcm_homogeneity,0.64254
2023_2024,V8,85,400,1,glcmw3_asm,0.409028
2023_2024,V8,85,400,1,glcmw3_contrast,0.535609
2023_2024,V8,85,400,1,glcmw3_entropy,1.14336
2023_2024,V8,85,400,1,glcmw3_correlation,0.541789
2023_2024,V8,85,400,1,glcmw3_homogeneity,0.790681
2023_2024,V8,85,400,1,glcmw5_asm,0.283989
2023_2024,V8,85,400,1,glcmw5_contrast,0.535941
2023_2024,V8,85,400,1,glcmw5_entropy,1.64952
2023_2024,V8,85,400,1,glcmw5_correlation,0.723778
2023_2024,V8,85,400,1,glcmw5_homogeneity,0.790544
2023_2024,V8,85,400,1,glcmw7_asm,0.222693
2023_2024,V8,85,400,1,glcmw7_contrast,0.536231
2023_2024,V8,85,400,1,glcmw7_entropy,1.96302
2023_2024,V8,85,400,1,glcmw7_correlation,0.804668
2023_2024,V8,85,400,1,glcmw7_homogeneity,0.790421
2023_2024,V8,85,400,1,rgb_glcm_asm,0.0159957
2023_2024,V8,85,400,1,rgb_glcm_contrast,2.82049
2023_2024,V8,85,400,1,rgb_glcm_correlation,0.899216
2023_2024,V8,85,400,1,rgb_glcm_variance,13.9927
2023_2024,V8,85,400,1,rgb_glcm_idm,0.551417
2023_2024,V8,85,400,1,rgb_glcm_sum_average,11.8766
2023_2024,V8,85,400,1,rgb_glcm_sum_variance,126.602
2023_2024,V8,85,400,1,rgb_glcm_sum_entropy,3.30618
2023_2024,V8,85,400,1,rgb_glcm_entropy,4.45995
2023_2024,V8,85,400,1,rgb_glcm_diff_entropy,1.43116
2023_2024,V8,85,400,1,rgb_glcm_imc1,-0.317767
2023_2024,V8,85,400,1,rgb_glcm_imc2,0.90252
2023_2024,V8,85,400,1,rgb_glcm_mcc,0.902927
2023_2024,V8,85,400,1,rgb_glcm_dissimilarity,1.188
2023_2024,V8,85,400,1,rgb_glcm_inertia,2.82049
2023_2024,V8,85,400,1,rgb_glcm_cluster_shade,108.742
2023_2024,V8,85,400,1,rgb_glcm_cluster_prominence,6811.51
2023_2024,V8,85,400,1,rgb_glcm_homogeneity,0.593427
2023_2024,V8,85,400,1,rgb_glcmw3_asm,0.335778
2023_2024,V8,85,400,1,rgb_glcmw3_contrast,0.735738
2023_2024,V8,85,400,1,rgb_glcmw3_entropy,1.32964
2023_2024,V8,85,400,1,rgb_glcmw3_correlation,0.514661
2023_2024,V8,85,400,1,rgb_glcmw3_homogeneity,0.753297
2023_2024,V8,85,400,1,rgb_glcmw5_asm,0.21709
2023_2024,V8,85,400,1,rgb_glcmw5_contrast,0.735604
2023_2024,V8,85,400,1,rgb_glcmw5_entropy,1.88714
2023_2024,V8,85,400,1,rgb_glcmw5_correlation,0.679104
2023_2024,V8,85,400,1,rgb_glcmw5_homogeneity,0.753345
2023_2024,V8,85,400,1,rgb_glcmw7_asm,0.165868
2023_2024,V8,85,400,1,rgb_glcmw7_contrast,0.735149
2023_2024,V8,85,400,1,rgb_glcmw7_entropy,2.20502
2023_2024,V8,85,400,1,rgb_glcmw7_correlation,0.75035
2023_2024,V8,85,400,1,rgb_glcmw7_homogeneity,0.753434
2022_2023,V8,d400_b1,400,1,NDVI,0.72168
2022_2023,V8,d400_b1,400,1,GNDVI,-0.0445121
2022_2023,V8,d400_b1,400,1,NDRE,0.271325
2022_2023,V8,d400_b1,400,1,CIrededge,0.78436
2022_2023,V8,d400_b1,400,1,SAVI,0.512329
2022_2023,V8,d400_b1,400,1,EVI,1.33544
2022_2023,V8,d400_b1,400,1,VARI,2.07968
2022_2023,V8,d400_b1,400,1,TGI,0.262449
2022_2023,V8,d400_b1,400,1,spec_mean,0.296989
2022_2023,V8,d400_b1,400,1,spec_std,0.229803
2022_2023,V8,d400_b1,400,1,spec_p10,0.0412527
2022_2023,V8,d400_b1,400,1,spec_p50,0.24067
2022_2023,V8,d400_b1,400,1,spec_p90,0.64081
2022_2023,V8,d400_b1,400,1,glcm_asm,0.0244371
2022_2023,V8,d400_b1,400,1,glcm_contrast,1.75151
2022_2023,V8,d400_b1,400,1,glcm_correlation,0.948936
2022_2023,V8,d400_b1,400,1,glcm_variance,17.1861
2022_2023,V8,d400_b1,400,1,glcm_idm,0.643747
2022_2023,V8,d400_b1,400,1,glcm_sum_average,11.6831
2022_2023,V8,d400_b1,400,1,glcm_sum_variance,136.933
2022_2023,V8,d400_b1,400,1,glcm_sum_entropy,3.32008
2022_2023,V8,d400_b1,400,1,glcm_entropy,4.20162
2022_2023,V8,d400_b1,400,1,glcm_diff_entropy,1.24313
2022_2023,V8,d400_b1,400,1,glcm_imc1,-0.434629
2022_2023,V8,d400_b1,400,1,glcm_imc2,0.950255
2022_2023,V8,d400_b1,400,1,glcm_mcc,0.956854
2022_2023,V8,d400_b1,400,1,glcm_dissimilarity,0.875601
2022_2023,V8,d400_b1,400,1,glcm_inertia,1.75151
2022_2023,V8,d400_b1,400,1,glcm_cluster_shade,154.74
2022_2023,V8,d400_b1,400,1,glcm_cluster_prominence,9330.55
2022_2023,V8,d400_b1,400,1,glcm_homogeneity,0.67137
2022_2023,V8,d400_b1,400,1,glcmw3_asm,0.453081
2022_2023,V8,d400_b1,400,1,glcmw3_contrast,0.488762
2022_2023,V8,d400_b1,400,1,glcmw3_entropy,1.05828
2022_2023,V8,d400_b1,400,1,glcmw3_correlation,0.454988
2022_2023,V8,d400_b1,400,1,glcmw3_homogeneity,0.810896
2022_2023,V8,d400_b1,400,1,glcmw5_asm,0.339857
2022_2023,V8,d400_b1,400,1,glcmw5_contrast,0.488933
2022_2023,V8,d400_b1,400,1,glcmw5_entropy,1.5196
2022_2023,V8,d400_b1,400,1,glcmw5_correlation,0.623398
2022_2023,V8,d400_b1,400,1,glcmw5_homogeneity,0.81084
2022_2023,V8,d400_b1,400,1,glcmw7_asm,0.285769
2022_2023,V8,d400_b1,400,1,glcmw7_contrast,0.489122
2022_2023,V8,d400_b1,400,1,glcmw7_entropy,1.7982
2022_2023,V8,d400_b1,400,1,glcmw7_correlation,0.707372
2022_2023,V8,d400_b1,400,1,glcmw7_homogeneity,0.810741
2022_2023,V8,d400_b1,400,1,rgb_glcm_asm,
2022_2023,V8,d400_b1,400,1,rgb_glcm_contrast,
2022_2023,V8,d400_b1,400,1,rgb_glcm_correlation,
2022_2023,V8,d400_b1,400,1,rgb_glcm_variance,
2022_2023,V8,d400_b1,400,1,rgb_glcm_idm,
2022_2023,V8,d400_b1,400,1,rgb_glcm_sum_average,
2022_2023,V8,d400_b1,400,1,rgb_glcm_sum_variance,
2022_2023,V8,d400_b1,400,1,rgb_glcm_sum_entropy,
2022_2023,V8,d400_b1,400,1,rgb_glcm_entropy,
2022_2023,V8,d400_b1,400,1,rgb_glcm_diff_entropy,
2022_2023,V8,d400_b1,400,1,rgb_glcm_imc1,
2022_2023,V8,d400_b1,400,1,rgb_glcm_imc2,
2022_2023,V8,d400_b1,400,1,rgb_glcm_mcc,
2022_2023,V8,d400_b1,400,1,rgb_glcm_dissimilarity,
2022_2023,V8,d400_b1,400,1,rgb_glcm_inertia,
2022_2023,V8,d400_b1,400,1,rgb_glcm_cluster_shade,
2022_2023,V8,d400_b1,400,1,rgb_glcm_cluster_prominence,
2022_2023,V8,d400_b1,400,1,rgb_glcm_homogeneity,
2022_2023,V8,d400_b1,400,1,rgb_glcmw3_asm,
2022_2023,V8,d400_b1,400,1,rgb_glcmw3_contrast,
2022_2023,V8,d400_b1,400,1,rgb_glcmw3_entropy,
2022_2023,V8,d400_b1,400,1,rgb_glcmw3_correlation,
2022_2023,V8,d400_b1,400,1,rgb_glcmw3_homogeneity,
2022_2023,V8,d400_b1,400,1,rgb_glcmw5_asm,
2022_2023,V8,d400_b1,400,1,rgb_glcmw5_contrast,
2022_2023,V8,d400_b1,400,1,rgb_glcmw5_entropy,
2022_2023,V8,d400_b1,400,1,rgb_glcmw5_correlation,
2022_2023,V8,d400_b1,400,1,rgb_glcmw5_homogeneity,
2022_2023,V8,d400_b1,400,1,rgb_glcmw7_asm,
2022_2023,V8,d400_b1,400,1,rgb_glcmw7_contrast,
2022_2023,V8,d400_b1,400,1,rgb_glcmw7_entropy,
2022_2023,V8,d400_b1,400,1,rgb_glcmw7_correlation,
2022_2023,V8,d400_b1,400,1,rgb_glcmw7_homogeneity,
2023_2024,V8,113,400,2,NDVI,0.704535
2023_2024,V8,113,400,2,GNDVI,0.250361
2023_2024,V8,113,400,2,NDRE,0.218742
2023_2024,V8,113,400,2,CIrededge,0.575962
2023_2024,V8,113,400,2,SAVI,0.620548
2023_2024,V8,113,400,2,EVI,0.662445
2023_2024,V8,113,400,2,VARI,0.887603
2023_2024,V8,113,400,2,TGI,0.240106
2023_2024,V8,113,400,2,spec_mean,0.337341
2023_2024,V8,113,400,2,spec_std,0.239534
2023_2024,V8,113,400,2,spec_p10,0.0770028
2023_2024,V8,113,400,2,spec_p50,0.282116
2023_2024,V8,113,400,2,spec_p90,0.705539
2023_2024,V8,113,400,2,glcm_asm,0.0195047
2023_2024,V8,113,400,2,glcm_contrast,1.74488
2023_2024,V8,113,400,2,glcm_correlation,0.955457
2023_2024,V8,113,400,2,glcm_variance,19.5864
2023_2024,V8,113,400,2,glcm_idm,0.626663
2023_2024,V8,113,400,2,glcm_sum_average,14.8522
2023_2024,V8,113,400,2,glcm_sum_variance,208.294
2023_2024,V8,113,400,2,glcm_sum_entropy,3.37641
2023_2024,V8,113,400,2,glcm_entropy,4.26235
2023_2024,V8,113,400,2,glcm_diff_entropy,1.24782
2023_2024,V8,113,400,2,glcm_imc1,-0.43342
2023_2024,V8,113,400,2,glcm_imc2,0.951545
2023_2024,V8,113,400,2,glcm_mcc,0.956326
2023_2024,V8,113,400,2,glcm_dissimilarity,0.907858
2023_2024,V8,113,400,2,glcm_inertia,1.74488
2023_2024,V8,113,400,2,glcm_cluster_shade,-151.612
2023_2024,V8,113,400,2,glcm_cluster_prominence,10652.9
2023_2024,V8,113,400,2,glcm_homogeneity,0.656434
2023_2024,V8,113,400,2,glcmw3_asm,0.425424
2023_2024,V8,113,400,2,glcmw3_contrast,0.490199
2023_2024,V8,113,400,2,glcmw3_entropy,1.10233
2023_2024,V8,113,400,2,glcmw3_correlation,0.523574
2023_2024,V8,113,400,2,glcmw3_homogeneity,0.801908
2023_2024,V8,113,400,2,glcmw5_asm,0.298825
2023_2024,V8,113,400,2,glcmw5_contrast,0.490331
2023_2024,V8,113,400,2,glcmw5_entropy,1.5938
2023_2024,V8,113,400,2,glcmw5_correlation,0.715074
2023_2024,V8,113,400,2,glcmw5_homogeneity,0.801878
2023_2024,V8,113,400,2,glcmw7_asm,0.235743
2023_2024,V8,113,400,2,glcmw7_contrast,0.490398
2023_2024,V8,113,400,2,glcmw7_entropy,1.90192
2023_2024,V8,113,400,2,glcmw7_correlation,0.79911
2023_2024,V8,113,400,2,glcmw7_homogeneity,0.801827
2023_2024,V8,113,400,2,rgb_glcm_asm,0.0189189
2023_2024,V8,113,400,2,rgb_glcm_contrast,2.49384
2023_2024,V8,113,400,2,rgb_glcm_correlation,0.911953
2023_2024,V8,113,400,2,rgb_glcm_variance,14.162
2023_2024,V8,113,400,2,rgb_glcm_idm,0.574657
2023_2024,V8,113,400,2,rgb_glcm_sum_average,11.0857
2023_2024,V8,113,400,2,rgb_glcm_sum_variance,115.072
2023_2024,V8,113,400,2,rgb_glcm_sum_entropy,3.28066
2023_2024,V8,113,400,2,rgb_glcm_entropy,4.36164
2023_2024,V8,113,400,2,rgb_glcm_diff_entropy,1.38352
2023_2024,V8,113,400,2,rgb_glcm_imc1,-0.341972
2023_2024,V8,113,400,2,rgb_glcm_imc2,0.913547
2023_2024,V8,113,400,2,rgb_glcm_mcc,0.914808
2023_2024,V8,113,400,2,rgb_glcm_dissimilarity,1.10211
2023_2024,V8,113,400,2,rgb_glcm_inertia,2.49384
2023_2024,V8,113,400,2,rgb_glcm_cluster_shade,157.098
2023_2024,V8,113,400,2,rgb_glcm_cluster_prominence,7360.83
2023_2024,V8,113,400,2,rgb_glcm_homogeneity,0.613061
2023_2024,V8,113,400,2,rgb_glcmw3_asm,0.364543
2023_2024,V8,113,400,2,rgb_glcmw3_contrast,0.658117
2023_2024,V8,113,400,2,rgb_glcmw3_entropy,1.25841
2023_2024,V8,113,400,2,rgb_glcmw3_correlation,0.516811
2023_2024,V8,113,400,2,rgb_glcmw3_homogeneity,0.768824
2023_2024,V8,113,400,2,rgb_glcmw5_asm,0.243629
2023_2024,V8,113,400,2,rgb_glcmw5_contrast,0.658114
2023_2024,V8,113,400,2,rgb_glcmw5_entropy,1.79518
2023_2024,V8,113,400,2,rgb_glcmw5_correlation,0.689019
2023_2024,V8,113,400,2,rgb_glcmw5_homogeneity,0.768834
2023_2024,V8,113,400,2,rgb_glcmw7_asm,0.188731
2023_2024,V8,113,400,2,rgb_glcmw7_contrast,0.65783
2023_2024,V8,113,400,2,rgb_glcmw7_entropy,2.10903
2023_2024,V8,113,400,2,rgb_glcmw7_correlation,0.765875
2023_2024,V8,113,400,2,rgb_glcmw7_homogeneity,0.768917
2022_2023,V8,d400_b2,400,2,NDVI,0.691106
2022_2023,V8,d400_b2,400,2,GNDVI,-0.114012
2022_2023,V8,d400_b2,400,2,NDRE,0.242412
2022_2023,V8,d400_b2,400,2,CIrededge,0.668998
2022_2023,V8,d400_b2,400,2,SAVI,0.477949
2022_2023,V8,d400_b2,400,2,EVI,-0.375196
2022_2023,V8,d400_b2,400,2,VARI,1.84318
2022_2023,V8,d400_b2,400,2,TGI,0.280706
2022_2023,V8,d400_b2,400,2,spec_mean,0.302811
2022_2023,V8,d400_b2,400,2,spec_std,0.233152
2022_2023,V8,d400_b2,400,2,spec_p10,0.0456769
2022_2023,V8,d400_b2,400,2,spec_p50,0.241048
2022_2023,V8,d400_b2,400,2,spec_p90,0.654097
2022_2023,V8,d400_b2,400,2,glcm_asm,0.0278647
2022_2023,V8,d400_b2,400,2,glcm_contrast,1.91913
2022_2023,V8,d400_b2,400,2,glcm_correlation,0.945705
2022_2023,V8,d400_b2,400,2,glcm_variance,17.7042
2022_2023,V8,d400_b2,400,2,glcm_idm,0.634982
2022_2023,V8,d400_b2,400,2,glcm_sum_average,10.6968
2022_2023,V8,d400_b2,400,2,glcm_sum_variance,123.868
2022_2023,V8,d400_b2,400,2,glcm_sum_entropy,3.28515
2022_2023,V8,d400_b2,400,2,glcm_entropy,4.18185
2022_2023,V8,d400_b2,400,2,glcm_diff_entropy,1.27754
2022_2023,V8,d400_b2,400,2,glcm_imc1,-0.422527
2022_2023,V8,d400_b2,400,2,glcm_imc2,0.945238
2022_2023,V8,d400_b2,400,2,glcm_mcc,0.9516
2022_2023,V8,d400_b2,400,2,glcm_dissimilarity,0.915141
2022_2023,V8,d400_b2,400,2,glcm_inertia,1.91913
2022_2023,V8,d400_b2,400,2,glcm_cluster_shade,268.159
2022_2023,V8,d400_b2,400,2,glcm_cluster_prominence,10249
2022_2023,V8,d400_b2,400,2,glcm_homogeneity,0.664465
2022_2023,V8,d400_b2,400,2,glcmw3_asm,0.447643
2022_2023,V8,d400_b2,400,2,glcmw3_contrast,0.525112
2022_2023,V8,d400_b2,400,2,glcmw3_entropy,1.07558
2022_2023,V8,d400_b2,400,2,glcmw3_correlation,0.461216
2022_2023,V8,d400_b2,400,2,glcmw3_homogeneity,0.804747
2022_2023,V8,d400_b2,400,2,glcmw5_asm,0.333833
2022_2023,V8,d400_b2,400,2,glcmw5_contrast,0.525658
2022_2023,V8,d400_b2,400,2,glcmw5_entropy,1.54482
2022_2023,V8,d400_b2,400,2,glcmw5_correlation,0.632719
2022_2023,V8,d400_b2,400,2,glcmw5_homogeneity,0.804613
2022_2023,V8,d400_b2,400,2,glcmw7_asm,0.278877
2022_2023,V8,d400_b2,400,2,glcmw7_contrast,0.525822
2022_2023,V8,d400_b2,400,2,glcmw7_entropy,1.83047
2022_2023,V8,d400_b2,400,2,glcmw7_correlation,0.719354
2022_2023,V8,d400_b2,400,2,glcmw7_homogeneity,0.804533
2022_2023,V8,d400_b2,400,2,rgb_glcm_asm,
2022_2023,V8,d400_b2,400,2,rgb_glcm_contrast,
2022_2023,V8,d400_b2,400,2,rgb_glcm_correlation,
2022_2023,V8,d400_b2,400,2,rgb_glcm_variance,
2022_2023,V8,d400_b2,400,2,rgb_glcm_idm,
2022_2023,V8,d400_b2,400,2,rgb_glcm_sum_average,
2022_2023,V8,d400_b2,400,2,rgb_glcm_sum_variance,
2022_2023,V8,d400_b2,400,2,rgb_glcm_sum_entropy,
2022_2023,V8,d400_b2,400,2,rgb_glcm_entropy,
2022_2023,V8,d400_b2,400,2,rgb_glcm_diff_entropy,
2022_2023,V8,d400_b2,400,2,rgb_glcm_imc1,
2022_2023,V8,d400_b2,400,2,rgb_glcm_imc2,
2022_2023,V8,d400_b2,400,2,rgb_glcm_mcc,
2022_2023,V8,d400_b2,400,2,rgb_glcm_dissimilarity,
2022_2023,V8,d400_b2,400,2,rgb_glcm_inertia,
2022_2023,V8,d400_b2,400,2,rgb_glcm_cluster_shade,
2022_2023,V8,d400_b2,400,2,rgb_glcm_cluster_prominence,
2022_2023,V8,d400_b2,400,2,rgb_glcm_homogeneity,
2022_2023,V8,d400_b2,400,2,rgb_glcmw3_asm,
2022_2023,V8,d400_b2,400,2,rgb_glcmw3_contrast,
2022_2023,V8,d400_b2,400,2,rgb_glcmw3_entropy,
2022_2023,V8,d400_b2,400,2,rgb_glcmw3_correlation,
2022_2023,V8,d400_b2,400,2,rgb_glcmw3_homogeneity,
2022_2023,V8,d400_b2,400,2,rgb_glcmw5_asm,
2022_2023,V8,d400_b2,400,2,rgb_glcmw5_contrast,
2022_2023,V8,d400_b2,400,2,rgb_glcmw5_entropy,
2022_2023,V8,d400_b2,400,2,rgb_glcmw5_correlation,
2022_2023,V8,d400_b2,400,2,rgb_glcmw5_homogeneity,
2022_2023,V8,d400_b2,400,2,rgb_glcmw7_asm,
2022_2023,V8,d400_b2,400,2,rgb_glcmw7_contrast,
2022_2023,V8,d400_b2,400,2,rgb_glcmw7_entropy,
2022_2023,V8,d400_b2,400,2,rgb_glcmw7_correlation,
2022_2023,V8,d400_b2,400,2,rgb_glcmw7_homogeneity,
2023_2024,V8,124,400,3,NDVI,0.728068
2023_2024,V8,124,400,3,GNDVI,0.257913
2023_2024,V8,124,400,3,NDRE,0.249117
2023_2024,V8,124,400,3,CIrededge,0.686333
2023_2024,V8,124,400,3,SAVI,0.646027
2023_2024,V8,124,400,3,EVI,-10.0147
2023_2024,V8,124,400,3,VARI,0.936122
2023_2024,V8,124,400,3,TGI,0.254252
2023_2024,V8,124,400,3,spec_mean,0.336639
2023_2024,V8,124,400,3,spec_std,0.251891
2023_2024,V8,124,400,3,spec_p10,0.0630408
2023_2024,V8,124,400,3,spec_p50,0.282628
2023_2024,V8,124,400,3,spec_p90,0.742947
2023_2024,V8,124,400,3,glcm_asm,0.0268499
2023_2024,V8,124,400,3,glcm_contrast,1.68209
2023_2024,V8,124,400,3,glcm_correlation,0.964068
2023_2024,V8,124,400,3,glcm_variance,23.4064
2023_2024,V8,124,400,3,glcm_idm,0.654619
2023_2024,V8,124,400,3,glcm_sum_average,15.1191
2023_2024,V8,124,400,3,glcm_sum_variance,231.4
2023_2024,V8,124,400,3,glcm_sum_entropy,3.30997
2023_2024,V8,124,400,3,glcm_entropy,4.10932
2023_2024,V8,124,400,3,glcm_diff_entropy,1.23153
2023_2024,V8,124,400,3,glcm_imc1,-0.460928
2023_2024,V8,124,400,3,glcm_imc2,0.956389
2023_2024,V8,124,400,3,glcm_mcc,0.965561
2023_2024,V8,124,400,3,glcm_dissimilarity,0.850048
2023_2024,V8,124,400,3,glcm_inertia,1.68209
2023_2024,V8,124,400,3,glcm_cluster_shade,-243.625
2023_2024,V8,124,400,3,glcm_cluster_prominence,13672
2023_2024,V8,124,400,3,glcm_homogeneity,0.682286
2023_2024,V8,124,400,3,glcmw3_asm,0.473279
2023_2024,V8,124,400,3,glcmw3_contrast,0.46657
2023_2024,V8,124,400,3,glcmw3_entropy,1.01124
2023_2024,V8,124,400,3,glcmw3_correlation,0.480041
2023_2024,V8,124,400,3,glcmw3_homogeneity,0.8167
2023_2024,V8,124,400,3,glcmw5_asm,0.355755
2023_2024,V8,124,400,3,glcmw5_contrast,0.466629
2023_2024,V8,124,400,3,glcmw5_entropy,1.4619
2023_2024,V8,124,400,3,glcmw5_correlation,0.666292
2023_2024,V8,124,400,3,glcmw5_homogeneity,0.816672
2023_2024,V8,124,400,3,glcmw7_asm,0.296106
2023_2024,V8,124,400,3,glcmw7_contrast,0.466724
2023_2024,V8,124,400,3,glcmw7_entropy,1.74492
2023_2024,V8,124,400,3,glcmw7_correlation,0.753126
2023_2024,V8,124,400,3,glcmw7_homogeneity,0.816615
2023_2024,V8,124,400,3,rgb_glcm_asm,0.0184649
2023_2024,V8,124,400,3,rgb_glcm_contrast,2.49212
2023_2024,V8,124,400,3,rgb_glcm_correlation,0.91621
2023_2024,V8,124,400,3,rgb_glcm_variance,14.8712
2023_2024,V8,124,400,3,rgb_glcm_idm,0.573616
2023_2024,V8,124,400,3,rgb_glcm_sum_average,11.5028
2023_2024,V8,124,400,3,rgb_glcm_sum_variance,124.212
2023_2024,V8,124,400,3,rgb_glcm_sum_entropy,3.30405
2023_2024,V8,124,400,3,rgb_glcm_entropy,4.3858
2023_2024,V8,124,400,3,rgb_glcm_diff_entropy,1.38485
2023_2024,V8,124,400,3,rgb_glcm_imc1,-0.348132
2023_2024,V8,124,400,3,rgb_glcm_imc2,0.917903
2023_2024,V8,124,400,3,rgb_glcm_mcc,0.919948
2023_2024,V8,124,400,3,rgb_glcm_dissimilarity,1.10457
2023_2024,V8,124,400,3,rgb_glcm_inertia,2.49212
2023_2024,V8,124,400,3,rgb_glcm_cluster_shade,136.235
2023_2024,V8,124,400,3,rgb_glcm_cluster_prominence,7640.64
2023_2024,V8,124,400,3,rgb_glcm_homogeneity,0.612423
2023_2024,V8,124,400,3,rgb_glcmw3_asm,0.36496
2023_2024,V8,124,400,3,rgb_glcmw3_contrast,0.659128
2023_2024,V8,124,400,3,rgb_glcmw3_entropy,1.26168
2023_2024,V8,124,400,3,rgb_glcmw3_correlation,0.504622
2023_2024,V8,124,400,3,rgb_glcmw3_homogeneity,0.767039
2023_2024,V8,124,400,3,rgb_glcmw5_asm,0.246573
2023_2024,V8,124,400,3,rgb_glcmw5_contrast,0.658593
2023_2024,V8,124,400,3,rgb_glcmw5_entropy,1.79507
2023_2024,V8,124,400,3,rgb_glcmw5_correlation,0.672978
2023_2024,V8,124,400,3,rgb_glcmw5_homogeneity,0.767152
2023_2024,V8,124,400,3,rgb_glcmw7_asm,0.192851
2023_2024,V8,124,400,3,rgb_glcmw7_contrast,0.658517
2023_2024,V8,124,400,3,rgb_glcmw7_entropy,2.10458
2023_2024,V8,124,400,3,rgb_glcmw7_correlation,0.750412
2023_2024,V8,124,400,3,rgb_glcmw7_homogeneity,0.767186
2022_2023,V8,d400_b3,400,3,NDVI,0.698126
2022_2023,V8,d400_b3,400,3,GNDVI,-0.106003
2022_2023,V8,d400_b3,400,3,NDRE,0.251426
2022_2023,V8,d400_b3,400,3,CIrededge,0.707691
2022_2023,V8,d400_b3,400,3,SAVI,0.48732
2022_2023,V8,d400_b3,400,3,EVI,-0.912415
2022_2023,V8,d400_b3,400,3,VARI,1.91638
2022_2023,V8,d400_b3,400,3,TGI,0.279851
2022_2023,V8,d400_b3,400,3,spec_mean,0.306098
2022_2023,V8,d400_b3,400,3,spec_std,0.2318
2022_2023,V8,d400_b3,400,3,spec_p10,0.0457905
2022_2023,V8,d400_b3,400,3,spec_p50,0.248281
2022_2023,V8,d400_b3,400,3,spec_p90,0.656087
2022_2023,V8,d400_b3,400,3,glcm_asm,0.0253031
2022_2023,V8,d400_b3,400,3,glcm_contrast,1.82708
2022_2023,V8,d400_b3,400,3,glcm_correlation,0.945263
2022_2023,V8,d400_b3,400,3,glcm_variance,16.6878
2022_2023,V8,d400_b3,400,3,glcm_idm,0.645848
2022_2023,V8,d400_b3,400,3,glcm_sum_average,10.9807
2022_2023,V8,d400_b3,400,3,glcm_sum_variance,124.045
2022_2023,V8,d400_b3,400,3,glcm_sum_entropy,3.29995
2022_2023,V8,d400_b3,400,3,glcm_entropy,4.18436
2022_2023,V8,d400_b3,400,3,glcm_diff_entropy,1.2556
2022_2023,V8,d400_b3,400,3,glcm_imc1,-0.427162
2022_2023,V8,d400_b3,400,3,glcm_imc2,0.947071
2022_2023,V8,d400_b3,400,3,glcm_mcc,0.951407
2022_2023,V8,d400_b3,400,3,glcm_dissimilarity,0.882247
2022_2023,V8,d400_b3,400,3,glcm_inertia,1.82708
2022_2023,V8,d400_b3,400,3,glcm_cluster_shade,233.258
2022_2023,V8,d400_b3,400,3,glcm_cluster_prominence,9344.85
2022_2023,V8,d400_b3,400,3,glcm_homogeneity,0.673571
2022_2023,V8,d400_b3,400,3,glcmw3_asm,0.450857
2022_2023,V8,d400_b3,400,3,glcmw3_contrast,0.507999
2022_2023,V8,d400_b3,400,3,glcmw3_entropy,1.06326
2022_2023,V8,d400_b3,400,3,glcmw3_correlation,0.448665
2022_2023,V8,d400_b3,400,3,glcmw3_homogeneity,0.809293
2022_2023,V8,d400_b3,400,3,glcmw5_asm,0.335518
2022_2023,V8,d400_b3,400,3,glcmw5_contrast,0.50843
2022_2023,V8,d400_b3,400,3,glcmw5_entropy,1.52548
2022_2023,V8,d400_b3,400,3,glcmw5_correlation,0.624855
2022_2023,V8,d400_b3,400,3,glcmw5_homogeneity,0.809205
2022_2023,V8,d400_b3,400,3,glcmw7_asm,0.280069
2022_2023,V8,d400_b3,400,3,glcmw7_contrast,0.508872
2022_2023,V8,d400_b3,400,3,glcmw7_entropy,1.80413
2022_2023,V8,d400_b3,400,3,glcmw7_correlation,0.711557
2022_2023,V8,d400_b3,400,3,glcmw7_homogeneity,0.809055
2022_2023,V8,d400_b3,400,3,rgb_glcm_asm,
2022_2023,V8,d400_b3,400,3,rgb_glcm_contrast,
2022_2023,V8,d400_b3,400,3,rgb_glcm_correlation,
2022_2023,V8,d400_b3,400,3,rgb_glcm_variance,
2022_2023,V8,d400_b3,400,3,rgb_glcm_idm,
2022_2023,V8,d400_b3,400,3,rgb_glcm_sum_average,
2022_2023,V8,d400_b3,400,3,rgb_glcm_sum_variance,
2022_2023,V8,d400_b3,400,3,rgb_glcm_sum_entropy,
2022_2023,V8,d400_b3,400,3,rgb_glcm_entropy,
2022_2023,V8,d400_b3,400,3,rgb_glcm_diff_entropy,
2022_2023,V8,d400_b3,400,3,rgb_glcm_imc1,
2022_2023,V8,d400_b3,400,3,rgb_glcm_imc2,
2022_2023,V8,d400_b3,400,3,rgb_glcm_mcc,
2022_2023,V8,d400_b3,400,3,rgb_glcm_dissimilarity,
2022_2023,V8,d400_b3,400,3,rgb_glcm_inertia,
2022_2023,V8,d400_b3,400,3,rgb_glcm_cluster_shade,
2022_2023,V8,d400_b3,400,3,rgb_glcm_cluster_prominence,
2022_2023,V8,d400_b3,400,3,rgb_glcm_homogeneity,
2022_2023,V8,d400_b3,400,3,rgb_glcmw3_asm,
2022_2023,V8,d400_b3,400,3,rgb_glcmw3_contrast,
2022_2023,V8,d400_b3,400,3,rgb_glcmw3_entropy,
2022_2023,V8,d400_b3,400,3,rgb_glcmw3_correlation,
2022_2023,V8,d400_b3,400,3,rgb_glcmw3_homogeneity,
2022_2023,V8,d400_b3,400,3,rgb_glcmw5_asm,
2022_2023,V8,d400_b3,400,3,rgb_glcmw5_contrast,
2022_2023,V8,d400_b3,400,3,rgb_glcmw5_entropy,
2022_2023,V8,d400_b3,400,3,rgb_glcmw5_correlation,
2022_2023,V8,d400_b3,400,3,rgb_glcmw5_homogeneity,
2022_2023,V8,d400_b3,400,3,rgb_glcmw7_asm,
2022_2023,V8,d400_b3,400,3,rgb_glcmw7_contrast,
2022_2023,V8,d400_b3,400,3,rgb_glcmw7_entropy,
2022_2023,V8,d400_b3,400,3,rgb_glcmw7_correlation,
2022_2023,V8,d400_b3,400,3,rgb_glcmw7_homogeneity,
2023_2024,V8,128,400,4,NDVI,0.734894
2023_2024,V8,128,400,4,GNDVI,0.277318
2023_2024,V8,128,400,4,NDRE,0.255815
2023_2024,V8,128,400,4,CIrededge,0.710885
2023_2024,V8,128,400,4,SAVI,0.645654
2023_2024,V8,128,400,4,EVI,0.376278
2023_2024,V8,128,400,4,VARI,0.951929
2023_2024,V8,128,400,4,TGI,0.231301
2023_2024,V8,128,400,4,spec_mean,0.324226
2023_2024,V8,128,400,4,spec_std,0.244481
2023_2024,V8,128,400,4,spec_p10,0.0636732
2023_2024,V8,128,400,4,spec_p50,0.268264
2023_2024,V8,128,400,4,spec_p90,0.714431
2023_2024,V8,128,400,4,glcm_asm,0.0246241
2023_2024,V8,128,400,4,glcm_contrast,1.68286
2023_2024,V8,128,400,4,glcm_correlation,0.962439
2023_2024,V8,128,400,4,glcm_variance,22.4018
2023_2024,V8,128,400,4,glcm_idm,0.651522
2023_2024,V8,128,400,4,glcm_sum_average,14.9935
2023_2024,V8,128,400,4,glcm_sum_variance,223.83
2023_2024,V8,128,400,4,glcm_sum_entropy,3.33564
2023_2024,V8,128,400,4,glcm_entropy,4.14715
2023_2024,V8,128,400,4,glcm_diff_entropy,1.23209
2023_2024,V8,128,400,4,glcm_imc1,-0.458332
2023_2024,V8,128,400,4,glcm_imc2,0.95659
2023_2024,V8,128,400,4,glcm_mcc,0.963502
2023_2024,V8,128,400,4,glcm_dissimilarity,0.854585
2023_2024,V8,128,400,4,glcm_inertia,1.68286
2023_2024,V8,128,400,4,glcm_cluster_shade,-203.137
2023_2024,V8,128,400,4,glcm_cluster_prominence,12707.8
2023_2024,V8,128,400,4,glcm_homogeneity,0.67915
2023_2024,V8,128,400,4,glcmw3_asm,0.465222
2023_2024,V8,128,400,4,glcmw3_contrast,0.468419
2023_2024,V8,128,400,4,glcmw3_entropy,1.02406
2023_2024,V8,128,400,4,glcmw3_correlation,0.484634
2023_2024,V8,128,400,4,glcmw3_homogeneity,0.815104
2023_2024,V8,128,400,4,glcmw5_asm,0.343315
2023_2024,V8,128,400,4,glcmw5_contrast,0.468601
2023_2024,V8,128,400,4,glcmw5_entropy,1.4837
2023_2024,V8,128,400,4,glcmw5_correlation,0.678356
2023_2024,V8,128,400,4,glcmw5_homogeneity,0.815063
2023_2024,V8,128,400,4,glcmw7_asm,0.280716
2023_2024,V8,128,400,4,glcmw7_contrast,0.468829
2023_2024,V8,128,400,4,glcmw7_entropy,1.77391
2023_2024,V8,128,400,4,glcmw7_correlation,0.77146
2023_2024,V8,128,400,4,glcmw7_homogeneity,0.814981
2023_2024,V8,128,400,4,rgb_glcm_asm,0.0183592
2023_2024,V8,128,400,4,rgb_glcm_contrast,2.53735
2023_2024,V8,128,400,4,rgb_glcm_correlation,0.914667
2023_2024,V8,128,400,4,rgb_glcm_variance,14.8674
2023_2024,V8,128,400,4,rgb_glcm_idm,0.574816
2023_2024,V8,128,400,4,rgb_glcm_sum_average,11.2136
2023_2024,V8,128,400,4,rgb_glcm_sum_variance,119.51
2023_2024,V8,128,400,4,rgb_glcm_sum_entropy,3.30301
2023_2024,V8,128,400,4,rgb_glcm_entropy,4.38629
2023_2024,V8,128,400,4,rgb_glcm_diff_entropy,1.39024
2023_2024,V8,128,400,4,rgb_glcm_imc1,-0.345755
2023_2024,V8,128,400,4,rgb_glcm_imc2,0.916601
2023_2024,V8,128,400,4,rgb_glcm_mcc,0.917589
2023_2024,V8,128,400,4,rgb_glcm_dissimilarity,1.10709
2023_2024,V8,128,400,4,rgb_glcm_inertia,2.53735
2023_2024,V8,128,400,4,rgb_glcm_cluster_shade,171.497
2023_2024,V8,128,400,4,rgb_glcm_cluster_prominence,7759.87
2023_2024,V8,128,400,4,rgb_glcm_homogeneity,0.613473
2023_2024,V8,128,400,4,rgb_glcmw3_asm,0.364734
2023_2024,V8,128,400,4,rgb_glcmw3_contrast,0.670453
2023_2024,V8,128,400,4,rgb_glcmw3_entropy,1.26086
2023_2024,V8,128,400,4,rgb_glcmw3_correlation,0.507864
2023_2024,V8,128,400,4,rgb_glcmw3_homogeneity,0.767335
2023_2024,V8,128,400,4,rgb_glcmw5_asm,0.245499
2023_2024,V8,128,400,4,rgb_glcmw5_contrast,0.670368
2023_2024,V8,128,400,4,rgb_glcmw5_entropy,1.79644
2023_2024,V8,128,400,4,rgb_glcmw5_correlation,0.675755
2023_2024,V8,128,400,4,rgb_glcmw5_homogeneity,0.76735
2023_2024,V8,128,400,4,rgb_glcmw7_asm,0.191788
2023_2024,V8,128,400,4,rgb_glcmw7_contrast,0.670569
2023_2024,V8,128,400,4,rgb_glcmw7_entropy,2.10749
2023_2024,V8,128,400,4,rgb_glcmw7_correlation,0.752527
2023_2024,V8,128,400,4,rgb_glcmw7_homogeneity,0.767302
2022_2023,V8,d400_b4,400,4,NDVI,0.707437
2022_2023,V8,d400_b4,400,4,GNDVI,-0.103184
2022_2023,V8,d400_b4,400,4,NDRE,0.257261
2022_2023,V8,d400_b4,400,4,CIrededge,0.727649
2022_2023,V8,d400_b4,400,4,SAVI,0.505229
2022_2023,V8,d400_b4,400,4,EVI,-0.142965
2022_2023,V8,d400_b4,400,4,VARI,1.89728
2022_2023,V8,d400_b4,400,4,TGI,0.294544
2022_2023,V8,d400_b4,400,4,spec_mean,0.317969
2022_2023,V8,d400_b4,400,4,spec_std,0.237829
2022_2023,V8,d400_b4,400,4,spec_p10,0.047061
2022_2023,V8,d400_b4,400,4,spec_p50,0.263883
2022_2023,V8,d400_b4,400,4,spec_p90,0.676341
2022_2023,V8,d400_b4,400,4,glcm_asm,0.023757
2022_2023,V8,d400_b4,400,4,glcm_contrast,1.94572
2022_2023,V8,d400_b4,400,4,glcm_correlation,0.943685
2022_2023,V8,d400_b4,400,4,glcm_variance,17.2711
2022_2023,V8,d400_b4,400,4,glcm_idm,0.62467
2022_2023,V8,d400_b4,400,4,glcm_sum_average,11.2993
2022_2023,V8,d400_b4,400,4,glcm_sum_variance,131.052
2022_2023,V8,d400_b4,400,4,glcm_sum_entropy,3.31524
2022_2023,V8,d400_b4,400,4,glcm_entropy,4.23822
2022_2023,V8,d400_b4,400,4,glcm_diff_entropy,1.28429
2022_2023,V8,d400_b4,400,4,glcm_imc1,-0.41443
2022_2023,V8,d400_b4,400,4,glcm_imc2,0.943799
2022_2023,V8,d400_b4,400,4,glcm_mcc,0.949767
2022_2023,V8,d400_b4,400,4,glcm_dissimilarity,0.937487
2022_2023,V8,d400_b4,400,4,glcm_inertia,1.94572
2022_2023,V8,d400_b4,400,4,glcm_cluster_shade,207.758
2022_2023,V8,d400_b4,400,4,glcm_cluster_prominence,9492.5
2022_2023,V8,d400_b4,400,4,glcm_homogeneity,0.654979
2022_2023,V8,d400_b4,400,4,glcmw3_asm,0.430757
2022_2023,V8,d400_b4,400,4,glcmw3_contrast,0.534668
2022_2023,V8,d400_b4,400,4,glcmw3_entropy,1.10728
2022_2023,V8,d400_b4,400,4,glcmw3_correlation,0.477546
2022_2023,V8,d400_b4,400,4,glcmw3_homogeneity,0.799001
2022_2023,V8,d400_b4,400,4,glcmw5_asm,0.314393
2022_2023,V8,d400_b4,400,4,glcmw5_contrast,0.53507
2022_2023,V8,d400_b4,400,4,glcmw5_entropy,1.58966
2022_2023,V8,d400_b4,400,4,glcmw5_correlation,0.651992
2022_2023,V8,d400_b4,400,4,glcmw5_homogeneity,0.798901
2022_2023,V8,d400_b4,400,4,glcmw7_asm,0.258652
2022_2023,V8,d400_b4,400,4,glcmw7_contrast,0.535388
2022_2023,V8,d400_b4,400,4,glcmw7_entropy,1.8833
2022_2023,V8,d400_b4,400,4,glcmw7_correlation,0.738095
2022_2023,V8,d400_b4,400,4,glcmw7_homogeneity,0.798762
2022_2023,V8,d400_b4,400,4,rgb_glcm_asm,
2022_2023,V8,d400_b4,400,4,rgb_glcm_contrast,
2022_2023,V8,d400_b4,400,4,rgb_glcm_correlation,
2022_2023,V8,d400_b4,400,4,rgb_glcm_variance,
2022_2023,V8,d400_b4,400,4,rgb_glcm_idm,
2022_2023,V8,d400_b4,400,4,rgb_glcm_sum_average,
2022_2023,V8,d400_b4,400,4,rgb_glcm_sum_variance,
2022_2023,V8,d400_b4,400,4,rgb_glcm_sum_entropy,
2022_2023,V8,d400_b4,400,4,rgb_glcm_entropy,
2022_2023,V8,d400_b4,400,4,rgb_glcm_diff_entropy,
2022_2023,V8,d400_b4,400,4,rgb_glcm_imc1,
2022_2023,V8,d400_b4,400,4,rgb_glcm_imc2,
2022_2023,V8,d400_b4,400,4,rgb_glcm_mcc,
2022_2023,V8,d400_b4,400,4,rgb_glcm_dissimilarity,
2022_2023,V8,d400_b4,400,4,rgb_glcm_inertia,
2022_2023,V8,d400_b4,400,4,rgb_glcm_cluster_shade,
2022_2023,V8,d400_b4,400,4,rgb_glcm_cluster_prominence,
2022_2023,V8,d400_b4,400,4,rgb_glcm_homogeneity,
2022_2023,V8,d400_b4,400,4,rgb_glcmw3_asm,
2022_2023,V8,d400_b4,400,4,rgb_glcmw3_contrast,
2022_2023,V8,d400_b4,400,4,rgb_glcmw3_entropy,
2022_2023,V8,d400_b4,400,4,rgb_glcmw3_correlation,
2022_2023,V8,d400_b4,400,4,rgb_glcmw3_homogeneity,
2022_2023,V8,d400_b4,400,4,rgb_glcmw5_asm,
2022_2023,V8,d400_b4,400,4,rgb_glcmw5_contrast,
2022_2023,V8,d400_b4,400,4,rgb_glcmw5_entropy,
2022_2023,V8,d400_b4,400,4,rgb_glcmw5_correlation,
2022_2023,V8,d400_b4,400,4,rgb_glcmw5_homogeneity,
2022_2023,V8,d400_b4,400,4,rgb_glcmw7_asm,
2022_2023,V8,d400_b4,400,4,rgb_glcmw7_contrast,
2022_2023,V8,d400_b4,400,4,rgb_glcmw7_entropy,
2022_2023,V8,d400_b4,400,4,rgb_glcmw7_correlation,
2022_2023,V8,d400_b4,400,4,rgb_glcmw7_homogeneity,
2022_2023,V11,d0_b1,0,1,NDVI,0.701576
2022_2023,V11,d0_b1,0,1,GNDVI,0.147515
2022_2023,V11,d0_b1,0,1,NDRE,0.218545
2022_2023,V11,d0_b1,0,1,CIrededge,0.579154
2022_2023,V11,d0_b1,0,1,SAVI,0.486251
2022_2023,V11,d0_b1,0,1,EVI,3.1764
2022_2023,V11,d0_b1,0,1,VARI,0.964602
2022_2023,V11,d0_b1,0,1,TGI,0.175341
2022_2023,V11,d0_b1,0,1,spec_mean,0.252025
2022_2023,V11,d0_b1,0,1,spec_std,0.207259
2022_2023,V11,d0_b1,0,1,spec_p10,0.046434
2022_2023,V11,d0_b1,0,1,spec_p50,0.187231
2022_2023,V11,d0_b1,0,1,spec_p90,0.555302
2022_2023,V11,d0_b1,0,1,glcm_asm,0.0333216
2022_2023,V11,d0_b1,0,1,glcm_contrast,1.61443
2022_2023,V11,d0_b1,0,1,glcm_correlation,0.954082
2022_2023,V11,d0_b1,0,1,glcm_variance,17.5769
2022_2023,V11,d0_b1,0,1,glcm_idm,0.665242
2022_2023,V11,d0_b1,0,1,glcm_sum_average,10.1363
2022_2023,V11,d0_b1,0,1,glcm_sum_variance,116.17
2022_2023,V11,d0_b1,0,1,glcm_sum_entropy,3.24669
2022_2023,V11,d0_b1,0,1,glcm_entropy,4.05778
2022_2023,V11,d0_b1,0,1,glcm_diff_entropy,1.20717
2022_2023,V11,d0_b1,0,1,glcm_imc1,-0.452188
2022_2023,V11,d0_b1,0,1,glcm_imc2,0.952126
2022_2023,V11,d0_b1,0,1,glcm_mcc,0.958795
2022_2023,V11,d0_b1,0,1,glcm_dissimilarity,0.817729
2022_2023,V11,d0_b1,0,1,glcm_inertia,1.61443
2022_2023,V11,d0_b1,0,1,glcm_cluster_shade,320.633
2022_2023,V11,d0_b1,0,1,glcm_cluster_prominence,10607.5
2022_2023,V11,d0_b1,0,1,glcm_homogeneity,0.689998
2022_2023,V11,d0_b1,0,1,glcmw3_asm,0.482337
2022_2023,V11,d0_b1,0,1,glcmw3_contrast,0.453622
2022_2023,V11,d0_b1,0,1,glcmw3_entropy,0.997082
2022_2023,V11,d0_b1,0,1,glcmw3_correlation,0.428737
2022_2023,V11,d0_b1,0,1,glcmw3_homogeneity,0.823492
2022_2023,V11,d0_b1,0,1,glcmw5_asm,0.370912
2022_2023,V11,d0_b1,0,1,glcmw5_contrast,0.453754
2022_2023,V11,d0_b1,0,1,glcmw5_entropy,1.43162
2022_2023,V11,d0_b1,0,1,glcmw5_correlation,0.605484
2022_2023,V11,d0_b1,0,1,glcmw5_homogeneity,0.823471
2022_2023,V11,d0_b1,0,1,glcmw7_asm,0.316185
2022_2023,V11,d0_b1,0,1,glcmw7_contrast,0.453846
2022_2023,V11,d0_b1,0,1,glcmw7_entropy,1.69608
2022_2023,V11,d0_b1,0,1,glcmw7_correlation,0.696495
2022_2023,V11,d0_b1,0,1,glcmw7_homogeneity,0.823417
2022_2023,V11,d0_b1,0,1,rgb_glcm_asm,
2022_2023,V11,d0_b1,0,1,rgb_glcm_contrast,
2022_2023,V11,d0_b1,0,1,rgb_glcm_correlation,
2022_2023,V11,d0_b1,0,1,rgb_glcm_variance,
2022_2023,V11,d0_b1,0,1,rgb_glcm_idm,
2022_2023,V11,d0_b1,0,1,rgb_glcm_sum_average,
2022_2023,V11,d0_b1,0,1,rgb_glcm_sum_variance,
2022_2023,V11,d0_b1,0,1,rgb_glcm_sum_entropy,
2022_2023,V11,d0_b1,0,1,rgb_glcm_entropy,
2022_2023,V11,d0_b1,0,1,rgb_glcm_diff_entropy,
2022_2023,V11,d0_b1,0,1,rgb_glcm_imc1,
2022_2023,V11,d0_b1,0,1,rgb_glcm_imc2,
2022_2023,V11,d0_b1,0,1,rgb_glcm_mcc,
2022_2023,V11,d0_b1,0,1,rgb_glcm_dissimilarity,
2022_2023,V11,d0_b1,0,1,rgb_glcm_inertia,
2022_2023,V11,d0_b1,0,1,rgb_glcm_cluster_shade,
2022_2023,V11,d0_b1,0,1,rgb_glcm_cluster_prominence,
2022_2023,V11,d0_b1,0,1,rgb_glcm_homogeneity,
2022_2023,V11,d0_b1,0,1,rgb_glcmw3_asm,
2022_2023,V11,d0_b1,0,1,rgb_glcmw3_contrast,
2022_2023,V11,d0_b1,0,1,rgb_glcmw3_entropy,
2022_2023,V11,d0_b1,0,1,rgb_glcmw3_correlation,
2022_2023,V11,d0_b1,0,1,rgb_glcmw3_homogeneity,
2022_2023,V11,d0_b1,0,1,rgb_glcmw5_asm,
2022_2023,V11,d0_b1,0,1,rgb_glcmw5_contrast,
2022_2023,V11,d0_b1,0,1,rgb_glcmw5_entropy,
2022_2023,V11,d0_b1,0,1,rgb_glcmw5_correlation,
2022_2023,V11,d0_b1,0,1,rgb_glcmw5_homogeneity,
2022_2023,V11,d0_b1,0,1,rgb_glcmw7_asm,
2022_2023,V11,d0_b1,0,1,rgb_glcmw7_contrast,
2022_2023,V11,d0_b1,0,1,rgb_glcmw7_entropy,
2022_2023,V11,d0_b1,0,1,rgb_glcmw7_correlation,
2022_2023,V11,d0_b1,0,1,rgb_glcmw7_homogeneity,
2022_2023,V11,d0_b2,0,2,NDVI,0.724082
2022_2023,V11,d0_b2,0,2,GNDVI,0.187655
2022_2023,V11,d0_b2,0,2,NDRE,0.232557
2022_2023,V11,d0_b2,0,2,CIrededge,0.631542
2022_2023,V11,d0_b2,0,2,SAVI,0.49532
2022_2023,V11,d0_b2,0,2,EVI,-0.118158
2022_2023,V11,d0_b2,0,2,VARI,3.29797
2022_2023,V11,d0_b2,0,2,TGI,0.169979
2022_2023,V11,d0_b2,0,2,spec_mean,0.237704
2022_2023,V11,d0_b2,0,2,spec_std,0.206541
2022_2023,V11,d0_b2,0,2,spec_p10,0.0389427
2022_2023,V11,d0_b2,0,2,spec_p50,0.167224
2022_2023,V11,d0_b2,0,2,spec_p90,0.543862
2022_2023,V11,d0_b2,0,2,glcm_asm,0.0315312
2022_2023,V11,d0_b2,0,2,glcm_contrast,1.49069
2022_2023,V11,d0_b2,0,2,glcm_correlation,0.953959
2022_2023,V11,d0_b2,0,2,glcm_variance,16.1701
2022_2023,V11,d0_b2,0,2,glcm_idm,0.682578
2022_2023,V11,d0_b2,0,2,glcm_sum_average,10.7658
2022_2023,V11,d0_b2,0,2,glcm_sum_variance,119.609
2022_2023,V11,d0_b2,0,2,glcm_sum_entropy,3.25846
2022_2023,V11,d0_b2,0,2,glcm_entropy,4.03498
2022_2023,V11,d0_b2,0,2,glcm_diff_entropy,1.17559
2022_2023,V11,d0_b2,0,2,glcm_imc1,-0.470107
2022_2023,V11,d0_b2,0,2,glcm_imc2,0.957162
2022_2023,V11,d0_b2,0,2,glcm_mcc,0.961113
2022_2023,V11,d0_b2,0,2,glcm_dissimilarity,0.769578
2022_2023,V11,d0_b2,0,2,glcm_inertia,1.49069
2022_2023,V11,d0_b2,0,2,glcm_cluster_shade,256.541
2022_2023,V11,d0_b2,0,2,glcm_cluster_prominence,9054.08
2022_2023,V11,d0_b2,0,2,glcm_homogeneity,0.705807
2022_2023,V11,d0_b2,0,2,glcmw3_asm,0.49546
2022_2023,V11,d0_b2,0,2,glcmw3_contrast,0.42462
2022_2023,V11,d0_b2,0,2,glcmw3_entropy,0.964149
2022_2023,V11,d0_b2,0,2,glcmw3_correlation,0.413115
2022_2023,V11,d0_b2,0,2,glcmw3_homogeneity,0.832023
2022_2023,V11,d0_b2,0,2,glcmw5_asm,0.383595
2022_2023,V11,d0_b2,0,2,glcmw5_contrast,0.424751
2022_2023,V11,d0_b2,0,2,glcmw5_entropy,1.3868
2022_2023,V11,d0_b2,0,2,glcmw5_correlation,0.594755
2022_2023,V11,d0_b2,0,2,glcmw5_homogeneity,0.831996
2022_2023,V11,d0_b2,0,2,glcmw7_asm,0.328202
2022_2023,V11,d0_b2,0,2,glcmw7_contrast,0.424739
2022_2023,V11,d0_b2,0,2,glcmw7_entropy,1.64396
2022_2023,V11,d0_b2,0,2,glcmw7_correlation,0.685956
2022_2023,V11,d0_b2,0,2,glcmw7_homogeneity,0.831985
2022_2023,V11,d0_b2,0,2,rgb_glcm_asm,
2022_2023,V11,d0_b2,0,2,rgb_glcm_contrast,
2022_2023,V11,d0_b2,0,2,rgb_glcm_correlation,
2022_2023,V11,d0_b2,0,2,rgb_glcm_variance,
2022_2023,V11,d0_b2,0,2,rgb_glcm_idm,
2022_2023,V11,d0_b2,0,2,rgb_glcm_sum_average,
2022_2023,V11,d0_b2,0,2,rgb_glcm_sum_variance,
2022_2023,V11,d0_b2,0,2,rgb_glcm_sum_entropy,
2022_2023,V11,d0_b2,0,2,rgb_glcm_entropy,
2022_2023,V11,d0_b2,0,2,rgb_glcm_diff_entropy,
2022_2023,V11,d0_b2,0,2,rgb_glcm_imc1,
2022_2023,V11,d0_b2,0,2,rgb_glcm_imc2,
2022_2023,V11,d0_b2,0,2,rgb_glcm_mcc,
2022_2023,V11,d0_b2,0,2,rgb_glcm_dissimilarity,
2022_2023,V11,d0_b2,0,2,rgb_glcm_inertia,
2022_2023,V11,d0_b2,0,2,rgb_glcm_cluster_shade,
2022_2023,V11,d0_b2,0,2,rgb_glcm_cluster_prominence,
2022_2023,V11,d0_b2,0,2,rgb_glcm_homogeneity,
2022_2023,V11,d0_b2,0,2,rgb_glcmw3_asm,
2022_2023,V11,d0_b2,0,2,rgb_glcmw3_contrast,
2022_2023,V11,d0_b2,0,2,rgb_glcmw3_entropy,
2022_2023,V11,d0_b2,0,2,rgb_glcmw3_correlation,
2022_2023,V11,d0_b2,0,2,rgb_glcmw3_homogeneity,
2022_2023,V11,d0_b2,0,2,rgb_glcmw5_asm,
2022_2023,V11,d0_b2,0,2,rgb_glcmw5_contrast,
2022_2023,V11,d0_b2,0,2,rgb_glcmw5_entropy,
2022_2023,V11,d0_b2,0,2,rgb_glcmw5_correlation,
2022_2023,V11,d0_b2,0,2,rgb_glcmw5_homogeneity,
2022_2023,V11,d0_b2,0,2,rgb_glcmw7_asm,
2022_2023,V11,d0_b2,0,2,rgb_glcmw7_contrast,
2022_2023,V11,d0_b2,0,2,rgb_glcmw7_entropy,
2022_2023,V11,d0_b2,0,2,rgb_glcmw7_correlation,
2022_2023,V11,d0_b2,0,2,rgb_glcmw7_homogeneity,
2022_2023,V11,d0_b3,0,3,NDVI,0.795186
2022_2023,V11,d0_b3,0,3,GNDVI,0.206913
2022_2023,V11,d0_b3,0,3,NDRE,0.304585
2022_2023,V11,d0_b3,0,3,CIrededge,21.4532
2022_2023,V11,d0_b3,0,3,SAVI,0.541622
2022_2023,V11,d0_b3,0,3,EVI,1.74194
2022_2023,V11,d0_b3,0,3,VARI,1.90079
2022_2023,V11,d0_b3,0,3,TGI,0.17488
2022_2023,V11,d0_b3,0,3,spec_mean,0.233537
2022_2023,V11,d0_b3,0,3,spec_std,0.213036
2022_2023,V11,d0_b3,0,3,spec_p10,0.0278256
2022_2023,V11,d0_b3,0,3,spec_p50,0.162612
2022_2023,V11,d0_b3,0,3,spec_p90,0.556832
2022_2023,V11,d0_b3,0,3,glcm_asm,0.0288916
2022_2023,V11,d0_b3,0,3,glcm_contrast,1.51438
2022_2023,V11,d0_b3,0,3,glcm_correlation,0.95683
2022_2023,V11,d0_b3,0,3,glcm_variance,17.5751
2022_2023,V11,d0_b3,0,3,glcm_idm,0.673387
2022_2023,V11,d0_b3,0,3,glcm_sum_average,11.2501
2022_2023,V11,d0_b3,0,3,glcm_sum_variance,132.564
2022_2023,V11,d0_b3,0,3,glcm_sum_entropy,3.28799
2022_2023,V11,d0_b3,0,3,glcm_entropy,4.09177
2022_2023,V11,d0_b3,0,3,glcm_diff_entropy,1.18387
2022_2023,V11,d0_b3,0,3,glcm_imc1,-0.462536
2022_2023,V11,d0_b3,0,3,glcm_imc2,0.956342
2022_2023,V11,d0_b3,0,3,glcm_mcc,0.962692
2022_2023,V11,d0_b3,0,3,glcm_dissimilarity,0.788873
2022_2023,V11,d0_b3,0,3,glcm_inertia,1.51438
2022_2023,V11,d0_b3,0,3,glcm_cluster_shade,188.525
2022_2023,V11,d0_b3,0,3,glcm_cluster_prominence,9642.36
2022_2023,V11,d0_b3,0,3,glcm_homogeneity,0.697026
2022_2023,V11,d0_b3,0,3,glcmw3_asm,0.482491
2022_2023,V11,d0_b3,0,3,glcmw3_contrast,0.434369
2022_2023,V11,d0_b3,0,3,glcmw3_entropy,0.990415
2022_2023,V11,d0_b3,0,3,glcmw3_correlation,0.426258
2022_2023,V11,d0_b3,0,3,glcmw3_homogeneity,0.827481
2022_2023,V11,d0_b3,0,3,glcmw5_asm,0.368425
2022_2023,V11,d0_b3,0,3,glcmw5_contrast,0.43446
2022_2023,V11,d0_b3,0,3,glcmw5_entropy,1.42439
2022_2023,V11,d0_b3,0,3,glcmw5_correlation,0.607527
2022_2023,V11,d0_b3,0,3,glcmw5_homogeneity,0.827452
2022_2023,V11,d0_b3,0,3,glcmw7_asm,0.312484
2022_2023,V11,d0_b3,0,3,glcmw7_contrast,0.434475
2022_2023,V11,d0_b3,0,3,glcmw7_entropy,1.6864
2022_2023,V11,d0_b3,0,3,glcmw7_correlation,0.698858
2022_2023,V11,d0_b3,0,3,glcmw7_homogeneity,0.827459
2022_2023,V11,d0_b3,0,3,rgb_glcm_asm,
2022_2023,V11,d0_b3,0,3,rgb_glcm_contrast,
2022_2023,V11,d0_b3,0,3,rgb_glcm_correlation,
2022_2023,V11,d0_b3,0,3,rgb_glcm_variance,
2022_2023,V11,d0_b3,0,3,rgb_glcm_idm,
2022_2023,V11,d0_b3,0,3,rgb_glcm_sum_average,
2022_2023,V11,d0_b3,0,3,rgb_glcm_sum_variance,
2022_2023,V11,d0_b3,0,3,rgb_glcm_sum_entropy,
2022_2023,V11,d0_b3,0,3,rgb_glcm_entropy,
2022_2023,V11,d0_b3,0,3,rgb_glcm_diff_entropy,
2022_2023,V11,d0_b3,0,3,rgb_glcm_imc1,
2022_2023,V11,d0_b3,0,3,rgb_glcm_imc2,
2022_2023,V11,d0_b3,0,3,rgb_glcm_mcc,
2022_2023,V11,d0_b3,0,3,rgb_glcm_dissimilarity,
2022_2023,V11,d0_b3,0,3,rgb_glcm_inertia,
2022_2023,V11,d0_b3,0,3,rgb_glcm_cluster_shade,
2022_2023,V11,d0_b3,0,3,rgb_glcm_cluster_prominence,
2022_2023,V11,d0_b3,0,3,rgb_glcm_homogeneity,
2022_2023,V11,d0_b3,0,3,rgb_glcmw3_asm,
2022_2023,V11,d0_b3,0,3,rgb_glcmw3_contrast,
2022_2023,V11,d0_b3,0,3,rgb_glcmw3_entropy,
2022_2023,V11,d0_b3,0,3,rgb_glcmw3_correlation,
2022_2023,V11,d0_b3,0,3,rgb_glcmw3_homogeneity,
2022_2023,V11,d0_b3,0,3,rgb_glcmw5_asm,
2022_2023,V11,d0_b3,0,3,rgb_glcmw5_contrast,
2022_2023,V11,d0_b3,0,3,rgb_glcmw5_entropy,
2022_2023,V11,d0_b3,0,3,rgb_glcmw5_correlation,
2022_2023,V11,d0_b3,0,3,rgb_glcmw5_homogeneity,
2022_2023,V11,d0_b3,0,3,rgb_glcmw7_asm,
2022_2023,V11,d0_b3,0,3,rgb_glcmw7_contrast,
2022_2023,V11,d0_b3,0,3,rgb_glcmw7_entropy,
2022_2023,V11,d0_b3,0,3,rgb_glcmw7_correlation,
2022_2023,V11,d0_b3,0,3,rgb_glcmw7_homogeneity,
2022_2023,V11,d0_b4,0,4,NDVI,0.728572
2022_2023,V11,d0_b4,0,4,GNDVI,0.186397
2022_2023,V11,d0_b4,0,4,NDRE,0.24482
2022_2023,V11,d0_b4,0,4,CIrededge,0.678148
2022_2023,V11,d0_b4,0,4,SAVI,0.512065
2022_2023,V11,d0_b4,0,4,EVI,-0.431106
2022_2023,V11,d0_b4,0,4,VARI,-0.430077
2022_2023,V11,d0_b4,0,4,TGI,0.17485
2022_2023,V11,d0_b4,0,4,spec_mean,0.248157
2022_2023,V11,d0_b4,0,4,spec_std,0.206482
2022_2023,V11,d0_b4,0,4,spec_p10,0.0418864
2022_2023,V11,d0_b4,0,4,spec_p50,0.18585
2022_2023,V11,d0_b4,0,4,spec_p90,0.551752
2022_2023,V11,d0_b4,0,4,glcm_asm,0.0350737
2022_2023,V11,d0_b4,0,4,glcm_contrast,1.56712
2022_2023,V11,d0_b4,0,4,glcm_correlation,0.952845
2022_2023,V11,d0_b4,0,4,glcm_variance,16.7039
2022_2023,V11,d0_b4,0,4,glcm_idm,0.678185
2022_2023,V11,d0_b4,0,4,glcm_sum_average,10.2746
2022_2023,V11,d0_b4,0,4,glcm_sum_variance,114.868
2022_2023,V11,d0_b4,0,4,glcm_sum_entropy,3.23089
2022_2023,V11,d0_b4,0,4,glcm_entropy,4.02977
2022_2023,V11,d0_b4,0,4,glcm_diff_entropy,1.19081
2022_2023,V11,d0_b4,0,4,glcm_imc1,-0.457373
2022_2023,V11,d0_b4,0,4,glcm_imc2,0.953061
2022_2023,V11,d0_b4,0,4,glcm_mcc,0.957784
2022_2023,V11,d0_b4,0,4,glcm_dissimilarity,0.787424
2022_2023,V11,d0_b4,0,4,glcm_inertia,1.56712
2022_2023,V11,d0_b4,0,4,glcm_cluster_shade,289.992
2022_2023,V11,d0_b4,0,4,glcm_cluster_prominence,9830.35
2022_2023,V11,d0_b4,0,4,glcm_homogeneity,0.701687
2022_2023,V11,d0_b4,0,4,glcmw3_asm,0.494315
2022_2023,V11,d0_b4,0,4,glcmw3_contrast,0.443563
2022_2023,V11,d0_b4,0,4,glcmw3_entropy,0.970316
2022_2023,V11,d0_b4,0,4,glcmw3_correlation,0.415722
2022_2023,V11,d0_b4,0,4,glcmw3_homogeneity,0.829812
2022_2023,V11,d0_b4,0,4,glcmw5_asm,0.382427
2022_2023,V11,d0_b4,0,4,glcmw5_contrast,0.443606
2022_2023,V11,d0_b4,0,4,glcmw5_entropy,1.39658
2022_2023,V11,d0_b4,0,4,glcmw5_correlation,0.596026
2022_2023,V11,d0_b4,0,4,glcmw5_homogeneity,0.829816
2022_2023,V11,d0_b4,0,4,glcmw7_asm,0.327146
2022_2023,V11,d0_b4,0,4,glcmw7_contrast,0.443706
2022_2023,V11,d0_b4,0,4,glcmw7_entropy,1.65539
2022_2023,V11,d0_b4,0,4,glcmw7_correlation,0.688006
2022_2023,V11,d0_b4,0,4,glcmw7_homogeneity,0.829797
2022_2023,V11,d0_b4,0,4,rgb_glcm_asm,
2022_2023,V11,d0_b4,0,4,rgb_glcm_contrast,
2022_2023,V11,d0_b4,0,4,rgb_glcm_correlation,
2022_2023,V11,d0_b4,0,4,rgb_glcm_variance,
2022_2023,V11,d0_b4,0,4,rgb_glcm_idm,
2022_2023,V11,d0_b4,0,4,rgb_glcm_sum_average,
2022_2023,V11,d0_b4,0,4,rgb_glcm_sum_variance,
2022_2023,V11,d0_b4,0,4,rgb_glcm_sum_entropy,
2022_2023,V11,d0_b4,0,4,rgb_glcm_entropy,
2022_2023,V11,d0_b4,0,4,rgb_glcm_diff_entropy,
2022_2023,V11,d0_b4,0,4,rgb_glcm_imc1,
2022_2023,V11,d0_b4,0,4,rgb_glcm_imc2,
2022_2023,V11,d0_b4,0,4,rgb_glcm_mcc,
2022_2023,V11,d0_b4,0,4,rgb_glcm_dissimilarity,
2022_2023,V11,d0_b4,0,4,rgb_glcm_inertia,
2022_2023,V11,d0_b4,0,4,rgb_glcm_cluster_shade,
2022_2023,V11,d0_b4,0,4,rgb_glcm_cluster_prominence,
2022_2023,V11,d0_b4,0,4,rgb_glcm_homogeneity,
2022_2023,V11,d0_b4,0,4,rgb_glcmw3_asm,
2022_2023,V11,d0_b4,0,4,rgb_glcmw3_contrast,
2022_2023,V11,d0_b4,0,4,rgb_glcmw3_entropy,
2022_2023,V11,d0_b4,0,4,rgb_glcmw3_correlation,
2022_2023,V11,d0_b4,0,4,rgb_glcmw3_homogeneity,
2022_2023,V11,d0_b4,0,4,rgb_glcmw5_asm,
2022_2023,V11,d0_b4,0,4,rgb_glcmw5_contrast,
2022_2023,V11,d0_b4,0,4,rgb_glcmw5_entropy,
2022_2023,V11,d0_b4,0,4,rgb_glcmw5_correlation,
2022_2023,V11,d0_b4,0,4,rgb_glcmw5_homogeneity,
2022_2023,V11,d0_b4,0,4,rgb_glcmw7_asm,
2022_2023,V11,d0_b4,0,4,rgb_glcmw7_contrast,
2022_2023,V11,d0_b4,0,4,rgb_glcmw7_entropy,
2022_2023,V11,d0_b4,0,4,rgb_glcmw7_correlation,
2022_2023,V11,d0_b4,0,4,rgb_glcmw7_homogeneity,
2022_2023,V11,d50_b1,50,1,NDVI,0.759116
2022_2023,V11,d50_b1,50,1,GNDVI,0.195464
2022_2023,V11,d50_b1,50,1,NDRE,0.293872
2022_2023,V11,d50_b1,50,1,CIrededge,44.0537
2022_2023,V11,d50_b1,50,1,SAVI,0.537743
2022_2023,V11,d50_b1,50,1,EVI,1.52507
2022_2023,V11,d50_b1,50,1,VARI,1.76413
2022_2023,V11,d50_b1,50,1,TGI,0.168073
2022_2023,V11,d50_b1,50,1,spec_mean,0.243662
2022_2023,V11,d50_b1,50,1,spec_std,0.212285
2022_2023,V11,d50_b1,50,1,spec_p10,0.0372177
2022_2023,V11,d50_b1,50,1,spec_p50,0.173569
2022_2023,V11,d50_b1,50,1,spec_p90,0.566472
2022_2023,V11,d50_b1,50,1,glcm_asm,0.0287875
2022_2023,V11,d50_b1,50,1,glcm_contrast,1.45147
2022_2023,V11,d50_b1,50,1,glcm_correlation,0.958822
2022_2023,V11,d50_b1,50,1,glcm_variance,17.6304
2022_2023,V11,d50_b1,50,1,glcm_idm,0.681092
2022_2023,V11,d50_b1,50,1,glcm_sum_average,11.8103
2022_2023,V11,d50_b1,50,1,glcm_sum_variance,141.688
2022_2023,V11,d50_b1,50,1,glcm_sum_entropy,3.30044
2022_2023,V11,d50_b1,50,1,glcm_entropy,4.0811
2022_2023,V11,d50_b1,50,1,glcm_diff_entropy,1.16603
2022_2023,V11,d50_b1,50,1,glcm_imc1,-0.475115
2022_2023,V11,d50_b1,50,1,glcm_imc2,0.959884
2022_2023,V11,d50_b1,50,1,glcm_mcc,0.966426
2022_2023,V11,d50_b1,50,1,glcm_dissimilarity,0.765827
2022_2023,V11,d50_b1,50,1,glcm_inertia,1.45147
2022_2023,V11,d50_b1,50,1,glcm_cluster_shade,156.96
2022_2023,V11,d50_b1,50,1,glcm_cluster_prominence,9291.91
2022_2023,V11,d50_b1,50,1,glcm_homogeneity,0.703585
2022_2023,V11,d50_b1,50,1,glcmw3_asm,0.48683
2022_2023,V11,d50_b1,50,1,glcmw3_contrast,0.420224
2022_2023,V11,d50_b1,50,1,glcmw3_entropy,0.977558
2022_2023,V11,d50_b1,50,1,glcmw3_correlation,0.415212
2022_2023,V11,d50_b1,50,1,glcmw3_homogeneity,0.831618
2022_2023,V11,d50_b1,50,1,glcmw5_asm,0.371831
2022_2023,V11,d50_b1,50,1,glcmw5_contrast,0.420217
2022_2023,V11,d50_b1,50,1,glcmw5_entropy,1.4063
2022_2023,V11,d50_b1,50,1,glcmw5_correlation,0.600101
2022_2023,V11,d50_b1,50,1,glcmw5_homogeneity,0.831659
2022_2023,V11,d50_b1,50,1,glcmw7_asm,0.315469
2022_2023,V11,d50_b1,50,1,glcmw7_contrast,0.420294
2022_2023,V11,d50_b1,50,1,glcmw7_entropy,1.66484
2022_2023,V11,d50_b1,50,1,glcmw7_correlation,0.6911
2022_2023,V11,d50_b1,50,1,glcmw7_homogeneity,0.831632
2022_2023,V11,d50_b1,50,1,rgb_glcm_asm,
2022_2023,V11,d50_b1,50,1,rgb_glcm_contrast,
2022_2023,V11,d50_b1,50,1,rgb_glcm_correlation,
2022_2023,V11,d50_b1,50,1,rgb_glcm_variance,
2022_2023,V11,d50_b1,50,1,rgb_glcm_idm,
2022_2023,V11,d50_b1,50,1,rgb_glcm_sum_average,
2022_2023,V11,d50_b1,50,1,rgb_glcm_sum_variance,
2022_2023,V11,d50_b1,50,1,rgb_glcm_sum_entropy,
2022_2023,V11,d50_b1,50,1,rgb_glcm_entropy,
2022_2023,V11,d50_b1,50,1,rgb_glcm_diff_entropy,
2022_2023,V11,d50_b1,50,1,rgb_glcm_imc1,
2022_2023,V11,d50_b1,50,1,rgb_glcm_imc2,
2022_2023,V11,d50_b1,50,1,rgb_glcm_mcc,
2022_2023,V11,d50_b1,50,1,rgb_glcm_dissimilarity,
2022_2023,V11,d50_b1,50,1,rgb_glcm_inertia,
2022_2023,V11,d50_b1,50,1,rgb_glcm_cluster_shade,
2022_2023,V11,d50_b1,50,1,rgb_glcm_cluster_prominence,
2022_2023,V11,d50_b1,50,1,rgb_glcm_homogeneity,
2022_2023,V11,d50_b1,50,1,rgb_glcmw3_asm,
2022_2023,V11,d50_b1,50,1,rgb_glcmw3_contrast,
2022_2023,V11,d50_b1,50,1,rgb_glcmw3_entropy,
2022_2023,V11,d50_b1,50,1,rgb_glcmw3_correlation,
2022_2023,V11,d50_b1,50,1,rgb_glcmw3_homogeneity,
2022_2023,V11,d50_b1,50,1,rgb_glcmw5_asm,
2022_2023,V11,d50_b1,50,1,rgb_glcmw5_contrast,
2022_2023,V11,d50_b1,50,1,rgb_glcmw5_entropy,
2022_2023,V11,d50_b1,50,1,rgb_glcmw5_correlation,
2022_2023,V11,d50_b1,50,1,rgb_glcmw5_homogeneity,
2022_2023,V11,d50_b1,50,1,rgb_glcmw7_asm,
2022_2023,V11,d50_b1,50,1,rgb_glcmw7_contrast,
2022_2023,V11,d50_b1,50,1,rgb_glcmw7_entropy,
2022_2023,V11,d50_b1,50,1,rgb_glcmw7_correlation,
2022_2023,V11,d50_b1,50,1,rgb_glcmw7_homogeneity,
2022_2023,V11,d50_b2,50,2,NDVI,0.786808
2022_2023,V11,d50_b2,50,2,GNDVI,0.219392
2022_2023,V11,d50_b2,50,2,NDRE,0.316444
2022_2023,V11,d50_b2,50,2,CIrededge,445.808
2022_2023,V11,d50_b2,50,2,SAVI,0.538982
2022_2023,V11,d50_b2,50,2,EVI,1.86832
2022_2023,V11,d50_b2,50,2,VARI,1.8268
2022_2023,V11,d50_b2,50,2,TGI,0.165139
2022_2023,V11,d50_b2,50,2,spec_mean,0.228561
2022_2023,V11,d50_b2,50,2,spec_std,0.211576
2022_2023,V11,d50_b2,50,2,spec_p10,0.0253137
2022_2023,V11,d50_b2,50,2,spec_p50,0.159785
2022_2023,V11,d50_b2,50,2,spec_p90,0.547294
2022_2023,V11,d50_b2,50,2,glcm_asm,0.0278177
2022_2023,V11,d50_b2,50,2,glcm_contrast,1.478
2022_2023,V11,d50_b2,50,2,glcm_correlation,0.95547
2022_2023,V11,d50_b2,50,2,glcm_variance,16.6146
2022_2023,V11,d50_b2,50,2,glcm_idm,0.677882
2022_2023,V11,d50_b2,50,2,glcm_sum_average,11.8427
2022_2023,V11,d50_b2,50,2,glcm_sum_variance,138.267
2022_2023,V11,d50_b2,50,2,glcm_sum_entropy,3.29075
2022_2023,V11,d50_b2,50,2,glcm_entropy,4.09358
2022_2023,V11,d50_b2,50,2,glcm_diff_entropy,1.1712
2022_2023,V11,d50_b2,50,2,glcm_imc1,-0.464081
2022_2023,V11,d50_b2,50,2,glcm_imc2,0.956926
2022_2023,V11,d50_b2,50,2,glcm_mcc,0.964536
2022_2023,V11,d50_b2,50,2,glcm_dissimilarity,0.774883
2022_2023,V11,d50_b2,50,2,glcm_inertia,1.478
2022_2023,V11,d50_b2,50,2,glcm_cluster_shade,98.5407
2022_2023,V11,d50_b2,50,2,glcm_cluster_prominence,8873.16
2022_2023,V11,d50_b2,50,2,glcm_homogeneity,0.700469
2022_2023,V11,d50_b2,50,2,glcmw3_asm,0.487729
2022_2023,V11,d50_b2,50,2,glcmw3_contrast,0.425265
2022_2023,V11,d50_b2,50,2,glcmw3_entropy,0.978257
2022_2023,V11,d50_b2,50,2,glcmw3_correlation,0.41127
2022_2023,V11,d50_b2,50,2,glcmw3_homogeneity,0.830481
2022_2023,V11,d50_b2,50,2,glcmw5_asm,0.374231
2022_2023,V11,d50_b2,50,2,glcmw5_contrast,0.425475
2022_2023,V11,d50_b2,50,2,glcmw5_entropy,1.40634
2022_2023,V11,d50_b2,50,2,glcmw5_correlation,0.591079
2022_2023,V11,d50_b2,50,2,glcmw5_homogeneity,0.83044
2022_2023,V11,d50_b2,50,2,glcmw7_asm,0.3191
2022_2023,V11,d50_b2,50,2,glcmw7_contrast,0.42555
2022_2023,V11,d50_b2,50,2,glcmw7_entropy,1.66269
2022_2023,V11,d50_b2,50,2,glcmw7_correlation,0.680235
2022_2023,V11,d50_b2,50,2,glcmw7_homogeneity,0.830425
2022_2023,V11,d50_b2,50,2,rgb_glcm_asm,
2022_2023,V11,d50_b2,50,2,rgb_glcm_contrast,
2022_2023,V11,d50_b2,50,2,rgb_glcm_correlation,
2022_2023,V11,d50_b2,50,2,rgb_glcm_variance,
2022_2023,V11,d50_b2,50,2,rgb_glcm_idm,
2022_2023,V11,d50_b2,50,2,rgb_glcm_sum_average,
2022_2023,V11,d50_b2,50,2,rgb_glcm_sum_variance,
2022_2023,V11,d50_b2,50,2,rgb_glcm_sum_entropy,
2022_2023,V11,d50_b2,50,2,rgb_glcm_entropy,
2022_2023,V11,d50_b2,50,2,rgb_glcm_diff_entropy,
2022_2023,V11,d50_b2,50,2,rgb_glcm_imc1,
2022_2023,V11,d50_b2,50,2,rgb_glcm_imc2,
2022_2023,V11,d50_b2,50,2,rgb_glcm_mcc,
2022_2023,V11,d50_b2,50,2,rgb_glcm_dissimilarity,
2022_2023,V11,d50_b2,50,2,rgb_glcm_inertia,
2022_2023,V11,d50_b2,50,2,rgb_glcm_cluster_shade,
2022_2023,V11,d50_b2,50,2,rgb_glcm_cluster_prominence,
2022_2023,V11,d50_b2,50,2,rgb_glcm_homogeneity,
2022_2023,V11,d50_b2,50,2,rgb_glcmw3_asm,
2022_2023,V11,d50_b2,50,2,rgb_glcmw3_contrast,
2022_2023,V11,d50_b2,50,2,rgb_glcmw3_entropy,
2022_2023,V11,d50_b2,50,2,rgb_glcmw3_correlation,
2022_2023,V11,d50_b2,50,2,rgb_glcmw3_homogeneity,
2022_2023,V11,d50_b2,50,2,rgb_glcmw5_asm,
2022_2023,V11,d50_b2,50,2,rgb_glcmw5_contrast,
2022_2023,V11,d50_b2,50,2,rgb_glcmw5_entropy,
2022_2023,V11,d50_b2,50,2,rgb_glcmw5_correlation,
2022_2023,V11,d50_b2,50,2,rgb_glcmw5_homogeneity,
2022_2023,V11,d50_b2,50,2,rgb_glcmw7_asm,
2022_2023,V11,d50_b2,50,2,rgb_glcmw7_contrast,
2022_2023,V11,d50_b2,50,2,rgb_glcmw7_entropy,
2022_2023,V11,d50_b2,50,2,rgb_glcmw7_correlation,
2022_2023,V11,d50_b2,50,2,rgb_glcmw7_homogeneity,
2022_2023,V11,d50_b3,50,3,NDVI,0.797773
2022_2023,V11,d50_b3,50,3,GNDVI,0.265016
2022_2023,V11,d50_b3,50,3,NDRE,0.315562
2022_2023,V11,d50_b3,50,3,CIrededge,92.4314
2022_2023,V11,d50_b3,50,3,SAVI,0.544841
2022_2023,V11,d50_b3,50,3,EVI,-1.11417
2022_2023,V11,d50_b3,50,3,VARI,10.5821
2022_2023,V11,d50_b3,50,3,TGI,0.16635
2022_2023,V11,d50_b3,50,3,spec_mean,0.223797
2022_2023,V11,d50_b3,50,3,spec_std,0.221886
2022_2023,V11,d50_b3,50,3,spec_p10,0.0212409
2022_2023,V11,d50_b3,50,3,spec_p50,0.142316
2022_2023,V11,d50_b3,50,3,spec_p90,0.566601
2022_2023,V11,d50_b3,50,3,glcm_asm,0.0300128
2022_2023,V11,d50_b3,50,3,glcm_contrast,1.62425
2022_2023,V11,d50_b3,50,3,glcm_correlation,0.95629
2022_2023,V11,d50_b3,50,3,glcm_variance,18.6434
2022_2023,V11,d50_b3,50,3,glcm_idm,0.659011
2022_2023,V11,d50_b3,50,3,glcm_sum_average,11.949
2022_2023,V11,d50_b3,50,3,glcm_sum_variance,148.003
2022_2023,V11,d50_b3,50,3,glcm_sum_entropy,3.29105
2022_2023,V11,d50_b3,50,3,glcm_entropy,4.12957
2022_2023,V11,d50_b3,50,3,glcm_diff_entropy,1.21161
2022_2023,V11,d50_b3,50,3,glcm_imc1,-0.45275
2022_2023,V11,d50_b3,50,3,glcm_imc2,0.954287
2022_2023,V11,d50_b3,50,3,glcm_mcc,0.96423
2022_2023,V11,d50_b3,50,3,glcm_dissimilarity,0.829835
2022_2023,V11,d50_b3,50,3,glcm_inertia,1.62425
2022_2023,V11,d50_b3,50,3,glcm_cluster_shade,93.722
2022_2023,V11,d50_b3,50,3,glcm_cluster_prominence,10118.9
2022_2023,V11,d50_b3,50,3,glcm_homogeneity,0.684453
2022_2023,V11,d50_b3,50,3,glcmw3_asm,0.470248
2022_2023,V11,d50_b3,50,3,glcmw3_contrast,0.459149
2022_2023,V11,d50_b3,50,3,glcmw3_entropy,1.02092
2022_2023,V11,d50_b3,50,3,glcmw3_correlation,0.435169
2022_2023,V11,d50_b3,50,3,glcmw3_homogeneity,0.820252
2022_2023,V11,d50_b3,50,3,glcmw5_asm,0.358229
2022_2023,V11,d50_b3,50,3,glcmw5_contrast,0.459216
2022_2023,V11,d50_b3,50,3,glcmw5_entropy,1.46565
2022_2023,V11,d50_b3,50,3,glcmw5_correlation,0.606644
2022_2023,V11,d50_b3,50,3,glcmw5_homogeneity,0.820226
2022_2023,V11,d50_b3,50,3,glcmw7_asm,0.304939
2022_2023,V11,d50_b3,50,3,glcmw7_contrast,0.45918
2022_2023,V11,d50_b3,50,3,glcmw7_entropy,1.73308
2022_2023,V11,d50_b3,50,3,glcmw7_correlation,0.690899
2022_2023,V11,d50_b3,50,3,glcmw7_homogeneity,0.820214
2022_2023,V11,d50_b3,50,3,rgb_glcm_asm,
2022_2023,V11,d50_b3,50,3,rgb_glcm_contrast,
2022_2023,V11,d50_b3,50,3,rgb_glcm_correlation,
2022_2023,V11,d50_b3,50,3,rgb_glcm_variance,
2022_2023,V11,d50_b3,50,3,rgb_glcm_idm,
2022_2023,V11,d50_b3,50,3,rgb_glcm_sum_average,
2022_2023,V11,d50_b3,50,3,rgb_glcm_sum_variance,
2022_2023,V11,d50_b3,50,3,rgb_glcm_sum_entropy,
2022_2023,V11,d50_b3,50,3,rgb_glcm_entropy,
2022_2023,V11,d50_b3,50,3,rgb_glcm_diff_entropy,
2022_2023,V11,d50_b3,50,3,rgb_glcm_imc1,
2022_2023,V11,d50_b3,50,3,rgb_glcm_imc2,
2022_2023,V11,d50_b3,50,3,rgb_glcm_mcc,
2022_2023,V11,d50_b3,50,3,rgb_glcm_dissimilarity,
2022_2023,V11,d50_b3,50,3,rgb_glcm_inertia,
2022_2023,V11,d50_b3,50,3,rgb_glcm_cluster_shade,
2022_2023,V11,d50_b3,50,3,rgb_glcm_cluster_prominence,
2022_2023,V11,d50_b3,50,3,rgb_glcm_homogeneity,
2022_2023,V11,d50_b3,50,3,rgb_glcmw3_asm,
2022_2023,V11,d50_b3,50,3,rgb_glcmw3_contrast,
2022_2023,V11,d50_b3,50,3,rgb_glcmw3_entropy,
2022_2023,V11,d50_b3,50,3,rgb_glcmw3_correlation,
2022_2023,V11,d50_b3,50,3,rgb_glcmw3_homogeneity,
2022_2023,V11,d50_b3,50,3,rgb_glcmw5_asm,
2022_2023,V11,d50_b3,50,3,rgb_glcmw5_contrast,
2022_2023,V11,d50_b3,50,3,rgb_glcmw5_entropy,
2022_2023,V11,d50_b3,50,3,rgb_glcmw5_correlation,
2022_2023,V11,d50_b3,50,3,rgb_glcmw5_homogeneity,
2022_2023,V11,d50_b3,50,3,rgb_glcmw7_asm,
2022_2023,V11,d50_b3,50,3,rgb_glcmw7_contrast,
2022_2023,V11,d50_b3,50,3,rgb_glcmw7_entropy,
2022_2023,V11,d50_b3,50,3,rgb_glcmw7_correlation,
2022_2023,V11,d50_b3,50,3,rgb_glcmw7_homogeneity,
2022_2023,V11,d50_b4,50,4,NDVI,0.779991
2022_2023,V11,d50_b4,50,4,GNDVI,0.220827
2022_2023,V11,d50_b4,50,4,NDRE,0.294187
2022_2023,V11,d50_b4,50,4,CIrededge,0.870806
2022_2023,V11,d50_b4,50,4,SAVI,0.577413
2022_2023,V11,d50_b4,50,4,EVI,-3.36571
2022_2023,V11,d50_b4,50,4,VARI,2.27089
2022_2023,V11,d50_b4,50,4,TGI,0.185234
2022_2023,V11,d50_b4,50,4,spec_mean,0.257903
2022_2023,V11,d50_b4,50,4,spec_std,0.215805
2022_2023,V11,d50_b4,50,4,spec_p10,0.0374431
2022_2023,V11,d50_b4,50,4,spec_p50,0.194034
2022_2023,V11,d50_b4,50,4,spec_p90,0.586593
2022_2023,V11,d50_b4,50,4,glcm_asm,0.024623
2022_2023,V11,d50_b4,50,4,glcm_contrast,1.56106
2022_2023,V11,d50_b4,50,4,glcm_correlation,0.952513
2022_2023,V11,d50_b4,50,4,glcm_variance,16.4827
2022_2023,V11,d50_b4,50,4,glcm_idm,0.66625
2022_2023,V11,d50_b4,50,4,glcm_sum_average,12.4798
2022_2023,V11,d50_b4,50,4,glcm_sum_variance,148.341
2022_2023,V11,d50_b4,50,4,glcm_sum_entropy,3.31618
2022_2023,V11,d50_b4,50,4,glcm_entropy,4.14617
2022_2023,V11,d50_b4,50,4,glcm_diff_entropy,1.19462
2022_2023,V11,d50_b4,50,4,glcm_imc1,-0.455835
2022_2023,V11,d50_b4,50,4,glcm_imc2,0.955751
2022_2023,V11,d50_b4,50,4,glcm_mcc,0.9614
2022_2023,V11,d50_b4,50,4,glcm_dissimilarity,0.807366
2022_2023,V11,d50_b4,50,4,glcm_inertia,1.56106
2022_2023,V11,d50_b4,50,4,glcm_cluster_shade,85.7142
2022_2023,V11,d50_b4,50,4,glcm_cluster_prominence,8325.59
2022_2023,V11,d50_b4,50,4,glcm_homogeneity,0.69049
2022_2023,V11,d50_b4,50,4,glcmw3_asm,0.45921
2022_2023,V11,d50_b4,50,4,glcmw3_contrast,0.451664
2022_2023,V11,d50_b4,50,4,glcmw3_entropy,1.03618
2022_2023,V11,d50_b4,50,4,glcmw3_correlation,0.434346
2022_2023,V11,d50_b4,50,4,glcmw3_homogeneity,0.820826
2022_2023,V11,d50_b4,50,4,glcmw5_asm,0.342843
2022_2023,V11,d50_b4,50,4,glcmw5_contrast,0.451728
2022_2023,V11,d50_b4,50,4,glcmw5_entropy,1.48599
2022_2023,V11,d50_b4,50,4,glcmw5_correlation,0.615719
2022_2023,V11,d50_b4,50,4,glcmw5_homogeneity,0.820799
2022_2023,V11,d50_b4,50,4,glcmw7_asm,0.287516
2022_2023,V11,d50_b4,50,4,glcmw7_contrast,0.451732
2022_2023,V11,d50_b4,50,4,glcmw7_entropy,1.75362
2022_2023,V11,d50_b4,50,4,glcmw7_correlation,0.702737
2022_2023,V11,d50_b4,50,4,glcmw7_homogeneity,0.820776
2022_2023,V11,d50_b4,50,4,rgb_glcm_asm,
2022_2023,V11,d50_b4,50,4,rgb_glcm_contrast,
2022_2023,V11,d50_b4,50,4,rgb_glcm_correlation,
2022_2023,V11,d50_b4,50,4,rgb_glcm_variance,
2022_2023,V11,d50_b4,50,4,rgb_glcm_idm,
2022_2023,V11,d50_b4,50,4,rgb_glcm_sum_average,
2022_2023,V11,d50_b4,50,4,rgb_glcm_sum_variance,
2022_2023,V11,d50_b4,50,4,rgb_glcm_sum_entropy,
2022_2023,V11,d50_b4,50,4,rgb_glcm_entropy,
2022_2023,V11,d50_b4,50,4,rgb_glcm_diff_entropy,
2022_2023,V11,d50_b4,50,4,rgb_glcm_imc1,
2022_2023,V11,d50_b4,50,4,rgb_glcm_imc2,
2022_2023,V11,d50_b4,50,4,rgb_glcm_mcc,
2022_2023,V11,d50_b4,50,4,rgb_glcm_dissimilarity,
2022_2023,V11,d50_b4,50,4,rgb_glcm_inertia,
2022_2023,V11,d50_b4,50,4,rgb_glcm_cluster_shade,
2022_2023,V11,d50_b4,50,4,rgb_glcm_cluster_prominence,
2022_2023,V11,d50_b4,50,4,rgb_glcm_homogeneity,
2022_2023,V11,d50_b4,50,4,rgb_glcmw3_asm,
2022_2023,V11,d50_b4,50,4,rgb_glcmw3_contrast,
2022_2023,V11,d50_b4,50,4,rgb_glcmw3_entropy,
2022_2023,V11,d50_b4,50,4,rgb_glcmw3_correlation,
2022_2023,V11,d50_b4,50,4,rgb_glcmw3_homogeneity,
2022_2023,V11,d50_b4,50,4,rgb_glcmw5_asm,
2022_2023,V11,d50_b4,50,4,rgb_glcmw5_contrast,
2022_2023,V11,d50_b4,50,4,rgb_glcmw5_entropy,
2022_2023,V11,d50_b4,50,4,rgb_glcmw5_correlation,
2022_2023,V11,d50_b4,50,4,rgb_glcmw5_homogeneity,
2022_2023,V11,d50_b4,50,4,rgb_glcmw7_asm,
2022_2023,V11,d50_b4,50,4,rgb_glcmw7_contrast,
2022_2023,V11,d50_b4,50,4,rgb_glcmw7_entropy,
2022_2023,V11,d50_b4,50,4,rgb_glcmw7_correlation,
2022_2023,V11,d50_b4,50,4,rgb_glcmw7_homogeneity,
2022_2023,V11,d100_b1,100,1,NDVI,0.799252
2022_2023,V11,d100_b1,100,1,GNDVI,0.203076
2022_2023,V11,d100_b1,100,1,NDRE,0.330198
2022_2023,V11,d100_b1,100,1,CIrededge,178.225
2022_2023,V11,d100_b1,100,1,SAVI,0.572637
2022_2023,V11,d100_b1,100,1,EVI,1.23014
2022_2023,V11,d100_b1,100,1,VARI,1.92481
2022_2023,V11,d100_b1,100,1,TGI,0.180712
2022_2023,V11,d100_b1,100,1,spec_mean,0.246417
2022_2023,V11,d100_b1,100,1,spec_std,0.216989
2022_2023,V11,d100_b1,100,1,spec_p10,0.0313839
2022_2023,V11,d100_b1,100,1,spec_p50,0.178879
2022_2023,V11,d100_b1,100,1,spec_p90,0.582155
2022_2023,V11,d100_b1,100,1,glcm_asm,0.0321083
2022_2023,V11,d100_b1,100,1,glcm_contrast,1.57484
2022_2023,V11,d100_b1,100,1,glcm_correlation,0.957361
2022_2023,V11,d100_b1,100,1,glcm_variance,18.4427
2022_2023,V11,d100_b1,100,1,glcm_idm,0.671505
2022_2023,V11,d100_b1,100,1,glcm_sum_average,11.9373
2022_2023,V11,d100_b1,100,1,glcm_sum_variance,147.373
2022_2023,V11,d100_b1,100,1,glcm_sum_entropy,3.2699
2022_2023,V11,d100_b1,100,1,glcm_entropy,4.09024
2022_2023,V11,d100_b1,100,1,glcm_diff_entropy,1.19535
2022_2023,V11,d100_b1,100,1,glcm_imc1,-0.459386
2022_2023,V11,d100_b1,100,1,glcm_imc2,0.955223
2022_2023,V11,d100_b1,100,1,glcm_mcc,0.96546
2022_2023,V11,d100_b1,100,1,glcm_dissimilarity,0.800239
2022_2023,V11,d100_b1,100,1,glcm_inertia,1.57484
2022_2023,V11,d100_b1,100,1,glcm_cluster_shade,78.8113
2022_2023,V11,d100_b1,100,1,glcm_cluster_prominence,9921.75
2022_2023,V11,d100_b1,100,1,glcm_homogeneity,0.695784
2022_2023,V11,d100_b1,100,1,glcmw3_asm,0.483817
2022_2023,V11,d100_b1,100,1,glcmw3_contrast,0.444394
2022_2023,V11,d100_b1,100,1,glcmw3_entropy,0.993052
2022_2023,V11,d100_b1,100,1,glcmw3_correlation,0.419375
2022_2023,V11,d100_b1,100,1,glcmw3_homogeneity,0.82647
2022_2023,V11,d100_b1,100,1,glcmw5_asm,0.372011
2022_2023,V11,d100_b1,100,1,glcmw5_contrast,0.444497
2022_2023,V11,d100_b1,100,1,glcmw5_entropy,1.42737
2022_2023,V11,d100_b1,100,1,glcmw5_correlation,0.594362
2022_2023,V11,d100_b1,100,1,glcmw5_homogeneity,0.826447
2022_2023,V11,d100_b1,100,1,glcmw7_asm,0.318506
2022_2023,V11,d100_b1,100,1,glcmw7_contrast,0.444575
2022_2023,V11,d100_b1,100,1,glcmw7_entropy,1.68682
2022_2023,V11,d100_b1,100,1,glcmw7_correlation,0.680332
2022_2023,V11,d100_b1,100,1,glcmw7_homogeneity,0.826428
2022_2023,V11,d100_b1,100,1,rgb_glcm_asm,
2022_2023,V11,d100_b1,100,1,rgb_glcm_contrast,
2022_2023,V11,d100_b1,100,1,rgb_glcm_correlation,
2022_2023,V11,d100_b1,100,1,rgb_glcm_variance,
2022_2023,V11,d100_b1,100,1,rgb_glcm_idm,
2022_2023,V11,d100_b1,100,1,rgb_glcm_sum_average,
2022_2023,V11,d100_b1,100,1,rgb_glcm_sum_variance,
2022_2023,V11,d100_b1,100,1,rgb_glcm_sum_entropy,
2022_2023,V11,d100_b1,100,1,rgb_glcm_entropy,
2022_2023,V11,d100_b1,100,1,rgb_glcm_diff_entropy,
2022_2023,V11,d100_b1,100,1,rgb_glcm_imc1,
2022_2023,V11,d100_b1,100,1,rgb_glcm_imc2,
2022_2023,V11,d100_b1,100,1,rgb_glcm_mcc,
2022_2023,V11,d100_b1,100,1,rgb_glcm_dissimilarity,
2022_2023,V11,d100_b1,100,1,rgb_glcm_inertia,
2022_2023,V11,d100_b1,100,1,rgb_glcm_cluster_shade,
2022_2023,V11,d100_b1,100,1,rgb_glcm_cluster_prominence,
2022_2023,V11,d100_b1,100,1,rgb_glcm_homogeneity,
2022_2023,V11,d100_b1,100,1,rgb_glcmw3_asm,
2022_2023,V11,d100_b1,100,1,rgb_glcmw3_contrast,
2022_2023,V11,d100_b1,100,1,rgb_glcmw3_entropy,
2022_2023,V11,d100_b1,100,1,rgb_glcmw3_correlation,
2022_2023,V11,d100_b1,100,1,rgb_glcmw3_homogeneity,
2022_2023,V11,d100_b1,100,1,rgb_glcmw5_asm,
2022_2023,V11,d100_b1,100,1,rgb_glcmw5_contrast,
2022_2023,V11,d100_b1,100,1,rgb_glcmw5_entropy,
2022_2023,V11,d100_b1,100,1,rgb_glcmw5_correlation,
2022_2023,V11,d100_b1,100,1,rgb_glcmw5_homogeneity,
2022_2023,V11,d100_b1,100,1,rgb_glcmw7_asm,
2022_2023,V11,d100_b1,100,1,rgb_glcmw7_contrast,
2022_2023,V11,d100_b1,100,1,rgb_glcmw7_entropy,
2022_2023,V11,d100_b1,100,1,rgb_glcmw7_correlation,
2022_2023,V11,d100_b1,100,1,rgb_glcmw7_homogeneity,
2022_2023,V11,d100_b2,100,2,NDVI,0.802177
2022_2023,V11,d100_b2,100,2,GNDVI,0.264445
2022_2023,V11,d100_b2,100,2,NDRE,0.307203
2022_2023,V11,d100_b2,100,2,CIrededge,0.929486
2022_2023,V11,d100_b2,100,2,SAVI,0.573052
2022_2023,V11,d100_b2,100,2,EVI,1.15
2022_2023,V11,d100_b2,100,2,VARI,1.69702
2022_2023,V11,d100_b2,100,2,TGI,0.173937
2022_2023,V11,d100_b2,100,2,spec_mean,0.240537
2022_2023,V11,d100_b2,100,2,spec_std,0.215193
2022_2023,V11,d100_b2,100,2,spec_p10,0.0296346
2022_2023,V11,d100_b2,100,2,spec_p50,0.173942
2022_2023,V11,d100_b2,100,2,spec_p90,0.566667
2022_2023,V11,d100_b2,100,2,glcm_asm,0.0275923
2022_2023,V11,d100_b2,100,2,glcm_contrast,1.65612
2022_2023,V11,d100_b2,100,2,glcm_correlation,0.95299
2022_2023,V11,d100_b2,100,2,glcm_variance,17.6388
2022_2023,V11,d100_b2,100,2,glcm_idm,0.658101
2022_2023,V11,d100_b2,100,2,glcm_sum_average,11.4154
2022_2023,V11,d100_b2,100,2,glcm_sum_variance,134.743
2022_2023,V11,d100_b2,100,2,glcm_sum_entropy,3.301
2022_2023,V11,d100_b2,100,2,glcm_entropy,4.14944
2022_2023,V11,d100_b2,100,2,glcm_diff_entropy,1.2176
2022_2023,V11,d100_b2,100,2,glcm_imc1,-0.444653
2022_2023,V11,d100_b2,100,2,glcm_imc2,0.952234
2022_2023,V11,d100_b2,100,2,glcm_mcc,0.958862
2022_2023,V11,d100_b2,100,2,glcm_dissimilarity,0.835559
2022_2023,V11,d100_b2,100,2,glcm_inertia,1.65612
2022_2023,V11,d100_b2,100,2,glcm_cluster_shade,175.133
2022_2023,V11,d100_b2,100,2,glcm_cluster_prominence,9616.02
2022_2023,V11,d100_b2,100,2,glcm_homogeneity,0.683665
2022_2023,V11,d100_b2,100,2,glcmw3_asm,0.468252
2022_2023,V11,d100_b2,100,2,glcmw3_contrast,0.464393
2022_2023,V11,d100_b2,100,2,glcmw3_entropy,1.02639
2022_2023,V11,d100_b2,100,2,glcmw3_correlation,0.433174
2022_2023,V11,d100_b2,100,2,glcmw3_homogeneity,0.82014
2022_2023,V11,d100_b2,100,2,glcmw5_asm,0.354559
2022_2023,V11,d100_b2,100,2,glcmw5_contrast,0.464419
2022_2023,V11,d100_b2,100,2,glcmw5_entropy,1.47482
2022_2023,V11,d100_b2,100,2,glcmw5_correlation,0.610561
2022_2023,V11,d100_b2,100,2,glcmw5_homogeneity,0.820133
2022_2023,V11,d100_b2,100,2,glcmw7_asm,0.299665
2022_2023,V11,d100_b2,100,2,glcmw7_contrast,0.464477
2022_2023,V11,d100_b2,100,2,glcmw7_entropy,1.74392
2022_2023,V11,d100_b2,100,2,glcmw7_correlation,0.699477
2022_2023,V11,d100_b2,100,2,glcmw7_homogeneity,0.820104
2022_2023,V11,d100_b2,100,2,rgb_glcm_asm,
2022_2023,V11,d100_b2,100,2,rgb_glcm_contrast,
2022_2023,V11,d100_b2,100,2,rgb_glcm_correlation,
2022_2023,V11,d100_b2,100,2,rgb_glcm_variance,
2022_2023,V11,d100_b2,100,2,rgb_glcm_idm,
2022_2023,V11,d100_b2,100,2,rgb_glcm_sum_average,
2022_2023,V11,d100_b2,100,2,rgb_glcm_sum_variance,
2022_2023,V11,d100_b2,100,2,rgb_glcm_sum_entropy,
2022_2023,V11,d100_b2,100,2,rgb_glcm_entropy,
2022_2023,V11,d100_b2,100,2,rgb_glcm_diff_entropy,
2022_2023,V11,d100_b2,100,2,rgb_glcm_imc1,
2022_2023,V11,d100_b2,100,2,rgb_glcm_imc2,
2022_2023,V11,d100_b2,100,2,rgb_glcm_mcc,
2022_2023,V11,d100_b2,100,2,rgb_glcm_dissimilarity,
2022_2023,V11,d100_b2,100,2,rgb_glcm_inertia,
2022_2023,V11,d100_b2,100,2,rgb_glcm_cluster_shade,
2022_2023,V11,d100_b2,100,2,rgb_glcm_cluster_prominence,
2022_2023,V11,d100_b2,100,2,rgb_glcm_homogeneity,
2022_2023,V11,d100_b2,100,2,rgb_glcmw3_asm,
2022_2023,V11,d100_b2,100,2,rgb_glcmw3_contrast,
2022_2023,V11,d100_b2,100,2,rgb_glcmw3_entropy,
2022_2023,V11,d100_b2,100,2,rgb_glcmw3_correlation,
2022_2023,V11,d100_b2,100,2,rgb_glcmw3_homogeneity,
2022_2023,V11,d100_b2,100,2,rgb_glcmw5_asm,
2022_2023,V11,d100_b2,100,2,rgb_glcmw5_contrast,
2022_2023,V11,d100_b2,100,2,rgb_glcmw5_entropy,
2022_2023,V11,d100_b2,100,2,rgb_glcmw5_correlation,
2022_2023,V11,d100_b2,100,2,rgb_glcmw5_homogeneity,
2022_2023,V11,d100_b2,100,2,rgb_glcmw7_asm,
2022_2023,V11,d100_b2,100,2,rgb_glcmw7_contrast,
2022_2023,V11,d100_b2,100,2,rgb_glcmw7_entropy,
2022_2023,V11,d100_b2,100,2,rgb_glcmw7_correlation,
2022_2023,V11,d100_b2,100,2,rgb_glcmw7_homogeneity,
2022_2023,V11,d100_b3,100,3,NDVI,0.809996
2022_2023,V11,d100_b3,100,3,GNDVI,0.25461
2022_2023,V11,d100_b3,100,3,NDRE,0.337677
2022_2023,V11,d100_b3,100,3,CIrededge,18.8993
2022_2023,V11,d100_b3,100,3,SAVI,0.579851
2022_2023,V11,d100_b3,100,3,EVI,0.909575
2022_2023,V11,d100_b3,100,3,VARI,1.11197
2022_2023,V11,d100_b3,100,3,TGI,0.179271
2022_2023,V11,d100_b3,100,3,spec_mean,0.238863
2022_2023,V11,d100_b3,100,3,spec_std,0.217711
2022_2023,V11,d100_b3,100,3,spec_p10,0.0285973
2022_2023,V11,d100_b3,100,3,spec_p50,0.168129
2022_2023,V11,d100_b3,100,3,spec_p90,0.578452
2022_2023,V11,d100_b3,100,3,glcm_asm,0.0319517
2022_2023,V11,d100_b3,100,3,glcm_contrast,1.70202
2022_2023,V11,d100_b3,100,3,glcm_correlation,0.954784
2022_2023,V11,d100_b3,100,3,glcm_variance,18.8322
2022_2023,V11,d100_b3,100,3,glcm_idm,0.660203
2022_2023,V11,d100_b3,100,3,glcm_sum_average,11.5484
2022_2023,V11,d100_b3,100,3,glcm_sum_variance,142.256
2022_2023,V11,d100_b3,100,3,glcm_sum_entropy,3.27157
2022_2023,V11,d100_b3,100,3,glcm_entropy,4.12135
2022_2023,V11,d100_b3,100,3,glcm_diff_entropy,1.22793
2022_2023,V11,d100_b3,100,3,glcm_imc1,-0.445996
2022_2023,V11,d100_b3,100,3,glcm_imc2,0.95189
2022_2023,V11,d100_b3,100,3,glcm_mcc,0.961381
2022_2023,V11,d100_b3,100,3,glcm_dissimilarity,0.83884
2022_2023,V11,d100_b3,100,3,glcm_inertia,1.70202
2022_2023,V11,d100_b3,100,3,glcm_cluster_shade,132.057
2022_2023,V11,d100_b3,100,3,glcm_cluster_prominence,10250.3
2022_2023,V11,d100_b3,100,3,glcm_homogeneity,0.686436
2022_2023,V11,d100_b3,100,3,glcmw3_asm,0.475423
2022_2023,V11,d100_b3,100,3,glcmw3_contrast,0.471312
2022_2023,V11,d100_b3,100,3,glcmw3_entropy,1.01666
2022_2023,V11,d100_b3,100,3,glcmw3_correlation,0.429071
2022_2023,V11,d100_b3,100,3,glcmw3_homogeneity,0.820466
2022_2023,V11,d100_b3,100,3,glcmw5_asm,0.364655
2022_2023,V11,d100_b3,100,3,glcmw5_contrast,0.471289
2022_2023,V11,d100_b3,100,3,glcmw5_entropy,1.46034
2022_2023,V11,d100_b3,100,3,glcmw5_correlation,0.602181
2022_2023,V11,d100_b3,100,3,glcmw5_homogeneity,0.820471
2022_2023,V11,d100_b3,100,3,glcmw7_asm,0.310946
2022_2023,V11,d100_b3,100,3,glcmw7_contrast,0.471302
2022_2023,V11,d100_b3,100,3,glcmw7_entropy,1.72764
2022_2023,V11,d100_b3,100,3,glcmw7_correlation,0.690977
2022_2023,V11,d100_b3,100,3,glcmw7_homogeneity,0.82048
2022_2023,V11,d100_b3,100,3,rgb_glcm_asm,
2022_2023,V11,d100_b3,100,3,rgb_glcm_contrast,
2022_2023,V11,d100_b3,100,3,rgb_glcm_correlation,
2022_2023,V11,d100_b3,100,3,rgb_glcm_variance,
2022_2023,V11,d100_b3,100,3,rgb_glcm_idm,
2022_2023,V11,d100_b3,100,3,rgb_glcm_sum_average,
2022_2023,V11,d100_b3,100,3,rgb_glcm_sum_variance,
2022_2023,V11,d100_b3,100,3,rgb_glcm_sum_entropy,
2022_2023,V11,d100_b3,100,3,rgb_glcm_entropy,
2022_2023,V11,d100_b3,100,3,rgb_glcm_diff_entropy,
2022_2023,V11,d100_b3,100,3,rgb_glcm_imc1,
2022_2023,V11,d100_b3,100,3,rgb_glcm_imc2,
2022_2023,V11,d100_b3,100,3,rgb_glcm_mcc,
2022_2023,V11,d100_b3,100,3,rgb_glcm_dissimilarity,
2022_2023,V11,d100_b3,100,3,rgb_glcm_inertia,
2022_2023,V11,d100_b3,100,3,rgb_glcm_cluster_shade,
2022_2023,V11,d100_b3,100,3,rgb_glcm_cluster_prominence,
2022_2023,V11,d100_b3,100,3,rgb_glcm_homogeneity,
2022_2023,V11,d100_b3,100,3,rgb_glcmw3_asm,
2022_2023,V11,d100_b3,100,3,rgb_glcmw3_contrast,
2022_2023,V11,d100_b3,100,3,rgb_glcmw3_entropy,
2022_2023,V11,d100_b3,100,3,rgb_glcmw3_correlation,
2022_2023,V11,d100_b3,100,3,rgb_glcmw3_homogeneity,
2022_2023,V11,d100_b3,100,3,rgb_glcmw5_asm,
2022_2023,V11,d100_b3,100,3,rgb_glcmw5_contrast,
2022_2023,V11,d100_b3,100,3,rgb_glcmw5_entropy,
2022_2023,V11,d100_b3,100,3,rgb_glcmw5_correlation,
2022_2023,V11,d100_b3,100,3,rgb_glcmw5_homogeneity,
2022_2023,V11,d100_b3,100,3,rgb_glcmw7_asm,
2022_2023,V11,d100_b3,100,3,rgb_glcmw7_contrast,
2022_2023,V11,d100_b3,100,3,rgb_glcmw7_entropy,
2022_2023,V11,d100_b3,100,3,rgb_glcmw7_correlation,
2022_2023,V11,d100_b3,100,3,rgb_glcmw7_homogeneity,
2022_2023,V11,d100_b4,100,4,NDVI,0.799887
2022_2023,V11,d100_b4,100,4,GNDVI,0.280653
2022_2023,V11,d100_b4,100,4,NDRE,0.32745
2022_2023,V11,d100_b4,100,4,CIrededge,1.01902
2022_2023,V11,d100_b4,100,4,SAVI,0.587384
2022_2023,V11,d100_b4,100,4,EVI,-0.87047
2022_2023,V11,d100_b4,100,4,VARI,1.46353
2022_2023,V11,d100_b4,100,4,TGI,0.167276
2022_2023,V11,d100_b4,100,4,spec_mean,0.24203
2022_2023,V11,d100_b4,100,4,spec_std,0.21782
2022_2023,V11,d100_b4,100,4,spec_p10,0.031511
2022_2023,V11,d100_b4,100,4,spec_p50,0.16801
2022_2023,V11,d100_b4,100,4,spec_p90,0.580626
2022_2023,V11,d100_b4,100,4,glcm_asm,0.0295371
2022_2023,V11,d100_b4,100,4,glcm_contrast,1.56001
2022_2023,V11,d100_b4,100,4,glcm_correlation,0.957832
2022_2023,V11,d100_b4,100,4,glcm_variance,18.5047
2022_2023,V11,d100_b4,100,4,glcm_idm,0.668318
2022_2023,V11,d100_b4,100,4,glcm_sum_average,11.9672
2022_2023,V11,d100_b4,100,4,glcm_sum_variance,147.657
2022_2023,V11,d100_b4,100,4,glcm_sum_entropy,3.29686
2022_2023,V11,d100_b4,100,4,glcm_entropy,4.12096
2022_2023,V11,d100_b4,100,4,glcm_diff_entropy,1.19489
2022_2023,V11,d100_b4,100,4,glcm_imc1,-0.46069
2022_2023,V11,d100_b4,100,4,glcm_imc2,0.956616
2022_2023,V11,d100_b4,100,4,glcm_mcc,0.965518
2022_2023,V11,d100_b4,100,4,glcm_dissimilarity,0.803921
2022_2023,V11,d100_b4,100,4,glcm_inertia,1.56001
2022_2023,V11,d100_b4,100,4,glcm_cluster_shade,95.2056
2022_2023,V11,d100_b4,100,4,glcm_cluster_prominence,10012.2
2022_2023,V11,d100_b4,100,4,glcm_homogeneity,0.692638
2022_2023,V11,d100_b4,100,4,glcmw3_asm,0.477789
2022_2023,V11,d100_b4,100,4,glcmw3_contrast,0.441903
2022_2023,V11,d100_b4,100,4,glcmw3_entropy,1.00178
2022_2023,V11,d100_b4,100,4,glcmw3_correlation,0.430056
2022_2023,V11,d100_b4,100,4,glcmw3_homogeneity,0.825542
2022_2023,V11,d100_b4,100,4,glcmw5_asm,0.364393
2022_2023,V11,d100_b4,100,4,glcmw5_contrast,0.441771
2022_2023,V11,d100_b4,100,4,glcmw5_entropy,1.4405
2022_2023,V11,d100_b4,100,4,glcmw5_correlation,0.607019
2022_2023,V11,d100_b4,100,4,glcmw5_homogeneity,0.825559
2022_2023,V11,d100_b4,100,4,glcmw7_asm,0.309629
2022_2023,V11,d100_b4,100,4,glcmw7_contrast,0.44164
2022_2023,V11,d100_b4,100,4,glcmw7_entropy,1.70593
2022_2023,V11,d100_b4,100,4,glcmw7_correlation,0.694564
2022_2023,V11,d100_b4,100,4,glcmw7_homogeneity,0.825564
2022_2023,V11,d100_b4,100,4,rgb_glcm_asm,
2022_2023,V11,d100_b4,100,4,rgb_glcm_contrast,
2022_2023,V11,d100_b4,100,4,rgb_glcm_correlation,
2022_2023,V11,d100_b4,100,4,rgb_glcm_variance,
2022_2023,V11,d100_b4,100,4,rgb_glcm_idm,
2022_2023,V11,d100_b4,100,4,rgb_glcm_sum_average,
2022_2023,V11,d100_b4,100,4,rgb_glcm_sum_variance,
2022_2023,V11,d100_b4,100,4,rgb_glcm_sum_entropy,
2022_2023,V11,d100_b4,100,4,rgb_glcm_entropy,
2022_2023,V11,d100_b4,100,4,rgb_glcm_diff_entropy,
2022_2023,V11,d100_b4,100,4,rgb_glcm_imc1,
2022_2023,V11,d100_b4,100,4,rgb_glcm_imc2,
2022_2023,V11,d100_b4,100,4,rgb_glcm_mcc,
2022_2023,V11,d100_b4,100,4,rgb_glcm_dissimilarity,
2022_2023,V11,d100_b4,100,4,rgb_glcm_inertia,
2022_2023,V11,d100_b4,100,4,rgb_glcm_cluster_shade,
2022_2023,V11,d100_b4,100,4,rgb_glcm_cluster_prominence,
2022_2023,V11,d100_b4,100,4,rgb_glcm_homogeneity,
2022_2023,V11,d100_b4,100,4,rgb_glcmw3_asm,
2022_2023,V11,d100_b4,100,4,rgb_glcmw3_contrast,
2022_2023,V11,d100_b4,100,4,rgb_glcmw3_entropy,
2022_2023,V11,d100_b4,100,4,rgb_glcmw3_correlation,
2022_2023,V11,d100_b4,100,4,rgb_glcmw3_homogeneity,
2022_2023,V11,d100_b4,100,4,rgb_glcmw5_asm,
2022_2023,V11,d100_b4,100,4,rgb_glcmw5_contrast,
2022_2023,V11,d100_b4,100,4,rgb_glcmw5_entropy,
2022_2023,V11,d100_b4,100,4,rgb_glcmw5_correlation,
2022_2023,V11,d100_b4,100,4,rgb_glcmw5_homogeneity,
2022_2023,V11,d100_b4,100,4,rgb_glcmw7_asm,
2022_2023,V11,d100_b4,100,4,rgb_glcmw7_contrast,
2022_2023,V11,d100_b4,100,4,rgb_glcmw7_entropy,
2022_2023,V11,d100_b4,100,4,rgb_glcmw7_correlation,
2022_2023,V11,d100_b4,100,4,rgb_glcmw7_homogeneity,
2022_2023,V11,d200_b1,200,1,NDVI,0.806955
2022_2023,V11,d200_b1,200,1,GNDVI,0.230233
2022_2023,V11,d200_b1,200,1,NDRE,0.350515
2022_2023,V11,d200_b1,200,1,CIrededge,107.241
2022_2023,V11,d200_b1,200,1,SAVI,0.573316
2022_2023,V11,d200_b1,200,1,EVI,1.45513
2022_2023,V11,d200_b1,200,1,VARI,1.70283
2022_2023,V11,d200_b1,200,1,TGI,0.171221
2022_2023,V11,d200_b1,200,1,spec_mean,0.233191
2022_2023,V11,d200_b1,200,1,spec_std,0.21347
2022_2023,V11,d200_b1,200,1,spec_p10,0.0282552
2022_2023,V11,d200_b1,200,1,spec_p50,0.160911
2022_2023,V11,d200_b1,200,1,spec_p90,0.566423
2022_2023,V11,d200_b1,200,1,glcm_asm,0.0305162
2022_2023,V11,d200_b1,200,1,glcm_contrast,1.25605
2022_2023,V11,d200_b1,200,1,glcm_correlation,0.96199
2022_2023,V11,d200_b1,200,1,glcm_variance,16.572
2022_2023,V11,d200_b1,200,1,glcm_idm,0.70347
2022_2023,V11,d200_b1,200,1,glcm_sum_average,12.5763
2022_2023,V11,d200_b1,200,1,glcm_sum_variance,152.022
2022_2023,V11,d200_b1,200,1,glcm_sum_entropy,3.26691
2022_2023,V11,d200_b1,200,1,glcm_entropy,3.99585
2022_2023,V11,d200_b1,200,1,glcm_diff_entropy,1.10919
2022_2023,V11,d200_b1,200,1,glcm_imc1,-0.495647
2022_2023,V11,d200_b1,200,1,glcm_imc2,0.963385
2022_2023,V11,d200_b1,200,1,glcm_mcc,0.973118
2022_2023,V11,d200_b1,200,1,glcm_dissimilarity,0.697781
2022_2023,V11,d200_b1,200,1,glcm_inertia,1.25605
2022_2023,V11,d200_b1,200,1,glcm_cluster_shade,18.2112
2022_2023,V11,d200_b1,200,1,glcm_cluster_prominence,8559.04
2022_2023,V11,d200_b1,200,1,glcm_homogeneity,0.7228
2022_2023,V11,d200_b1,200,1,glcmw3_asm,0.510344
2022_2023,V11,d200_b1,200,1,glcmw3_contrast,0.375133
2022_2023,V11,d200_b1,200,1,glcmw3_entropy,0.922668
2022_2023,V11,d200_b1,200,1,glcmw3_correlation,0.386414
2022_2023,V11,d200_b1,200,1,glcmw3_homogeneity,0.844284
2022_2023,V11,d200_b1,200,1,glcmw5_asm,0.396651
2022_2023,V11,d200_b1,200,1,glcmw5_contrast,0.375121
2022_2023,V11,d200_b1,200,1,glcmw5_entropy,1.32833
2022_2023,V11,d200_b1,200,1,glcmw5_correlation,0.569969
2022_2023,V11,d200_b1,200,1,glcmw5_homogeneity,0.844298
2022_2023,V11,d200_b1,200,1,glcmw7_asm,0.341162
2022_2023,V11,d200_b1,200,1,glcmw7_contrast,0.37508
2022_2023,V11,d200_b1,200,1,glcmw7_entropy,1.57011
2022_2023,V11,d200_b1,200,1,glcmw7_correlation,0.658744
2022_2023,V11,d200_b1,200,1,glcmw7_homogeneity,0.844304
2022_2023,V11,d200_b1,200,1,rgb_glcm_asm,
2022_2023,V11,d200_b1,200,1,rgb_glcm_contrast,
2022_2023,V11,d200_b1,200,1,rgb_glcm_correlation,
2022_2023,V11,d200_b1,200,1,rgb_glcm_variance,
2022_2023,V11,d200_b1,200,1,rgb_glcm_idm,
2022_2023,V11,d200_b1,200,1,rgb_glcm_sum_average,
2022_2023,V11,d200_b1,200,1,rgb_glcm_sum_variance,
2022_2023,V11,d200_b1,200,1,rgb_glcm_sum_entropy,
2022_2023,V11,d200_b1,200,1,rgb_glcm_entropy,
2022_2023,V11,d200_b1,200,1,rgb_glcm_diff_entropy,
2022_2023,V11,d200_b1,200,1,rgb_glcm_imc1,
2022_2023,V11,d200_b1,200,1,rgb_glcm_imc2,
2022_2023,V11,d200_b1,200,1,rgb_glcm_mcc,
2022_2023,V11,d200_b1,200,1,rgb_glcm_dissimilarity,
2022_2023,V11,d200_b1,200,1,rgb_glcm_inertia,
2022_2023,V11,d200_b1,200,1,rgb_glcm_cluster_shade,
2022_2023,V11,d200_b1,200,1,rgb_glcm_cluster_prominence,
2022_2023,V11,d200_b1,200,1,rgb_glcm_homogeneity,
2022_2023,V11,d200_b1,200,1,rgb_glcmw3_asm,
2022_2023,V11,d200_b1,200,1,rgb_glcmw3_contrast,
2022_2023,V11,d200_b1,200,1,rgb_glcmw3_entropy,
2022_2023,V11,d200_b1,200,1,rgb_glcmw3_correlation,
2022_2023,V11,d200_b1,200,1,rgb_glcmw3_homogeneity,
2022_2023,V11,d200_b1,200,1,rgb_glcmw5_asm,
2022_2023,V11,d200_b1,200,1,rgb_glcmw5_contrast,
2022_2023,V11,d200_b1,200,1,rgb_glcmw5_entropy,
2022_2023,V11,d200_b1,200,1,rgb_glcmw5_correlation,
2022_2023,V11,d200_b1,200,1,rgb_glcmw5_homogeneity,
2022_2023,V11,d200_b1,200,1,rgb_glcmw7_asm,
2022_2023,V11,d200_b1,200,1,rgb_glcmw7_contrast,
2022_2023,V11,d200_b1,200,1,rgb_glcmw7_entropy,
2022_2023,V11,d200_b1,200,1,rgb_glcmw7_correlation,
2022_2023,V11,d200_b1,200,1,rgb_glcmw7_homogeneity,
2022_2023,V11,d200_b2,200,2,NDVI,0.77769
2022_2023,V11,d200_b2,200,2,GNDVI,0.217848
2022_2023,V11,d200_b2,200,2,NDRE,0.312292
2022_2023,V11,d200_b2,200,2,CIrededge,0.955122
2022_2023,V11,d200_b2,200,2,SAVI,0.552952
2022_2023,V11,d200_b2,200,2,EVI,-0.20469
2022_2023,V11,d200_b2,200,2,VARI,2.65857
2022_2023,V11,d200_b2,200,2,TGI,0.170047
2022_2023,V11,d200_b2,200,2,spec_mean,0.241794
2022_2023,V11,d200_b2,200,2,spec_std,0.211097
2022_2023,V11,d200_b2,200,2,spec_p10,0.0320714
2022_2023,V11,d200_b2,200,2,spec_p50,0.173494
2022_2023,V11,d200_b2,200,2,spec_p90,0.563833
2022_2023,V11,d200_b2,200,2,glcm_asm,0.030832
2022_2023,V11,d200_b2,200,2,glcm_contrast,1.55332
2022_2023,V11,d200_b2,200,2,glcm_correlation,0.956075
2022_2023,V11,d200_b2,200,2,glcm_variance,17.6851
2022_2023,V11,d200_b2,200,2,glcm_idm,0.67222
2022_2023,V11,d200_b2,200,2,glcm_sum_average,11.2056
2022_2023,V11,d200_b2,200,2,glcm_sum_variance,132.09
2022_2023,V11,d200_b2,200,2,glcm_sum_entropy,3.27472
2022_2023,V11,d200_b2,200,2,glcm_entropy,4.08487
2022_2023,V11,d200_b2,200,2,glcm_diff_entropy,1.19185
2022_2023,V11,d200_b2,200,2,glcm_imc1,-0.459819
2022_2023,V11,d200_b2,200,2,glcm_imc2,0.955358
2022_2023,V11,d200_b2,200,2,glcm_mcc,0.964235
2022_2023,V11,d200_b2,200,2,glcm_dissimilarity,0.796098
2022_2023,V11,d200_b2,200,2,glcm_inertia,1.55332
2022_2023,V11,d200_b2,200,2,glcm_cluster_shade,164.714
2022_2023,V11,d200_b2,200,2,glcm_cluster_prominence,9678.72
2022_2023,V11,d200_b2,200,2,glcm_homogeneity,0.69617
2022_2023,V11,d200_b2,200,2,glcmw3_asm,0.488333
2022_2023,V11,d200_b2,200,2,glcmw3_contrast,0.440044
2022_2023,V11,d200_b2,200,2,glcmw3_entropy,0.986391
2022_2023,V11,d200_b2,200,2,glcmw3_correlation,0.411565
2022_2023,V11,d200_b2,200,2,glcmw3_homogeneity,0.827952
2022_2023,V11,d200_b2,200,2,glcmw5_asm,0.379157
2022_2023,V11,d200_b2,200,2,glcmw5_contrast,0.440051
2022_2023,V11,d200_b2,200,2,glcmw5_entropy,1.41541
2022_2023,V11,d200_b2,200,2,glcmw5_correlation,0.583881
2022_2023,V11,d200_b2,200,2,glcmw5_homogeneity,0.827951
2022_2023,V11,d200_b2,200,2,glcmw7_asm,0.326443
2022_2023,V11,d200_b2,200,2,glcmw7_contrast,0.439998
2022_2023,V11,d200_b2,200,2,glcmw7_entropy,1.67142
2022_2023,V11,d200_b2,200,2,glcmw7_correlation,0.67199
2022_2023,V11,d200_b2,200,2,glcmw7_homogeneity,0.827971
2022_2023,V11,d200_b2,200,2,rgb_glcm_asm,
2022_2023,V11,d200_b2,200,2,rgb_glcm_contrast,
2022_2023,V11,d200_b2,200,2,rgb_glcm_correlation,
2022_2023,V11,d200_b2,200,2,rgb_glcm_variance,
2022_2023,V11,d200_b2,200,2,rgb_glcm_idm,
2022_2023,V11,d200_b2,200,2,rgb_glcm_sum_average,
2022_2023,V11,d200_b2,200,2,rgb_glcm_sum_variance,
2022_2023,V11,d200_b2,200,2,rgb_glcm_sum_entropy,
2022_2023,V11,d200_b2,200,2,rgb_glcm_entropy,
2022_2023,V11,d200_b2,200,2,rgb_glcm_diff_entropy,
2022_2023,V11,d200_b2,200,2,rgb_glcm_imc1,
2022_2023,V11,d200_b2,200,2,rgb_glcm_imc2,
2022_2023,V11,d200_b2,200,2,rgb_glcm_mcc,
2022_2023,V11,d200_b2,200,2,rgb_glcm_dissimilarity,
2022_2023,V11,d200_b2,200,2,rgb_glcm_inertia,
2022_2023,V11,d200_b2,200,2,rgb_glcm_cluster_shade,
2022_2023,V11,d200_b2,200,2,rgb_glcm_cluster_prominence,
2022_2023,V11,d200_b2,200,2,rgb_glcm_homogeneity,
2022_2023,V11,d200_b2,200,2,rgb_glcmw3_asm,
2022_2023,V11,d200_b2,200,2,rgb_glcmw3_contrast,
2022_2023,V11,d200_b2,200,2,rgb_glcmw3_entropy,
2022_2023,V11,d200_b2,200,2,rgb_glcmw3_correlation,
2022_2023,V11,d200_b2,200,2,rgb_glcmw3_homogeneity,
2022_2023,V11,d200_b2,200,2,rgb_glcmw5_asm,
2022_2023,V11,d200_b2,200,2,rgb_glcmw5_contrast,
2022_2023,V11,d200_b2,200,2,rgb_glcmw5_entropy,
2022_2023,V11,d200_b2,200,2,rgb_glcmw5_correlation,
2022_2023,V11,d200_b2,200,2,rgb_glcmw5_homogeneity,
2022_2023,V11,d200_b2,200,2,rgb_glcmw7_asm,
2022_2023,V11,d200_b2,200,2,rgb_glcmw7_contrast,
2022_2023,V11,d200_b2,200,2,rgb_glcmw7_entropy,
2022_2023,V11,d200_b2,200,2,rgb_glcmw7_correlation,
2022_2023,V11,d200_b2,200,2,rgb_glcmw7_homogeneity,
2022_2023,V11,d200_b3,200,3,NDVI,0.82376
2022_2023,V11,d200_b3,200,3,GNDVI,0.266375
2022_2023,V11,d200_b3,200,3,NDRE,0.350287
2022_2023,V11,d200_b3,200,3,CIrededge,1.21048
2022_2023,V11,d200_b3,200,3,SAVI,0.561607
2022_2023,V11,d200_b3,200,3,EVI,1.49549
2022_2023,V11,d200_b3,200,3,VARI,1.20937
2022_2023,V11,d200_b3,200,3,TGI,0.163075
2022_2023,V11,d200_b3,200,3,spec_mean,0.21758
2022_2023,V11,d200_b3,200,3,spec_std,0.213604
2022_2023,V11,d200_b3,200,3,spec_p10,0.0208011
2022_2023,V11,d200_b3,200,3,spec_p50,0.141411
2022_2023,V11,d200_b3,200,3,spec_p90,0.54738
2022_2023,V11,d200_b3,200,3,glcm_asm,0.0301096
2022_2023,V11,d200_b3,200,3,glcm_contrast,1.47524
2022_2023,V11,d200_b3,200,3,glcm_correlation,0.956684
2022_2023,V11,d200_b3,200,3,glcm_variance,17.0329
2022_2023,V11,d200_b3,200,3,glcm_idm,0.67799
2022_2023,V11,d200_b3,200,3,glcm_sum_average,11.68
2022_2023,V11,d200_b3,200,3,glcm_sum_variance,137.333
2022_2023,V11,d200_b3,200,3,glcm_sum_entropy,3.27308
2022_2023,V11,d200_b3,200,3,glcm_entropy,4.07323
2022_2023,V11,d200_b3,200,3,glcm_diff_entropy,1.17265
2022_2023,V11,d200_b3,200,3,glcm_imc1,-0.463973
2022_2023,V11,d200_b3,200,3,glcm_imc2,0.956361
2022_2023,V11,d200_b3,200,3,glcm_mcc,0.965362
2022_2023,V11,d200_b3,200,3,glcm_dissimilarity,0.774811
2022_2023,V11,d200_b3,200,3,glcm_inertia,1.47524
2022_2023,V11,d200_b3,200,3,glcm_cluster_shade,98.829
2022_2023,V11,d200_b3,200,3,glcm_cluster_prominence,9126
2022_2023,V11,d200_b3,200,3,glcm_homogeneity,0.700842
2022_2023,V11,d200_b3,200,3,glcmw3_asm,0.492767
2022_2023,V11,d200_b3,200,3,glcmw3_contrast,0.420693
2022_2023,V11,d200_b3,200,3,glcmw3_entropy,0.971128
2022_2023,V11,d200_b3,200,3,glcmw3_correlation,0.409968
2022_2023,V11,d200_b3,200,3,glcmw3_homogeneity,0.832351
2022_2023,V11,d200_b3,200,3,glcmw5_asm,0.382516
2022_2023,V11,d200_b3,200,3,glcmw5_contrast,0.420609
2022_2023,V11,d200_b3,200,3,glcmw5_entropy,1.39589
2022_2023,V11,d200_b3,200,3,glcmw5_correlation,0.581556
2022_2023,V11,d200_b3,200,3,glcmw5_homogeneity,0.832372
2022_2023,V11,d200_b3,200,3,glcmw7_asm,0.329928
2022_2023,V11,d200_b3,200,3,glcmw7_contrast,0.420621
2022_2023,V11,d200_b3,200,3,glcmw7_entropy,1.64935
2022_2023,V11,d200_b3,200,3,glcmw7_correlation,0.66564
2022_2023,V11,d200_b3,200,3,glcmw7_homogeneity,0.83237
2022_2023,V11,d200_b3,200,3,rgb_glcm_asm,
2022_2023,V11,d200_b3,200,3,rgb_glcm_contrast,
2022_2023,V11,d200_b3,200,3,rgb_glcm_correlation,
2022_2023,V11,d200_b3,200,3,rgb_glcm_variance,
2022_2023,V11,d200_b3,200,3,rgb_glcm_idm,
2022_2023,V11,d200_b3,200,3,rgb_glcm_sum_average,
2022_2023,V11,d200_b3,200,3,rgb_glcm_sum_variance,
2022_2023,V11,d200_b3,200,3,rgb_glcm_sum_entropy,
2022_2023,V11,d200_b3,200,3,rgb_glcm_entropy,
2022_2023,V11,d200_b3,200,3,rgb_glcm_diff_entropy,
2022_2023,V11,d200_b3,200,3,rgb_glcm_imc1,
2022_2023,V11,d200_b3,200,3,rgb_glcm_imc2,
2022_2023,V11,d200_b3,200,3,rgb_glcm_mcc,
2022_2023,V11,d200_b3,200,3,rgb_glcm_dissimilarity,
2022_2023,V11,d200_b3,200,3,rgb_glcm_inertia,
2022_2023,V11,d200_b3,200,3,rgb_glcm_cluster_shade,
2022_2023,V11,d200_b3,200,3,rgb_glcm_cluster_prominence,
2022_2023,V11,d200_b3,200,3,rgb_glcm_homogeneity,
2022_2023,V11,d200_b3,200,3,rgb_glcmw3_asm,
2022_2023,V11,d200_b3,200,3,rgb_glcmw3_contrast,
2022_2023,V11,d200_b3,200,3,rgb_glcmw3_entropy,
2022_2023,V11,d200_b3,200,3,rgb_glcmw3_correlation,
2022_2023,V11,d200_b3,200,3,rgb_glcmw3_homogeneity,
2022_2023,V11,d200_b3,200,3,rgb_glcmw5_asm,
2022_2023,V11,d200_b3,200,3,rgb_glcmw5_contrast,
2022_2023,V11,d200_b3,200,3,rgb_glcmw5_entropy,
2022_2023,V11,d200_b3,200,3,rgb_glcmw5_correlation,
2022_2023,V11,d200_b3,200,3,rgb_glcmw5_homogeneity,
2022_2023,V11,d200_b3,200,3,rgb_glcmw7_asm,
2022_2023,V11,d200_b3,200,3,rgb_glcmw7_contrast,
2022_2023,V11,d200_b3,200,3,rgb_glcmw7_entropy,
2022_2023,V11,d200_b3,200,3,rgb_glcmw7_correlation,
2022_2023,V11,d200_b3,200,3,rgb_glcmw7_homogeneity,
2022_2023,V11,d200_b4,200,4,NDVI,0.846049
2022_2023,V11,d200_b4,200,4,GNDVI,0.317965
2022_2023,V11,d200_b4,200,4,NDRE,0.383166
2022_2023,V11,d200_b4,200,4,CIrededge,26.8664
2022_2023,V11,d200_b4,200,4,SAVI,0.606937
2022_2023,V11,d200_b4,200,4,EVI,3.4147
2022_2023,V11,d200_b4,200,4,VARI,1.30683
2022_2023,V11,d200_b4,200,4,TGI,0.168522
2022_2023,V11,d200_b4,200,4,spec_mean,0.230598
2022_2023,V11,d200_b4,200,4,spec_std,0.22249
2022_2023,V11,d200_b4,200,4,spec_p10,0.0197129
2022_2023,V11,d200_b4,200,4,spec_p50,0.15579
2022_2023,V11,d200_b4,200,4,spec_p90,0.577448
2022_2023,V11,d200_b4,200,4,glcm_asm,0.0257449
2022_2023,V11,d200_b4,200,4,glcm_contrast,1.34754
2022_2023,V11,d200_b4,200,4,glcm_correlation,0.959559
2022_2023,V11,d200_b4,200,4,glcm_variance,16.5778
2022_2023,V11,d200_b4,200,4,glcm_idm,0.682034
2022_2023,V11,d200_b4,200,4,glcm_sum_average,12.8869
2022_2023,V11,d200_b4,200,4,glcm_sum_variance,156.95
2022_2023,V11,d200_b4,200,4,glcm_sum_entropy,3.31314
2022_2023,V11,d200_b4,200,4,glcm_entropy,4.09471
2022_2023,V11,d200_b4,200,4,glcm_diff_entropy,1.13896
2022_2023,V11,d200_b4,200,4,glcm_imc1,-0.472029
2022_2023,V11,d200_b4,200,4,glcm_imc2,0.959122
2022_2023,V11,d200_b4,200,4,glcm_mcc,0.966165
2022_2023,V11,d200_b4,200,4,glcm_dissimilarity,0.749398
2022_2023,V11,d200_b4,200,4,glcm_inertia,1.34754
2022_2023,V11,d200_b4,200,4,glcm_cluster_shade,16.5379
2022_2023,V11,d200_b4,200,4,glcm_cluster_prominence,8679.76
2022_2023,V11,d200_b4,200,4,glcm_homogeneity,0.70334
2022_2023,V11,d200_b4,200,4,glcmw3_asm,0.487545
2022_2023,V11,d200_b4,200,4,glcmw3_contrast,0.397181
2022_2023,V11,d200_b4,200,4,glcmw3_entropy,0.970426
2022_2023,V11,d200_b4,200,4,glcmw3_correlation,0.427376
2022_2023,V11,d200_b4,200,4,glcmw3_homogeneity,0.834107
2022_2023,V11,d200_b4,200,4,glcmw5_asm,0.369749
2022_2023,V11,d200_b4,200,4,glcmw5_contrast,0.39723
2022_2023,V11,d200_b4,200,4,glcmw5_entropy,1.40297
2022_2023,V11,d200_b4,200,4,glcmw5_correlation,0.615325
2022_2023,V11,d200_b4,200,4,glcmw5_homogeneity,0.834097
2022_2023,V11,d200_b4,200,4,glcmw7_asm,0.311463
2022_2023,V11,d200_b4,200,4,glcmw7_contrast,0.397401
2022_2023,V11,d200_b4,200,4,glcmw7_entropy,1.66758
2022_2023,V11,d200_b4,200,4,glcmw7_correlation,0.703779
2022_2023,V11,d200_b4,200,4,glcmw7_homogeneity,0.834044
2022_2023,V11,d200_b4,200,4,rgb_glcm_asm,
2022_2023,V11,d200_b4,200,4,rgb_glcm_contrast,
2022_2023,V11,d200_b4,200,4,rgb_glcm_correlation,
2022_2023,V11,d200_b4,200,4,rgb_glcm_variance,
2022_2023,V11,d200_b4,200,4,rgb_glcm_idm,
2022_2023,V11,d200_b4,200,4,rgb_glcm_sum_average,
2022_2023,V11,d200_b4,200,4,rgb_glcm_sum_variance,
2022_2023,V11,d200_b4,200,4,rgb_glcm_sum_entropy,
2022_2023,V11,d200_b4,200,4,rgb_glcm_entropy,
2022_2023,V11,d200_b4,200,4,rgb_glcm_diff_entropy,
2022_2023,V11,d200_b4,200,4,rgb_glcm_imc1,
2022_2023,V11,d200_b4,200,4,rgb_glcm_imc2,
2022_2023,V11,d200_b4,200,4,rgb_glcm_mcc,
2022_2023,V11,d200_b4,200,4,rgb_glcm_dissimilarity,
2022_2023,V11,d200_b4,200,4,rgb_glcm_inertia,
2022_2023,V11,d200_b4,200,4,rgb_glcm_cluster_shade,
2022_2023,V11,d200_b4,200,4,rgb_glcm_cluster_prominence,
2022_2023,V11,d200_b4,200,4,rgb_glcm_homogeneity,
2022_2023,V11,d200_b4,200,4,rgb_glcmw3_asm,
2022_2023,V11,d200_b4,200,4,rgb_glcmw3_contrast,
2022_2023,V11,d200_b4,200,4,rgb_glcmw3_entropy,
2022_2023,V11,d200_b4,200,4,rgb_glcmw3_correlation,
2022_2023,V11,d200_b4,200,4,rgb_glcmw3_homogeneity,
2022_2023,V11,d200_b4,200,4,rgb_glcmw5_asm,
2022_2023,V11,d200_b4,200,4,rgb_glcmw5_contrast,
2022_2023,V11,d200_b4,200,4,rgb_glcmw5_entropy,
2022_2023,V11,d200_b4,200,4,rgb_glcmw5_correlation,
2022_2023,V11,d200_b4,200,4,rgb_glcmw5_homogeneity,
2022_2023,V11,d200_b4,200,4,rgb_glcmw7_asm,
2022_2023,V11,d200_b4,200,4,rgb_glcmw7_contrast,
2022_2023,V11,d200_b4,200,4,rgb_glcmw7_entropy,
2022_2023,V11,d200_b4,200,4,rgb_glcmw7_correlation,
2022_2023,V11,d200_b4,200,4,rgb_glcmw7_homogeneity,
2022_2023,V11,d300_b1,300,1,NDVI,0.826275
2022_2023,V11,d300_b1,300,1,GNDVI,0.273889
2022_2023,V11,d300_b1,300,1,NDRE,0.36968
2022_2023,V11,d300_b1,300,1,CIrededge,2960.47
2022_2023,V11,d300_b1,300,1,SAVI,0.589011
2022_2023,V11,d300_b1,300,1,EVI,0.712823
2022_2023,V11,d300_b1,300,1,VARI,20.7352
2022_2023,V11,d300_b1,300,1,TGI,0.166047
2022_2023,V11,d300_b1,300,1,spec_mean,0.229248
2022_2023,V11,d300_b1,300,1,spec_std,0.21522
2022_2023,V11,d300_b1,300,1,spec_p10,0.024844
2022_2023,V11,d300_b1,300,1,spec_p50,0.157125
2022_2023,V11,d300_b1,300,1,spec_p90,0.563951
2022_2023,V11,d300_b1,300,1,glcm_asm,0.0278528
2022_2023,V11,d300_b1,300,1,glcm_contrast,1.31098
2022_2023,V11,d300_b1,300,1,glcm_correlation,0.959232
2022_2023,V11,d300_b1,300,1,glcm_variance,16.1348
2022_2023,V11,d300_b1,300,1,glcm_idm,0.697714
2022_2023,V11,d300_b1,300,1,glcm_sum_average,12.511
2022_2023,V11,d300_b1,300,1,glcm_sum_variance,148.294
2022_2023,V11,d300_b1,300,1,glcm_sum_entropy,3.28885
2022_2023,V11,d300_b1,300,1,glcm_entropy,4.04099
2022_2023,V11,d300_b1,300,1,glcm_diff_entropy,1.12539
2022_2023,V11,d300_b1,300,1,glcm_imc1,-0.485856
2022_2023,V11,d300_b1,300,1,glcm_imc2,0.961885
2022_2023,V11,d300_b1,300,1,glcm_mcc,0.968703
2022_2023,V11,d300_b1,300,1,glcm_dissimilarity,0.716073
2022_2023,V11,d300_b1,300,1,glcm_inertia,1.31098
2022_2023,V11,d300_b1,300,1,glcm_cluster_shade,44.8525
2022_2023,V11,d300_b1,300,1,glcm_cluster_prominence,8301.11
2022_2023,V11,d300_b1,300,1,glcm_homogeneity,0.717833
2022_2023,V11,d300_b1,300,1,glcmw3_asm,0.504044
2022_2023,V11,d300_b1,300,1,glcmw3_contrast,0.389575
2022_2023,V11,d300_b1,300,1,glcmw3_entropy,0.939084
2022_2023,V11,d300_b1,300,1,glcmw3_correlation,0.391144
2022_2023,V11,d300_b1,300,1,glcmw3_homogeneity,0.840487
2022_2023,V11,d300_b1,300,1,glcmw5_asm,0.390431
2022_2023,V11,d300_b1,300,1,glcmw5_contrast,0.389609
2022_2023,V11,d300_b1,300,1,glcmw5_entropy,1.35078
2022_2023,V11,d300_b1,300,1,glcmw5_correlation,0.574492
2022_2023,V11,d300_b1,300,1,glcmw5_homogeneity,0.840485
2022_2023,V11,d300_b1,300,1,glcmw7_asm,0.334898
2022_2023,V11,d300_b1,300,1,glcmw7_contrast,0.389522
2022_2023,V11,d300_b1,300,1,glcmw7_entropy,1.59591
2022_2023,V11,d300_b1,300,1,glcmw7_correlation,0.664444
2022_2023,V11,d300_b1,300,1,glcmw7_homogeneity,0.840506
2022_2023,V11,d300_b1,300,1,rgb_glcm_asm,
2022_2023,V11,d300_b1,300,1,rgb_glcm_contrast,
2022_2023,V11,d300_b1,300,1,rgb_glcm_correlation,
2022_2023,V11,d300_b1,300,1,rgb_glcm_variance,
2022_2023,V11,d300_b1,300,1,rgb_glcm_idm,
2022_2023,V11,d300_b1,300,1,rgb_glcm_sum_average,
2022_2023,V11,d300_b1,300,1,rgb_glcm_sum_variance,
2022_2023,V11,d300_b1,300,1,rgb_glcm_sum_entropy,
2022_2023,V11,d300_b1,300,1,rgb_glcm_entropy,
2022_2023,V11,d300_b1,300,1,rgb_glcm_diff_entropy,
2022_2023,V11,d300_b1,300,1,rgb_glcm_imc1,
2022_2023,V11,d300_b1,300,1,rgb_glcm_imc2,
2022_2023,V11,d300_b1,300,1,rgb_glcm_mcc,
2022_2023,V11,d300_b1,300,1,rgb_glcm_dissimilarity,
2022_2023,V11,d300_b1,300,1,rgb_glcm_inertia,
2022_2023,V11,d300_b1,300,1,rgb_glcm_cluster_shade,
2022_2023,V11,d300_b1,300,1,rgb_glcm_cluster_prominence,
2022_2023,V11,d300_b1,300,1,rgb_glcm_homogeneity,
2022_2023,V11,d300_b1,300,1,rgb_glcmw3_asm,
2022_2023,V11,d300_b1,300,1,rgb_glcmw3_contrast,
2022_2023,V11,d300_b1,300,1,rgb_glcmw3_entropy,
2022_2023,V11,d300_b1,300,1,rgb_glcmw3_correlation,
2022_2023,V11,d300_b1,300,1,rgb_glcmw3_homogeneity,
2022_2023,V11,d300_b1,300,1,rgb_glcmw5_asm,
2022_2023,V11,d300_b1,300,1,rgb_glcmw5_contrast,
2022_2023,V11,d300_b1,300,1,rgb_glcmw5_entropy,
2022_2023,V11,d300_b1,300,1,rgb_glcmw5_correlation,
2022_2023,V11,d300_b1,300,1,rgb_glcmw5_homogeneity,
2022_2023,V11,d300_b1,300,1,rgb_glcmw7_asm,
2022_2023,V11,d300_b1,300,1,rgb_glcmw7_contrast,
2022_2023,V11,d300_b1,300,1,rgb_glcmw7_entropy,
2022_2023,V11,d300_b1,300,1,rgb_glcmw7_correlation,
2022_2023,V11,d300_b1,300,1,rgb_glcmw7_homogeneity,
2022_2023,V11,d300_b2,300,2,NDVI,0.81775
2022_2023,V11,d300_b2,300,2,GNDVI,0.249901
2022_2023,V11,d300_b2,300,2,NDRE,0.353515
2022_2023,V11,d300_b2,300,2,CIrededge,93.7602
2022_2023,V11,d300_b2,300,2,SAVI,0.579884
2022_2023,V11,d300_b2,300,2,EVI,8.19412
2022_2023,V11,d300_b2,300,2,VARI,0.787644
2022_2023,V11,d300_b2,300,2,TGI,0.169118
2022_2023,V11,d300_b2,300,2,spec_mean,0.230583
2022_2023,V11,d300_b2,300,2,spec_std,0.216907
2022_2023,V11,d300_b2,300,2,spec_p10,0.0266241
2022_2023,V11,d300_b2,300,2,spec_p50,0.153811
2022_2023,V11,d300_b2,300,2,spec_p90,0.574478
2022_2023,V11,d300_b2,300,2,glcm_asm,0.0285895
2022_2023,V11,d300_b2,300,2,glcm_contrast,1.45928
2022_2023,V11,d300_b2,300,2,glcm_correlation,0.958262
2022_2023,V11,d300_b2,300,2,glcm_variance,17.5009
2022_2023,V11,d300_b2,300,2,glcm_idm,0.682483
2022_2023,V11,d300_b2,300,2,glcm_sum_average,12.5449
2022_2023,V11,d300_b2,300,2,glcm_sum_variance,154.219
2022_2023,V11,d300_b2,300,2,glcm_sum_entropy,3.29004
2022_2023,V11,d300_b2,300,2,glcm_entropy,4.08097
2022_2023,V11,d300_b2,300,2,glcm_diff_entropy,1.16389
2022_2023,V11,d300_b2,300,2,glcm_imc1,-0.470529
2022_2023,V11,d300_b2,300,2,glcm_imc2,0.958509
2022_2023,V11,d300_b2,300,2,glcm_mcc,0.968482
2022_2023,V11,d300_b2,300,2,glcm_dissimilarity,0.763083
2022_2023,V11,d300_b2,300,2,glcm_inertia,1.45928
2022_2023,V11,d300_b2,300,2,glcm_cluster_shade,25.6974
2022_2023,V11,d300_b2,300,2,glcm_cluster_prominence,9052.02
2022_2023,V11,d300_b2,300,2,glcm_homogeneity,0.70462
2022_2023,V11,d300_b2,300,2,glcmw3_asm,0.488948
2022_2023,V11,d300_b2,300,2,glcmw3_contrast,0.421114
2022_2023,V11,d300_b2,300,2,glcmw3_entropy,0.974935
2022_2023,V11,d300_b2,300,2,glcmw3_correlation,0.408259
2022_2023,V11,d300_b2,300,2,glcmw3_homogeneity,0.83245
2022_2023,V11,d300_b2,300,2,glcmw5_asm,0.376111
2022_2023,V11,d300_b2,300,2,glcmw5_contrast,0.421155
2022_2023,V11,d300_b2,300,2,glcmw5_entropy,1.40035
2022_2023,V11,d300_b2,300,2,glcmw5_correlation,0.586532
2022_2023,V11,d300_b2,300,2,glcmw5_homogeneity,0.832433
2022_2023,V11,d300_b2,300,2,glcmw7_asm,0.321796
2022_2023,V11,d300_b2,300,2,glcmw7_contrast,0.421285
2022_2023,V11,d300_b2,300,2,glcmw7_entropy,1.65338
2022_2023,V11,d300_b2,300,2,glcmw7_correlation,0.673755
2022_2023,V11,d300_b2,300,2,glcmw7_homogeneity,0.832389
2022_2023,V11,d300_b2,300,2,rgb_glcm_asm,
2022_2023,V11,d300_b2,300,2,rgb_glcm_contrast,
2022_2023,V11,d300_b2,300,2,rgb_glcm_correlation,
2022_2023,V11,d300_b2,300,2,rgb_glcm_variance,
2022_2023,V11,d300_b2,300,2,rgb_glcm_idm,
2022_2023,V11,d300_b2,300,2,rgb_glcm_sum_average,
2022_2023,V11,d300_b2,300,2,rgb_glcm_sum_variance,
2022_2023,V11,d300_b2,300,2,rgb_glcm_sum_entropy,
2022_2023,V11,d300_b2,300,2,rgb_glcm_entropy,
2022_2023,V11,d300_b2,300,2,rgb_glcm_diff_entropy,
2022_2023,V11,d300_b2,300,2,rgb_glcm_imc1,
2022_2023,V11,d300_b2,300,2,rgb_glcm_imc2,
2022_2023,V11,d300_b2,300,2,rgb_glcm_mcc,
2022_2023,V11,d300_b2,300,2,rgb_glcm_dissimilarity,
2022_2023,V11,d300_b2,300,2,rgb_glcm_inertia,
2022_2023,V11,d300_b2,300,2,rgb_glcm_cluster_shade,
2022_2023,V11,d300_b2,300,2,rgb_glcm_cluster_prominence,
2022_2023,V11,d300_b2,300,2,rgb_glcm_homogeneity,
2022_2023,V11,d300_b2,300,2,rgb_glcmw3_asm,
2022_2023,V11,d300_b2,300,2,rgb_glcmw3_contrast,
2022_2023,V11,d300_b2,300,2,rgb_glcmw3_entropy,
2022_2023,V11,d300_b2,300,2,rgb_glcmw3_correlation,
2022_2023,V11,d300_b2,300,2,rgb_glcmw3_homogeneity,
2022_2023,V11,d300_b2,300,2,rgb_glcmw5_asm,
2022_2023,V11,d300_b2,300,2,rgb_glcmw5_contrast,
2022_2023,V11,d300_b2,300,2,rgb_glcmw5_entropy,
2022_2023,V11,d300_b2,300,2,rgb_glcmw5_correlation,
2022_2023,V11,d300_b2,300,2,rgb_glcmw5_homogeneity,
2022_2023,V11,d300_b2,300,2,rgb_glcmw7_asm,
2022_2023,V11,d300_b2,300,2,rgb_glcmw7_contrast,
2022_2023,V11,d300_b2,300,2,rgb_glcmw7_entropy,
2022_2023,V11,d300_b2,300,2,rgb_glcmw7_correlation,
2022_2023,V11,d300_b2,300,2,rgb_glcmw7_homogeneity,
2022_2023,V11,d300_b3,300,3,NDVI,0.833906
2022_2023,V11,d300_b3,300,3,GNDVI,0.309438
2022_2023,V11,d300_b3,300,3,NDRE,0.36737
2022_2023,V11,d300_b3,300,3,CIrededge,1.23487
2022_2023,V11,d300_b3,300,3,SAVI,0.602113
2022_2023,V11,d300_b3,300,3,EVI,-0.633431
2022_2023,V11,d300_b3,300,3,VARI,1.79287
2022_2023,V11,d300_b3,300,3,TGI,0.1683
2022_2023,V11,d300_b3,300,3,spec_mean,0.236237
2022_2023,V11,d300_b3,300,3,spec_std,0.220733
2022_2023,V11,d300_b3,300,3,spec_p10,0.024472
2022_2023,V11,d300_b3,300,3,spec_p50,0.163506
2022_2023,V11,d300_b3,300,3,spec_p90,0.582618
2022_2023,V11,d300_b3,300,3,glcm_asm,0.027401
2022_2023,V11,d300_b3,300,3,glcm_contrast,1.5149
2022_2023,V11,d300_b3,300,3,glcm_correlation,0.956991
2022_2023,V11,d300_b3,300,3,glcm_variance,17.6317
2022_2023,V11,d300_b3,300,3,glcm_idm,0.665068
2022_2023,V11,d300_b3,300,3,glcm_sum_average,12.2769
2022_2023,V11,d300_b3,300,3,glcm_sum_variance,149.599
2022_2023,V11,d300_b3,300,3,glcm_sum_entropy,3.3
2022_2023,V11,d300_b3,300,3,glcm_entropy,4.12502
2022_2023,V11,d300_b3,300,3,glcm_diff_entropy,1.18684
2022_2023,V11,d300_b3,300,3,glcm_imc1,-0.455117
2022_2023,V11,d300_b3,300,3,glcm_imc2,0.954979
2022_2023,V11,d300_b3,300,3,glcm_mcc,0.964348
2022_2023,V11,d300_b3,300,3,glcm_dissimilarity,0.803795
2022_2023,V11,d300_b3,300,3,glcm_inertia,1.5149
2022_2023,V11,d300_b3,300,3,glcm_cluster_shade,44.774
2022_2023,V11,d300_b3,300,3,glcm_cluster_prominence,9390.74
2022_2023,V11,d300_b3,300,3,glcm_homogeneity,0.689195
2022_2023,V11,d300_b3,300,3,glcmw3_asm,0.470523
2022_2023,V11,d300_b3,300,3,glcmw3_contrast,0.434045
2022_2023,V11,d300_b3,300,3,glcmw3_entropy,1.01439
2022_2023,V11,d300_b3,300,3,glcmw3_correlation,0.434683
2022_2023,V11,d300_b3,300,3,glcmw3_homogeneity,0.824518
2022_2023,V11,d300_b3,300,3,glcmw5_asm,0.355358
2022_2023,V11,d300_b3,300,3,glcmw5_contrast,0.434064
2022_2023,V11,d300_b3,300,3,glcmw5_entropy,1.4593
2022_2023,V11,d300_b3,300,3,glcmw5_correlation,0.61222
2022_2023,V11,d300_b3,300,3,glcmw5_homogeneity,0.82452
2022_2023,V11,d300_b3,300,3,glcmw7_asm,0.300153
2022_2023,V11,d300_b3,300,3,glcmw7_contrast,0.434137
2022_2023,V11,d300_b3,300,3,glcmw7_entropy,1.72574
2022_2023,V11,d300_b3,300,3,glcmw7_correlation,0.698176
2022_2023,V11,d300_b3,300,3,glcmw7_homogeneity,0.824495
2022_2023,V11,d300_b3,300,3,rgb_glcm_asm,
2022_2023,V11,d300_b3,300,3,rgb_glcm_contrast,
2022_2023,V11,d300_b3,300,3,rgb_glcm_correlation,
2022_2023,V11,d300_b3,300,3,rgb_glcm_variance,
2022_2023,V11,d300_b3,300,3,rgb_glcm_idm,
2022_2023,V11,d300_b3,300,3,rgb_glcm_sum_average,
2022_2023,V11,d300_b3,300,3,rgb_glcm_sum_variance,
2022_2023,V11,d300_b3,300,3,rgb_glcm_sum_entropy,
2022_2023,V11,d300_b3,300,3,rgb_glcm_entropy,
2022_2023,V11,d300_b3,300,3,rgb_glcm_diff_entropy,
2022_2023,V11,d300_b3,300,3,rgb_glcm_imc1,
2022_2023,V11,d300_b3,300,3,rgb_glcm_imc2,
2022_2023,V11,d300_b3,300,3,rgb_glcm_mcc,
2022_2023,V11,d300_b3,300,3,rgb_glcm_dissimilarity,
2022_2023,V11,d300_b3,300,3,rgb_glcm_inertia,
2022_2023,V11,d300_b3,300,3,rgb_glcm_cluster_shade,
2022_2023,V11,d300_b3,300,3,rgb_glcm_cluster_prominence,
2022_2023,V11,d300_b3,300,3,rgb_glcm_homogeneity,
2022_2023,V11,d300_b3,300,3,rgb_glcmw3_asm,
2022_2023,V11,d300_b3,300,3,rgb_glcmw3_contrast,
2022_2023,V11,d300_b3,300,3,rgb_glcmw3_entropy,
2022_2023,V11,d300_b3,300,3,rgb_glcmw3_correlation,
2022_2023,V11,d300_b3,300,3,rgb_glcmw3_homogeneity,
2022_2023,V11,d300_b3,300,3,rgb_glcmw5_asm,
2022_2023,V11,d300_b3,300,3,rgb_glcmw5_contrast,
2022_2023,V11,d300_b3,300,3,rgb_glcmw5_entropy,
2022_2023,V11,d300_b3,300,3,rgb_glcmw5_correlation,
2022_2023,V11,d300_b3,300,3,rgb_glcmw5_homogeneity,
2022_2023,V11,d300_b3,300,3,rgb_glcmw7_asm,
2022_2023,V11,d300_b3,300,3,rgb_glcmw7_contrast,
2022_2023,V11,d300_b3,300,3,rgb_glcmw7_entropy,
2022_2023,V11,d300_b3,300,3,rgb_glcmw7_correlation,
2022_2023,V11,d300_b3,300,3,rgb_glcmw7_homogeneity,
2022_2023,V11,d300_b4,300,4,NDVI,0.827533
2022_2023,V11,d300_b4,300,4,GNDVI,0.339345
2022_2023,V11,d300_b4,300,4,NDRE,0.367791
2022_2023,V11,d300_b4,300,4,CIrededge,1.251
2022_2023,V11,d300_b4,300,4,SAVI,0.59115
2022_2023,V11,d300_b4,300,4,EVI,-10.8626
2022_2023,V11,d300_b4,300,4,VARI,2.40879
2022_2023,V11,d300_b4,300,4,TGI,0.148533
2022_2023,V11,d300_b4,300,4,spec_mean,0.224152
2022_2023,V11,d300_b4,300,4,spec_std,0.223686
2022_2023,V11,d300_b4,300,4,spec_p10,0.0197207
2022_2023,V11,d300_b4,300,4,spec_p50,0.143458
2022_2023,V11,d300_b4,300,4,spec_p90,0.577028
2022_2023,V11,d300_b4,300,4,glcm_asm,0.0281307
2022_2023,V11,d300_b4,300,4,glcm_contrast,1.4549
2022_2023,V11,d300_b4,300,4,glcm_correlation,0.958406
2022_2023,V11,d300_b4,300,4,glcm_variance,17.4953
2022_2023,V11,d300_b4,300,4,glcm_idm,0.667766
2022_2023,V11,d300_b4,300,4,glcm_sum_average,12.9112
2022_2023,V11,d300_b4,300,4,glcm_sum_variance,161.164
2022_2023,V11,d300_b4,300,4,glcm_sum_entropy,3.29174
2022_2023,V11,d300_b4,300,4,glcm_entropy,4.10441
2022_2023,V11,d300_b4,300,4,glcm_diff_entropy,1.17116
2022_2023,V11,d300_b4,300,4,glcm_imc1,-0.46134
2022_2023,V11,d300_b4,300,4,glcm_imc2,0.956382
2022_2023,V11,d300_b4,300,4,glcm_mcc,0.969156
2022_2023,V11,d300_b4,300,4,glcm_dissimilarity,0.790051
2022_2023,V11,d300_b4,300,4,glcm_inertia,1.4549
2022_2023,V11,d300_b4,300,4,glcm_cluster_shade,-30.1791
2022_2023,V11,d300_b4,300,4,glcm_cluster_prominence,9399.76
2022_2023,V11,d300_b4,300,4,glcm_homogeneity,0.690945
2022_2023,V11,d300_b4,300,4,glcmw3_asm,0.470824
2022_2023,V11,d300_b4,300,4,glcmw3_contrast,0.424016
2022_2023,V11,d300_b4,300,4,glcmw3_entropy,1.01043
2022_2023,V11,d300_b4,300,4,glcmw3_correlation,0.433976
2022_2023,V11,d300_b4,300,4,glcmw3_homogeneity,0.825907
2022_2023,V11,d300_b4,300,4,glcmw5_asm,0.355054
2022_2023,V11,d300_b4,300,4,glcmw5_contrast,0.424038
2022_2023,V11,d300_b4,300,4,glcmw5_entropy,1.45378
2022_2023,V11,d300_b4,300,4,glcmw5_correlation,0.611909
2022_2023,V11,d300_b4,300,4,glcmw5_homogeneity,0.825892
2022_2023,V11,d300_b4,300,4,glcmw7_asm,0.30017
2022_2023,V11,d300_b4,300,4,glcmw7_contrast,0.42393
2022_2023,V11,d300_b4,300,4,glcmw7_entropy,1.71896
2022_2023,V11,d300_b4,300,4,glcmw7_correlation,0.695435
2022_2023,V11,d300_b4,300,4,glcmw7_homogeneity,0.825921
2022_2023,V11,d300_b4,300,4,rgb_glcm_asm,
2022_2023,V11,d300_b4,300,4,rgb_glcm_contrast,
2022_2023,V11,d300_b4,300,4,rgb_glcm_correlation,
2022_2023,V11,d300_b4,300,4,rgb_glcm_variance,
2022_2023,V11,d300_b4,300,4,rgb_glcm_idm,
2022_2023,V11,d300_b4,300,4,rgb_glcm_sum_average,
2022_2023,V11,d300_b4,300,4,rgb_glcm_sum_variance,
2022_2023,V11,d300_b4,300,4,rgb_glcm_sum_entropy,
2022_2023,V11,d300_b4,300,4,rgb_glcm_entropy,
2022_2023,V11,d300_b4,300,4,rgb_glcm_diff_entropy,
2022_2023,V11,d300_b4,300,4,rgb_glcm_imc1,
2022_2023,V11,d300_b4,300,4,rgb_glcm_imc2,
2022_2023,V11,d300_b4,300,4,rgb_glcm_mcc,
2022_2023,V11,d300_b4,300,4,rgb_glcm_dissimilarity,
2022_2023,V11,d300_b4,300,4,rgb_glcm_inertia,
2022_2023,V11,d300_b4,300,4,rgb_glcm_cluster_shade,
2022_2023,V11,d300_b4,300,4,rgb_glcm_cluster_prominence,
2022_2023,V11,d300_b4,300,4,rgb_glcm_homogeneity,
2022_2023,V11,d300_b4,300,4,rgb_glcmw3_asm,
2022_2023,V11,d300_b4,300,4,rgb_glcmw3_contrast,
2022_2023,V11,d300_b4,300,4,rgb_glcmw3_entropy,
2022_2023,V11,d300_b4,300,4,rgb_glcmw3_correlation,
2022_2023,V11,d300_b4,300,4,rgb_glcmw3_homogeneity,
2022_2023,V11,d300_b4,300,4,rgb_glcmw5_asm,
2022_2023,V11,d300_b4,300,4,rgb_glcmw5_contrast,
2022_2023,V11,d300_b4,300,4,rgb_glcmw5_entropy,
2022_2023,V11,d300_b4,300,4,rgb_glcmw5_correlation,
2022_2023,V11,d300_b4,300,4,rgb_glcmw5_homogeneity,
2022_2023,V11,d300_b4,300,4,rgb_glcmw7_asm,
2022_2023,V11,d300_b4,300,4,rgb_glcmw7_contrast,
2022_2023,V11,d300_b4,300,4,rgb_glcmw7_entropy,
2022_2023,V11,d300_b4,300,4,rgb_glcmw7_correlation,
2022_2023,V11,d300_b4,300,4,rgb_glcmw7_homogeneity,
2022_2023,V11,d400_b1,400,1,NDVI,0.820353
2022_2023,V11,d400_b1,400,1,GNDVI,0.298458
2022_2023,V11,d400_b1,400,1,NDRE,0.373453
2022_2023,V11,d400_b1,400,1,CIrededge,757.204
2022_2023,V11,d400_b1,400,1,SAVI,0.592694
2022_2023,V11,d400_b1,400,1,EVI,-0.00702229
2022_2023,V11,d400_b1,400,1,VARI,1.33831
2022_2023,V11,d400_b1,400,1,TGI,0.160324
2022_2023,V11,d400_b1,400,1,spec_mean,0.232855
2022_2023,V11,d400_b1,400,1,spec_std,0.218852
2022_2023,V11,d400_b1,400,1,spec_p10,0.0259232
2022_2023,V11,d400_b1,400,1,spec_p50,0.161111
2022_2023,V11,d400_b1,400,1,spec_p90,0.577193
2022_2023,V11,d400_b1,400,1,glcm_asm,0.0276826
2022_2023,V11,d400_b1,400,1,glcm_contrast,1.35045
2022_2023,V11,d400_b1,400,1,glcm_correlation,0.960671
2022_2023,V11,d400_b1,400,1,glcm_variance,17.2194
2022_2023,V11,d400_b1,400,1,glcm_idm,0.690739
2022_2023,V11,d400_b1,400,1,glcm_sum_average,12.5993
2022_2023,V11,d400_b1,400,1,glcm_sum_variance,153.993
2022_2023,V11,d400_b1,400,1,glcm_sum_entropy,3.30232
2022_2023,V11,d400_b1,400,1,glcm_entropy,4.06594
2022_2023,V11,d400_b1,400,1,glcm_diff_entropy,1.13682
2022_2023,V11,d400_b1,400,1,glcm_imc1,-0.482645
2022_2023,V11,d400_b1,400,1,glcm_imc2,0.961465
2022_2023,V11,d400_b1,400,1,glcm_mcc,0.969736
2022_2023,V11,d400_b1,400,1,glcm_dissimilarity,0.733756
2022_2023,V11,d400_b1,400,1,glcm_inertia,1.35045
2022_2023,V11,d400_b1,400,1,glcm_cluster_shade,37.0941
2022_2023,V11,d400_b1,400,1,glcm_cluster_prominence,8907.02
2022_2023,V11,d400_b1,400,1,glcm_homogeneity,0.711463
2022_2023,V11,d400_b1,400,1,glcmw3_asm,0.497708
2022_2023,V11,d400_b1,400,1,glcmw3_contrast,0.396675
2022_2023,V11,d400_b1,400,1,glcmw3_entropy,0.952803
2022_2023,V11,d400_b1,400,1,glcmw3_correlation,0.398845
2022_2023,V11,d400_b1,400,1,glcmw3_homogeneity,0.837784
2022_2023,V11,d400_b1,400,1,glcmw5_asm,0.384486
2022_2023,V11,d400_b1,400,1,glcmw5_contrast,0.396747
2022_2023,V11,d400_b1,400,1,glcmw5_entropy,1.36996
2022_2023,V11,d400_b1,400,1,glcmw5_correlation,0.579612
2022_2023,V11,d400_b1,400,1,glcmw5_homogeneity,0.837763
2022_2023,V11,d400_b1,400,1,glcmw7_asm,0.329605
2022_2023,V11,d400_b1,400,1,glcmw7_contrast,0.396738
2022_2023,V11,d400_b1,400,1,glcmw7_entropy,1.61844
2022_2023,V11,d400_b1,400,1,glcmw7_correlation,0.66872
2022_2023,V11,d400_b1,400,1,glcmw7_homogeneity,0.837744
2022_2023,V11,d400_b1,400,1,rgb_glcm_asm,
2022_2023,V11,d400_b1,400,1,rgb_glcm_contrast,
2022_2023,V11,d400_b1,400,1,rgb_glcm_correlation,
2022_2023,V11,d400_b1,400,1,rgb_glcm_variance,
2022_2023,V11,d400_b1,400,1,rgb_glcm_idm,
2022_2023,V11,d400_b1,400,1,rgb_glcm_sum_average,
2022_2023,V11,d400_b1,400,1,rgb_glcm_sum_variance,
2022_2023,V11,d400_b1,400,1,rgb_glcm_sum_entropy,
2022_2023,V11,d400_b1,400,1,rgb_glcm_entropy,
2022_2023,V11,d400_b1,400,1,rgb_glcm_diff_entropy,
2022_2023,V11,d400_b1,400,1,rgb_glcm_imc1,
2022_2023,V11,d400_b1,400,1,rgb_glcm_imc2,
2022_2023,V11,d400_b1,400,1,rgb_glcm_mcc,
2022_2023,V11,d400_b1,400,1,rgb_glcm_dissimilarity,
2022_2023,V11,d400_b1,400,1,rgb_glcm_inertia,
2022_2023,V11,d400_b1,400,1,rgb_glcm_cluster_shade,
2022_2023,V11,d400_b1,400,1,rgb_glcm_cluster_prominence,
2022_2023,V11,d400_b1,400,1,rgb_glcm_homogeneity,
2022_2023,V11,d400_b1,400,1,rgb_glcmw3_asm,
2022_2023,V11,d400_b1,400,1,rgb_glcmw3_contrast,
2022_2023,V11,d400_b1,400,1,rgb_glcmw3_entropy,
2022_2023,V11,d400_b1,400,1,rgb_glcmw3_correlation,
2022_2023,V11,d400_b1,400,1,rgb_glcmw3_homogeneity,
2022_2023,V11,d400_b1,400,1,rgb_glcmw5_asm,
2022_2023,V11,d400_b1,400,1,rgb_glcmw5_contrast,
2022_2023,V11,d400_b1,400,1,rgb_glcmw5_entropy,
2022_2023,V11,d400_b1,400,1,rgb_glcmw5_correlation,
2022_2023,V11,d400_b1,400,1,rgb_glcmw5_homogeneity,
2022_2023,V11,d400_b1,400,1,rgb_glcmw7_asm,
2022_2023,V11,d400_b1,400,1,rgb_glcmw7_contrast,
2022_2023,V11,d400_b1,400,1,rgb_glcmw7_entropy,
2022_2023,V11,d400_b1,400,1,rgb_glcmw7_correlation,
2022_2023,V11,d400_b1,400,1,rgb_glcmw7_homogeneity,
2022_2023,V11,d400_b2,400,2,NDVI,0.806781
2022_2023,V11,d400_b2,400,2,GNDVI,0.205051
2022_2023,V11,d400_b2,400,2,NDRE,0.355737
2022_2023,V11,d400_b2,400,2,CIrededge,1.1784
2022_2023,V11,d400_b2,400,2,SAVI,0.553494
2022_2023,V11,d400_b2,400,2,EVI,0.936103
2022_2023,V11,d400_b2,400,2,VARI,1.43068
2022_2023,V11,d400_b2,400,2,TGI,0.168961
2022_2023,V11,d400_b2,400,2,spec_mean,0.226742
2022_2023,V11,d400_b2,400,2,spec_std,0.214403
2022_2023,V11,d400_b2,400,2,spec_p10,0.025942
2022_2023,V11,d400_b2,400,2,spec_p50,0.152105
2022_2023,V11,d400_b2,400,2,spec_p90,0.558579
2022_2023,V11,d400_b2,400,2,glcm_asm,0.0318144
2022_2023,V11,d400_b2,400,2,glcm_contrast,1.42435
2022_2023,V11,d400_b2,400,2,glcm_correlation,0.960089
2022_2023,V11,d400_b2,400,2,glcm_variance,17.8858
2022_2023,V11,d400_b2,400,2,glcm_idm,0.685411
2022_2023,V11,d400_b2,400,2,glcm_sum_average,11.6878
2022_2023,V11,d400_b2,400,2,glcm_sum_variance,140.993
2022_2023,V11,d400_b2,400,2,glcm_sum_entropy,3.27389
2022_2023,V11,d400_b2,400,2,glcm_entropy,4.0542
2022_2023,V11,d400_b2,400,2,glcm_diff_entropy,1.15928
2022_2023,V11,d400_b2,400,2,glcm_imc1,-0.474979
2022_2023,V11,d400_b2,400,2,glcm_imc2,0.959123
2022_2023,V11,d400_b2,400,2,glcm_mcc,0.967313
2022_2023,V11,d400_b2,400,2,glcm_dissimilarity,0.754632
2022_2023,V11,d400_b2,400,2,glcm_inertia,1.42435
2022_2023,V11,d400_b2,400,2,glcm_cluster_shade,121.178
2022_2023,V11,d400_b2,400,2,glcm_cluster_prominence,9628.67
2022_2023,V11,d400_b2,400,2,glcm_homogeneity,0.707606
2022_2023,V11,d400_b2,400,2,glcmw3_asm,0.496174
2022_2023,V11,d400_b2,400,2,glcmw3_contrast,0.41231
2022_2023,V11,d400_b2,400,2,glcmw3_entropy,0.961708
2022_2023,V11,d400_b2,400,2,glcmw3_correlation,0.405371
2022_2023,V11,d400_b2,400,2,glcmw3_homogeneity,0.834373
2022_2023,V11,d400_b2,400,2,glcmw5_asm,0.385098
2022_2023,V11,d400_b2,400,2,glcmw5_contrast,0.41242
2022_2023,V11,d400_b2,400,2,glcmw5_entropy,1.38251
2022_2023,V11,d400_b2,400,2,glcmw5_correlation,0.580775
2022_2023,V11,d400_b2,400,2,glcmw5_homogeneity,0.834342
2022_2023,V11,d400_b2,400,2,glcmw7_asm,0.331356
2022_2023,V11,d400_b2,400,2,glcmw7_contrast,0.412483
2022_2023,V11,d400_b2,400,2,glcmw7_entropy,1.63431
2022_2023,V11,d400_b2,400,2,glcmw7_correlation,0.667817
2022_2023,V11,d400_b2,400,2,glcmw7_homogeneity,0.834302
2022_2023,V11,d400_b2,400,2,rgb_glcm_asm,
2022_2023,V11,d400_b2,400,2,rgb_glcm_contrast,
2022_2023,V11,d400_b2,400,2,rgb_glcm_correlation,
2022_2023,V11,d400_b2,400,2,rgb_glcm_variance,
2022_2023,V11,d400_b2,400,2,rgb_glcm_idm,
2022_2023,V11,d400_b2,400,2,rgb_glcm_sum_average,
2022_2023,V11,d400_b2,400,2,rgb_glcm_sum_variance,
2022_2023,V11,d400_b2,400,2,rgb_glcm_sum_entropy,
2022_2023,V11,d400_b2,400,2,rgb_glcm_entropy,
2022_2023,V11,d400_b2,400,2,rgb_glcm_diff_entropy,
2022_2023,V11,d400_b2,400,2,rgb_glcm_imc1,
2022_2023,V11,d400_b2,400,2,rgb_glcm_imc2,
2022_2023,V11,d400_b2,400,2,rgb_glcm_mcc,
2022_2023,V11,d400_b2,400,2,rgb_glcm_dissimilarity,
2022_2023,V11,d400_b2,400,2,rgb_glcm_inertia,
2022_2023,V11,d400_b2,400,2,rgb_glcm_cluster_shade,
2022_2023,V11,d400_b2,400,2,rgb_glcm_cluster_prominence,
2022_2023,V11,d400_b2,400,2,rgb_glcm_homogeneity,
2022_2023,V11,d400_b2,400,2,rgb_glcmw3_asm,
2022_2023,V11,d400_b2,400,2,rgb_glcmw3_contrast,
2022_2023,V11,d400_b2,400,2,rgb_glcmw3_entropy,
2022_2023,V11,d400_b2,400,2,rgb_glcmw3_correlation,
2022_2023,V11,d400_b2,400,2,rgb_glcmw3_homogeneity,
2022_2023,V11,d400_b2,400,2,rgb_glcmw5_asm,
2022_2023,V11,d400_b2,400,2,rgb_glcmw5_contrast,
2022_2023,V11,d400_b2,400,2,rgb_glcmw5_entropy,
2022_2023,V11,d400_b2,400,2,rgb_glcmw5_correlation,
2022_2023,V11,d400_b2,400,2,rgb_glcmw5_homogeneity,
2022_2023,V11,d400_b2,400,2,rgb_glcmw7_asm,
2022_2023,V11,d400_b2,400,2,rgb_glcmw7_contrast,
2022_2023,V11,d400_b2,400,2,rgb_glcmw7_entropy,
2022_2023,V11,d400_b2,400,2,rgb_glcmw7_correlation,
2022_2023,V11,d400_b2,400,2,rgb_glcmw7_homogeneity,
2022_2023,V11,d400_b3,400,3,NDVI,0.823708
2022_2023,V11,d400_b3,400,3,GNDVI,0.253256
2022_2023,V11,d400_b3,400,3,NDRE,0.371598
2022_2023,V11,d400_b3,400,3,CIrededge,1.26793
2022_2023,V11,d400_b3,400,3,SAVI,0.578197
2022_2023,V11,d400_b3,400,3,EVI,2.38582
2022_2023,V11,d400_b3,400,3,VARI,0.739491
2022_2023,V11,d400_b3,400,3,TGI,0.165848
2022_2023,V11,d400_b3,400,3,spec_mean,0.227852
2022_2023,V11,d400_b3,400,3,spec_std,0.217092
2022_2023,V11,d400_b3,400,3,spec_p10,0.0220961
2022_2023,V11,d400_b3,400,3,spec_p50,0.154435
2022_2023,V11,d400_b3,400,3,spec_p90,0.566435
2022_2023,V11,d400_b3,400,3,glcm_asm,0.0289388
2022_2023,V11,d400_b3,400,3,glcm_contrast,1.39987
2022_2023,V11,d400_b3,400,3,glcm_correlation,0.960387
2022_2023,V11,d400_b3,400,3,glcm_variance,17.6805
2022_2023,V11,d400_b3,400,3,glcm_idm,0.683366
2022_2023,V11,d400_b3,400,3,glcm_sum_average,12.3846
2022_2023,V11,d400_b3,400,3,glcm_sum_variance,152.053
2022_2023,V11,d400_b3,400,3,glcm_sum_entropy,3.28913
2022_2023,V11,d400_b3,400,3,glcm_entropy,4.07226
2022_2023,V11,d400_b3,400,3,glcm_diff_entropy,1.15318
2022_2023,V11,d400_b3,400,3,glcm_imc1,-0.473582
2022_2023,V11,d400_b3,400,3,glcm_imc2,0.959201
2022_2023,V11,d400_b3,400,3,glcm_mcc,0.968712
2022_2023,V11,d400_b3,400,3,glcm_dissimilarity,0.75414
2022_2023,V11,d400_b3,400,3,glcm_inertia,1.39987
2022_2023,V11,d400_b3,400,3,glcm_cluster_shade,31.2793
2022_2023,V11,d400_b3,400,3,glcm_cluster_prominence,9391.2
2022_2023,V11,d400_b3,400,3,glcm_homogeneity,0.705185
2022_2023,V11,d400_b3,400,3,glcmw3_asm,0.494131
2022_2023,V11,d400_b3,400,3,glcmw3_contrast,0.405522
2022_2023,V11,d400_b3,400,3,glcmw3_entropy,0.962642
2022_2023,V11,d400_b3,400,3,glcmw3_correlation,0.404394
2022_2023,V11,d400_b3,400,3,glcmw3_homogeneity,0.834767
2022_2023,V11,d400_b3,400,3,glcmw5_asm,0.381952
2022_2023,V11,d400_b3,400,3,glcmw5_contrast,0.405534
2022_2023,V11,d400_b3,400,3,glcmw5_entropy,1.38264
2022_2023,V11,d400_b3,400,3,glcmw5_correlation,0.581486
2022_2023,V11,d400_b3,400,3,glcmw5_homogeneity,0.834769
2022_2023,V11,d400_b3,400,3,glcmw7_asm,0.328207
2022_2023,V11,d400_b3,400,3,glcmw7_contrast,0.405652
2022_2023,V11,d400_b3,400,3,glcmw7_entropy,1.63256
2022_2023,V11,d400_b3,400,3,glcmw7_correlation,0.667324
2022_2023,V11,d400_b3,400,3,glcmw7_homogeneity,0.834725
2022_2023,V11,d400_b3,400,3,rgb_glcm_asm,
2022_2023,V11,d400_b3,400,3,rgb_glcm_contrast,
2022_2023,V11,d400_b3,400,3,rgb_glcm_correlation,
2022_2023,V11,d400_b3,400,3,rgb_glcm_variance,
2022_2023,V11,d400_b3,400,3,rgb_glcm_idm,
2022_2023,V11,d400_b3,400,3,rgb_glcm_sum_average,
2022_2023,V11,d400_b3,400,3,rgb_glcm_sum_variance,
2022_2023,V11,d400_b3,400,3,rgb_glcm_sum_entropy,
2022_2023,V11,d400_b3,400,3,rgb_glcm_entropy,
2022_2023,V11,d400_b3,400,3,rgb_glcm_diff_entropy,
2022_2023,V11,d400_b3,400,3,rgb_glcm_imc1,
2022_2023,V11,d400_b3,400,3,rgb_glcm_imc2,
2022_2023,V11,d400_b3,400,3,rgb_glcm_mcc,
2022_2023,V11,d400_b3,400,3,rgb_glcm_dissimilarity,
2022_2023,V11,d400_b3,400,3,rgb_glcm_inertia,
2022_2023,V11,d400_b3,400,3,rgb_glcm_cluster_shade,
2022_2023,V11,d400_b3,400,3,rgb_glcm_cluster_prominence,
2022_2023,V11,d400_b3,400,3,rgb_glcm_homogeneity,
2022_2023,V11,d400_b3,400,3,rgb_glcmw3_asm,
2022_2023,V11,d400_b3,400,3,rgb_glcmw3_contrast,
2022_2023,V11,d400_b3,400,3,rgb_glcmw3_entropy,
2022_2023,V11,d400_b3,400,3,rgb_glcmw3_correlation,
2022_2023,V11,d400_b3,400,3,rgb_glcmw3_homogeneity,
2022_2023,V11,d400_b3,400,3,rgb_glcmw5_asm,
2022_2023,V11,d400_b3,400,3,rgb_glcmw5_contrast,
2022_2023,V11,d400_b3,400,3,rgb_glcmw5_entropy,
2022_2023,V11,d400_b3,400,3,rgb_glcmw5_correlation,
2022_2023,V11,d400_b3,400,3,rgb_glcmw5_homogeneity,
2022_2023,V11,d400_b3,400,3,rgb_glcmw7_asm,
2022_2023,V11,d400_b3,400,3,rgb_glcmw7_contrast,
2022_2023,V11,d400_b3,400,3,rgb_glcmw7_entropy,
2022_2023,V11,d400_b3,400,3,rgb_glcmw7_correlation,
2022_2023,V11,d400_b3,400,3,rgb_glcmw7_homogeneity,
2022_2023,V11,d400_b4,400,4,NDVI,0.836722
2022_2023,V11,d400_b4,400,4,GNDVI,0.326082
2022_2023,V11,d400_b4,400,4,NDRE,0.37384
2022_2023,V11,d400_b4,400,4,CIrededge,1.28331
2022_2023,V11,d400_b4,400,4,SAVI,0.596652
2022_2023,V11,d400_b4,400,4,EVI,0.998999
2022_2023,V11,d400_b4,400,4,VARI,1.35249
2022_2023,V11,d400_b4,400,4,TGI,0.156012
2022_2023,V11,d400_b4,400,4,spec_mean,0.223066
2022_2023,V11,d400_b4,400,4,spec_std,0.217934
2022_2023,V11,d400_b4,400,4,spec_p10,0.020591
2022_2023,V11,d400_b4,400,4,spec_p50,0.146973
2022_2023,V11,d400_b4,400,4,spec_p90,0.563538
2022_2023,V11,d400_b4,400,4,glcm_asm,0.0292417
2022_2023,V11,d400_b4,400,4,glcm_contrast,1.44171
2022_2023,V11,d400_b4,400,4,glcm_correlation,0.957154
2022_2023,V11,d400_b4,400,4,glcm_variance,16.8416
2022_2023,V11,d400_b4,400,4,glcm_idm,0.677106
2022_2023,V11,d400_b4,400,4,glcm_sum_average,12.0787
2022_2023,V11,d400_b4,400,4,glcm_sum_variance,143.384
2022_2023,V11,d400_b4,400,4,glcm_sum_entropy,3.27857
2022_2023,V11,d400_b4,400,4,glcm_entropy,4.08117
2022_2023,V11,d400_b4,400,4,glcm_diff_entropy,1.16448
2022_2023,V11,d400_b4,400,4,glcm_imc1,-0.463169
2022_2023,V11,d400_b4,400,4,glcm_imc2,0.956249
2022_2023,V11,d400_b4,400,4,glcm_mcc,0.96543
2022_2023,V11,d400_b4,400,4,glcm_dissimilarity,0.771179
2022_2023,V11,d400_b4,400,4,glcm_inertia,1.44171
2022_2023,V11,d400_b4,400,4,glcm_cluster_shade,55.0561
2022_2023,V11,d400_b4,400,4,glcm_cluster_prominence,8997.38
2022_2023,V11,d400_b4,400,4,glcm_homogeneity,0.699717
2022_2023,V11,d400_b4,400,4,glcmw3_asm,0.489464
2022_2023,V11,d400_b4,400,4,glcmw3_contrast,0.414901
2022_2023,V11,d400_b4,400,4,glcmw3_entropy,0.974267
2022_2023,V11,d400_b4,400,4,glcmw3_correlation,0.413529
2022_2023,V11,d400_b4,400,4,glcmw3_homogeneity,0.83229
2022_2023,V11,d400_b4,400,4,glcmw5_asm,0.376422
2022_2023,V11,d400_b4,400,4,glcmw5_contrast,0.414931
2022_2023,V11,d400_b4,400,4,glcmw5_entropy,1.40192
2022_2023,V11,d400_b4,400,4,glcmw5_correlation,0.590895
2022_2023,V11,d400_b4,400,4,glcmw5_homogeneity,0.832293
2022_2023,V11,d400_b4,400,4,glcmw7_asm,0.322188
2022_2023,V11,d400_b4,400,4,glcmw7_contrast,0.415002
2022_2023,V11,d400_b4,400,4,glcmw7_entropy,1.65832
2022_2023,V11,d400_b4,400,4,glcmw7_correlation,0.675951
2022_2023,V11,d400_b4,400,4,glcmw7_homogeneity,0.832278
2022_2023,V11,d400_b4,400,4,rgb_glcm_asm,
2022_2023,V11,d400_b4,400,4,rgb_glcm_contrast,
2022_2023,V11,d400_b4,400,4,rgb_glcm_correlation,
2022_2023,V11,d400_b4,400,4,rgb_glcm_variance,
2022_2023,V11,d400_b4,400,4,rgb_glcm_idm,
2022_2023,V11,d400_b4,400,4,rgb_glcm_sum_average,
2022_2023,V11,d400_b4,400,4,rgb_glcm_sum_variance,
2022_2023,V11,d400_b4,400,4,rgb_glcm_sum_entropy,
2022_2023,V11,d400_b4,400,4,rgb_glcm_entropy,
2022_2023,V11,d400_b4,400,4,rgb_glcm_diff_entropy,
2022_2023,V11,d400_b4,400,4,rgb_glcm_imc1,
2022_2023,V11,d400_b4,400,4,rgb_glcm_imc2,
2022_2023,V11,d400_b4,400,4,rgb_glcm_mcc,
2022_2023,V11,d400_b4,400,4,rgb_glcm_dissimilarity,
2022_2023,V11,d400_b4,400,4,rgb_glcm_inertia,
2022_2023,V11,d400_b4,400,4,rgb_glcm_cluster_shade,
2022_2023,V11,d400_b4,400,4,rgb_glcm_cluster_prominence,
2022_2023,V11,d400_b4,400,4,rgb_glcm_homogeneity,
2022_2023,V11,d400_b4,400,4,rgb_glcmw3_asm,
2022_2023,V11,d400_b4,400,4,rgb_glcmw3_contrast,
2022_2023,V11,d400_b4,400,4,rgb_glcmw3_entropy,
2022_2023,V11,d400_b4,400,4,rgb_glcmw3_correlation,
2022_2023,V11,d400_b4,400,4,rgb_glcmw3_homogeneity,
2022_2023,V11,d400_b4,400,4,rgb_glcmw5_asm,
2022_2023,V11,d400_b4,400,4,rgb_glcmw5_contrast,
2022_2023,V11,d400_b4,400,4,rgb_glcmw5_entropy,
2022_2023,V11,d400_b4,400,4,rgb_glcmw5_correlation,
2022_2023,V11,d400_b4,400,4,rgb_glcmw5_homogeneity,
2022_2023,V11,d400_b4,400,4,rgb_glcmw7_asm,
2022_2023,V11,d400_b4,400,4,rgb_glcmw7_contrast,
2022_2023,V11,d400_b4,400,4,rgb_glcmw7_entropy,
2022_2023,V11,d400_b4,400,4,rgb_glcmw7_correlation,
2022_2023,V11,d400_b4,400,4,rgb_glcmw7_homogeneity,
2023_2024,V13,1,0,1,NDVI,0.6337
2023_2024,V13,1,0,1,GNDVI,0.272738
2023_2024,V13,1,0,1,NDRE,0.209471
2023_2024,V13,1,0,1,CIrededge,0.545231
2023_2024,V13,1,0,1,SAVI,0.554016
2023_2024,V13,1,0,1,EVI,0.253072
2023_2024,V13,1,0,1,VARI,0.665829
2023_2024,V13,1,0,1,TGI,0.207375
2023_2024,V13,1,0,1,spec_mean,0.317442
2023_2024,V13,1,0,1,spec_std,0.216967
2023_2024,V13,1,0,1,spec_p10,0.0832432
2023_2024,V13,1,0,1,spec_p50,0.269684
2023_2024,V13,1,0,1,spec_p90,0.637189
2023_2024,V13,1,0,1,glcm_asm,0.0201214
2023_2024,V13,1,0,1,glcm_contrast,1.49021
2023_2024,V13,1,0,1,glcm_correlation,0.952633
2023_2024,V13,1,0,1,glcm_variance,15.7303
2023_2024,V13,1,0,1,glcm_idm,0.658883
2023_2024,V13,1,0,1,glcm_sum_average,13.4332
2023_2024,V13,1,0,1,glcm_sum_variance,162.985
2023_2024,V13,1,0,1,glcm_sum_entropy,3.35576
2023_2024,V13,1,0,1,glcm_entropy,4.2026
2023_2024,V13,1,0,1,glcm_diff_entropy,1.18248
2023_2024,V13,1,0,1,glcm_imc1,-0.444303
2023_2024,V13,1,0,1,glcm_imc2,0.953587
2023_2024,V13,1,0,1,glcm_mcc,0.953626
2023_2024,V13,1,0,1,glcm_dissimilarity,0.811386
2023_2024,V13,1,0,1,glcm_inertia,1.49021
2023_2024,V13,1,0,1,glcm_cluster_shade,33.4085
2023_2024,V13,1,0,1,glcm_cluster_prominence,7675.91
2023_2024,V13,1,0,1,glcm_homogeneity,0.683096
2023_2024,V13,1,0,1,glcmw3_asm,0.458327
2023_2024,V13,1,0,1,glcmw3_contrast,0.434387
2023_2024,V13,1,0,1,glcmw3_entropy,1.0227
2023_2024,V13,1,0,1,glcmw3_correlation,0.47187
2023_2024,V13,1,0,1,glcmw3_homogeneity,0.821018
2023_2024,V13,1,0,1,glcmw5_asm,0.332367
2023_2024,V13,1,0,1,glcmw5_contrast,0.434729
2023_2024,V13,1,0,1,glcmw5_entropy,1.48056
2023_2024,V13,1,0,1,glcmw5_correlation,0.670676
2023_2024,V13,1,0,1,glcmw5_homogeneity,0.820925
2023_2024,V13,1,0,1,glcmw7_asm,0.268439
2023_2024,V13,1,0,1,glcmw7_contrast,0.435121
2023_2024,V13,1,0,1,glcmw7_entropy,1.76516
2023_2024,V13,1,0,1,glcmw7_correlation,0.763269
2023_2024,V13,1,0,1,glcmw7_homogeneity,0.82078
2023_2024,V13,1,0,1,rgb_glcm_asm,0.0203799
2023_2024,V13,1,0,1,rgb_glcm_contrast,1.89452
2023_2024,V13,1,0,1,rgb_glcm_correlation,0.935466
2023_2024,V13,1,0,1,rgb_glcm_variance,14.6785
2023_2024,V13,1,0,1,rgb_glcm_idm,0.607612
2023_2024,V13,1,0,1,rgb_glcm_sum_average,10.9334
2023_2024,V13,1,0,1,rgb_glcm_sum_variance,115.153
2023_2024,V13,1,0,1,rgb_glcm_sum_entropy,3.29581
2023_2024,V13,1,0,1,rgb_glcm_entropy,4.25699
2023_2024,V13,1,0,1,rgb_glcm_diff_entropy,1.27418
2023_2024,V13,1,0,1,rgb_glcm_imc1,-0.388621
2023_2024,V13,1,0,1,rgb_glcm_imc2,0.933646
2023_2024,V13,1,0,1,rgb_glcm_mcc,0.936282
2023_2024,V13,1,0,1,rgb_glcm_dissimilarity,0.960279
2023_2024,V13,1,0,1,rgb_glcm_inertia,1.89452
2023_2024,V13,1,0,1,rgb_glcm_cluster_shade,206.808
2023_2024,V13,1,0,1,rgb_glcm_cluster_prominence,8000.2
2023_2024,V13,1,0,1,rgb_glcm_homogeneity,0.639155
2023_2024,V13,1,0,1,rgb_glcmw3_asm,0.397152
2023_2024,V13,1,0,1,rgb_glcmw3_contrast,0.529132
2023_2024,V13,1,0,1,rgb_glcmw3_entropy,1.16723
2023_2024,V13,1,0,1,rgb_glcmw3_correlation,0.499425
2023_2024,V13,1,0,1,rgb_glcmw3_homogeneity,0.791341
2023_2024,V13,1,0,1,rgb_glcmw5_asm,0.274683
2023_2024,V13,1,0,1,rgb_glcmw5_contrast,0.528701
2023_2024,V13,1,0,1,rgb_glcmw5_entropy,1.66751
2023_2024,V13,1,0,1,rgb_glcmw5_correlation,0.679336
2023_2024,V13,1,0,1,rgb_glcmw5_homogeneity,0.791548
2023_2024,V13,1,0,1,rgb_glcmw7_asm,0.218051
2023_2024,V13,1,0,1,rgb_glcmw7_contrast,0.528628
2023_2024,V13,1,0,1,rgb_glcmw7_entropy,1.95843
2023_2024,V13,1,0,1,rgb_glcmw7_correlation,0.759415
2023_2024,V13,1,0,1,rgb_glcmw7_homogeneity,0.791622
2023_2024,V13,119,0,2,NDVI,0.66338
2023_2024,V13,119,0,2,GNDVI,0.190522
2023_2024,V13,119,0,2,NDRE,0.2053
2023_2024,V13,119,0,2,CIrededge,0.528305
2023_2024,V13,119,0,2,SAVI,0.578647
2023_2024,V13,119,0,2,EVI,1.20925
2023_2024,V13,119,0,2,VARI,0.802566
2023_2024,V13,119,0,2,TGI,0.282549
2023_2024,V13,119,0,2,spec_mean,0.344076
2023_2024,V13,119,0,2,spec_std,0.235658
2023_2024,V13,119,0,2,spec_p10,0.0786047
2023_2024,V13,119,0,2,spec_p50,0.304184
2023_2024,V13,119,0,2,spec_p90,0.688543
2023_2024,V13,119,0,2,glcm_asm,0.0193924
2023_2024,V13,119,0,2,glcm_contrast,1.64989
2023_2024,V13,119,0,2,glcm_correlation,0.954129
2023_2024,V13,119,0,2,glcm_variance,17.9839
2023_2024,V13,119,0,2,glcm_idm,0.652992
2023_2024,V13,119,0,2,glcm_sum_average,13.7836
2023_2024,V13,119,0,2,glcm_sum_variance,178.464
2023_2024,V13,119,0,2,glcm_sum_entropy,3.38273
2023_2024,V13,119,0,2,glcm_entropy,4.25585
2023_2024,V13,119,0,2,glcm_diff_entropy,1.2198
2023_2024,V13,119,0,2,glcm_imc1,-0.442369
2023_2024,V13,119,0,2,glcm_imc2,0.95438
2023_2024,V13,119,0,2,glcm_mcc,0.955845
2023_2024,V13,119,0,2,glcm_dissimilarity,0.845579
2023_2024,V13,119,0,2,glcm_inertia,1.64989
2023_2024,V13,119,0,2,glcm_cluster_shade,29.1927
2023_2024,V13,119,0,2,glcm_cluster_prominence,9252.01
2023_2024,V13,119,0,2,glcm_homogeneity,0.678972
2023_2024,V13,119,0,2,glcmw3_asm,0.453237
2023_2024,V13,119,0,2,glcmw3_contrast,0.469804
2023_2024,V13,119,0,2,glcmw3_entropy,1.03867
2023_2024,V13,119,0,2,glcmw3_correlation,0.487944
2023_2024,V13,119,0,2,glcmw3_homogeneity,0.815256
2023_2024,V13,119,0,2,glcmw5_asm,0.327961
2023_2024,V13,119,0,2,glcmw5_contrast,0.469769
2023_2024,V13,119,0,2,glcmw5_entropy,1.50314
2023_2024,V13,119,0,2,glcmw5_correlation,0.683792
2023_2024,V13,119,0,2,glcmw5_homogeneity,0.815256
2023_2024,V13,119,0,2,glcmw7_asm,0.264238
2023_2024,V13,119,0,2,glcmw7_contrast,0.46974
2023_2024,V13,119,0,2,glcmw7_entropy,1.79549
2023_2024,V13,119,0,2,glcmw7_correlation,0.774874
2023_2024,V13,119,0,2,glcmw7_homogeneity,0.81525
2023_2024,V13,119,0,2,rgb_glcm_asm,0.0207799
2023_2024,V13,119,0,2,rgb_glcm_contrast,1.98486
2023_2024,V13,119,0,2,rgb_glcm_correlation,0.937995
2023_2024,V13,119,0,2,rgb_glcm_variance,16.0056
2023_2024,V13,119,0,2,rgb_glcm_idm,0.61384
2023_2024,V13,119,0,2,rgb_glcm_sum_average,11.9746
2023_2024,V13,119,0,2,rgb_glcm_sum_variance,136.984
2023_2024,V13,119,0,2,rgb_glcm_sum_entropy,3.31742
2023_2024,V13,119,0,2,rgb_glcm_entropy,4.29078
2023_2024,V13,119,0,2,rgb_glcm_diff_entropy,1.2938
2023_2024,V13,119,0,2,rgb_glcm_imc1,-0.393927
2023_2024,V13,119,0,2,rgb_glcm_imc2,0.937088
2023_2024,V13,119,0,2,rgb_glcm_mcc,0.941165
2023_2024,V13,119,0,2,rgb_glcm_dissimilarity,0.962055
2023_2024,V13,119,0,2,rgb_glcm_inertia,1.98486
2023_2024,V13,119,0,2,rgb_glcm_cluster_shade,86.9496
2023_2024,V13,119,0,2,rgb_glcm_cluster_prominence,8121.66
2023_2024,V13,119,0,2,rgb_glcm_homogeneity,0.645572
2023_2024,V13,119,0,2,rgb_glcmw3_asm,0.407845
2023_2024,V13,119,0,2,rgb_glcmw3_contrast,0.544182
2023_2024,V13,119,0,2,rgb_glcmw3_entropy,1.15057
2023_2024,V13,119,0,2,rgb_glcmw3_correlation,0.498111
2023_2024,V13,119,0,2,rgb_glcmw3_homogeneity,0.793741
2023_2024,V13,119,0,2,rgb_glcmw5_asm,0.286065
2023_2024,V13,119,0,2,rgb_glcmw5_contrast,0.543934
2023_2024,V13,119,0,2,rgb_glcmw5_entropy,1.65165
2023_2024,V13,119,0,2,rgb_glcmw5_correlation,0.677471
2023_2024,V13,119,0,2,rgb_glcmw5_homogeneity,0.793866
2023_2024,V13,119,0,2,rgb_glcmw7_asm,0.228426
2023_2024,V13,119,0,2,rgb_glcmw7_contrast,0.544094
2023_2024,V13,119,0,2,rgb_glcmw7_entropy,1.95131
2023_2024,V13,119,0,2,rgb_glcmw7_correlation,0.761418
2023_2024,V13,119,0,2,rgb_glcmw7_homogeneity,0.793784
2023_2024,V13,123,0,3,NDVI,0.678568
2023_2024,V13,123,0,3,GNDVI,0.17209
2023_2024,V13,123,0,3,NDRE,0.227773
2023_2024,V13,123,0,3,CIrededge,0.604049
2023_2024,V13,123,0,3,SAVI,0.583367
2023_2024,V13,123,0,3,EVI,1.62908
2023_2024,V13,123,0,3,VARI,0.886336
2023_2024,V13,123,0,3,TGI,0.281131
2023_2024,V13,123,0,3,spec_mean,0.330244
2023_2024,V13,123,0,3,spec_std,0.236464
2023_2024,V13,123,0,3,spec_p10,0.0735067
2023_2024,V13,123,0,3,spec_p50,0.279526
2023_2024,V13,123,0,3,spec_p90,0.689842
2023_2024,V13,123,0,3,glcm_asm,0.0237512
2023_2024,V13,123,0,3,glcm_contrast,1.70087
2023_2024,V13,123,0,3,glcm_correlation,0.960749
2023_2024,V13,123,0,3,glcm_variance,21.6663
2023_2024,V13,123,0,3,glcm_idm,0.652059
2023_2024,V13,123,0,3,glcm_sum_average,13.0049
2023_2024,V13,123,0,3,glcm_sum_variance,178.094
2023_2024,V13,123,0,3,glcm_sum_entropy,3.35452
2023_2024,V13,123,0,3,glcm_entropy,4.1952
2023_2024,V13,123,0,3,glcm_diff_entropy,1.23474
2023_2024,V13,123,0,3,glcm_imc1,-0.452899
2023_2024,V13,123,0,3,glcm_imc2,0.956159
2023_2024,V13,123,0,3,glcm_mcc,0.961902
2023_2024,V13,123,0,3,glcm_dissimilarity,0.856283
2023_2024,V13,123,0,3,glcm_inertia,1.70087
2023_2024,V13,123,0,3,glcm_cluster_shade,98.6369
2023_2024,V13,123,0,3,glcm_cluster_prominence,11795.1
2023_2024,V13,123,0,3,glcm_homogeneity,0.679505
2023_2024,V13,123,0,3,glcmw3_asm,0.471109
2023_2024,V13,123,0,3,glcmw3_contrast,0.473201
2023_2024,V13,123,0,3,glcmw3_entropy,1.0151
2023_2024,V13,123,0,3,glcmw3_correlation,0.482703
2023_2024,V13,123,0,3,glcmw3_homogeneity,0.815594
2023_2024,V13,123,0,3,glcmw5_asm,0.35324
2023_2024,V13,123,0,3,glcmw5_contrast,0.473174
2023_2024,V13,123,0,3,glcmw5_entropy,1.46792
2023_2024,V13,123,0,3,glcmw5_correlation,0.666983
2023_2024,V13,123,0,3,glcmw5_homogeneity,0.815594
2023_2024,V13,123,0,3,glcmw7_asm,0.293063
2023_2024,V13,123,0,3,glcmw7_contrast,0.473189
2023_2024,V13,123,0,3,glcmw7_entropy,1.7544
2023_2024,V13,123,0,3,glcmw7_correlation,0.75801
2023_2024,V13,123,0,3,glcmw7_homogeneity,0.815582
2023_2024,V13,123,0,3,rgb_glcm_asm,0.0210148
2023_2024,V13,123,0,3,rgb_glcm_contrast,1.87989
2023_2024,V13,123,0,3,rgb_glcm_correlation,0.941186
2023_2024,V13,123,0,3,rgb_glcm_variance,15.9818
2023_2024,V13,123,0,3,rgb_glcm_idm,0.616501
2023_2024,V13,123,0,3,rgb_glcm_sum_average,11.48
2023_2024,V13,123,0,3,rgb_glcm_sum_variance,128.676
2023_2024,V13,123,0,3,rgb_glcm_sum_entropy,3.31738
2023_2024,V13,123,0,3,rgb_glcm_entropy,4.26633
2023_2024,V13,123,0,3,rgb_glcm_diff_entropy,1.27363
2023_2024,V13,123,0,3,rgb_glcm_imc1,-0.401723
2023_2024,V13,123,0,3,rgb_glcm_imc2,0.939624
2023_2024,V13,123,0,3,rgb_glcm_mcc,0.943109
2023_2024,V13,123,0,3,rgb_glcm_dissimilarity,0.942866
2023_2024,V13,123,0,3,rgb_glcm_inertia,1.87989
2023_2024,V13,123,0,3,rgb_glcm_cluster_shade,151.781
2023_2024,V13,123,0,3,rgb_glcm_cluster_prominence,8394.48
2023_2024,V13,123,0,3,rgb_glcm_homogeneity,0.647469
2023_2024,V13,123,0,3,rgb_glcmw3_asm,0.412352
2023_2024,V13,123,0,3,rgb_glcmw3_contrast,0.520882
2023_2024,V13,123,0,3,rgb_glcmw3_entropy,1.13994
2023_2024,V13,123,0,3,rgb_glcmw3_correlation,0.49476
2023_2024,V13,123,0,3,rgb_glcmw3_homogeneity,0.796892
2023_2024,V13,123,0,3,rgb_glcmw5_asm,0.290626
2023_2024,V13,123,0,3,rgb_glcmw5_contrast,0.52069
2023_2024,V13,123,0,3,rgb_glcmw5_entropy,1.63595
2023_2024,V13,123,0,3,rgb_glcmw5_correlation,0.675508
2023_2024,V13,123,0,3,rgb_glcmw5_homogeneity,0.796921
2023_2024,V13,123,0,3,rgb_glcmw7_asm,0.232839
2023_2024,V13,123,0,3,rgb_glcmw7_contrast,0.520855
2023_2024,V13,123,0,3,rgb_glcmw7_entropy,1.93214
2023_2024,V13,123,0,3,rgb_glcmw7_correlation,0.758442
2023_2024,V13,123,0,3,rgb_glcmw7_homogeneity,0.796864
2023_2024,V13,132,0,4,NDVI,0.696223
2023_2024,V13,132,0,4,GNDVI,0.163071
2023_2024,V13,132,0,4,NDRE,0.232407
2023_2024,V13,132,0,4,CIrededge,0.623872
2023_2024,V13,132,0,4,SAVI,0.595166
2023_2024,V13,132,0,4,EVI,1.17953
2023_2024,V13,132,0,4,VARI,0.946028
2023_2024,V13,132,0,4,TGI,0.291135
2023_2024,V13,132,0,4,spec_mean,0.339035
2023_2024,V13,132,0,4,spec_std,0.237685
2023_2024,V13,132,0,4,spec_p10,0.0693842
2023_2024,V13,132,0,4,spec_p50,0.294087
2023_2024,V13,132,0,4,spec_p90,0.688276
2023_2024,V13,132,0,4,glcm_asm,0.019548
2023_2024,V13,132,0,4,glcm_contrast,1.70997
2023_2024,V13,132,0,4,glcm_correlation,0.95447
2023_2024,V13,132,0,4,glcm_variance,18.7786
2023_2024,V13,132,0,4,glcm_idm,0.641971
2023_2024,V13,132,0,4,glcm_sum_average,13.8663
2023_2024,V13,132,0,4,glcm_sum_variance,183.259
2023_2024,V13,132,0,4,glcm_sum_entropy,3.3852
2023_2024,V13,132,0,4,glcm_entropy,4.28101
2023_2024,V13,132,0,4,glcm_diff_entropy,1.2367
2023_2024,V13,132,0,4,glcm_imc1,-0.436183
2023_2024,V13,132,0,4,glcm_imc2,0.952995
2023_2024,V13,132,0,4,glcm_mcc,0.955813
2023_2024,V13,132,0,4,glcm_dissimilarity,0.874273
2023_2024,V13,132,0,4,glcm_inertia,1.70997
2023_2024,V13,132,0,4,glcm_cluster_shade,4.03896
2023_2024,V13,132,0,4,glcm_cluster_prominence,10109.4
2023_2024,V13,132,0,4,glcm_homogeneity,0.669639
2023_2024,V13,132,0,4,glcmw3_asm,0.447062
2023_2024,V13,132,0,4,glcmw3_contrast,0.480626
2023_2024,V13,132,0,4,glcmw3_entropy,1.05842
2023_2024,V13,132,0,4,glcmw3_correlation,0.492395
2023_2024,V13,132,0,4,glcmw3_homogeneity,0.81068
2023_2024,V13,132,0,4,glcmw5_asm,0.323736
2023_2024,V13,132,0,4,glcmw5_contrast,0.480679
2023_2024,V13,132,0,4,glcmw5_entropy,1.52931
2023_2024,V13,132,0,4,glcmw5_correlation,0.68325
2023_2024,V13,132,0,4,glcmw5_homogeneity,0.810636
2023_2024,V13,132,0,4,glcmw7_asm,0.261362
2023_2024,V13,132,0,4,glcmw7_contrast,0.480751
2023_2024,V13,132,0,4,glcmw7_entropy,1.82444
2023_2024,V13,132,0,4,glcmw7_correlation,0.773894
2023_2024,V13,132,0,4,glcmw7_homogeneity,0.810609
2023_2024,V13,132,0,4,rgb_glcm_asm,0.0191644
2023_2024,V13,132,0,4,rgb_glcm_contrast,2.06309
2023_2024,V13,132,0,4,rgb_glcm_correlation,0.93689
2023_2024,V13,132,0,4,rgb_glcm_variance,16.3452
2023_2024,V13,132,0,4,rgb_glcm_idm,0.603359
2023_2024,V13,132,0,4,rgb_glcm_sum_average,12.1805
2023_2024,V13,132,0,4,rgb_glcm_sum_variance,141.518
2023_2024,V13,132,0,4,rgb_glcm_sum_entropy,3.33742
2023_2024,V13,132,0,4,rgb_glcm_entropy,4.33162
2023_2024,V13,132,0,4,rgb_glcm_diff_entropy,1.30965
2023_2024,V13,132,0,4,rgb_glcm_imc1,-0.387911
2023_2024,V13,132,0,4,rgb_glcm_imc2,0.935758
2023_2024,V13,132,0,4,rgb_glcm_mcc,0.939842
2023_2024,V13,132,0,4,rgb_glcm_dissimilarity,0.992153
2023_2024,V13,132,0,4,rgb_glcm_inertia,2.06309
2023_2024,V13,132,0,4,rgb_glcm_cluster_shade,87.541
2023_2024,V13,132,0,4,rgb_glcm_cluster_prominence,8215.92
2023_2024,V13,132,0,4,rgb_glcm_homogeneity,0.636634
2023_2024,V13,132,0,4,rgb_glcmw3_asm,0.398818
2023_2024,V13,132,0,4,rgb_glcmw3_contrast,0.562448
2023_2024,V13,132,0,4,rgb_glcmw3_entropy,1.17418
2023_2024,V13,132,0,4,rgb_glcmw3_correlation,0.503897
2023_2024,V13,132,0,4,rgb_glcmw3_homogeneity,0.787506
2023_2024,V13,132,0,4,rgb_glcmw5_asm,0.27776
2023_2024,V13,132,0,4,rgb_glcmw5_contrast,0.562273
2023_2024,V13,132,0,4,rgb_glcmw5_entropy,1.6821
2023_2024,V13,132,0,4,rgb_glcmw5_correlation,0.6794
2023_2024,V13,132,0,4,rgb_glcmw5_homogeneity,0.787551
2023_2024,V13,132,0,4,rgb_glcmw7_asm,0.221179
2023_2024,V13,132,0,4,rgb_glcmw7_contrast,0.562511
2023_2024,V13,132,0,4,rgb_glcmw7_entropy,1.98226
2023_2024,V13,132,0,4,rgb_glcmw7_correlation,0.7595
2023_2024,V13,132,0,4,rgb_glcmw7_homogeneity,0.787479
2023_2024,V13,15,50,1,NDVI,0.724683
2023_2024,V13,15,50,1,GNDVI,0.365063
2023_2024,V13,15,50,1,NDRE,0.27423
2023_2024,V13,15,50,1,CIrededge,0.78342
2023_2024,V13,15,50,1,SAVI,0.638657
2023_2024,V13,15,50,1,EVI,-2.01932
2023_2024,V13,15,50,1,VARI,0.759283
2023_2024,V13,15,50,1,TGI,0.188372
2023_2024,V13,15,50,1,spec_mean,0.303265
2023_2024,V13,15,50,1,spec_std,0.238018
2023_2024,V13,15,50,1,spec_p10,0.0580813
2023_2024,V13,15,50,1,spec_p50,0.24987
2023_2024,V13,15,50,1,spec_p90,0.681205
2023_2024,V13,15,50,1,glcm_asm,0.0202614
2023_2024,V13,15,50,1,glcm_contrast,1.65154
2023_2024,V13,15,50,1,glcm_correlation,0.958267
2023_2024,V13,15,50,1,glcm_variance,19.7869
2023_2024,V13,15,50,1,glcm_idm,0.648385
2023_2024,V13,15,50,1,glcm_sum_average,14.7753
2023_2024,V13,15,50,1,glcm_sum_variance,207.413
2023_2024,V13,15,50,1,glcm_sum_entropy,3.37718
2023_2024,V13,15,50,1,glcm_entropy,4.23657
2023_2024,V13,15,50,1,glcm_diff_entropy,1.22321
2023_2024,V13,15,50,1,glcm_imc1,-0.444234
2023_2024,V13,15,50,1,glcm_imc2,0.954478
2023_2024,V13,15,50,1,glcm_mcc,0.958916
2023_2024,V13,15,50,1,glcm_dissimilarity,0.854741
2023_2024,V13,15,50,1,glcm_inertia,1.65154
2023_2024,V13,15,50,1,glcm_cluster_shade,-120.316
2023_2024,V13,15,50,1,glcm_cluster_prominence,10481.6
2023_2024,V13,15,50,1,glcm_homogeneity,0.675185
2023_2024,V13,15,50,1,glcmw3_asm,0.453792
2023_2024,V13,15,50,1,glcmw3_contrast,0.466848
2023_2024,V13,15,50,1,glcmw3_entropy,1.0423
2023_2024,V13,15,50,1,glcmw3_correlation,0.488927
2023_2024,V13,15,50,1,glcmw3_homogeneity,0.814004
2023_2024,V13,15,50,1,glcmw5_asm,0.329574
2023_2024,V13,15,50,1,glcmw5_contrast,0.466974
2023_2024,V13,15,50,1,glcmw5_entropy,1.51022
2023_2024,V13,15,50,1,glcmw5_correlation,0.681975
2023_2024,V13,15,50,1,glcmw5_homogeneity,0.813964
2023_2024,V13,15,50,1,glcmw7_asm,0.267228
2023_2024,V13,15,50,1,glcmw7_contrast,0.46705
2023_2024,V13,15,50,1,glcmw7_entropy,1.80355
2023_2024,V13,15,50,1,glcmw7_correlation,0.770612
2023_2024,V13,15,50,1,glcmw7_homogeneity,0.813946
2023_2024,V13,15,50,1,rgb_glcm_asm,0.0246663
2023_2024,V13,15,50,1,rgb_glcm_contrast,1.57296
2023_2024,V13,15,50,1,rgb_glcm_correlation,0.942479
2023_2024,V13,15,50,1,rgb_glcm_variance,13.6729
2023_2024,V13,15,50,1,rgb_glcm_idm,0.637487
2023_2024,V13,15,50,1,rgb_glcm_sum_average,9.80557
2023_2024,V13,15,50,1,rgb_glcm_sum_variance,96.3937
2023_2024,V13,15,50,1,rgb_glcm_sum_entropy,3.2272
2023_2024,V13,15,50,1,rgb_glcm_entropy,4.10059
2023_2024,V13,15,50,1,rgb_glcm_diff_entropy,1.20448
2023_2024,V13,15,50,1,rgb_glcm_imc1,-0.410161
2023_2024,V13,15,50,1,rgb_glcm_imc2,0.937798
2023_2024,V13,15,50,1,rgb_glcm_mcc,0.943758
2023_2024,V13,15,50,1,rgb_glcm_dissimilarity,0.861191
2023_2024,V13,15,50,1,rgb_glcm_inertia,1.57296
2023_2024,V13,15,50,1,rgb_glcm_cluster_shade,276.99
2023_2024,V13,15,50,1,rgb_glcm_cluster_prominence,8129.18
2023_2024,V13,15,50,1,rgb_glcm_homogeneity,0.664312
2023_2024,V13,15,50,1,rgb_glcmw3_asm,0.4294
2023_2024,V13,15,50,1,rgb_glcmw3_contrast,0.4535
2023_2024,V13,15,50,1,rgb_glcmw3_entropy,1.08876
2023_2024,V13,15,50,1,rgb_glcmw3_correlation,0.472053
2023_2024,V13,15,50,1,rgb_glcmw3_homogeneity,0.810836
2023_2024,V13,15,50,1,rgb_glcmw5_asm,0.303683
2023_2024,V13,15,50,1,rgb_glcmw5_contrast,0.453462
2023_2024,V13,15,50,1,rgb_glcmw5_entropy,1.56466
2023_2024,V13,15,50,1,rgb_glcmw5_correlation,0.66407
2023_2024,V13,15,50,1,rgb_glcmw5_homogeneity,0.810807
2023_2024,V13,15,50,1,rgb_glcmw7_asm,0.242397
2023_2024,V13,15,50,1,rgb_glcmw7_contrast,0.45356
2023_2024,V13,15,50,1,rgb_glcmw7_entropy,1.84588
2023_2024,V13,15,50,1,rgb_glcmw7_correlation,0.75187
2023_2024,V13,15,50,1,rgb_glcmw7_homogeneity,0.810784
2023_2024,V13,118,50,2,NDVI,0.688076
2023_2024,V13,118,50,2,GNDVI,0.246892
2023_2024,V13,118,50,2,NDRE,0.249768
2023_2024,V13,118,50,2,CIrededge,0.684277
2023_2024,V13,118,50,2,SAVI,0.60638
2023_2024,V13,118,50,2,EVI,1.85707
2023_2024,V13,118,50,2,VARI,0.818489
2023_2024,V13,118,50,2,TGI,0.249897
2023_2024,V13,118,50,2,spec_mean,0.332575
2023_2024,V13,118,50,2,spec_std,0.233236
2023_2024,V13,118,50,2,spec_p10,0.0763752
2023_2024,V13,118,50,2,spec_p50,0.292223
2023_2024,V13,118,50,2,spec_p90,0.689897
2023_2024,V13,118,50,2,glcm_asm,0.0201412
2023_2024,V13,118,50,2,glcm_contrast,1.63965
2023_2024,V13,118,50,2,glcm_correlation,0.9566
2023_2024,V13,118,50,2,glcm_variance,18.89
2023_2024,V13,118,50,2,glcm_idm,0.653653
2023_2024,V13,118,50,2,glcm_sum_average,13.5614
2023_2024,V13,118,50,2,glcm_sum_variance,177.573
2023_2024,V13,118,50,2,glcm_sum_entropy,3.38046
2023_2024,V13,118,50,2,glcm_entropy,4.24393
2023_2024,V13,118,50,2,glcm_diff_entropy,1.21752
2023_2024,V13,118,50,2,glcm_imc1,-0.445372
2023_2024,V13,118,50,2,glcm_imc2,0.955042
2023_2024,V13,118,50,2,glcm_mcc,0.957508
2023_2024,V13,118,50,2,glcm_dissimilarity,0.842769
2023_2024,V13,118,50,2,glcm_inertia,1.63965
2023_2024,V13,118,50,2,glcm_cluster_shade,19.6182
2023_2024,V13,118,50,2,glcm_cluster_prominence,9763.58
2023_2024,V13,118,50,2,glcm_homogeneity,0.679528
2023_2024,V13,118,50,2,glcmw3_asm,0.456821
2023_2024,V13,118,50,2,glcmw3_contrast,0.463204
2023_2024,V13,118,50,2,glcmw3_entropy,1.03244
2023_2024,V13,118,50,2,glcmw3_correlation,0.486391
2023_2024,V13,118,50,2,glcmw3_homogeneity,0.816785
2023_2024,V13,118,50,2,glcmw5_asm,0.331085
2023_2024,V13,118,50,2,glcmw5_contrast,0.463169
2023_2024,V13,118,50,2,glcmw5_entropy,1.49696
2023_2024,V13,118,50,2,glcmw5_correlation,0.684118
2023_2024,V13,118,50,2,glcmw5_homogeneity,0.816752
2023_2024,V13,118,50,2,glcmw7_asm,0.267002
2023_2024,V13,118,50,2,glcmw7_contrast,0.462894
2023_2024,V13,118,50,2,glcmw7_entropy,1.79028
2023_2024,V13,118,50,2,glcmw7_correlation,0.774579
2023_2024,V13,118,50,2,glcmw7_homogeneity,0.816826
2023_2024,V13,118,50,2,rgb_glcm_asm,0.02162
2023_2024,V13,118,50,2,rgb_glcm_contrast,1.87968
2023_2024,V13,118,50,2,rgb_glcm_correlation,0.939384
2023_2024,V13,118,50,2,rgb_glcm_variance,15.5048
2023_2024,V13,118,50,2,rgb_glcm_idm,0.616133
2023_2024,V13,118,50,2,rgb_glcm_sum_average,10.8809
2023_2024,V13,118,50,2,rgb_glcm_sum_variance,117.627
2023_2024,V13,118,50,2,rgb_glcm_sum_entropy,3.29888
2023_2024,V13,118,50,2,rgb_glcm_entropy,4.24591
2023_2024,V13,118,50,2,rgb_glcm_diff_entropy,1.27291
2023_2024,V13,118,50,2,rgb_glcm_imc1,-0.397833
2023_2024,V13,118,50,2,rgb_glcm_imc2,0.937333
2023_2024,V13,118,50,2,rgb_glcm_mcc,0.940188
2023_2024,V13,118,50,2,rgb_glcm_dissimilarity,0.943292
2023_2024,V13,118,50,2,rgb_glcm_inertia,1.87968
2023_2024,V13,118,50,2,rgb_glcm_cluster_shade,215.979
2023_2024,V13,118,50,2,rgb_glcm_cluster_prominence,8497.1
2023_2024,V13,118,50,2,rgb_glcm_homogeneity,0.647004
2023_2024,V13,118,50,2,rgb_glcmw3_asm,0.409297
2023_2024,V13,118,50,2,rgb_glcmw3_contrast,0.522951
2023_2024,V13,118,50,2,rgb_glcmw3_entropy,1.14358
2023_2024,V13,118,50,2,rgb_glcmw3_correlation,0.493169
2023_2024,V13,118,50,2,rgb_glcmw3_homogeneity,0.796378
2023_2024,V13,118,50,2,rgb_glcmw5_asm,0.285782
2023_2024,V13,118,50,2,rgb_glcmw5_contrast,0.522983
2023_2024,V13,118,50,2,rgb_glcmw5_entropy,1.64153
2023_2024,V13,118,50,2,rgb_glcmw5_correlation,0.676393
2023_2024,V13,118,50,2,rgb_glcmw5_homogeneity,0.796338
2023_2024,V13,118,50,2,rgb_glcmw7_asm,0.227083
2023_2024,V13,118,50,2,rgb_glcmw7_contrast,0.523029
2023_2024,V13,118,50,2,rgb_glcmw7_entropy,1.93759
2023_2024,V13,118,50,2,rgb_glcmw7_correlation,0.760303
2023_2024,V13,118,50,2,rgb_glcmw7_homogeneity,0.79632
2023_2024,V13,126,50,3,NDVI,0.713563
2023_2024,V13,126,50,3,GNDVI,0.187532
2023_2024,V13,126,50,3,NDRE,0.250277
2023_2024,V13,126,50,3,CIrededge,0.690693
2023_2024,V13,126,50,3,SAVI,0.605498
2023_2024,V13,126,50,3,EVI,1.3561
2023_2024,V13,126,50,3,VARI,0.981121
2023_2024,V13,126,50,3,TGI,0.26929
2023_2024,V13,126,50,3,spec_mean,0.32789
2023_2024,V13,126,50,3,spec_std,0.234532
2023_2024,V13,126,50,3,spec_p10,0.0656696
2023_2024,V13,126,50,3,spec_p50,0.27994
2023_2024,V13,126,50,3,spec_p90,0.678059
2023_2024,V13,126,50,3,glcm_asm,0.0197903
2023_2024,V13,126,50,3,glcm_contrast,1.70129
2023_2024,V13,126,50,3,glcm_correlation,0.953754
2023_2024,V13,126,50,3,glcm_variance,18.3939
2023_2024,V13,126,50,3,glcm_idm,0.643654
2023_2024,V13,126,50,3,glcm_sum_average,13.955
2023_2024,V13,126,50,3,glcm_sum_variance,183.74
2023_2024,V13,126,50,3,glcm_sum_entropy,3.37837
2023_2024,V13,126,50,3,glcm_entropy,4.27226
2023_2024,V13,126,50,3,glcm_diff_entropy,1.23275
2023_2024,V13,126,50,3,glcm_imc1,-0.43466
2023_2024,V13,126,50,3,glcm_imc2,0.952242
2023_2024,V13,126,50,3,glcm_mcc,0.955511
2023_2024,V13,126,50,3,glcm_dissimilarity,0.870045
2023_2024,V13,126,50,3,glcm_inertia,1.70129
2023_2024,V13,126,50,3,glcm_cluster_shade,-38.782
2023_2024,V13,126,50,3,glcm_cluster_prominence,9819.1
2023_2024,V13,126,50,3,glcm_homogeneity,0.670707
2023_2024,V13,126,50,3,glcmw3_asm,0.447309
2023_2024,V13,126,50,3,glcmw3_contrast,0.478025
2023_2024,V13,126,50,3,glcmw3_entropy,1.05532
2023_2024,V13,126,50,3,glcmw3_correlation,0.493082
2023_2024,V13,126,50,3,glcmw3_homogeneity,0.812084
2023_2024,V13,126,50,3,glcmw5_asm,0.323052
2023_2024,V13,126,50,3,glcmw5_contrast,0.478173
2023_2024,V13,126,50,3,glcmw5_entropy,1.52778
2023_2024,V13,126,50,3,glcmw5_correlation,0.685969
2023_2024,V13,126,50,3,glcmw5_homogeneity,0.812024
2023_2024,V13,126,50,3,glcmw7_asm,0.260396
2023_2024,V13,126,50,3,glcmw7_contrast,0.478188
2023_2024,V13,126,50,3,glcmw7_entropy,1.82376
2023_2024,V13,126,50,3,glcmw7_correlation,0.777228
2023_2024,V13,126,50,3,glcmw7_homogeneity,0.812024
2023_2024,V13,126,50,3,rgb_glcm_asm,0.0207016
2023_2024,V13,126,50,3,rgb_glcm_contrast,1.94058
2023_2024,V13,126,50,3,rgb_glcm_correlation,0.940522
2023_2024,V13,126,50,3,rgb_glcm_variance,16.3135
2023_2024,V13,126,50,3,rgb_glcm_idm,0.614843
2023_2024,V13,126,50,3,rgb_glcm_sum_average,11.5272
2023_2024,V13,126,50,3,rgb_glcm_sum_variance,130.583
2023_2024,V13,126,50,3,rgb_glcm_sum_entropy,3.32535
2023_2024,V13,126,50,3,rgb_glcm_entropy,4.28952
2023_2024,V13,126,50,3,rgb_glcm_diff_entropy,1.2853
2023_2024,V13,126,50,3,rgb_glcm_imc1,-0.397855
2023_2024,V13,126,50,3,rgb_glcm_imc2,0.938728
2023_2024,V13,126,50,3,rgb_glcm_mcc,0.941727
2023_2024,V13,126,50,3,rgb_glcm_dissimilarity,0.954198
2023_2024,V13,126,50,3,rgb_glcm_inertia,1.94058
2023_2024,V13,126,50,3,rgb_glcm_cluster_shade,165.029
2023_2024,V13,126,50,3,rgb_glcm_cluster_prominence,8617.79
2023_2024,V13,126,50,3,rgb_glcm_homogeneity,0.646214
2023_2024,V13,126,50,3,rgb_glcmw3_asm,0.407942
2023_2024,V13,126,50,3,rgb_glcmw3_contrast,0.534869
2023_2024,V13,126,50,3,rgb_glcmw3_entropy,1.14838
2023_2024,V13,126,50,3,rgb_glcmw3_correlation,0.496305
2023_2024,V13,126,50,3,rgb_glcmw3_homogeneity,0.794724
2023_2024,V13,126,50,3,rgb_glcmw5_asm,0.285171
2023_2024,V13,126,50,3,rgb_glcmw5_contrast,0.534895
2023_2024,V13,126,50,3,rgb_glcmw5_entropy,1.64831
2023_2024,V13,126,50,3,rgb_glcmw5_correlation,0.677279
2023_2024,V13,126,50,3,rgb_glcmw5_homogeneity,0.79471
2023_2024,V13,126,50,3,rgb_glcmw7_asm,0.226833
2023_2024,V13,126,50,3,rgb_glcmw7_contrast,0.535009
2023_2024,V13,126,50,3,rgb_glcmw7_entropy,1.94522
2023_2024,V13,126,50,3,rgb_glcmw7_correlation,0.760076
2023_2024,V13,126,50,3,rgb_glcmw7_homogeneity,0.794687
2023_2024,V13,131,50,4,NDVI,0.738536
2023_2024,V13,131,50,4,GNDVI,0.257961
2023_2024,V13,131,50,4,NDRE,0.27347
2023_2024,V13,131,50,4,CIrededge,0.781797
2023_2024,V13,131,50,4,SAVI,0.626127
2023_2024,V13,131,50,4,EVI,0.00660785
2023_2024,V13,131,50,4,VARI,0.951778
2023_2024,V13,131,50,4,TGI,0.243529
2023_2024,V13,131,50,4,spec_mean,0.312653
2023_2024,V13,131,50,4,spec_std,0.236587
2023_2024,V13,131,50,4,spec_p10,0.054844
2023_2024,V13,131,50,4,spec_p50,0.264251
2023_2024,V13,131,50,4,spec_p90,0.671881
2023_2024,V13,131,50,4,glcm_asm,0.0213353
2023_2024,V13,131,50,4,glcm_contrast,1.54856
2023_2024,V13,131,50,4,glcm_correlation,0.957625
2023_2024,V13,131,50,4,glcm_variance,18.2722
2023_2024,V13,131,50,4,glcm_idm,0.664977
2023_2024,V13,131,50,4,glcm_sum_average,14.0727
2023_2024,V13,131,50,4,glcm_sum_variance,186.147
2023_2024,V13,131,50,4,glcm_sum_entropy,3.36728
2023_2024,V13,131,50,4,glcm_entropy,4.21122
2023_2024,V13,131,50,4,glcm_diff_entropy,1.19463
2023_2024,V13,131,50,4,glcm_imc1,-0.45382
2023_2024,V13,131,50,4,glcm_imc2,0.956865
2023_2024,V13,131,50,4,glcm_mcc,0.959453
2023_2024,V13,131,50,4,glcm_dissimilarity,0.809699
2023_2024,V13,131,50,4,glcm_inertia,1.54856
2023_2024,V13,131,50,4,glcm_cluster_shade,-34.5641
2023_2024,V13,131,50,4,glcm_cluster_prominence,9628.54
2023_2024,V13,131,50,4,glcm_homogeneity,0.689376
2023_2024,V13,131,50,4,glcmw3_asm,0.468195
2023_2024,V13,131,50,4,glcmw3_contrast,0.443299
2023_2024,V13,131,50,4,glcmw3_entropy,1.00684
2023_2024,V13,131,50,4,glcmw3_correlation,0.470195
2023_2024,V13,131,50,4,glcmw3_homogeneity,0.823196
2023_2024,V13,131,50,4,glcmw5_asm,0.34445
2023_2024,V13,131,50,4,glcmw5_contrast,0.443185
2023_2024,V13,131,50,4,glcmw5_entropy,1.46011
2023_2024,V13,131,50,4,glcmw5_correlation,0.666441
2023_2024,V13,131,50,4,glcmw5_homogeneity,0.823217
2023_2024,V13,131,50,4,glcmw7_asm,0.281057
2023_2024,V13,131,50,4,glcmw7_contrast,0.443146
2023_2024,V13,131,50,4,glcmw7_entropy,1.74519
2023_2024,V13,131,50,4,glcmw7_correlation,0.759341
2023_2024,V13,131,50,4,glcmw7_homogeneity,0.823198
2023_2024,V13,131,50,4,rgb_glcm_asm,0.023345
2023_2024,V13,131,50,4,rgb_glcm_contrast,1.69531
2023_2024,V13,131,50,4,rgb_glcm_correlation,0.947718
2023_2024,V13,131,50,4,rgb_glcm_variance,16.2131
2023_2024,V13,131,50,4,rgb_glcm_idm,0.634569
2023_2024,V13,131,50,4,rgb_glcm_sum_average,11.0941
2023_2024,V13,131,50,4,rgb_glcm_sum_variance,123.832
2023_2024,V13,131,50,4,rgb_glcm_sum_entropy,3.30472
2023_2024,V13,131,50,4,rgb_glcm_entropy,4.2008
2023_2024,V13,131,50,4,rgb_glcm_diff_entropy,1.23397
2023_2024,V13,131,50,4,rgb_glcm_imc1,-0.421853
2023_2024,V13,131,50,4,rgb_glcm_imc2,0.9456
2023_2024,V13,131,50,4,rgb_glcm_mcc,0.948924
2023_2024,V13,131,50,4,rgb_glcm_dissimilarity,0.884104
2023_2024,V13,131,50,4,rgb_glcm_inertia,1.69531
2023_2024,V13,131,50,4,rgb_glcm_cluster_shade,198.495
2023_2024,V13,131,50,4,rgb_glcm_cluster_prominence,8753.39
2023_2024,V13,131,50,4,rgb_glcm_homogeneity,0.662805
2023_2024,V13,131,50,4,rgb_glcmw3_asm,0.431765
2023_2024,V13,131,50,4,rgb_glcmw3_contrast,0.477091
2023_2024,V13,131,50,4,rgb_glcmw3_entropy,1.09157
2023_2024,V13,131,50,4,rgb_glcmw3_correlation,0.477246
2023_2024,V13,131,50,4,rgb_glcmw3_homogeneity,0.807807
2023_2024,V13,131,50,4,rgb_glcmw5_asm,0.310066
2023_2024,V13,131,50,4,rgb_glcmw5_contrast,0.476825
2023_2024,V13,131,50,4,rgb_glcmw5_entropy,1.56837
2023_2024,V13,131,50,4,rgb_glcmw5_correlation,0.660769
2023_2024,V13,131,50,4,rgb_glcmw5_homogeneity,0.80791
2023_2024,V13,131,50,4,rgb_glcmw7_asm,0.251261
2023_2024,V13,131,50,4,rgb_glcmw7_contrast,0.476849
2023_2024,V13,131,50,4,rgb_glcmw7_entropy,1.85323
2023_2024,V13,131,50,4,rgb_glcmw7_correlation,0.747848
2023_2024,V13,131,50,4,rgb_glcmw7_homogeneity,0.807885
2023_2024,V13,43,100,1,NDVI,0.757623
2023_2024,V13,43,100,1,GNDVI,0.306996
2023_2024,V13,43,100,1,NDRE,0.300526
2023_2024,V13,43,100,1,CIrededge,0.913106
2023_2024,V13,43,100,1,SAVI,0.620041
2023_2024,V13,43,100,1,EVI,1.95913
2023_2024,V13,43,100,1,VARI,1.02796
2023_2024,V13,43,100,1,TGI,0.189276
2023_2024,V13,43,100,1,spec_mean,0.27606
2023_2024,V13,43,100,1,spec_std,0.220169
2023_2024,V13,43,100,1,spec_p10,0.0505169
2023_2024,V13,43,100,1,spec_p50,0.226671
2023_2024,V13,43,100,1,spec_p90,0.611762
2023_2024,V13,43,100,1,glcm_asm,0.0223758
2023_2024,V13,43,100,1,glcm_contrast,1.30395
2023_2024,V13,43,100,1,glcm_correlation,0.958773
2023_2024,V13,43,100,1,glcm_variance,15.8142
2023_2024,V13,43,100,1,glcm_idm,0.690626
2023_2024,V13,43,100,1,glcm_sum_average,13.9745
2023_2024,V13,43,100,1,glcm_sum_variance,174.805
2023_2024,V13,43,100,1,glcm_sum_entropy,3.3513
2023_2024,V13,43,100,1,glcm_entropy,4.13427
2023_2024,V13,43,100,1,glcm_diff_entropy,1.12783
2023_2024,V13,43,100,1,glcm_imc1,-0.471243
2023_2024,V13,43,100,1,glcm_imc2,0.960117
2023_2024,V13,43,100,1,glcm_mcc,0.959427
2023_2024,V13,43,100,1,glcm_dissimilarity,0.728157
2023_2024,V13,43,100,1,glcm_inertia,1.30395
2023_2024,V13,43,100,1,glcm_cluster_shade,9.84335
2023_2024,V13,43,100,1,glcm_cluster_prominence,7774.96
2023_2024,V13,43,100,1,glcm_homogeneity,0.710983
2023_2024,V13,43,100,1,glcmw3_asm,0.494427
2023_2024,V13,43,100,1,glcmw3_contrast,0.388303
2023_2024,V13,43,100,1,glcmw3_entropy,0.945331
2023_2024,V13,43,100,1,glcmw3_correlation,0.437143
2023_2024,V13,43,100,1,glcmw3_homogeneity,0.837814
2023_2024,V13,43,100,1,glcmw5_asm,0.3697
2023_2024,V13,43,100,1,glcmw5_contrast,0.388207
2023_2024,V13,43,100,1,glcmw5_entropy,1.3756
2023_2024,V13,43,100,1,glcmw5_correlation,0.645025
2023_2024,V13,43,100,1,glcmw5_homogeneity,0.837896
2023_2024,V13,43,100,1,glcmw7_asm,0.304561
2023_2024,V13,43,100,1,glcmw7_contrast,0.388392
2023_2024,V13,43,100,1,glcmw7_entropy,1.64717
2023_2024,V13,43,100,1,glcmw7_correlation,0.741378
2023_2024,V13,43,100,1,glcmw7_homogeneity,0.837831
2023_2024,V13,43,100,1,rgb_glcm_asm,0.0249914
2023_2024,V13,43,100,1,rgb_glcm_contrast,1.58687
2023_2024,V13,43,100,1,rgb_glcm_correlation,0.942487
2023_2024,V13,43,100,1,rgb_glcm_variance,13.7958
2023_2024,V13,43,100,1,rgb_glcm_idm,0.640012
2023_2024,V13,43,100,1,rgb_glcm_sum_average,9.79674
2023_2024,V13,43,100,1,rgb_glcm_sum_variance,96.7497
2023_2024,V13,43,100,1,rgb_glcm_sum_entropy,3.22761
2023_2024,V13,43,100,1,rgb_glcm_entropy,4.10105
2023_2024,V13,43,100,1,rgb_glcm_diff_entropy,1.20805
2023_2024,V13,43,100,1,rgb_glcm_imc1,-0.410497
2023_2024,V13,43,100,1,rgb_glcm_imc2,0.937953
2023_2024,V13,43,100,1,rgb_glcm_mcc,0.943051
2023_2024,V13,43,100,1,rgb_glcm_dissimilarity,0.858766
2023_2024,V13,43,100,1,rgb_glcm_inertia,1.58687
2023_2024,V13,43,100,1,rgb_glcm_cluster_shade,283.927
2023_2024,V13,43,100,1,rgb_glcm_cluster_prominence,8165.63
2023_2024,V13,43,100,1,rgb_glcm_homogeneity,0.666745
2023_2024,V13,43,100,1,rgb_glcmw3_asm,0.431073
2023_2024,V13,43,100,1,rgb_glcmw3_contrast,0.457567
2023_2024,V13,43,100,1,rgb_glcmw3_entropy,1.08514
2023_2024,V13,43,100,1,rgb_glcmw3_correlation,0.472078
2023_2024,V13,43,100,1,rgb_glcmw3_homogeneity,0.811556
2023_2024,V13,43,100,1,rgb_glcmw5_asm,0.306028
2023_2024,V13,43,100,1,rgb_glcmw5_contrast,0.457331
2023_2024,V13,43,100,1,rgb_glcmw5_entropy,1.56016
2023_2024,V13,43,100,1,rgb_glcmw5_correlation,0.663989
2023_2024,V13,43,100,1,rgb_glcmw5_homogeneity,0.811614
2023_2024,V13,43,100,1,rgb_glcmw7_asm,0.245617
2023_2024,V13,43,100,1,rgb_glcmw7_contrast,0.457284
2023_2024,V13,43,100,1,rgb_glcmw7_entropy,1.84157
2023_2024,V13,43,100,1,rgb_glcmw7_correlation,0.750436
2023_2024,V13,43,100,1,rgb_glcmw7_homogeneity,0.811612
2023_2024,V13,117,100,2,NDVI,0.710592
2023_2024,V13,117,100,2,GNDVI,0.239083
2023_2024,V13,117,100,2,NDRE,0.281217
2023_2024,V13,117,100,2,CIrededge,0.821085
2023_2024,V13,117,100,2,SAVI,0.613179
2023_2024,V13,117,100,2,EVI,5.09772
2023_2024,V13,117,100,2,VARI,0.96009
2023_2024,V13,117,100,2,TGI,0.233567
2023_2024,V13,117,100,2,spec_mean,0.314766
2023_2024,V13,117,100,2,spec_std,0.230101
2023_2024,V13,117,100,2,spec_p10,0.0679182
2023_2024,V13,117,100,2,spec_p50,0.265157
2023_2024,V13,117,100,2,spec_p90,0.664576
2023_2024,V13,117,100,2,glcm_asm,0.0188649
2023_2024,V13,117,100,2,glcm_contrast,1.84454
2023_2024,V13,117,100,2,glcm_correlation,0.953042
2023_2024,V13,117,100,2,glcm_variance,19.6405
2023_2024,V13,117,100,2,glcm_idm,0.632525
2023_2024,V13,117,100,2,glcm_sum_average,14.0004
2023_2024,V13,117,100,2,glcm_sum_variance,189.247
2023_2024,V13,117,100,2,glcm_sum_entropy,3.39241
2023_2024,V13,117,100,2,glcm_entropy,4.30463
2023_2024,V13,117,100,2,glcm_diff_entropy,1.26688
2023_2024,V13,117,100,2,glcm_imc1,-0.428916
2023_2024,V13,117,100,2,glcm_imc2,0.95114
2023_2024,V13,117,100,2,glcm_mcc,0.954757
2023_2024,V13,117,100,2,glcm_dissimilarity,0.911182
2023_2024,V13,117,100,2,glcm_inertia,1.84454
2023_2024,V13,117,100,2,glcm_cluster_shade,-17.3392
2023_2024,V13,117,100,2,glcm_cluster_prominence,10391.7
2023_2024,V13,117,100,2,glcm_homogeneity,0.662144
2023_2024,V13,117,100,2,glcmw3_asm,0.436061
2023_2024,V13,117,100,2,glcmw3_contrast,0.509744
2023_2024,V13,117,100,2,glcmw3_entropy,1.08422
2023_2024,V13,117,100,2,glcmw3_correlation,0.503876
2023_2024,V13,117,100,2,glcmw3_homogeneity,0.803426
2023_2024,V13,117,100,2,glcmw5_asm,0.313595
2023_2024,V13,117,100,2,glcmw5_contrast,0.509959
2023_2024,V13,117,100,2,glcmw5_entropy,1.56427
2023_2024,V13,117,100,2,glcmw5_correlation,0.687187
2023_2024,V13,117,100,2,glcmw5_homogeneity,0.803333
2023_2024,V13,117,100,2,glcmw7_asm,0.253387
2023_2024,V13,117,100,2,glcmw7_contrast,0.50997
2023_2024,V13,117,100,2,glcmw7_entropy,1.86152
2023_2024,V13,117,100,2,glcmw7_correlation,0.770373
2023_2024,V13,117,100,2,glcmw7_homogeneity,0.803302
2023_2024,V13,117,100,2,rgb_glcm_asm,0.0221997
2023_2024,V13,117,100,2,rgb_glcm_contrast,1.75024
2023_2024,V13,117,100,2,rgb_glcm_correlation,0.943251
2023_2024,V13,117,100,2,rgb_glcm_variance,15.4209
2023_2024,V13,117,100,2,rgb_glcm_idm,0.619478
2023_2024,V13,117,100,2,rgb_glcm_sum_average,10.643
2023_2024,V13,117,100,2,rgb_glcm_sum_variance,114.023
2023_2024,V13,117,100,2,rgb_glcm_sum_entropy,3.28843
2023_2024,V13,117,100,2,rgb_glcm_entropy,4.20989
2023_2024,V13,117,100,2,rgb_glcm_diff_entropy,1.24619
2023_2024,V13,117,100,2,rgb_glcm_imc1,-0.404683
2023_2024,V13,117,100,2,rgb_glcm_imc2,0.939071
2023_2024,V13,117,100,2,rgb_glcm_mcc,0.943607
2023_2024,V13,117,100,2,rgb_glcm_dissimilarity,0.919549
2023_2024,V13,117,100,2,rgb_glcm_inertia,1.75024
2023_2024,V13,117,100,2,rgb_glcm_cluster_shade,240.658
2023_2024,V13,117,100,2,rgb_glcm_cluster_prominence,8548.78
2023_2024,V13,117,100,2,rgb_glcm_homogeneity,0.649333
2023_2024,V13,117,100,2,rgb_glcmw3_asm,0.407577
2023_2024,V13,117,100,2,rgb_glcmw3_contrast,0.494472
2023_2024,V13,117,100,2,rgb_glcmw3_entropy,1.14234
2023_2024,V13,117,100,2,rgb_glcmw3_correlation,0.483322
2023_2024,V13,117,100,2,rgb_glcmw3_homogeneity,0.798794
2023_2024,V13,117,100,2,rgb_glcmw5_asm,0.285468
2023_2024,V13,117,100,2,rgb_glcmw5_contrast,0.494198
2023_2024,V13,117,100,2,rgb_glcmw5_entropy,1.6321
2023_2024,V13,117,100,2,rgb_glcmw5_correlation,0.662607
2023_2024,V13,117,100,2,rgb_glcmw5_homogeneity,0.798869
2023_2024,V13,117,100,2,rgb_glcmw7_asm,0.228922
2023_2024,V13,117,100,2,rgb_glcmw7_contrast,0.49404
2023_2024,V13,117,100,2,rgb_glcmw7_entropy,1.91388
2023_2024,V13,117,100,2,rgb_glcmw7_correlation,0.745323
2023_2024,V13,117,100,2,rgb_glcmw7_homogeneity,0.798927
2023_2024,V13,122,100,3,NDVI,0.761399
2023_2024,V13,122,100,3,GNDVI,0.238976
2023_2024,V13,122,100,3,NDRE,0.297154
2023_2024,V13,122,100,3,CIrededge,0.892944
2023_2024,V13,122,100,3,SAVI,0.627352
2023_2024,V13,122,100,3,EVI,1.27954
2023_2024,V13,122,100,3,VARI,1.09116
2023_2024,V13,122,100,3,TGI,0.241248
2023_2024,V13,122,100,3,spec_mean,0.299455
2023_2024,V13,122,100,3,spec_std,0.237537
2023_2024,V13,122,100,3,spec_p10,0.0455754
2023_2024,V13,122,100,3,spec_p50,0.242633
2023_2024,V13,122,100,3,spec_p90,0.670124
2023_2024,V13,122,100,3,glcm_asm,0.0196041
2023_2024,V13,122,100,3,glcm_contrast,1.52841
2023_2024,V13,122,100,3,glcm_correlation,0.957822
2023_2024,V13,122,100,3,glcm_variance,18.1186
2023_2024,V13,122,100,3,glcm_idm,0.660885
2023_2024,V13,122,100,3,glcm_sum_average,14.4354
2023_2024,V13,122,100,3,glcm_sum_variance,193.06
2023_2024,V13,122,100,3,glcm_sum_entropy,3.38492
2023_2024,V13,122,100,3,glcm_entropy,4.23695
2023_2024,V13,122,100,3,glcm_diff_entropy,1.19145
2023_2024,V13,122,100,3,glcm_imc1,-0.450369
2023_2024,V13,122,100,3,glcm_imc2,0.956452
2023_2024,V13,122,100,3,glcm_mcc,0.959773
2023_2024,V13,122,100,3,glcm_dissimilarity,0.814192
2023_2024,V13,122,100,3,glcm_inertia,1.52841
2023_2024,V13,122,100,3,glcm_cluster_shade,-65.0657
2023_2024,V13,122,100,3,glcm_cluster_prominence,9491.37
2023_2024,V13,122,100,3,glcm_homogeneity,0.685337
2023_2024,V13,122,100,3,glcmw3_asm,0.466774
2023_2024,V13,122,100,3,glcmw3_contrast,0.438252
2023_2024,V13,122,100,3,glcmw3_entropy,1.01304
2023_2024,V13,122,100,3,glcmw3_correlation,0.467671
2023_2024,V13,122,100,3,glcmw3_homogeneity,0.82159
2023_2024,V13,122,100,3,glcmw5_asm,0.344976
2023_2024,V13,122,100,3,glcmw5_contrast,0.438317
2023_2024,V13,122,100,3,glcmw5_entropy,1.46654
2023_2024,V13,122,100,3,glcmw5_correlation,0.660613
2023_2024,V13,122,100,3,glcmw5_homogeneity,0.821561
2023_2024,V13,122,100,3,glcmw7_asm,0.282932
2023_2024,V13,122,100,3,glcmw7_contrast,0.438271
2023_2024,V13,122,100,3,glcmw7_entropy,1.7511
2023_2024,V13,122,100,3,glcmw7_correlation,0.753186
2023_2024,V13,122,100,3,glcmw7_homogeneity,0.821532
2023_2024,V13,122,100,3,rgb_glcm_asm,0.024144
2023_2024,V13,122,100,3,rgb_glcm_contrast,1.67829
2023_2024,V13,122,100,3,rgb_glcm_correlation,0.945694
2023_2024,V13,122,100,3,rgb_glcm_variance,15.4523
2023_2024,V13,122,100,3,rgb_glcm_idm,0.633105
2023_2024,V13,122,100,3,rgb_glcm_sum_average,10.3058
2023_2024,V13,122,100,3,rgb_glcm_sum_variance,109.597
2023_2024,V13,122,100,3,rgb_glcm_sum_entropy,3.27258
2023_2024,V13,122,100,3,rgb_glcm_entropy,4.16241
2023_2024,V13,122,100,3,rgb_glcm_diff_entropy,1.23003
2023_2024,V13,122,100,3,rgb_glcm_imc1,-0.415095
2023_2024,V13,122,100,3,rgb_glcm_imc2,0.941804
2023_2024,V13,122,100,3,rgb_glcm_mcc,0.946121
2023_2024,V13,122,100,3,rgb_glcm_dissimilarity,0.884617
2023_2024,V13,122,100,3,rgb_glcm_inertia,1.67829
2023_2024,V13,122,100,3,rgb_glcm_cluster_shade,289.387
2023_2024,V13,122,100,3,rgb_glcm_cluster_prominence,9091.39
2023_2024,V13,122,100,3,rgb_glcm_homogeneity,0.661187
2023_2024,V13,122,100,3,rgb_glcmw3_asm,0.426622
2023_2024,V13,122,100,3,rgb_glcmw3_contrast,0.475428
2023_2024,V13,122,100,3,rgb_glcmw3_entropy,1.10016
2023_2024,V13,122,100,3,rgb_glcmw3_correlation,0.479575
2023_2024,V13,122,100,3,rgb_glcmw3_homogeneity,0.806379
2023_2024,V13,122,100,3,rgb_glcmw5_asm,0.303947
2023_2024,V13,122,100,3,rgb_glcmw5_contrast,0.47508
2023_2024,V13,122,100,3,rgb_glcmw5_entropy,1.57885
2023_2024,V13,122,100,3,rgb_glcmw5_correlation,0.663029
2023_2024,V13,122,100,3,rgb_glcmw5_homogeneity,0.806473
2023_2024,V13,122,100,3,rgb_glcmw7_asm,0.245489
2023_2024,V13,122,100,3,rgb_glcmw7_contrast,0.475049
2023_2024,V13,122,100,3,rgb_glcmw7_entropy,1.86088
2023_2024,V13,122,100,3,rgb_glcmw7_correlation,0.749194
2023_2024,V13,122,100,3,rgb_glcmw7_homogeneity,0.806457
2023_2024,V13,130,100,4,NDVI,0.757472
2023_2024,V13,130,100,4,GNDVI,0.335174
2023_2024,V13,130,100,4,NDRE,0.307394
2023_2024,V13,130,100,4,CIrededge,0.933572
2023_2024,V13,130,100,4,SAVI,0.646642
2023_2024,V13,130,100,4,EVI,3.35585
2023_2024,V13,130,100,4,VARI,0.940939
2023_2024,V13,130,100,4,TGI,0.197734
2023_2024,V13,130,100,4,spec_mean,0.292758
2023_2024,V13,130,100,4,spec_std,0.235604
2023_2024,V13,130,100,4,spec_p10,0.051753
2023_2024,V13,130,100,4,spec_p50,0.233425
2023_2024,V13,130,100,4,spec_p90,0.667535
2023_2024,V13,130,100,4,glcm_asm,0.020391
2023_2024,V13,130,100,4,glcm_contrast,1.66603
2023_2024,V13,130,100,4,glcm_correlation,0.957499
2023_2024,V13,130,100,4,glcm_variance,19.5999
2023_2024,V13,130,100,4,glcm_idm,0.647059
2023_2024,V13,130,100,4,glcm_sum_average,14.6707
2023_2024,V13,130,100,4,glcm_sum_variance,204.267
2023_2024,V13,130,100,4,glcm_sum_entropy,3.37766
2023_2024,V13,130,100,4,glcm_entropy,4.24842
2023_2024,V13,130,100,4,glcm_diff_entropy,1.22683
2023_2024,V13,130,100,4,glcm_imc1,-0.44291
2023_2024,V13,130,100,4,glcm_imc2,0.95436
2023_2024,V13,130,100,4,glcm_mcc,0.958926
2023_2024,V13,130,100,4,glcm_dissimilarity,0.859512
2023_2024,V13,130,100,4,glcm_inertia,1.66603
2023_2024,V13,130,100,4,glcm_cluster_shade,-113.264
2023_2024,V13,130,100,4,glcm_cluster_prominence,10589.4
2023_2024,V13,130,100,4,glcm_homogeneity,0.67408
2023_2024,V13,130,100,4,glcmw3_asm,0.454994
2023_2024,V13,130,100,4,glcmw3_contrast,0.467899
2023_2024,V13,130,100,4,glcmw3_entropy,1.04175
2023_2024,V13,130,100,4,glcmw3_correlation,0.487844
2023_2024,V13,130,100,4,glcmw3_homogeneity,0.813478
2023_2024,V13,130,100,4,glcmw5_asm,0.331295
2023_2024,V13,130,100,4,glcmw5_contrast,0.467975
2023_2024,V13,130,100,4,glcmw5_entropy,1.50971
2023_2024,V13,130,100,4,glcmw5_correlation,0.680154
2023_2024,V13,130,100,4,glcmw5_homogeneity,0.813395
2023_2024,V13,130,100,4,glcmw7_asm,0.268996
2023_2024,V13,130,100,4,glcmw7_contrast,0.468074
2023_2024,V13,130,100,4,glcmw7_entropy,1.80395
2023_2024,V13,130,100,4,glcmw7_correlation,0.76962
2023_2024,V13,130,100,4,glcmw7_homogeneity,0.813327
2023_2024,V13,130,100,4,rgb_glcm_asm,0.028742
2023_2024,V13,130,100,4,rgb_glcm_contrast,1.57075
2023_2024,V13,130,100,4,rgb_glcm_correlation,0.948747
2023_2024,V13,130,100,4,rgb_glcm_variance,15.3234
2023_2024,V13,130,100,4,rgb_glcm_idm,0.643098
2023_2024,V13,130,100,4,rgb_glcm_sum_average,9.50015
2023_2024,V13,130,100,4,rgb_glcm_sum_variance,99.1516
2023_2024,V13,130,100,4,rgb_glcm_sum_entropy,3.22093
2023_2024,V13,130,100,4,rgb_glcm_entropy,4.0743
2023_2024,V13,130,100,4,rgb_glcm_diff_entropy,1.20432
2023_2024,V13,130,100,4,rgb_glcm_imc1,-0.42205
2023_2024,V13,130,100,4,rgb_glcm_imc2,0.941754
2023_2024,V13,130,100,4,rgb_glcm_mcc,0.949493
2023_2024,V13,130,100,4,rgb_glcm_dissimilarity,0.850906
2023_2024,V13,130,100,4,rgb_glcm_inertia,1.57075
2023_2024,V13,130,100,4,rgb_glcm_cluster_shade,350.111
2023_2024,V13,130,100,4,rgb_glcm_cluster_prominence,9794.76
2023_2024,V13,130,100,4,rgb_glcm_homogeneity,0.669512
2023_2024,V13,130,100,4,rgb_glcmw3_asm,0.443858
2023_2024,V13,130,100,4,rgb_glcmw3_contrast,0.448345
2023_2024,V13,130,100,4,rgb_glcmw3_entropy,1.06238
2023_2024,V13,130,100,4,rgb_glcmw3_correlation,0.460311
2023_2024,V13,130,100,4,rgb_glcmw3_homogeneity,0.814912
2023_2024,V13,130,100,4,rgb_glcmw5_asm,0.321946
2023_2024,V13,130,100,4,rgb_glcmw5_contrast,0.447907
2023_2024,V13,130,100,4,rgb_glcmw5_entropy,1.52444
2023_2024,V13,130,100,4,rgb_glcmw5_correlation,0.650062
2023_2024,V13,130,100,4,rgb_glcmw5_homogeneity,0.815014
2023_2024,V13,130,100,4,rgb_glcmw7_asm,0.262527
2023_2024,V13,130,100,4,rgb_glcmw7_contrast,0.447637
2023_2024,V13,130,100,4,rgb_glcmw7_entropy,1.79771
2023_2024,V13,130,100,4,rgb_glcmw7_correlation,0.740225
2023_2024,V13,130,100,4,rgb_glcmw7_homogeneity,0.815058
2023_2024,V13,57,200,1,NDVI,0.751287
2023_2024,V13,57,200,1,GNDVI,0.385461
2023_2024,V13,57,200,1,NDRE,0.318308
2023_2024,V13,57,200,1,CIrededge,0.976644
2023_2024,V13,57,200,1,SAVI,0.637835
2023_2024,V13,57,200,1,EVI,1.38154
2023_2024,V13,57,200,1,VARI,0.882761
2023_2024,V13,57,200,1,TGI,0.16443
2023_2024,V13,57,200,1,spec_mean,0.281244
2023_2024,V13,57,200,1,spec_std,0.232787
2023_2024,V13,57,200,1,spec_p10,0.053321
2023_2024,V13,57,200,1,spec_p50,0.21567
2023_2024,V13,57,200,1,spec_p90,0.662325
2023_2024,V13,57,200,1,glcm_asm,0.0213994
2023_2024,V13,57,200,1,glcm_contrast,1.44829
2023_2024,V13,57,200,1,glcm_correlation,0.961897
2023_2024,V13,57,200,1,glcm_variance,19.0051
2023_2024,V13,57,200,1,glcm_idm,0.657784
2023_2024,V13,57,200,1,glcm_sum_average,14.7374
2023_2024,V13,57,200,1,glcm_sum_variance,203.963
2023_2024,V13,57,200,1,glcm_sum_entropy,3.36244
2023_2024,V13,57,200,1,glcm_entropy,4.18224
2023_2024,V13,57,200,1,glcm_diff_entropy,1.17286
2023_2024,V13,57,200,1,glcm_imc1,-0.45755
2023_2024,V13,57,200,1,glcm_imc2,0.957267
2023_2024,V13,57,200,1,glcm_mcc,0.963644
2023_2024,V13,57,200,1,glcm_dissimilarity,0.807824
2023_2024,V13,57,200,1,glcm_inertia,1.44829
2023_2024,V13,57,200,1,glcm_cluster_shade,-159.784
2023_2024,V13,57,200,1,glcm_cluster_prominence,10389.6
2023_2024,V13,57,200,1,glcm_homogeneity,0.681731
2023_2024,V13,57,200,1,glcmw3_asm,0.460144
2023_2024,V13,57,200,1,glcmw3_contrast,0.423941
2023_2024,V13,57,200,1,glcmw3_entropy,1.02163
2023_2024,V13,57,200,1,glcmw3_correlation,0.47211
2023_2024,V13,57,200,1,glcmw3_homogeneity,0.821942
2023_2024,V13,57,200,1,glcmw5_asm,0.336082
2023_2024,V13,57,200,1,glcmw5_contrast,0.424011
2023_2024,V13,57,200,1,glcmw5_entropy,1.47709
2023_2024,V13,57,200,1,glcmw5_correlation,0.668994
2023_2024,V13,57,200,1,glcmw5_homogeneity,0.821933
2023_2024,V13,57,200,1,glcmw7_asm,0.273307
2023_2024,V13,57,200,1,glcmw7_contrast,0.424072
2023_2024,V13,57,200,1,glcmw7_entropy,1.76349
2023_2024,V13,57,200,1,glcmw7_correlation,0.761439
2023_2024,V13,57,200,1,glcmw7_homogeneity,0.821925
2023_2024,V13,57,200,1,rgb_glcm_asm,0.0294769
2023_2024,V13,57,200,1,rgb_glcm_contrast,1.58981
2023_2024,V13,57,200,1,rgb_glcm_correlation,0.941367
2023_2024,V13,57,200,1,rgb_glcm_variance,13.5573
2023_2024,V13,57,200,1,rgb_glcm_idm,0.640936
2023_2024,V13,57,200,1,rgb_glcm_sum_average,9.04056
2023_2024,V13,57,200,1,rgb_glcm_sum_variance,87.0421
2023_2024,V13,57,200,1,rgb_glcm_sum_entropy,3.17517
2023_2024,V13,57,200,1,rgb_glcm_entropy,4.03011
2023_2024,V13,57,200,1,rgb_glcm_diff_entropy,1.21001
2023_2024,V13,57,200,1,rgb_glcm_imc1,-0.411057
2023_2024,V13,57,200,1,rgb_glcm_imc2,0.935795
2023_2024,V13,57,200,1,rgb_glcm_mcc,0.941914
2023_2024,V13,57,200,1,rgb_glcm_dissimilarity,0.857836
2023_2024,V13,57,200,1,rgb_glcm_inertia,1.58981
2023_2024,V13,57,200,1,rgb_glcm_cluster_shade,318.764
2023_2024,V13,57,200,1,rgb_glcm_cluster_prominence,8630.96
2023_2024,V13,57,200,1,rgb_glcm_homogeneity,0.667899
2023_2024,V13,57,200,1,rgb_glcmw3_asm,0.443871
2023_2024,V13,57,200,1,rgb_glcmw3_contrast,0.453586
2023_2024,V13,57,200,1,rgb_glcmw3_entropy,1.06451
2023_2024,V13,57,200,1,rgb_glcmw3_correlation,0.460827
2023_2024,V13,57,200,1,rgb_glcmw3_homogeneity,0.81318
2023_2024,V13,57,200,1,rgb_glcmw5_asm,0.323224
2023_2024,V13,57,200,1,rgb_glcmw5_contrast,0.453543
2023_2024,V13,57,200,1,rgb_glcmw5_entropy,1.52582
2023_2024,V13,57,200,1,rgb_glcmw5_correlation,0.649066
2023_2024,V13,57,200,1,rgb_glcmw5_homogeneity,0.813164
2023_2024,V13,57,200,1,rgb_glcmw7_asm,0.263712
2023_2024,V13,57,200,1,rgb_glcmw7_contrast,0.453344
2023_2024,V13,57,200,1,rgb_glcmw7_entropy,1.79829
2023_2024,V13,57,200,1,rgb_glcmw7_correlation,0.741892
2023_2024,V13,57,200,1,rgb_glcmw7_homogeneity,0.813214
2023_2024,V13,116,200,2,NDVI,0.737572
2023_2024,V13,116,200,2,GNDVI,0.300713
2023_2024,V13,116,200,2,NDRE,0.311127
2023_2024,V13,116,200,2,CIrededge,0.95809
2023_2024,V13,116,200,2,SAVI,0.63945
2023_2024,V13,116,200,2,EVI,-3.43479
2023_2024,V13,116,200,2,VARI,0.997964
2023_2024,V13,116,200,2,TGI,0.209075
2023_2024,V13,116,200,2,spec_mean,0.311799
2023_2024,V13,116,200,2,spec_std,0.234685
2023_2024,V13,116,200,2,spec_p10,0.0616386
2023_2024,V13,116,200,2,spec_p50,0.257532
2023_2024,V13,116,200,2,spec_p90,0.690645
2023_2024,V13,116,200,2,glcm_asm,0.0185964
2023_2024,V13,116,200,2,glcm_contrast,1.68308
2023_2024,V13,116,200,2,glcm_correlation,0.953738
2023_2024,V13,116,200,2,glcm_variance,18.1908
2023_2024,V13,116,200,2,glcm_idm,0.640594
2023_2024,V13,116,200,2,glcm_sum_average,14.6422
2023_2024,V13,116,200,2,glcm_sum_variance,197.831
2023_2024,V13,116,200,2,glcm_sum_entropy,3.3838
2023_2024,V13,116,200,2,glcm_entropy,4.28037
2023_2024,V13,116,200,2,glcm_diff_entropy,1.22851
2023_2024,V13,116,200,2,glcm_imc1,-0.43035
2023_2024,V13,116,200,2,glcm_imc2,0.950975
2023_2024,V13,116,200,2,glcm_mcc,0.955486
2023_2024,V13,116,200,2,glcm_dissimilarity,0.872399
2023_2024,V13,116,200,2,glcm_inertia,1.68308
2023_2024,V13,116,200,2,glcm_cluster_shade,-104.816
2023_2024,V13,116,200,2,glcm_cluster_prominence,9504
2023_2024,V13,116,200,2,glcm_homogeneity,0.667566
2023_2024,V13,116,200,2,glcmw3_asm,0.437767
2023_2024,V13,116,200,2,glcmw3_contrast,0.476125
2023_2024,V13,116,200,2,glcmw3_entropy,1.07319
2023_2024,V13,116,200,2,glcmw3_correlation,0.487339
2023_2024,V13,116,200,2,glcmw3_homogeneity,0.810156
2023_2024,V13,116,200,2,glcmw5_asm,0.313247
2023_2024,V13,116,200,2,glcmw5_contrast,0.476295
2023_2024,V13,116,200,2,glcmw5_entropy,1.54815
2023_2024,V13,116,200,2,glcmw5_correlation,0.678414
2023_2024,V13,116,200,2,glcmw5_homogeneity,0.810099
2023_2024,V13,116,200,2,glcmw7_asm,0.252006
2023_2024,V13,116,200,2,glcmw7_contrast,0.476394
2023_2024,V13,116,200,2,glcmw7_entropy,1.8422
2023_2024,V13,116,200,2,glcmw7_correlation,0.76676
2023_2024,V13,116,200,2,glcmw7_homogeneity,0.810091
2023_2024,V13,116,200,2,rgb_glcm_asm,0.0292629
2023_2024,V13,116,200,2,rgb_glcm_contrast,1.41462
2023_2024,V13,116,200,2,rgb_glcm_correlation,0.953104
2023_2024,V13,116,200,2,rgb_glcm_variance,15.0826
2023_2024,V13,116,200,2,rgb_glcm_idm,0.656661
2023_2024,V13,116,200,2,rgb_glcm_sum_average,9.3468
2023_2024,V13,116,200,2,rgb_glcm_sum_variance,96.5707
2023_2024,V13,116,200,2,rgb_glcm_sum_entropy,3.21042
2023_2024,V13,116,200,2,rgb_glcm_entropy,4.02189
2023_2024,V13,116,200,2,rgb_glcm_diff_entropy,1.16457
2023_2024,V13,116,200,2,rgb_glcm_imc1,-0.433272
2023_2024,V13,116,200,2,rgb_glcm_imc2,0.944392
2023_2024,V13,116,200,2,rgb_glcm_mcc,0.954591
2023_2024,V13,116,200,2,rgb_glcm_dissimilarity,0.804263
2023_2024,V13,116,200,2,rgb_glcm_inertia,1.41462
2023_2024,V13,116,200,2,rgb_glcm_cluster_shade,377.399
2023_2024,V13,116,200,2,rgb_glcm_cluster_prominence,9873.46
2023_2024,V13,116,200,2,rgb_glcm_homogeneity,0.680568
2023_2024,V13,116,200,2,rgb_glcmw3_asm,0.452413
2023_2024,V13,116,200,2,rgb_glcmw3_contrast,0.415415
2023_2024,V13,116,200,2,rgb_glcmw3_entropy,1.03813
2023_2024,V13,116,200,2,rgb_glcmw3_correlation,0.437655
2023_2024,V13,116,200,2,rgb_glcmw3_homogeneity,0.822641
2023_2024,V13,116,200,2,rgb_glcmw5_asm,0.330494
2023_2024,V13,116,200,2,rgb_glcmw5_contrast,0.415473
2023_2024,V13,116,200,2,rgb_glcmw5_entropy,1.48579
2023_2024,V13,116,200,2,rgb_glcmw5_correlation,0.630035
2023_2024,V13,116,200,2,rgb_glcmw5_homogeneity,0.822594
2023_2024,V13,116,200,2,rgb_glcmw7_asm,0.272043
2023_2024,V13,116,200,2,rgb_glcmw7_contrast,0.415212
2023_2024,V13,116,200,2,rgb_glcmw7_entropy,1.74226
2023_2024,V13,116,200,2,rgb_glcmw7_correlation,0.720942
2023_2024,V13,116,200,2,rgb_glcmw7_homogeneity,0.82266
2023_2024,V13,121,200,3,NDVI,0.750645
2023_2024,V13,121,200,3,GNDVI,0.315641
2023_2024,V13,121,200,3,NDRE,0.331964
2023_2024,V13,121,200,3,CIrededge,1.04998
2023_2024,V13,121,200,3,SAVI,0.642462
2023_2024,V13,121,200,3,EVI,1.47466
2023_2024,V13,121,200,3,VARI,1.0033
2023_2024,V13,121,200,3,TGI,0.201215
2023_2024,V13,121,200,3,spec_mean,0.297164
2023_2024,V13,121,200,3,spec_std,0.233556
2023_2024,V13,121,200,3,spec_p10,0.0530175
2023_2024,V13,121,200,3,spec_p50,0.241388
2023_2024,V13,121,200,3,spec_p90,0.681014
2023_2024,V13,121,200,3,glcm_asm,0.0214978
2023_2024,V13,121,200,3,glcm_contrast,1.3912
2023_2024,V13,121,200,3,glcm_correlation,0.960586
2023_2024,V13,121,200,3,glcm_variance,17.6486
2023_2024,V13,121,200,3,glcm_idm,0.67368
2023_2024,V13,121,200,3,glcm_sum_average,14.6117
2023_2024,V13,121,200,3,glcm_sum_variance,195.724
2023_2024,V13,121,200,3,glcm_sum_entropy,3.3636
2023_2024,V13,121,200,3,glcm_entropy,4.16861
2023_2024,V13,121,200,3,glcm_diff_entropy,1.15417
2023_2024,V13,121,200,3,glcm_imc1,-0.464306
2023_2024,V13,121,200,3,glcm_imc2,0.958956
2023_2024,V13,121,200,3,glcm_mcc,0.962898
2023_2024,V13,121,200,3,glcm_dissimilarity,0.771042
2023_2024,V13,121,200,3,glcm_inertia,1.3912
2023_2024,V13,121,200,3,glcm_cluster_shade,-102.118
2023_2024,V13,121,200,3,glcm_cluster_prominence,9182.83
2023_2024,V13,121,200,3,glcm_homogeneity,0.695698
2023_2024,V13,121,200,3,glcmw3_asm,0.476066
2023_2024,V13,121,200,3,glcmw3_contrast,0.407525
2023_2024,V13,121,200,3,glcmw3_entropy,0.985058
2023_2024,V13,121,200,3,glcmw3_correlation,0.456639
2023_2024,V13,121,200,3,glcmw3_homogeneity,0.830071
2023_2024,V13,121,200,3,glcmw5_asm,0.350377
2023_2024,V13,121,200,3,glcmw5_contrast,0.407757
2023_2024,V13,121,200,3,glcmw5_entropy,1.43156
2023_2024,V13,121,200,3,glcmw5_correlation,0.65671
2023_2024,V13,121,200,3,glcmw5_homogeneity,0.829959
2023_2024,V13,121,200,3,glcmw7_asm,0.286083
2023_2024,V13,121,200,3,glcmw7_contrast,0.407774
2023_2024,V13,121,200,3,glcmw7_entropy,1.71127
2023_2024,V13,121,200,3,glcmw7_correlation,0.749926
2023_2024,V13,121,200,3,glcmw7_homogeneity,0.829945
2023_2024,V13,121,200,3,rgb_glcm_asm,0.0309155
2023_2024,V13,121,200,3,rgb_glcm_contrast,1.42735
2023_2024,V13,121,200,3,rgb_glcm_correlation,0.953628
2023_2024,V13,121,200,3,rgb_glcm_variance,15.3902
2023_2024,V13,121,200,3,rgb_glcm_idm,0.658992
2023_2024,V13,121,200,3,rgb_glcm_sum_average,9.24384
2023_2024,V13,121,200,3,rgb_glcm_sum_variance,96.678
2023_2024,V13,121,200,3,rgb_glcm_sum_entropy,3.19864
2023_2024,V13,121,200,3,rgb_glcm_entropy,4.00634
2023_2024,V13,121,200,3,rgb_glcm_diff_entropy,1.16943
2023_2024,V13,121,200,3,rgb_glcm_imc1,-0.43545
2023_2024,V13,121,200,3,rgb_glcm_imc2,0.944714
2023_2024,V13,121,200,3,rgb_glcm_mcc,0.955457
2023_2024,V13,121,200,3,rgb_glcm_dissimilarity,0.802228
2023_2024,V13,121,200,3,rgb_glcm_inertia,1.42735
2023_2024,V13,121,200,3,rgb_glcm_cluster_shade,401.582
2023_2024,V13,121,200,3,rgb_glcm_cluster_prominence,10309.4
2023_2024,V13,121,200,3,rgb_glcm_homogeneity,0.683266
2023_2024,V13,121,200,3,rgb_glcmw3_asm,0.456723
2023_2024,V13,121,200,3,rgb_glcmw3_contrast,0.41718
2023_2024,V13,121,200,3,rgb_glcmw3_entropy,1.03079
2023_2024,V13,121,200,3,rgb_glcmw3_correlation,0.442479
2023_2024,V13,121,200,3,rgb_glcmw3_homogeneity,0.822623
2023_2024,V13,121,200,3,rgb_glcmw5_asm,0.336471
2023_2024,V13,121,200,3,rgb_glcmw5_contrast,0.417085
2023_2024,V13,121,200,3,rgb_glcmw5_entropy,1.47643
2023_2024,V13,121,200,3,rgb_glcmw5_correlation,0.631176
2023_2024,V13,121,200,3,rgb_glcmw5_homogeneity,0.822651
2023_2024,V13,121,200,3,rgb_glcmw7_asm,0.277499
2023_2024,V13,121,200,3,rgb_glcmw7_contrast,0.417231
2023_2024,V13,121,200,3,rgb_glcmw7_entropy,1.73745
2023_2024,V13,121,200,3,rgb_glcmw7_correlation,0.723617
2023_2024,V13,121,200,3,rgb_glcmw7_homogeneity,0.822583
2023_2024,V13,133,200,4,NDVI,0.723017
2023_2024,V13,133,200,4,GNDVI,0.25662
2023_2024,V13,133,200,4,NDRE,0.311565
2023_2024,V13,133,200,4,CIrededge,0.952786
2023_2024,V13,133,200,4,SAVI,0.618063
2023_2024,V13,133,200,4,EVI,2.05426
2023_2024,V13,133,200,4,VARI,1.0069
2023_2024,V13,133,200,4,TGI,0.222592
2023_2024,V13,133,200,4,spec_mean,0.312917
2023_2024,V13,133,200,4,spec_std,0.227922
2023_2024,V13,133,200,4,spec_p10,0.0634871
2023_2024,V13,133,200,4,spec_p50,0.265066
2023_2024,V13,133,200,4,spec_p90,0.672173
2023_2024,V13,133,200,4,glcm_asm,0.0190019
2023_2024,V13,133,200,4,glcm_contrast,1.63168
2023_2024,V13,133,200,4,glcm_correlation,0.952171
2023_2024,V13,133,200,4,glcm_variance,17.0576
2023_2024,V13,133,200,4,glcm_idm,0.644119
2023_2024,V13,133,200,4,glcm_sum_average,14.0121
2023_2024,V13,133,200,4,glcm_sum_variance,179.732
2023_2024,V13,133,200,4,glcm_sum_entropy,3.37565
2023_2024,V13,133,200,4,glcm_entropy,4.26276
2023_2024,V13,133,200,4,glcm_diff_entropy,1.21736
2023_2024,V13,133,200,4,glcm_imc1,-0.434068
2023_2024,V13,133,200,4,glcm_imc2,0.951779
2023_2024,V13,133,200,4,glcm_mcc,0.954064
2023_2024,V13,133,200,4,glcm_dissimilarity,0.858565
2023_2024,V13,133,200,4,glcm_inertia,1.63168
2023_2024,V13,133,200,4,glcm_cluster_shade,-28.9183
2023_2024,V13,133,200,4,glcm_cluster_prominence,8791.01
2023_2024,V13,133,200,4,glcm_homogeneity,0.670566
2023_2024,V13,133,200,4,glcmw3_asm,0.44147
2023_2024,V13,133,200,4,glcmw3_contrast,0.465007
2023_2024,V13,133,200,4,glcmw3_entropy,1.06466
2023_2024,V13,133,200,4,glcmw3_correlation,0.485705
2023_2024,V13,133,200,4,glcmw3_homogeneity,0.811979
2023_2024,V13,133,200,4,glcmw5_asm,0.316548
2023_2024,V13,133,200,4,glcmw5_contrast,0.465118
2023_2024,V13,133,200,4,glcmw5_entropy,1.53756
2023_2024,V13,133,200,4,glcmw5_correlation,0.67848
2023_2024,V13,133,200,4,glcmw5_homogeneity,0.811939
2023_2024,V13,133,200,4,glcmw7_asm,0.25486
2023_2024,V13,133,200,4,glcmw7_contrast,0.465414
2023_2024,V13,133,200,4,glcmw7_entropy,1.83052
2023_2024,V13,133,200,4,glcmw7_correlation,0.768025
2023_2024,V13,133,200,4,glcmw7_homogeneity,0.811869
2023_2024,V13,133,200,4,rgb_glcm_asm,0.0260073
2023_2024,V13,133,200,4,rgb_glcm_contrast,1.55627
2023_2024,V13,133,200,4,rgb_glcm_correlation,0.951495
2023_2024,V13,133,200,4,rgb_glcm_variance,16.0425
2023_2024,V13,133,200,4,rgb_glcm_idm,0.641737
2023_2024,V13,133,200,4,rgb_glcm_sum_average,10.0251
2023_2024,V13,133,200,4,rgb_glcm_sum_variance,108.433
2023_2024,V13,133,200,4,rgb_glcm_sum_entropy,3.25619
2023_2024,V13,133,200,4,rgb_glcm_entropy,4.11538
2023_2024,V13,133,200,4,rgb_glcm_diff_entropy,1.19969
2023_2024,V13,133,200,4,rgb_glcm_imc1,-0.424767
2023_2024,V13,133,200,4,rgb_glcm_imc2,0.944104
2023_2024,V13,133,200,4,rgb_glcm_mcc,0.953143
2023_2024,V13,133,200,4,rgb_glcm_dissimilarity,0.851082
2023_2024,V13,133,200,4,rgb_glcm_inertia,1.55627
2023_2024,V13,133,200,4,rgb_glcm_cluster_shade,348.992
2023_2024,V13,133,200,4,rgb_glcm_cluster_prominence,10006.8
2023_2024,V13,133,200,4,rgb_glcm_homogeneity,0.66787
2023_2024,V13,133,200,4,rgb_glcmw3_asm,0.435527
2023_2024,V13,133,200,4,rgb_glcmw3_contrast,0.449039
2023_2024,V13,133,200,4,rgb_glcmw3_entropy,1.07771
2023_2024,V13,133,200,4,rgb_glcmw3_correlation,0.45119
2023_2024,V13,133,200,4,rgb_glcmw3_homogeneity,0.813533
2023_2024,V13,133,200,4,rgb_glcmw5_asm,0.313639
2023_2024,V13,133,200,4,rgb_glcmw5_contrast,0.448845
2023_2024,V13,133,200,4,rgb_glcmw5_entropy,1.53979
2023_2024,V13,133,200,4,rgb_glcmw5_correlation,0.637868
2023_2024,V13,133,200,4,rgb_glcmw5_homogeneity,0.813563
2023_2024,V13,133,200,4,rgb_glcmw7_asm,0.255943
2023_2024,V13,133,200,4,rgb_glcmw7_contrast,0.448924
2023_2024,V13,133,200,4,rgb_glcmw7_entropy,1.80505
2023_2024,V13,133,200,4,rgb_glcmw7_correlation,0.723773
2023_2024,V13,133,200,4,rgb_glcmw7_homogeneity,0.813497
2023_2024,V13,71,300,1,NDVI,0.73275
2023_2024,V13,71,300,1,GNDVI,0.296151
2023_2024,V13,71,300,1,NDRE,0.315532
2023_2024,V13,71,300,1,CIrededge,0.963964
2023_2024,V13,71,300,1,SAVI,0.639921
2023_2024,V13,71,300,1,EVI,1.43482
2023_2024,V13,71,300,1,VARI,0.988603
2023_2024,V13,71,300,1,TGI,0.206014
2023_2024,V13,71,300,1,spec_mean,0.309008
2023_2024,V13,71,300,1,spec_std,0.234817
2023_2024,V13,71,300,1,spec_p10,0.0643025
2023_2024,V13,71,300,1,spec_p50,0.2544
2023_2024,V13,71,300,1,spec_p90,0.703134
2023_2024,V13,71,300,1,glcm_asm,0.0225607
2023_2024,V13,71,300,1,glcm_contrast,1.47097
2023_2024,V13,71,300,1,glcm_correlation,0.963746
2023_2024,V13,71,300,1,glcm_variance,20.2872
2023_2024,V13,71,300,1,glcm_idm,0.661906
2023_2024,V13,71,300,1,glcm_sum_average,15.061
2023_2024,V13,71,300,1,glcm_sum_variance,216.679
2023_2024,V13,71,300,1,glcm_sum_entropy,3.35623
2023_2024,V13,71,300,1,glcm_entropy,4.16305
2023_2024,V13,71,300,1,glcm_diff_entropy,1.18089
2023_2024,V13,71,300,1,glcm_imc1,-0.462671
2023_2024,V13,71,300,1,glcm_imc2,0.958327
2023_2024,V13,71,300,1,glcm_mcc,0.965622
2023_2024,V13,71,300,1,glcm_dissimilarity,0.804518
2023_2024,V13,71,300,1,glcm_inertia,1.47097
2023_2024,V13,71,300,1,glcm_cluster_shade,-195.438
2023_2024,V13,71,300,1,glcm_cluster_prominence,11251.9
2023_2024,V13,71,300,1,glcm_homogeneity,0.686457
2023_2024,V13,71,300,1,glcmw3_asm,0.469897
2023_2024,V13,71,300,1,glcmw3_contrast,0.42553
2023_2024,V13,71,300,1,glcmw3_entropy,1.00483
2023_2024,V13,71,300,1,glcmw3_correlation,0.470071
2023_2024,V13,71,300,1,glcmw3_homogeneity,0.823113
2023_2024,V13,71,300,1,glcmw5_asm,0.346122
2023_2024,V13,71,300,1,glcmw5_contrast,0.425631
2023_2024,V13,71,300,1,glcmw5_entropy,1.45688
2023_2024,V13,71,300,1,glcmw5_correlation,0.666533
2023_2024,V13,71,300,1,glcmw5_homogeneity,0.823055
2023_2024,V13,71,300,1,glcmw7_asm,0.282924
2023_2024,V13,71,300,1,glcmw7_contrast,0.425669
2023_2024,V13,71,300,1,glcmw7_entropy,1.74049
2023_2024,V13,71,300,1,glcmw7_correlation,0.758994
2023_2024,V13,71,300,1,glcmw7_homogeneity,0.82301
2023_2024,V13,71,300,1,rgb_glcm_asm,0.0268822
2023_2024,V13,71,300,1,rgb_glcm_contrast,1.54349
2023_2024,V13,71,300,1,rgb_glcm_correlation,0.942065
2023_2024,V13,71,300,1,rgb_glcm_variance,13.3208
2023_2024,V13,71,300,1,rgb_glcm_idm,0.64305
2023_2024,V13,71,300,1,rgb_glcm_sum_average,9.3546
2023_2024,V13,71,300,1,rgb_glcm_sum_variance,89.692
2023_2024,V13,71,300,1,rgb_glcm_sum_entropy,3.19406
2023_2024,V13,71,300,1,rgb_glcm_entropy,4.0506
2023_2024,V13,71,300,1,rgb_glcm_diff_entropy,1.19741
2023_2024,V13,71,300,1,rgb_glcm_imc1,-0.409972
2023_2024,V13,71,300,1,rgb_glcm_imc2,0.936037
2023_2024,V13,71,300,1,rgb_glcm_mcc,0.94317
2023_2024,V13,71,300,1,rgb_glcm_dissimilarity,0.847261
2023_2024,V13,71,300,1,rgb_glcm_inertia,1.54349
2023_2024,V13,71,300,1,rgb_glcm_cluster_shade,322.01
2023_2024,V13,71,300,1,rgb_glcm_cluster_prominence,8599.16
2023_2024,V13,71,300,1,rgb_glcm_homogeneity,0.669088
2023_2024,V13,71,300,1,rgb_glcmw3_asm,0.435715
2023_2024,V13,71,300,1,rgb_glcmw3_contrast,0.446931
2023_2024,V13,71,300,1,rgb_glcmw3_entropy,1.07455
2023_2024,V13,71,300,1,rgb_glcmw3_correlation,0.464233
2023_2024,V13,71,300,1,rgb_glcmw3_homogeneity,0.81322
2023_2024,V13,71,300,1,rgb_glcmw5_asm,0.311586
2023_2024,V13,71,300,1,rgb_glcmw5_contrast,0.446837
2023_2024,V13,71,300,1,rgb_glcmw5_entropy,1.54226
2023_2024,V13,71,300,1,rgb_glcmw5_correlation,0.654228
2023_2024,V13,71,300,1,rgb_glcmw5_homogeneity,0.813208
2023_2024,V13,71,300,1,rgb_glcmw7_asm,0.251985
2023_2024,V13,71,300,1,rgb_glcmw7_contrast,0.446685
2023_2024,V13,71,300,1,rgb_glcmw7_entropy,1.8161
2023_2024,V13,71,300,1,rgb_glcmw7_correlation,0.742422
2023_2024,V13,71,300,1,rgb_glcmw7_homogeneity,0.813228
2023_2024,V13,114,300,2,NDVI,0.79281
2023_2024,V13,114,300,2,GNDVI,0.290525
2023_2024,V13,114,300,2,NDRE,0.349074
2023_2024,V13,114,300,2,CIrededge,1.14608
2023_2024,V13,114,300,2,SAVI,0.668362
2023_2024,V13,114,300,2,EVI,1.64768
2023_2024,V13,114,300,2,VARI,1.20989
2023_2024,V13,114,300,2,TGI,0.220787
2023_2024,V13,114,300,2,spec_mean,0.300443
2023_2024,V13,114,300,2,spec_std,0.240351
2023_2024,V13,114,300,2,spec_p10,0.0447421
2023_2024,V13,114,300,2,spec_p50,0.237699
2023_2024,V13,114,300,2,spec_p90,0.691743
2023_2024,V13,114,300,2,glcm_asm,0.0206423
2023_2024,V13,114,300,2,glcm_contrast,1.45363
2023_2024,V13,114,300,2,glcm_correlation,0.956613
2023_2024,V13,114,300,2,glcm_variance,16.752
2023_2024,V13,114,300,2,glcm_idm,0.66018
2023_2024,V13,114,300,2,glcm_sum_average,15.6087
2023_2024,V13,114,300,2,glcm_sum_variance,215.717
2023_2024,V13,114,300,2,glcm_sum_entropy,3.35458
2023_2024,V13,114,300,2,glcm_entropy,4.19197
2023_2024,V13,114,300,2,glcm_diff_entropy,1.17217
2023_2024,V13,114,300,2,glcm_imc1,-0.447869
2023_2024,V13,114,300,2,glcm_imc2,0.954467
2023_2024,V13,114,300,2,glcm_mcc,0.959859
2023_2024,V13,114,300,2,glcm_dissimilarity,0.804164
2023_2024,V13,114,300,2,glcm_inertia,1.45363
2023_2024,V13,114,300,2,glcm_cluster_shade,-189.915
2023_2024,V13,114,300,2,glcm_cluster_prominence,9184.07
2023_2024,V13,114,300,2,glcm_homogeneity,0.683644
2023_2024,V13,114,300,2,glcmw3_asm,0.456942
2023_2024,V13,114,300,2,glcmw3_contrast,0.427173
2023_2024,V13,114,300,2,glcmw3_entropy,1.02459
2023_2024,V13,114,300,2,glcmw3_correlation,0.468728
2023_2024,V13,114,300,2,glcmw3_homogeneity,0.822684
2023_2024,V13,114,300,2,glcmw5_asm,0.330056
2023_2024,V13,114,300,2,glcmw5_contrast,0.426858
2023_2024,V13,114,300,2,glcmw5_entropy,1.48361
2023_2024,V13,114,300,2,glcmw5_correlation,0.67023
2023_2024,V13,114,300,2,glcmw5_homogeneity,0.822749
2023_2024,V13,114,300,2,glcmw7_asm,0.266325
2023_2024,V13,114,300,2,glcmw7_contrast,0.426695
2023_2024,V13,114,300,2,glcmw7_entropy,1.7685
2023_2024,V13,114,300,2,glcmw7_correlation,0.761798
2023_2024,V13,114,300,2,glcmw7_homogeneity,0.822775
2023_2024,V13,114,300,2,rgb_glcm_asm,0.0297637
2023_2024,V13,114,300,2,rgb_glcm_contrast,1.48255
2023_2024,V13,114,300,2,rgb_glcm_correlation,0.95474
2023_2024,V13,114,300,2,rgb_glcm_variance,16.3781
2023_2024,V13,114,300,2,rgb_glcm_idm,0.654975
2023_2024,V13,114,300,2,rgb_glcm_sum_average,9.6184
2023_2024,V13,114,300,2,rgb_glcm_sum_variance,104.847
2023_2024,V13,114,300,2,rgb_glcm_sum_entropy,3.22953
2023_2024,V13,114,300,2,rgb_glcm_entropy,4.0547
2023_2024,V13,114,300,2,rgb_glcm_diff_entropy,1.18204
2023_2024,V13,114,300,2,rgb_glcm_imc1,-0.435874
2023_2024,V13,114,300,2,rgb_glcm_imc2,0.946379
2023_2024,V13,114,300,2,rgb_glcm_mcc,0.956167
2023_2024,V13,114,300,2,rgb_glcm_dissimilarity,0.817161
2023_2024,V13,114,300,2,rgb_glcm_inertia,1.48255
2023_2024,V13,114,300,2,rgb_glcm_cluster_shade,390.233
2023_2024,V13,114,300,2,rgb_glcm_cluster_prominence,10697
2023_2024,V13,114,300,2,rgb_glcm_homogeneity,0.679635
2023_2024,V13,114,300,2,rgb_glcmw3_asm,0.456556
2023_2024,V13,114,300,2,rgb_glcmw3_contrast,0.427792
2023_2024,V13,114,300,2,rgb_glcmw3_entropy,1.03389
2023_2024,V13,114,300,2,rgb_glcmw3_correlation,0.439507
2023_2024,V13,114,300,2,rgb_glcmw3_homogeneity,0.822268
2023_2024,V13,114,300,2,rgb_glcmw5_asm,0.336732
2023_2024,V13,114,300,2,rgb_glcmw5_contrast,0.427605
2023_2024,V13,114,300,2,rgb_glcmw5_entropy,1.48085
2023_2024,V13,114,300,2,rgb_glcmw5_correlation,0.628204
2023_2024,V13,114,300,2,rgb_glcmw5_homogeneity,0.822298
2023_2024,V13,114,300,2,rgb_glcmw7_asm,0.278754
2023_2024,V13,114,300,2,rgb_glcmw7_contrast,0.427563
2023_2024,V13,114,300,2,rgb_glcmw7_entropy,1.74039
2023_2024,V13,114,300,2,rgb_glcmw7_correlation,0.718296
2023_2024,V13,114,300,2,rgb_glcmw7_homogeneity,0.822301
2023_2024,V13,125,300,3,NDVI,0.723743
2023_2024,V13,125,300,3,GNDVI,0.263648
2023_2024,V13,125,300,3,NDRE,0.297698
2023_2024,V13,125,300,3,CIrededge,0.893152
2023_2024,V13,125,300,3,SAVI,0.619156
2023_2024,V13,125,300,3,EVI,1.95875
2023_2024,V13,125,300,3,VARI,0.982149
2023_2024,V13,125,300,3,TGI,0.224781
2023_2024,V13,125,300,3,spec_mean,0.313746
2023_2024,V13,125,300,3,spec_std,0.22974
2023_2024,V13,125,300,3,spec_p10,0.0612216
2023_2024,V13,125,300,3,spec_p50,0.267067
2023_2024,V13,125,300,3,spec_p90,0.666811
2023_2024,V13,125,300,3,glcm_asm,0.0185827
2023_2024,V13,125,300,3,glcm_contrast,1.63497
2023_2024,V13,125,300,3,glcm_correlation,0.952093
2023_2024,V13,125,300,3,glcm_variance,17.0639
2023_2024,V13,125,300,3,glcm_idm,0.642872
2023_2024,V13,125,300,3,glcm_sum_average,13.8204
2023_2024,V13,125,300,3,glcm_sum_variance,175.577
2023_2024,V13,125,300,3,glcm_sum_entropy,3.38216
2023_2024,V13,125,300,3,glcm_entropy,4.27506
2023_2024,V13,125,300,3,glcm_diff_entropy,1.21839
2023_2024,V13,125,300,3,glcm_imc1,-0.432728
2023_2024,V13,125,300,3,glcm_imc2,0.951655
2023_2024,V13,125,300,3,glcm_mcc,0.953155
2023_2024,V13,125,300,3,glcm_dissimilarity,0.861516
2023_2024,V13,125,300,3,glcm_inertia,1.63497
2023_2024,V13,125,300,3,glcm_cluster_shade,9.74851
2023_2024,V13,125,300,3,glcm_cluster_prominence,8799.43
2023_2024,V13,125,300,3,glcm_homogeneity,0.669442
2023_2024,V13,125,300,3,glcmw3_asm,0.438878
2023_2024,V13,125,300,3,glcmw3_contrast,0.466677
2023_2024,V13,125,300,3,glcmw3_entropy,1.07043
2023_2024,V13,125,300,3,glcmw3_correlation,0.487999
2023_2024,V13,125,300,3,glcmw3_homogeneity,0.811307
2023_2024,V13,125,300,3,glcmw5_asm,0.313097
2023_2024,V13,125,300,3,glcmw5_contrast,0.466896
2023_2024,V13,125,300,3,glcmw5_entropy,1.5458
2023_2024,V13,125,300,3,glcmw5_correlation,0.682105
2023_2024,V13,125,300,3,glcmw5_homogeneity,0.811235
2023_2024,V13,125,300,3,glcmw7_asm,0.250868
2023_2024,V13,125,300,3,glcmw7_contrast,0.467038
2023_2024,V13,125,300,3,glcmw7_entropy,1.84009
2023_2024,V13,125,300,3,glcmw7_correlation,0.769656
2023_2024,V13,125,300,3,glcmw7_homogeneity,0.811192
2023_2024,V13,125,300,3,rgb_glcm_asm,0.0239301
2023_2024,V13,125,300,3,rgb_glcm_contrast,1.66362
2023_2024,V13,125,300,3,rgb_glcm_correlation,0.94845
2023_2024,V13,125,300,3,rgb_glcm_variance,16.136
2023_2024,V13,125,300,3,rgb_glcm_idm,0.632482
2023_2024,V13,125,300,3,rgb_glcm_sum_average,10.3945
2023_2024,V13,125,300,3,rgb_glcm_sum_variance,113.449
2023_2024,V13,125,300,3,rgb_glcm_sum_entropy,3.28338
2023_2024,V13,125,300,3,rgb_glcm_entropy,4.1738
2023_2024,V13,125,300,3,rgb_glcm_diff_entropy,1.2248
2023_2024,V13,125,300,3,rgb_glcm_imc1,-0.416687
2023_2024,V13,125,300,3,rgb_glcm_imc2,0.942788
2023_2024,V13,125,300,3,rgb_glcm_mcc,0.949165
2023_2024,V13,125,300,3,rgb_glcm_dissimilarity,0.882779
2023_2024,V13,125,300,3,rgb_glcm_inertia,1.66362
2023_2024,V13,125,300,3,rgb_glcm_cluster_shade,300.884
2023_2024,V13,125,300,3,rgb_glcm_cluster_prominence,9561.11
2023_2024,V13,125,300,3,rgb_glcm_homogeneity,0.660239
2023_2024,V13,125,300,3,rgb_glcmw3_asm,0.424286
2023_2024,V13,125,300,3,rgb_glcmw3_contrast,0.473455
2023_2024,V13,125,300,3,rgb_glcmw3_entropy,1.10526
2023_2024,V13,125,300,3,rgb_glcmw3_correlation,0.463014
2023_2024,V13,125,300,3,rgb_glcmw3_homogeneity,0.807249
2023_2024,V13,125,300,3,rgb_glcmw5_asm,0.302098
2023_2024,V13,125,300,3,rgb_glcmw5_contrast,0.473352
2023_2024,V13,125,300,3,rgb_glcmw5_entropy,1.57913
2023_2024,V13,125,300,3,rgb_glcmw5_correlation,0.650066
2023_2024,V13,125,300,3,rgb_glcmw5_homogeneity,0.807275
2023_2024,V13,125,300,3,rgb_glcmw7_asm,0.24438
2023_2024,V13,125,300,3,rgb_glcmw7_contrast,0.473329
2023_2024,V13,125,300,3,rgb_glcmw7_entropy,1.85271
2023_2024,V13,125,300,3,rgb_glcmw7_correlation,0.736299
2023_2024,V13,125,300,3,rgb_glcmw7_homogeneity,0.807279
2023_2024,V13,127,300,4,NDVI,0.734679
2023_2024,V13,127,300,4,GNDVI,0.308761
2023_2024,V13,127,300,4,NDRE,0.294299
2023_2024,V13,127,300,4,CIrededge,0.874559
2023_2024,V13,127,300,4,SAVI,0.635923
2023_2024,V13,127,300,4,EVI,2.46917
2023_2024,V13,127,300,4,VARI,0.931393
2023_2024,V13,127,300,4,TGI,0.206633
2023_2024,V13,127,300,4,spec_mean,0.307412
2023_2024,V13,127,300,4,spec_std,0.231694
2023_2024,V13,127,300,4,spec_p10,0.0624489
2023_2024,V13,127,300,4,spec_p50,0.254168
2023_2024,V13,127,300,4,spec_p90,0.662988
2023_2024,V13,127,300,4,glcm_asm,0.0186237
2023_2024,V13,127,300,4,glcm_contrast,1.67286
2023_2024,V13,127,300,4,glcm_correlation,0.954916
2023_2024,V13,127,300,4,glcm_variance,18.5527
2023_2024,V13,127,300,4,glcm_idm,0.64031
2023_2024,V13,127,300,4,glcm_sum_average,14.3693
2023_2024,V13,127,300,4,glcm_sum_variance,193.037
2023_2024,V13,127,300,4,glcm_sum_entropy,3.39205
2023_2024,V13,127,300,4,glcm_entropy,4.28351
2023_2024,V13,127,300,4,glcm_diff_entropy,1.22683
2023_2024,V13,127,300,4,glcm_imc1,-0.434947
2023_2024,V13,127,300,4,glcm_imc2,0.952644
2023_2024,V13,127,300,4,glcm_mcc,0.956045
2023_2024,V13,127,300,4,glcm_dissimilarity,0.872005
2023_2024,V13,127,300,4,glcm_inertia,1.67286
2023_2024,V13,127,300,4,glcm_cluster_shade,-62.7801
2023_2024,V13,127,300,4,glcm_cluster_prominence,9852.54
2023_2024,V13,127,300,4,glcm_homogeneity,0.667334
2023_2024,V13,127,300,4,glcmw3_asm,0.437176
2023_2024,V13,127,300,4,glcmw3_contrast,0.476457
2023_2024,V13,127,300,4,glcmw3_entropy,1.07302
2023_2024,V13,127,300,4,glcmw3_correlation,0.495883
2023_2024,V13,127,300,4,glcmw3_homogeneity,0.809219
2023_2024,V13,127,300,4,glcmw5_asm,0.310598
2023_2024,V13,127,300,4,glcmw5_contrast,0.47658
2023_2024,V13,127,300,4,glcmw5_entropy,1.55065
2023_2024,V13,127,300,4,glcmw5_correlation,0.691303
2023_2024,V13,127,300,4,glcmw5_homogeneity,0.809155
2023_2024,V13,127,300,4,glcmw7_asm,0.247377
2023_2024,V13,127,300,4,glcmw7_contrast,0.476844
2023_2024,V13,127,300,4,glcmw7_entropy,1.84887
2023_2024,V13,127,300,4,glcmw7_correlation,0.77954
2023_2024,V13,127,300,4,glcmw7_homogeneity,0.809064
2023_2024,V13,127,300,4,rgb_glcm_asm,0.0248167
2023_2024,V13,127,300,4,rgb_glcm_contrast,1.68223
2023_2024,V13,127,300,4,rgb_glcm_correlation,0.945675
2023_2024,V13,127,300,4,rgb_glcm_variance,15.483
2023_2024,V13,127,300,4,rgb_glcm_idm,0.62944
2023_2024,V13,127,300,4,rgb_glcm_sum_average,10.043
2023_2024,V13,127,300,4,rgb_glcm_sum_variance,106.264
2023_2024,V13,127,300,4,rgb_glcm_sum_entropy,3.25961
2023_2024,V13,127,300,4,rgb_glcm_entropy,4.15283
2023_2024,V13,127,300,4,rgb_glcm_diff_entropy,1.23068
2023_2024,V13,127,300,4,rgb_glcm_imc1,-0.41117
2023_2024,V13,127,300,4,rgb_glcm_imc2,0.939918
2023_2024,V13,127,300,4,rgb_glcm_mcc,0.946264
2023_2024,V13,127,300,4,rgb_glcm_dissimilarity,0.891611
2023_2024,V13,127,300,4,rgb_glcm_inertia,1.68223
2023_2024,V13,127,300,4,rgb_glcm_cluster_shade,306.212
2023_2024,V13,127,300,4,rgb_glcm_cluster_prominence,9253.4
2023_2024,V13,127,300,4,rgb_glcm_homogeneity,0.657837
2023_2024,V13,127,300,4,rgb_glcmw3_asm,0.422964
2023_2024,V13,127,300,4,rgb_glcmw3_contrast,0.475767
2023_2024,V13,127,300,4,rgb_glcmw3_entropy,1.10847
2023_2024,V13,127,300,4,rgb_glcmw3_correlation,0.473539
2023_2024,V13,127,300,4,rgb_glcmw3_homogeneity,0.805293
2023_2024,V13,127,300,4,rgb_glcmw5_asm,0.301823
2023_2024,V13,127,300,4,rgb_glcmw5_contrast,0.475658
2023_2024,V13,127,300,4,rgb_glcmw5_entropy,1.58344
2023_2024,V13,127,300,4,rgb_glcmw5_correlation,0.655314
2023_2024,V13,127,300,4,rgb_glcmw5_homogeneity,0.805306
2023_2024,V13,127,300,4,rgb_glcmw7_asm,0.244561
2023_2024,V13,127,300,4,rgb_glcmw7_contrast,0.475692
2023_2024,V13,127,300,4,rgb_glcmw7_entropy,1.85911
2023_2024,V13,127,300,4,rgb_glcmw7_correlation,0.742229
2023_2024,V13,127,300,4,rgb_glcmw7_homogeneity,0.805268
2023_2024,V13,85,400,1,NDVI,0.730116
2023_2024,V13,85,400,1,GNDVI,0.333955
2023_2024,V13,85,400,1,NDRE,0.293378
2023_2024,V13,85,400,1,CIrededge,0.861534
2023_2024,V13,85,400,1,SAVI,0.64192
2023_2024,V13,85,400,1,EVI,1.49305
2023_2024,V13,85,400,1,VARI,0.88742
2023_2024,V13,85,400,1,TGI,0.193964
2023_2024,V13,85,400,1,spec_mean,0.308268
2023_2024,V13,85,400,1,spec_std,0.233399
2023_2024,V13,85,400,1,spec_p10,0.0655094
2023_2024,V13,85,400,1,spec_p50,0.251444
2023_2024,V13,85,400,1,spec_p90,0.679616
2023_2024,V13,85,400,1,glcm_asm,0.0185474
2023_2024,V13,85,400,1,glcm_contrast,1.6884
2023_2024,V13,85,400,1,glcm_correlation,0.955006
2023_2024,V13,85,400,1,glcm_variance,18.7623
2023_2024,V13,85,400,1,glcm_idm,0.629924
2023_2024,V13,85,400,1,glcm_sum_average,15.0797
2023_2024,V13,85,400,1,glcm_sum_variance,210.11
2023_2024,V13,85,400,1,glcm_sum_entropy,3.38574
2023_2024,V13,85,400,1,glcm_entropy,4.2795
2023_2024,V13,85,400,1,glcm_diff_entropy,1.23373
2023_2024,V13,85,400,1,glcm_imc1,-0.431105
2023_2024,V13,85,400,1,glcm_imc2,0.951214
2023_2024,V13,85,400,1,glcm_mcc,0.956083
2023_2024,V13,85,400,1,glcm_dissimilarity,0.892776
2023_2024,V13,85,400,1,glcm_inertia,1.6884
2023_2024,V13,85,400,1,glcm_cluster_shade,-145.769
2023_2024,V13,85,400,1,glcm_cluster_prominence,10067.2
2023_2024,V13,85,400,1,glcm_homogeneity,0.658565
2023_2024,V13,85,400,1,glcmw3_asm,0.423751
2023_2024,V13,85,400,1,glcmw3_contrast,0.477629
2023_2024,V13,85,400,1,glcmw3_entropy,1.10037
2023_2024,V13,85,400,1,glcmw3_correlation,0.515685
2023_2024,V13,85,400,1,glcmw3_homogeneity,0.804709
2023_2024,V13,85,400,1,glcmw5_asm,0.296359
2023_2024,V13,85,400,1,glcmw5_contrast,0.477789
2023_2024,V13,85,400,1,glcmw5_entropy,1.59076
2023_2024,V13,85,400,1,glcmw5_correlation,0.70646
2023_2024,V13,85,400,1,glcmw5_homogeneity,0.804618
2023_2024,V13,85,400,1,glcmw7_asm,0.233784
2023_2024,V13,85,400,1,glcmw7_contrast,0.47808
2023_2024,V13,85,400,1,glcmw7_entropy,1.89615
2023_2024,V13,85,400,1,glcmw7_correlation,0.789846
2023_2024,V13,85,400,1,glcmw7_homogeneity,0.804524
2023_2024,V13,85,400,1,rgb_glcm_asm,0.0226035
2023_2024,V13,85,400,1,rgb_glcm_contrast,1.89861
2023_2024,V13,85,400,1,rgb_glcm_correlation,0.931622
2023_2024,V13,85,400,1,rgb_glcm_variance,13.8832
2023_2024,V13,85,400,1,rgb_glcm_idm,0.609601
2023_2024,V13,85,400,1,rgb_glcm_sum_average,10.0613
2023_2024,V13,85,400,1,rgb_glcm_sum_variance,100.084
2023_2024,V13,85,400,1,rgb_glcm_sum_entropy,3.24583
2023_2024,V13,85,400,1,rgb_glcm_entropy,4.19771
2023_2024,V13,85,400,1,rgb_glcm_diff_entropy,1.27706
2023_2024,V13,85,400,1,rgb_glcm_imc1,-0.382265
2023_2024,V13,85,400,1,rgb_glcm_imc2,0.928685
2023_2024,V13,85,400,1,rgb_glcm_mcc,0.932036
2023_2024,V13,85,400,1,rgb_glcm_dissimilarity,0.958152
2023_2024,V13,85,400,1,rgb_glcm_inertia,1.89861
2023_2024,V13,85,400,1,rgb_glcm_cluster_shade,263.674
2023_2024,V13,85,400,1,rgb_glcm_cluster_prominence,8043.78
2023_2024,V13,85,400,1,rgb_glcm_homogeneity,0.641219
2023_2024,V13,85,400,1,rgb_glcmw3_asm,0.399465
2023_2024,V13,85,400,1,rgb_glcmw3_contrast,0.525043
2023_2024,V13,85,400,1,rgb_glcmw3_entropy,1.16258
2023_2024,V13,85,400,1,rgb_glcmw3_correlation,0.497459
2023_2024,V13,85,400,1,rgb_glcmw3_homogeneity,0.793068
2023_2024,V13,85,400,1,rgb_glcmw5_asm,0.276111
2023_2024,V13,85,400,1,rgb_glcmw5_contrast,0.524312
2023_2024,V13,85,400,1,rgb_glcmw5_entropy,1.66342
2023_2024,V13,85,400,1,rgb_glcmw5_correlation,0.675897
2023_2024,V13,85,400,1,rgb_glcmw5_homogeneity,0.793234
2023_2024,V13,85,400,1,rgb_glcmw7_asm,0.219475
2023_2024,V13,85,400,1,rgb_glcmw7_contrast,0.524205
2023_2024,V13,85,400,1,rgb_glcmw7_entropy,1.95318
2023_2024,V13,85,400,1,rgb_glcmw7_correlation,0.755518
2023_2024,V13,85,400,1,rgb_glcmw7_homogeneity,0.793267
2023_2024,V13,113,400,2,NDVI,0.723507
2023_2024,V13,113,400,2,GNDVI,0.262851
2023_2024,V13,113,400,2,NDRE,0.281118
2023_2024,V13,113,400,2,CIrededge,0.822048
2023_2024,V13,113,400,2,SAVI,0.626603
2023_2024,V13,113,400,2,EVI,2.72952
2023_2024,V13,113,400,2,VARI,0.967212
2023_2024,V13,113,400,2,TGI,0.228818
2023_2024,V13,113,400,2,spec_mean,0.322672
2023_2024,V13,113,400,2,spec_std,0.230559
2023_2024,V13,113,400,2,spec_p10,0.0673473
2023_2024,V13,113,400,2,spec_p50,0.275675
2023_2024,V13,113,400,2,spec_p90,0.676177
2023_2024,V13,113,400,2,glcm_asm,0.0189793
2023_2024,V13,113,400,2,glcm_contrast,1.53243
2023_2024,V13,113,400,2,glcm_correlation,0.954702
2023_2024,V13,113,400,2,glcm_variance,16.9151
2023_2024,V13,113,400,2,glcm_idm,0.64918
2023_2024,V13,113,400,2,glcm_sum_average,14.388
2023_2024,V13,113,400,2,glcm_sum_variance,187.306
2023_2024,V13,113,400,2,glcm_sum_entropy,3.37989
2023_2024,V13,113,400,2,glcm_entropy,4.24633
2023_2024,V13,113,400,2,glcm_diff_entropy,1.19108
2023_2024,V13,113,400,2,glcm_imc1,-0.440817
2023_2024,V13,113,400,2,glcm_imc2,0.953614
2023_2024,V13,113,400,2,glcm_mcc,0.95559
2023_2024,V13,113,400,2,glcm_dissimilarity,0.835017
2023_2024,V13,113,400,2,glcm_inertia,1.53243
2023_2024,V13,113,400,2,glcm_cluster_shade,-59.0411
2023_2024,V13,113,400,2,glcm_cluster_prominence,8745.99
2023_2024,V13,113,400,2,glcm_homogeneity,0.673846
2023_2024,V13,113,400,2,glcmw3_asm,0.442379
2023_2024,V13,113,400,2,glcmw3_contrast,0.445928
2023_2024,V13,113,400,2,glcmw3_entropy,1.05567
2023_2024,V13,113,400,2,glcmw3_correlation,0.476946
2023_2024,V13,113,400,2,glcmw3_homogeneity,0.816046
2023_2024,V13,113,400,2,glcmw5_asm,0.315297
2023_2024,V13,113,400,2,glcmw5_contrast,0.445986
2023_2024,V13,113,400,2,glcmw5_entropy,1.52317
2023_2024,V13,113,400,2,glcmw5_correlation,0.674838
2023_2024,V13,113,400,2,glcmw5_homogeneity,0.816015
2023_2024,V13,113,400,2,glcmw7_asm,0.252559
2023_2024,V13,113,400,2,glcmw7_contrast,0.445733
2023_2024,V13,113,400,2,glcmw7_entropy,1.81032
2023_2024,V13,113,400,2,glcmw7_correlation,0.762511
2023_2024,V13,113,400,2,glcmw7_homogeneity,0.816102
2023_2024,V13,113,400,2,rgb_glcm_asm,0.0241294
2023_2024,V13,113,400,2,rgb_glcm_contrast,1.5689
2023_2024,V13,113,400,2,rgb_glcm_correlation,0.95055
2023_2024,V13,113,400,2,rgb_glcm_variance,15.8636
2023_2024,V13,113,400,2,rgb_glcm_idm,0.638058
2023_2024,V13,113,400,2,rgb_glcm_sum_average,10.4477
2023_2024,V13,113,400,2,rgb_glcm_sum_variance,113.242
2023_2024,V13,113,400,2,rgb_glcm_sum_entropy,3.2814
2023_2024,V13,113,400,2,rgb_glcm_entropy,4.15005
2023_2024,V13,113,400,2,rgb_glcm_diff_entropy,1.20155
2023_2024,V13,113,400,2,rgb_glcm_imc1,-0.42441
2023_2024,V13,113,400,2,rgb_glcm_imc2,0.945034
2023_2024,V13,113,400,2,rgb_glcm_mcc,0.95124
2023_2024,V13,113,400,2,rgb_glcm_dissimilarity,0.859113
2023_2024,V13,113,400,2,rgb_glcm_inertia,1.5689
2023_2024,V13,113,400,2,rgb_glcm_cluster_shade,270.965
2023_2024,V13,113,400,2,rgb_glcm_cluster_prominence,9044.2
2023_2024,V13,113,400,2,rgb_glcm_homogeneity,0.664408
2023_2024,V13,113,400,2,rgb_glcmw3_asm,0.42912
2023_2024,V13,113,400,2,rgb_glcmw3_contrast,0.452345
2023_2024,V13,113,400,2,rgb_glcmw3_entropy,1.09036
2023_2024,V13,113,400,2,rgb_glcmw3_correlation,0.458522
2023_2024,V13,113,400,2,rgb_glcmw3_homogeneity,0.811105
2023_2024,V13,113,400,2,rgb_glcmw5_asm,0.307129
2023_2024,V13,113,400,2,rgb_glcmw5_contrast,0.452186
2023_2024,V13,113,400,2,rgb_glcmw5_entropy,1.55623
2023_2024,V13,113,400,2,rgb_glcmw5_correlation,0.646289
2023_2024,V13,113,400,2,rgb_glcmw5_homogeneity,0.811163
2023_2024,V13,113,400,2,rgb_glcmw7_asm,0.249237
2023_2024,V13,113,400,2,rgb_glcmw7_contrast,0.452166
2023_2024,V13,113,400,2,rgb_glcmw7_entropy,1.82465
2023_2024,V13,113,400,2,rgb_glcmw7_correlation,0.734239
2023_2024,V13,113,400,2,rgb_glcmw7_homogeneity,0.811152
2023_2024,V13,124,400,3,NDVI,0.751108
2023_2024,V13,124,400,3,GNDVI,0.253198
2023_2024,V13,124,400,3,NDRE,0.315333
2023_2024,V13,124,400,3,CIrededge,0.965957
2023_2024,V13,124,400,3,SAVI,0.640314
2023_2024,V13,124,400,3,EVI,-2.45994
2023_2024,V13,124,400,3,VARI,1.06767
2023_2024,V13,124,400,3,TGI,0.233914
2023_2024,V13,124,400,3,spec_mean,0.30725
2023_2024,V13,124,400,3,spec_std,0.231437
2023_2024,V13,124,400,3,spec_p10,0.0576912
2023_2024,V13,124,400,3,spec_p50,0.259778
2023_2024,V13,124,400,3,spec_p90,0.674096
2023_2024,V13,124,400,3,glcm_asm,0.0192912
2023_2024,V13,124,400,3,glcm_contrast,1.62642
2023_2024,V13,124,400,3,glcm_correlation,0.9554
2023_2024,V13,124,400,3,glcm_variance,18.2332
2023_2024,V13,124,400,3,glcm_idm,0.655696
2023_2024,V13,124,400,3,glcm_sum_average,13.8858
2023_2024,V13,124,400,3,glcm_sum_variance,181.514
2023_2024,V13,124,400,3,glcm_sum_entropy,3.3878
2023_2024,V13,124,400,3,glcm_entropy,4.25465
2023_2024,V13,124,400,3,glcm_diff_entropy,1.21356
2023_2024,V13,124,400,3,glcm_imc1,-0.444063
2023_2024,V13,124,400,3,glcm_imc2,0.954901
2023_2024,V13,124,400,3,glcm_mcc,0.955921
2023_2024,V13,124,400,3,glcm_dissimilarity,0.837197
2023_2024,V13,124,400,3,glcm_inertia,1.62642
2023_2024,V13,124,400,3,glcm_cluster_shade,4.22364
2023_2024,V13,124,400,3,glcm_cluster_prominence,9334.6
2023_2024,V13,124,400,3,glcm_homogeneity,0.68119
2023_2024,V13,124,400,3,glcmw3_asm,0.453704
2023_2024,V13,124,400,3,glcmw3_contrast,0.462421
2023_2024,V13,124,400,3,glcmw3_entropy,1.03919
2023_2024,V13,124,400,3,glcmw3_correlation,0.474427
2023_2024,V13,124,400,3,glcmw3_homogeneity,0.816951
2023_2024,V13,124,400,3,glcmw5_asm,0.329036
2023_2024,V13,124,400,3,glcmw5_contrast,0.46241
2023_2024,V13,124,400,3,glcmw5_entropy,1.50165
2023_2024,V13,124,400,3,glcmw5_correlation,0.66937
2023_2024,V13,124,400,3,glcmw5_homogeneity,0.816928
2023_2024,V13,124,400,3,glcmw7_asm,0.266995
2023_2024,V13,124,400,3,glcmw7_contrast,0.462482
2023_2024,V13,124,400,3,glcmw7_entropy,1.78695
2023_2024,V13,124,400,3,glcmw7_correlation,0.757896
2023_2024,V13,124,400,3,glcmw7_homogeneity,0.816904
2023_2024,V13,124,400,3,rgb_glcm_asm,0.0241247
2023_2024,V13,124,400,3,rgb_glcm_contrast,1.78363
2023_2024,V13,124,400,3,rgb_glcm_correlation,0.940999
2023_2024,V13,124,400,3,rgb_glcm_variance,15.1153
2023_2024,V13,124,400,3,rgb_glcm_idm,0.621979
2023_2024,V13,124,400,3,rgb_glcm_sum_average,10.0392
2023_2024,V13,124,400,3,rgb_glcm_sum_variance,104.683
2023_2024,V13,124,400,3,rgb_glcm_sum_entropy,3.25642
2023_2024,V13,124,400,3,rgb_glcm_entropy,4.17432
2023_2024,V13,124,400,3,rgb_glcm_diff_entropy,1.25265
2023_2024,V13,124,400,3,rgb_glcm_imc1,-0.400474
2023_2024,V13,124,400,3,rgb_glcm_imc2,0.936133
2023_2024,V13,124,400,3,rgb_glcm_mcc,0.941725
2023_2024,V13,124,400,3,rgb_glcm_dissimilarity,0.918986
2023_2024,V13,124,400,3,rgb_glcm_inertia,1.78363
2023_2024,V13,124,400,3,rgb_glcm_cluster_shade,305.694
2023_2024,V13,124,400,3,rgb_glcm_cluster_prominence,9101.16
2023_2024,V13,124,400,3,rgb_glcm_homogeneity,0.651765
2023_2024,V13,124,400,3,rgb_glcmw3_asm,0.412567
2023_2024,V13,124,400,3,rgb_glcmw3_contrast,0.501073
2023_2024,V13,124,400,3,rgb_glcmw3_entropy,1.13411
2023_2024,V13,124,400,3,rgb_glcmw3_correlation,0.476012
2023_2024,V13,124,400,3,rgb_glcmw3_homogeneity,0.800309
2023_2024,V13,124,400,3,rgb_glcmw5_asm,0.291464
2023_2024,V13,124,400,3,rgb_glcmw5_contrast,0.501113
2023_2024,V13,124,400,3,rgb_glcmw5_entropy,1.61893
2023_2024,V13,124,400,3,rgb_glcmw5_correlation,0.655812
2023_2024,V13,124,400,3,rgb_glcmw5_homogeneity,0.800312
2023_2024,V13,124,400,3,rgb_glcmw7_asm,0.235228
2023_2024,V13,124,400,3,rgb_glcmw7_contrast,0.501023
2023_2024,V13,124,400,3,rgb_glcmw7_entropy,1.89602
2023_2024,V13,124,400,3,rgb_glcmw7_correlation,0.739255
2023_2024,V13,124,400,3,rgb_glcmw7_homogeneity,0.800334
2023_2024,V13,128,400,4,NDVI,0.797346
2023_2024,V13,128,400,4,GNDVI,0.297911
2023_2024,V13,128,400,4,NDRE,0.341054
2023_2024,V13,128,400,4,CIrededge,1.10284
2023_2024,V13,128,400,4,SAVI,0.65492
2023_2024,V13,128,400,4,EVI,1.12047
2023_2024,V13,128,400,4,VARI,1.19744
2023_2024,V13,128,400,4,TGI,0.207196
2023_2024,V13,128,400,4,spec_mean,0.283181
2023_2024,V13,128,400,4,spec_std,0.233848
2023_2024,V13,128,400,4,spec_p10,0.0408766
2023_2024,V13,128,400,4,spec_p50,0.22329
2023_2024,V13,128,400,4,spec_p90,0.658738
2023_2024,V13,128,400,4,glcm_asm,0.0205112
2023_2024,V13,128,400,4,glcm_contrast,1.43902
2023_2024,V13,128,400,4,glcm_correlation,0.96028
2023_2024,V13,128,400,4,glcm_variance,18.1146
2023_2024,V13,128,400,4,glcm_idm,0.667025
2023_2024,V13,128,400,4,glcm_sum_average,14.6649
2023_2024,V13,128,400,4,glcm_sum_variance,198.41
2023_2024,V13,128,400,4,glcm_sum_entropy,3.37818
2023_2024,V13,128,400,4,glcm_entropy,4.20368
2023_2024,V13,128,400,4,glcm_diff_entropy,1.16735
2023_2024,V13,128,400,4,glcm_imc1,-0.458031
2023_2024,V13,128,400,4,glcm_imc2,0.957965
2023_2024,V13,128,400,4,glcm_mcc,0.961652
2023_2024,V13,128,400,4,glcm_dissimilarity,0.789785
2023_2024,V13,128,400,4,glcm_inertia,1.43902
2023_2024,V13,128,400,4,glcm_cluster_shade,-104.368
2023_2024,V13,128,400,4,glcm_cluster_prominence,9604.66
2023_2024,V13,128,400,4,glcm_homogeneity,0.689915
2023_2024,V13,128,400,4,glcmw3_asm,0.465539
2023_2024,V13,128,400,4,glcmw3_contrast,0.422595
2023_2024,V13,128,400,4,glcmw3_entropy,1.00719
2023_2024,V13,128,400,4,glcmw3_correlation,0.461825
2023_2024,V13,128,400,4,glcmw3_homogeneity,0.825107
2023_2024,V13,128,400,4,glcmw5_asm,0.339398
2023_2024,V13,128,400,4,glcmw5_contrast,0.422922
2023_2024,V13,128,400,4,glcmw5_entropy,1.45947
2023_2024,V13,128,400,4,glcmw5_correlation,0.6629
2023_2024,V13,128,400,4,glcmw5_homogeneity,0.825005
2023_2024,V13,128,400,4,glcmw7_asm,0.275837
2023_2024,V13,128,400,4,glcmw7_contrast,0.422956
2023_2024,V13,128,400,4,glcmw7_entropy,1.74181
2023_2024,V13,128,400,4,glcmw7_correlation,0.755068
2023_2024,V13,128,400,4,glcmw7_homogeneity,0.825005
2023_2024,V13,128,400,4,rgb_glcm_asm,0.0288253
2023_2024,V13,128,400,4,rgb_glcm_contrast,1.60645
2023_2024,V13,128,400,4,rgb_glcm_correlation,0.947084
2023_2024,V13,128,400,4,rgb_glcm_variance,15.1793
2023_2024,V13,128,400,4,rgb_glcm_idm,0.643028
2023_2024,V13,128,400,4,rgb_glcm_sum_average,9.54777
2023_2024,V13,128,400,4,rgb_glcm_sum_variance,99.142
2023_2024,V13,128,400,4,rgb_glcm_sum_entropy,3.22075
2023_2024,V13,128,400,4,rgb_glcm_entropy,4.07859
2023_2024,V13,128,400,4,rgb_glcm_diff_entropy,1.21389
2023_2024,V13,128,400,4,rgb_glcm_imc1,-0.421474
2023_2024,V13,128,400,4,rgb_glcm_imc2,0.941665
2023_2024,V13,128,400,4,rgb_glcm_mcc,0.94773
2023_2024,V13,128,400,4,rgb_glcm_dissimilarity,0.856374
2023_2024,V13,128,400,4,rgb_glcm_inertia,1.60645
2023_2024,V13,128,400,4,rgb_glcm_cluster_shade,341.655
2023_2024,V13,128,400,4,rgb_glcm_cluster_prominence,9589.29
2023_2024,V13,128,400,4,rgb_glcm_homogeneity,0.670026
2023_2024,V13,128,400,4,rgb_glcmw3_asm,0.446923
2023_2024,V13,128,400,4,rgb_glcmw3_contrast,0.453274
2023_2024,V13,128,400,4,rgb_glcmw3_entropy,1.0609
2023_2024,V13,128,400,4,rgb_glcmw3_correlation,0.453842
2023_2024,V13,128,400,4,rgb_glcmw3_homogeneity,0.814702
2023_2024,V13,128,400,4,rgb_glcmw5_asm,0.32785
2023_2024,V13,128,400,4,rgb_glcmw5_contrast,0.453344
2023_2024,V13,128,400,4,rgb_glcmw5_entropy,1.52029
2023_2024,V13,128,400,4,rgb_glcmw5_correlation,0.639182
2023_2024,V13,128,400,4,rgb_glcmw5_homogeneity,0.814688
2023_2024,V13,128,400,4,rgb_glcmw7_asm,0.270353
2023_2024,V13,128,400,4,rgb_glcmw7_contrast,0.453372
2023_2024,V13,128,400,4,rgb_glcmw7_entropy,1.78901
2023_2024,V13,128,400,4,rgb_glcmw7_correlation,0.729586
2023_2024,V13,128,400,4,rgb_glcmw7_homogeneity,0.814685
2022_2023,V18,d0_b1,0,1,NDVI,0.669908
2022_2023,V18,d0_b1,0,1,GNDVI,0.0642897
2022_2023,V18,d0_b1,0,1,NDRE,0.213475
2022_2023,V18,d0_b1,0,1,CIrededge,0.556817
2022_2023,V18,d0_b1,0,1,SAVI,0.523274
2022_2023,V18,d0_b1,0,1,EVI,2.32255
2022_2023,V18,d0_b1,0,1,VARI,1.7742
2022_2023,V18,d0_b1,0,1,TGI,0.225973
2022_2023,V18,d0_b1,0,1,spec_mean,0.316456
2022_2023,V18,d0_b1,0,1,spec_std,0.22029
2022_2023,V18,d0_b1,0,1,spec_p10,0.0689113
2022_2023,V18,d0_b1,0,1,spec_p50,0.263158
2022_2023,V18,d0_b1,0,1,spec_p90,0.650266
2022_2023,V18,d0_b1,0,1,glcm_asm,0.0266782
2022_2023,V18,d0_b1,0,1,glcm_contrast,1.77074
2022_2023,V18,d0_b1,0,1,glcm_correlation,0.95581
2022_2023,V18,d0_b1,0,1,glcm_variance,20.0337
2022_2023,V18,d0_b1,0,1,glcm_idm,0.656734
2022_2023,V18,d0_b1,0,1,glcm_sum_average,11.9249
2022_2023,V18,d0_b1,0,1,glcm_sum_variance,152.338
2022_2023,V18,d0_b1,0,1,glcm_sum_entropy,3.32557
2022_2023,V18,d0_b1,0,1,glcm_entropy,4.19061
2022_2023,V18,d0_b1,0,1,glcm_diff_entropy,1.23969
2022_2023,V18,d0_b1,0,1,glcm_imc1,-0.44405
2022_2023,V18,d0_b1,0,1,glcm_imc2,0.953165
2022_2023,V18,d0_b1,0,1,glcm_mcc,0.958384
2022_2023,V18,d0_b1,0,1,glcm_dissimilarity,0.8551
2022_2023,V18,d0_b1,0,1,glcm_inertia,1.77074
2022_2023,V18,d0_b1,0,1,glcm_cluster_shade,189.686
2022_2023,V18,d0_b1,0,1,glcm_cluster_prominence,11185.5
2022_2023,V18,d0_b1,0,1,glcm_homogeneity,0.683001
2022_2023,V18,d0_b1,0,1,glcmw3_asm,0.47477
2022_2023,V18,d0_b1,0,1,glcmw3_contrast,0.487441
2022_2023,V18,d0_b1,0,1,glcmw3_entropy,1.013
2022_2023,V18,d0_b1,0,1,glcmw3_correlation,0.440527
2022_2023,V18,d0_b1,0,1,glcmw3_homogeneity,0.81815
2022_2023,V18,d0_b1,0,1,glcmw5_asm,0.360742
2022_2023,V18,d0_b1,0,1,glcmw5_contrast,0.487456
2022_2023,V18,d0_b1,0,1,glcmw5_entropy,1.45839
2022_2023,V18,d0_b1,0,1,glcmw5_correlation,0.621606
2022_2023,V18,d0_b1,0,1,glcmw5_homogeneity,0.818152
2022_2023,V18,d0_b1,0,1,glcmw7_asm,0.304089
2022_2023,V18,d0_b1,0,1,glcmw7_contrast,0.48755
2022_2023,V18,d0_b1,0,1,glcmw7_entropy,1.73245
2022_2023,V18,d0_b1,0,1,glcmw7_correlation,0.713822
2022_2023,V18,d0_b1,0,1,glcmw7_homogeneity,0.818121
2022_2023,V18,d0_b1,0,1,rgb_glcm_asm,
2022_2023,V18,d0_b1,0,1,rgb_glcm_contrast,
2022_2023,V18,d0_b1,0,1,rgb_glcm_correlation,
2022_2023,V18,d0_b1,0,1,rgb_glcm_variance,
2022_2023,V18,d0_b1,0,1,rgb_glcm_idm,
2022_2023,V18,d0_b1,0,1,rgb_glcm_sum_average,
2022_2023,V18,d0_b1,0,1,rgb_glcm_sum_variance,
2022_2023,V18,d0_b1,0,1,rgb_glcm_sum_entropy,
2022_2023,V18,d0_b1,0,1,rgb_glcm_entropy,
2022_2023,V18,d0_b1,0,1,rgb_glcm_diff_entropy,
2022_2023,V18,d0_b1,0,1,rgb_glcm_imc1,
2022_2023,V18,d0_b1,0,1,rgb_glcm_imc2,
2022_2023,V18,d0_b1,0,1,rgb_glcm_mcc,
2022_2023,V18,d0_b1,0,1,rgb_glcm_dissimilarity,
2022_2023,V18,d0_b1,0,1,rgb_glcm_inertia,
2022_2023,V18,d0_b1,0,1,rgb_glcm_cluster_shade,
2022_2023,V18,d0_b1,0,1,rgb_glcm_cluster_prominence,
2022_2023,V18,d0_b1,0,1,rgb_glcm_homogeneity,
2022_2023,V18,d0_b1,0,1,rgb_glcmw3_asm,
2022_2023,V18,d0_b1,0,1,rgb_glcmw3_contrast,
2022_2023,V18,d0_b1,0,1,rgb_glcmw3_entropy,
2022_2023,V18,d0_b1,0,1,rgb_glcmw3_correlation,
2022_2023,V18,d0_b1,0,1,rgb_glcmw3_homogeneity,
2022_2023,V18,d0_b1,0,1,rgb_glcmw5_asm,
2022_2023,V18,d0_b1,0,1,rgb_glcmw5_contrast,
2022_2023,V18,d0_b1,0,1,rgb_glcmw5_entropy,
2022_2023,V18,d0_b1,0,1,rgb_glcmw5_correlation,
2022_2023,V18,d0_b1,0,1,rgb_glcmw5_homogeneity,
2022_2023,V18,d0_b1,0,1,rgb_glcmw7_asm,
2022_2023,V18,d0_b1,0,1,rgb_glcmw7_contrast,
2022_2023,V18,d0_b1,0,1,rgb_glcmw7_entropy,
2022_2023,V18,d0_b1,0,1,rgb_glcmw7_correlation,
2022_2023,V18,d0_b1,0,1,rgb_glcmw7_homogeneity,
2022_2023,V18,d0_b2,0,2,NDVI,0.678152
2022_2023,V18,d0_b2,0,2,GNDVI,0.102874
2022_2023,V18,d0_b2,0,2,NDRE,0.220869
2022_2023,V18,d0_b2,0,2,CIrededge,0.579279
2022_2023,V18,d0_b2,0,2,SAVI,0.524372
2022_2023,V18,d0_b2,0,2,EVI,0.340857
2022_2023,V18,d0_b2,0,2,VARI,2.43164
2022_2023,V18,d0_b2,0,2,TGI,0.215118
2022_2023,V18,d0_b2,0,2,spec_mean,0.296155
2022_2023,V18,d0_b2,0,2,spec_std,0.22712
2022_2023,V18,d0_b2,0,2,spec_p10,0.0624446
2022_2023,V18,d0_b2,0,2,spec_p50,0.227066
2022_2023,V18,d0_b2,0,2,spec_p90,0.645885
2022_2023,V18,d0_b2,0,2,glcm_asm,0.0337144
2022_2023,V18,d0_b2,0,2,glcm_contrast,1.95019
2022_2023,V18,d0_b2,0,2,glcm_correlation,0.954231
2022_2023,V18,d0_b2,0,2,glcm_variance,21.4068
2022_2023,V18,d0_b2,0,2,glcm_idm,0.665393
2022_2023,V18,d0_b2,0,2,glcm_sum_average,11.4754
2022_2023,V18,d0_b2,0,2,glcm_sum_variance,151.148
2022_2023,V18,d0_b2,0,2,glcm_sum_entropy,3.26236
2022_2023,V18,d0_b2,0,2,glcm_entropy,4.11606
2022_2023,V18,d0_b2,0,2,glcm_diff_entropy,1.26863
2022_2023,V18,d0_b2,0,2,glcm_imc1,-0.442413
2022_2023,V18,d0_b2,0,2,glcm_imc2,0.950514
2022_2023,V18,d0_b2,0,2,glcm_mcc,0.955678
2022_2023,V18,d0_b2,0,2,glcm_dissimilarity,0.865297
2022_2023,V18,d0_b2,0,2,glcm_inertia,1.95019
2022_2023,V18,d0_b2,0,2,glcm_cluster_shade,257.682
2022_2023,V18,d0_b2,0,2,glcm_cluster_prominence,12176.7
2022_2023,V18,d0_b2,0,2,glcm_homogeneity,0.693275
2022_2023,V18,d0_b2,0,2,glcmw3_asm,0.497055
2022_2023,V18,d0_b2,0,2,glcmw3_contrast,0.520936
2022_2023,V18,d0_b2,0,2,glcmw3_entropy,0.97983
2022_2023,V18,d0_b2,0,2,glcmw3_correlation,0.436393
2022_2023,V18,d0_b2,0,2,glcmw3_homogeneity,0.819361
2022_2023,V18,d0_b2,0,2,glcmw5_asm,0.388326
2022_2023,V18,d0_b2,0,2,glcmw5_contrast,0.520844
2022_2023,V18,d0_b2,0,2,glcmw5_entropy,1.4118
2022_2023,V18,d0_b2,0,2,glcmw5_correlation,0.611493
2022_2023,V18,d0_b2,0,2,glcmw5_homogeneity,0.819367
2022_2023,V18,d0_b2,0,2,glcmw7_asm,0.333146
2022_2023,V18,d0_b2,0,2,glcmw7_contrast,0.520847
2022_2023,V18,d0_b2,0,2,glcmw7_entropy,1.68157
2022_2023,V18,d0_b2,0,2,glcmw7_correlation,0.701914
2022_2023,V18,d0_b2,0,2,glcmw7_homogeneity,0.819355
2022_2023,V18,d0_b2,0,2,rgb_glcm_asm,
2022_2023,V18,d0_b2,0,2,rgb_glcm_contrast,
2022_2023,V18,d0_b2,0,2,rgb_glcm_correlation,
2022_2023,V18,d0_b2,0,2,rgb_glcm_variance,
2022_2023,V18,d0_b2,0,2,rgb_glcm_idm,
2022_2023,V18,d0_b2,0,2,rgb_glcm_sum_average,
2022_2023,V18,d0_b2,0,2,rgb_glcm_sum_variance,
2022_2023,V18,d0_b2,0,2,rgb_glcm_sum_entropy,
2022_2023,V18,d0_b2,0,2,rgb_glcm_entropy,
2022_2023,V18,d0_b2,0,2,rgb_glcm_diff_entropy,
2022_2023,V18,d0_b2,0,2,rgb_glcm_imc1,
2022_2023,V18,d0_b2,0,2,rgb_glcm_imc2,
2022_2023,V18,d0_b2,0,2,rgb_glcm_mcc,
2022_2023,V18,d0_b2,0,2,rgb_glcm_dissimilarity,
2022_2023,V18,d0_b2,0,2,rgb_glcm_inertia,
2022_2023,V18,d0_b2,0,2,rgb_glcm_cluster_shade,
2022_2023,V18,d0_b2,0,2,rgb_glcm_cluster_prominence,
2022_2023,V18,d0_b2,0,2,rgb_glcm_homogeneity,
2022_2023,V18,d0_b2,0,2,rgb_glcmw3_asm,
2022_2023,V18,d0_b2,0,2,rgb_glcmw3_contrast,
2022_2023,V18,d0_b2,0,2,rgb_glcmw3_entropy,
2022_2023,V18,d0_b2,0,2,rgb_glcmw3_correlation,
2022_2023,V18,d0_b2,0,2,rgb_glcmw3_homogeneity,
2022_2023,V18,d0_b2,0,2,rgb_glcmw5_asm,
2022_2023,V18,d0_b2,0,2,rgb_glcmw5_contrast,
2022_2023,V18,d0_b2,0,2,rgb_glcmw5_entropy,
2022_2023,V18,d0_b2,0,2,rgb_glcmw5_correlation,
2022_2023,V18,d0_b2,0,2,rgb_glcmw5_homogeneity,
2022_2023,V18,d0_b2,0,2,rgb_glcmw7_asm,
2022_2023,V18,d0_b2,0,2,rgb_glcmw7_contrast,
2022_2023,V18,d0_b2,0,2,rgb_glcmw7_entropy,
2022_2023,V18,d0_b2,0,2,rgb_glcmw7_correlation,
2022_2023,V18,d0_b2,0,2,rgb_glcmw7_homogeneity,
2022_2023,V18,d0_b3,0,3,NDVI,0.760458
2022_2023,V18,d0_b3,0,3,GNDVI,0.145841
2022_2023,V18,d0_b3,0,3,NDRE,0.305213
2022_2023,V18,d0_b3,0,3,CIrededge,0.922975
2022_2023,V18,d0_b3,0,3,SAVI,0.580913
2022_2023,V18,d0_b3,0,3,EVI,-2.65292
2022_2023,V18,d0_b3,0,3,VARI,2.69371
2022_2023,V18,d0_b3,0,3,TGI,0.217604
2022_2023,V18,d0_b3,0,3,spec_mean,0.285597
2022_2023,V18,d0_b3,0,3,spec_std,0.227444
2022_2023,V18,d0_b3,0,3,spec_p10,0.0434955
2022_2023,V18,d0_b3,0,3,spec_p50,0.22263
2022_2023,V18,d0_b3,0,3,spec_p90,0.637607
2022_2023,V18,d0_b3,0,3,glcm_asm,0.0274917
2022_2023,V18,d0_b3,0,3,glcm_contrast,1.74561
2022_2023,V18,d0_b3,0,3,glcm_correlation,0.955785
2022_2023,V18,d0_b3,0,3,glcm_variance,19.7327
2022_2023,V18,d0_b3,0,3,glcm_idm,0.658903
2022_2023,V18,d0_b3,0,3,glcm_sum_average,12.4054
2022_2023,V18,d0_b3,0,3,glcm_sum_variance,160.133
2022_2023,V18,d0_b3,0,3,glcm_sum_entropy,3.31443
2022_2023,V18,d0_b3,0,3,glcm_entropy,4.18088
2022_2023,V18,d0_b3,0,3,glcm_diff_entropy,1.23471
2022_2023,V18,d0_b3,0,3,glcm_imc1,-0.442633
2022_2023,V18,d0_b3,0,3,glcm_imc2,0.952406
2022_2023,V18,d0_b3,0,3,glcm_mcc,0.958698
2022_2023,V18,d0_b3,0,3,glcm_dissimilarity,0.847271
2022_2023,V18,d0_b3,0,3,glcm_inertia,1.74561
2022_2023,V18,d0_b3,0,3,glcm_cluster_shade,74.4081
2022_2023,V18,d0_b3,0,3,glcm_cluster_prominence,10843.6
2022_2023,V18,d0_b3,0,3,glcm_homogeneity,0.685051
2022_2023,V18,d0_b3,0,3,glcmw3_asm,0.475833
2022_2023,V18,d0_b3,0,3,glcmw3_contrast,0.479045
2022_2023,V18,d0_b3,0,3,glcmw3_entropy,1.01049
2022_2023,V18,d0_b3,0,3,glcmw3_correlation,0.439978
2022_2023,V18,d0_b3,0,3,glcmw3_homogeneity,0.820272
2022_2023,V18,d0_b3,0,3,glcmw5_asm,0.360602
2022_2023,V18,d0_b3,0,3,glcmw5_contrast,0.479026
2022_2023,V18,d0_b3,0,3,glcmw5_entropy,1.45667
2022_2023,V18,d0_b3,0,3,glcmw5_correlation,0.624351
2022_2023,V18,d0_b3,0,3,glcmw5_homogeneity,0.820288
2022_2023,V18,d0_b3,0,3,glcmw7_asm,0.303322
2022_2023,V18,d0_b3,0,3,glcmw7_contrast,0.479033
2022_2023,V18,d0_b3,0,3,glcmw7_entropy,1.73179
2022_2023,V18,d0_b3,0,3,glcmw7_correlation,0.716907
2022_2023,V18,d0_b3,0,3,glcmw7_homogeneity,0.820296
2022_2023,V18,d0_b3,0,3,rgb_glcm_asm,
2022_2023,V18,d0_b3,0,3,rgb_glcm_contrast,
2022_2023,V18,d0_b3,0,3,rgb_glcm_correlation,
2022_2023,V18,d0_b3,0,3,rgb_glcm_variance,
2022_2023,V18,d0_b3,0,3,rgb_glcm_idm,
2022_2023,V18,d0_b3,0,3,rgb_glcm_sum_average,
2022_2023,V18,d0_b3,0,3,rgb_glcm_sum_variance,
2022_2023,V18,d0_b3,0,3,rgb_glcm_sum_entropy,
2022_2023,V18,d0_b3,0,3,rgb_glcm_entropy,
2022_2023,V18,d0_b3,0,3,rgb_glcm_diff_entropy,
2022_2023,V18,d0_b3,0,3,rgb_glcm_imc1,
2022_2023,V18,d0_b3,0,3,rgb_glcm_imc2,
2022_2023,V18,d0_b3,0,3,rgb_glcm_mcc,
2022_2023,V18,d0_b3,0,3,rgb_glcm_dissimilarity,
2022_2023,V18,d0_b3,0,3,rgb_glcm_inertia,
2022_2023,V18,d0_b3,0,3,rgb_glcm_cluster_shade,
2022_2023,V18,d0_b3,0,3,rgb_glcm_cluster_prominence,
2022_2023,V18,d0_b3,0,3,rgb_glcm_homogeneity,
2022_2023,V18,d0_b3,0,3,rgb_glcmw3_asm,
2022_2023,V18,d0_b3,0,3,rgb_glcmw3_contrast,
2022_2023,V18,d0_b3,0,3,rgb_glcmw3_entropy,
2022_2023,V18,d0_b3,0,3,rgb_glcmw3_correlation,
2022_2023,V18,d0_b3,0,3,rgb_glcmw3_homogeneity,
2022_2023,V18,d0_b3,0,3,rgb_glcmw5_asm,
2022_2023,V18,d0_b3,0,3,rgb_glcmw5_contrast,
2022_2023,V18,d0_b3,0,3,rgb_glcmw5_entropy,
2022_2023,V18,d0_b3,0,3,rgb_glcmw5_correlation,
2022_2023,V18,d0_b3,0,3,rgb_glcmw5_homogeneity,
2022_2023,V18,d0_b3,0,3,rgb_glcmw7_asm,
2022_2023,V18,d0_b3,0,3,rgb_glcmw7_contrast,
2022_2023,V18,d0_b3,0,3,rgb_glcmw7_entropy,
2022_2023,V18,d0_b3,0,3,rgb_glcmw7_correlation,
2022_2023,V18,d0_b3,0,3,rgb_glcmw7_homogeneity,
2022_2023,V18,d0_b4,0,4,NDVI,0.714132
2022_2023,V18,d0_b4,0,4,GNDVI,0.132953
2022_2023,V18,d0_b4,0,4,NDRE,0.245301
2022_2023,V18,d0_b4,0,4,CIrededge,0.673725
2022_2023,V18,d0_b4,0,4,SAVI,0.546299
2022_2023,V18,d0_b4,0,4,EVI,7.89125
2022_2023,V18,d0_b4,0,4,VARI,0.0771339
2022_2023,V18,d0_b4,0,4,TGI,0.214863
2022_2023,V18,d0_b4,0,4,spec_mean,0.291765
2022_2023,V18,d0_b4,0,4,spec_std,0.225086
2022_2023,V18,d0_b4,0,4,spec_p10,0.0570252
2022_2023,V18,d0_b4,0,4,spec_p50,0.227924
2022_2023,V18,d0_b4,0,4,spec_p90,0.639144
2022_2023,V18,d0_b4,0,4,glcm_asm,0.0292538
2022_2023,V18,d0_b4,0,4,glcm_contrast,1.74774
2022_2023,V18,d0_b4,0,4,glcm_correlation,0.954911
2022_2023,V18,d0_b4,0,4,glcm_variance,19.2378
2022_2023,V18,d0_b4,0,4,glcm_idm,0.66685
2022_2023,V18,d0_b4,0,4,glcm_sum_average,11.8654
2022_2023,V18,d0_b4,0,4,glcm_sum_variance,148.868
2022_2023,V18,d0_b4,0,4,glcm_sum_entropy,3.2893
2022_2023,V18,d0_b4,0,4,glcm_entropy,4.13196
2022_2023,V18,d0_b4,0,4,glcm_diff_entropy,1.22432
2022_2023,V18,d0_b4,0,4,glcm_imc1,-0.448548
2022_2023,V18,d0_b4,0,4,glcm_imc2,0.952574
2022_2023,V18,d0_b4,0,4,glcm_mcc,0.957899
2022_2023,V18,d0_b4,0,4,glcm_dissimilarity,0.832469
2022_2023,V18,d0_b4,0,4,glcm_inertia,1.74774
2022_2023,V18,d0_b4,0,4,glcm_cluster_shade,116.327
2022_2023,V18,d0_b4,0,4,glcm_cluster_prominence,10314.1
2022_2023,V18,d0_b4,0,4,glcm_homogeneity,0.69239
2022_2023,V18,d0_b4,0,4,glcmw3_asm,0.488157
2022_2023,V18,d0_b4,0,4,glcmw3_contrast,0.479158
2022_2023,V18,d0_b4,0,4,glcmw3_entropy,0.984152
2022_2023,V18,d0_b4,0,4,glcmw3_correlation,0.435167
2022_2023,V18,d0_b4,0,4,glcmw3_homogeneity,0.823284
2022_2023,V18,d0_b4,0,4,glcmw5_asm,0.373352
2022_2023,V18,d0_b4,0,4,glcmw5_contrast,0.479066
2022_2023,V18,d0_b4,0,4,glcmw5_entropy,1.4211
2022_2023,V18,d0_b4,0,4,glcmw5_correlation,0.620836
2022_2023,V18,d0_b4,0,4,glcmw5_homogeneity,0.823297
2022_2023,V18,d0_b4,0,4,glcmw7_asm,0.314903
2022_2023,V18,d0_b4,0,4,glcmw7_contrast,0.47889
2022_2023,V18,d0_b4,0,4,glcmw7_entropy,1.69327
2022_2023,V18,d0_b4,0,4,glcmw7_correlation,0.715186
2022_2023,V18,d0_b4,0,4,glcmw7_homogeneity,0.823315
2022_2023,V18,d0_b4,0,4,rgb_glcm_asm,
2022_2023,V18,d0_b4,0,4,rgb_glcm_contrast,
2022_2023,V18,d0_b4,0,4,rgb_glcm_correlation,
2022_2023,V18,d0_b4,0,4,rgb_glcm_variance,
2022_2023,V18,d0_b4,0,4,rgb_glcm_idm,
2022_2023,V18,d0_b4,0,4,rgb_glcm_sum_average,
2022_2023,V18,d0_b4,0,4,rgb_glcm_sum_variance,
2022_2023,V18,d0_b4,0,4,rgb_glcm_sum_entropy,
2022_2023,V18,d0_b4,0,4,rgb_glcm_entropy,
2022_2023,V18,d0_b4,0,4,rgb_glcm_diff_entropy,
2022_2023,V18,d0_b4,0,4,rgb_glcm_imc1,
2022_2023,V18,d0_b4,0,4,rgb_glcm_imc2,
2022_2023,V18,d0_b4,0,4,rgb_glcm_mcc,
2022_2023,V18,d0_b4,0,4,rgb_glcm_dissimilarity,
2022_2023,V18,d0_b4,0,4,rgb_glcm_inertia,
2022_2023,V18,d0_b4,0,4,rgb_glcm_cluster_shade,
2022_2023,V18,d0_b4,0,4,rgb_glcm_cluster_prominence,
2022_2023,V18,d0_b4,0,4,rgb_glcm_homogeneity,
2022_2023,V18,d0_b4,0,4,rgb_glcmw3_asm,
2022_2023,V18,d0_b4,0,4,rgb_glcmw3_contrast,
2022_2023,V18,d0_b4,0,4,rgb_glcmw3_entropy,
2022_2023,V18,d0_b4,0,4,rgb_glcmw3_correlation,
2022_2023,V18,d0_b4,0,4,rgb_glcmw3_homogeneity,
2022_2023,V18,d0_b4,0,4,rgb_glcmw5_asm,
2022_2023,V18,d0_b4,0,4,rgb_glcmw5_contrast,
2022_2023,V18,d0_b4,0,4,rgb_glcmw5_entropy,
2022_2023,V18,d0_b4,0,4,rgb_glcmw5_correlation,
2022_2023,V18,d0_b4,0,4,rgb_glcmw5_homogeneity,
2022_2023,V18,d0_b4,0,4,rgb_glcmw7_asm,
2022_2023,V18,d0_b4,0,4,rgb_glcmw7_contrast,
2022_2023,V18,d0_b4,0,4,rgb_glcmw7_entropy,
2022_2023,V18,d0_b4,0,4,rgb_glcmw7_correlation,
2022_2023,V18,d0_b4,0,4,rgb_glcmw7_homogeneity,
2022_2023,V18,d50_b1,50,1,NDVI,0.748487
2022_2023,V18,d50_b1,50,1,GNDVI,0.0868095
2022_2023,V18,d50_b1,50,1,NDRE,0.286665
2022_2023,V18,d50_b1,50,1,CIrededge,0.832891
2022_2023,V18,d50_b1,50,1,SAVI,0.569648
2022_2023,V18,d50_b1,50,1,EVI,16.857
2022_2023,V18,d50_b1,50,1,VARI,48.4241
2022_2023,V18,d50_b1,50,1,TGI,0.229857
2022_2023,V18,d50_b1,50,1,spec_mean,0.295435
2022_2023,V18,d50_b1,50,1,spec_std,0.224039
2022_2023,V18,d50_b1,50,1,spec_p10,0.0459951
2022_2023,V18,d50_b1,50,1,spec_p50,0.240776
2022_2023,V18,d50_b1,50,1,spec_p90,0.634233
2022_2023,V18,d50_b1,50,1,glcm_asm,0.0295917
2022_2023,V18,d50_b1,50,1,glcm_contrast,1.68323
2022_2023,V18,d50_b1,50,1,glcm_correlation,0.958538
2022_2023,V18,d50_b1,50,1,glcm_variance,20.2908
2022_2023,V18,d50_b1,50,1,glcm_idm,0.665558
2022_2023,V18,d50_b1,50,1,glcm_sum_average,12.2257
2022_2023,V18,d50_b1,50,1,glcm_sum_variance,159.013
2022_2023,V18,d50_b1,50,1,glcm_sum_entropy,3.30843
2022_2023,V18,d50_b1,50,1,glcm_entropy,4.15428
2022_2023,V18,d50_b1,50,1,glcm_diff_entropy,1.21781
2022_2023,V18,d50_b1,50,1,glcm_imc1,-0.452062
2022_2023,V18,d50_b1,50,1,glcm_imc2,0.95477
2022_2023,V18,d50_b1,50,1,glcm_mcc,0.961169
2022_2023,V18,d50_b1,50,1,glcm_dissimilarity,0.825492
2022_2023,V18,d50_b1,50,1,glcm_inertia,1.68323
2022_2023,V18,d50_b1,50,1,glcm_cluster_shade,103.132
2022_2023,V18,d50_b1,50,1,glcm_cluster_prominence,11180
2022_2023,V18,d50_b1,50,1,glcm_homogeneity,0.690522
2022_2023,V18,d50_b1,50,1,glcmw3_asm,0.48616
2022_2023,V18,d50_b1,50,1,glcmw3_contrast,0.463383
2022_2023,V18,d50_b1,50,1,glcmw3_entropy,0.988109
2022_2023,V18,d50_b1,50,1,glcmw3_correlation,0.42556
2022_2023,V18,d50_b1,50,1,glcmw3_homogeneity,0.825153
2022_2023,V18,d50_b1,50,1,glcmw5_asm,0.371653
2022_2023,V18,d50_b1,50,1,glcmw5_contrast,0.463373
2022_2023,V18,d50_b1,50,1,glcmw5_entropy,1.42458
2022_2023,V18,d50_b1,50,1,glcmw5_correlation,0.610934
2022_2023,V18,d50_b1,50,1,glcmw5_homogeneity,0.825161
2022_2023,V18,d50_b1,50,1,glcmw7_asm,0.314409
2022_2023,V18,d50_b1,50,1,glcmw7_contrast,0.463367
2022_2023,V18,d50_b1,50,1,glcmw7_entropy,1.69325
2022_2023,V18,d50_b1,50,1,glcmw7_correlation,0.704119
2022_2023,V18,d50_b1,50,1,glcmw7_homogeneity,0.825157
2022_2023,V18,d50_b1,50,1,rgb_glcm_asm,
2022_2023,V18,d50_b1,50,1,rgb_glcm_contrast,
2022_2023,V18,d50_b1,50,1,rgb_glcm_correlation,
2022_2023,V18,d50_b1,50,1,rgb_glcm_variance,
2022_2023,V18,d50_b1,50,1,rgb_glcm_idm,
2022_2023,V18,d50_b1,50,1,rgb_glcm_sum_average,
2022_2023,V18,d50_b1,50,1,rgb_glcm_sum_variance,
2022_2023,V18,d50_b1,50,1,rgb_glcm_sum_entropy,
2022_2023,V18,d50_b1,50,1,rgb_glcm_entropy,
2022_2023,V18,d50_b1,50,1,rgb_glcm_diff_entropy,
2022_2023,V18,d50_b1,50,1,rgb_glcm_imc1,
2022_2023,V18,d50_b1,50,1,rgb_glcm_imc2,
2022_2023,V18,d50_b1,50,1,rgb_glcm_mcc,
2022_2023,V18,d50_b1,50,1,rgb_glcm_dissimilarity,
2022_2023,V18,d50_b1,50,1,rgb_glcm_inertia,
2022_2023,V18,d50_b1,50,1,rgb_glcm_cluster_shade,
2022_2023,V18,d50_b1,50,1,rgb_glcm_cluster_prominence,
2022_2023,V18,d50_b1,50,1,rgb_glcm_homogeneity,
2022_2023,V18,d50_b1,50,1,rgb_glcmw3_asm,
2022_2023,V18,d50_b1,50,1,rgb_glcmw3_contrast,
2022_2023,V18,d50_b1,50,1,rgb_glcmw3_entropy,
2022_2023,V18,d50_b1,50,1,rgb_glcmw3_correlation,
2022_2023,V18,d50_b1,50,1,rgb_glcmw3_homogeneity,
2022_2023,V18,d50_b1,50,1,rgb_glcmw5_asm,
2022_2023,V18,d50_b1,50,1,rgb_glcmw5_contrast,
2022_2023,V18,d50_b1,50,1,rgb_glcmw5_entropy,
2022_2023,V18,d50_b1,50,1,rgb_glcmw5_correlation,
2022_2023,V18,d50_b1,50,1,rgb_glcmw5_homogeneity,
2022_2023,V18,d50_b1,50,1,rgb_glcmw7_asm,
2022_2023,V18,d50_b1,50,1,rgb_glcmw7_contrast,
2022_2023,V18,d50_b1,50,1,rgb_glcmw7_entropy,
2022_2023,V18,d50_b1,50,1,rgb_glcmw7_correlation,
2022_2023,V18,d50_b1,50,1,rgb_glcmw7_homogeneity,
2022_2023,V18,d50_b2,50,2,NDVI,0.773464
2022_2023,V18,d50_b2,50,2,GNDVI,0.154864
2022_2023,V18,d50_b2,50,2,NDRE,0.323406
2022_2023,V18,d50_b2,50,2,CIrededge,1.00567
2022_2023,V18,d50_b2,50,2,SAVI,0.610376
2022_2023,V18,d50_b2,50,2,EVI,1.81989
2022_2023,V18,d50_b2,50,2,VARI,3.91665
2022_2023,V18,d50_b2,50,2,TGI,0.227786
2022_2023,V18,d50_b2,50,2,spec_mean,0.291993
2022_2023,V18,d50_b2,50,2,spec_std,0.235222
2022_2023,V18,d50_b2,50,2,spec_p10,0.0450024
2022_2023,V18,d50_b2,50,2,spec_p50,0.227604
2022_2023,V18,d50_b2,50,2,spec_p90,0.659718
2022_2023,V18,d50_b2,50,2,glcm_asm,0.0272216
2022_2023,V18,d50_b2,50,2,glcm_contrast,1.61222
2022_2023,V18,d50_b2,50,2,glcm_correlation,0.960475
2022_2023,V18,d50_b2,50,2,glcm_variance,20.3759
2022_2023,V18,d50_b2,50,2,glcm_idm,0.676315
2022_2023,V18,d50_b2,50,2,glcm_sum_average,13.529
2022_2023,V18,d50_b2,50,2,glcm_sum_variance,184.641
2022_2023,V18,d50_b2,50,2,glcm_sum_entropy,3.31569
2022_2023,V18,d50_b2,50,2,glcm_entropy,4.1288
2022_2023,V18,d50_b2,50,2,glcm_diff_entropy,1.20045
2022_2023,V18,d50_b2,50,2,glcm_imc1,-0.463037
2022_2023,V18,d50_b2,50,2,glcm_imc2,0.957499
2022_2023,V18,d50_b2,50,2,glcm_mcc,0.9641
2022_2023,V18,d50_b2,50,2,glcm_dissimilarity,0.797752
2022_2023,V18,d50_b2,50,2,glcm_inertia,1.61222
2022_2023,V18,d50_b2,50,2,glcm_cluster_shade,-29.9915
2022_2023,V18,d50_b2,50,2,glcm_cluster_prominence,10988.6
2022_2023,V18,d50_b2,50,2,glcm_homogeneity,0.700524
2022_2023,V18,d50_b2,50,2,glcmw3_asm,0.490643
2022_2023,V18,d50_b2,50,2,glcmw3_contrast,0.450966
2022_2023,V18,d50_b2,50,2,glcmw3_entropy,0.974818
2022_2023,V18,d50_b2,50,2,glcmw3_correlation,0.430869
2022_2023,V18,d50_b2,50,2,glcmw3_homogeneity,0.828007
2022_2023,V18,d50_b2,50,2,glcmw5_asm,0.374882
2022_2023,V18,d50_b2,50,2,glcmw5_contrast,0.450963
2022_2023,V18,d50_b2,50,2,glcmw5_entropy,1.40953
2022_2023,V18,d50_b2,50,2,glcmw5_correlation,0.61654
2022_2023,V18,d50_b2,50,2,glcmw5_homogeneity,0.828002
2022_2023,V18,d50_b2,50,2,glcmw7_asm,0.316368
2022_2023,V18,d50_b2,50,2,glcmw7_contrast,0.450963
2022_2023,V18,d50_b2,50,2,glcmw7_entropy,1.67986
2022_2023,V18,d50_b2,50,2,glcmw7_correlation,0.70742
2022_2023,V18,d50_b2,50,2,glcmw7_homogeneity,0.827993
2022_2023,V18,d50_b2,50,2,rgb_glcm_asm,
2022_2023,V18,d50_b2,50,2,rgb_glcm_contrast,
2022_2023,V18,d50_b2,50,2,rgb_glcm_correlation,
2022_2023,V18,d50_b2,50,2,rgb_glcm_variance,
2022_2023,V18,d50_b2,50,2,rgb_glcm_idm,
2022_2023,V18,d50_b2,50,2,rgb_glcm_sum_average,
2022_2023,V18,d50_b2,50,2,rgb_glcm_sum_variance,
2022_2023,V18,d50_b2,50,2,rgb_glcm_sum_entropy,
2022_2023,V18,d50_b2,50,2,rgb_glcm_entropy,
2022_2023,V18,d50_b2,50,2,rgb_glcm_diff_entropy,
2022_2023,V18,d50_b2,50,2,rgb_glcm_imc1,
2022_2023,V18,d50_b2,50,2,rgb_glcm_imc2,
2022_2023,V18,d50_b2,50,2,rgb_glcm_mcc,
2022_2023,V18,d50_b2,50,2,rgb_glcm_dissimilarity,
2022_2023,V18,d50_b2,50,2,rgb_glcm_inertia,
2022_2023,V18,d50_b2,50,2,rgb_glcm_cluster_shade,
2022_2023,V18,d50_b2,50,2,rgb_glcm_cluster_prominence,
2022_2023,V18,d50_b2,50,2,rgb_glcm_homogeneity,
2022_2023,V18,d50_b2,50,2,rgb_glcmw3_asm,
2022_2023,V18,d50_b2,50,2,rgb_glcmw3_contrast,
2022_2023,V18,d50_b2,50,2,rgb_glcmw3_entropy,
2022_2023,V18,d50_b2,50,2,rgb_glcmw3_correlation,
2022_2023,V18,d50_b2,50,2,rgb_glcmw3_homogeneity,
2022_2023,V18,d50_b2,50,2,rgb_glcmw5_asm,
2022_2023,V18,d50_b2,50,2,rgb_glcmw5_contrast,
2022_2023,V18,d50_b2,50,2,rgb_glcmw5_entropy,
2022_2023,V18,d50_b2,50,2,rgb_glcmw5_correlation,
2022_2023,V18,d50_b2,50,2,rgb_glcmw5_homogeneity,
2022_2023,V18,d50_b2,50,2,rgb_glcmw7_asm,
2022_2023,V18,d50_b2,50,2,rgb_glcmw7_contrast,
2022_2023,V18,d50_b2,50,2,rgb_glcmw7_entropy,
2022_2023,V18,d50_b2,50,2,rgb_glcmw7_correlation,
2022_2023,V18,d50_b2,50,2,rgb_glcmw7_homogeneity,
2022_2023,V18,d50_b3,50,3,NDVI,0.771669
2022_2023,V18,d50_b3,50,3,GNDVI,0.0883305
2022_2023,V18,d50_b3,50,3,NDRE,0.305099
2022_2023,V18,d50_b3,50,3,CIrededge,8.79482
2022_2023,V18,d50_b3,50,3,SAVI,0.59828
2022_2023,V18,d50_b3,50,3,EVI,1.40698
2022_2023,V18,d50_b3,50,3,VARI,2.67725
2022_2023,V18,d50_b3,50,3,TGI,0.249272
2022_2023,V18,d50_b3,50,3,spec_mean,0.293844
2022_2023,V18,d50_b3,50,3,spec_std,0.234547
2022_2023,V18,d50_b3,50,3,spec_p10,0.0411218
2022_2023,V18,d50_b3,50,3,spec_p50,0.231212
2022_2023,V18,d50_b3,50,3,spec_p90,0.663227
2022_2023,V18,d50_b3,50,3,glcm_asm,0.0263672
2022_2023,V18,d50_b3,50,3,glcm_contrast,1.60548
2022_2023,V18,d50_b3,50,3,glcm_correlation,0.959852
2022_2023,V18,d50_b3,50,3,glcm_variance,20.0215
2022_2023,V18,d50_b3,50,3,glcm_idm,0.678792
2022_2023,V18,d50_b3,50,3,glcm_sum_average,13.5476
2022_2023,V18,d50_b3,50,3,glcm_sum_variance,183.099
2022_2023,V18,d50_b3,50,3,glcm_sum_entropy,3.32302
2022_2023,V18,d50_b3,50,3,glcm_entropy,4.14426
2022_2023,V18,d50_b3,50,3,glcm_diff_entropy,1.19724
2022_2023,V18,d50_b3,50,3,glcm_imc1,-0.461068
2022_2023,V18,d50_b3,50,3,glcm_imc2,0.957308
2022_2023,V18,d50_b3,50,3,glcm_mcc,0.961759
2022_2023,V18,d50_b3,50,3,glcm_dissimilarity,0.792334
2022_2023,V18,d50_b3,50,3,glcm_inertia,1.60548
2022_2023,V18,d50_b3,50,3,glcm_cluster_shade,-58.2353
2022_2023,V18,d50_b3,50,3,glcm_cluster_prominence,10795.5
2022_2023,V18,d50_b3,50,3,glcm_homogeneity,0.702503
2022_2023,V18,d50_b3,50,3,glcmw3_asm,0.497738
2022_2023,V18,d50_b3,50,3,glcmw3_contrast,0.446713
2022_2023,V18,d50_b3,50,3,glcmw3_entropy,0.958274
2022_2023,V18,d50_b3,50,3,glcmw3_correlation,0.423721
2022_2023,V18,d50_b3,50,3,glcmw3_homogeneity,0.83116
2022_2023,V18,d50_b3,50,3,glcmw5_asm,0.381376
2022_2023,V18,d50_b3,50,3,glcmw5_contrast,0.446516
2022_2023,V18,d50_b3,50,3,glcmw5_entropy,1.38617
2022_2023,V18,d50_b3,50,3,glcmw5_correlation,0.613994
2022_2023,V18,d50_b3,50,3,glcmw5_homogeneity,0.83118
2022_2023,V18,d50_b3,50,3,glcmw7_asm,0.322113
2022_2023,V18,d50_b3,50,3,glcmw7_contrast,0.44631
2022_2023,V18,d50_b3,50,3,glcmw7_entropy,1.65255
2022_2023,V18,d50_b3,50,3,glcmw7_correlation,0.706871
2022_2023,V18,d50_b3,50,3,glcmw7_homogeneity,0.831233
2022_2023,V18,d50_b3,50,3,rgb_glcm_asm,
2022_2023,V18,d50_b3,50,3,rgb_glcm_contrast,
2022_2023,V18,d50_b3,50,3,rgb_glcm_correlation,
2022_2023,V18,d50_b3,50,3,rgb_glcm_variance,
2022_2023,V18,d50_b3,50,3,rgb_glcm_idm,
2022_2023,V18,d50_b3,50,3,rgb_glcm_sum_average,
2022_2023,V18,d50_b3,50,3,rgb_glcm_sum_variance,
2022_2023,V18,d50_b3,50,3,rgb_glcm_sum_entropy,
2022_2023,V18,d50_b3,50,3,rgb_glcm_entropy,
2022_2023,V18,d50_b3,50,3,rgb_glcm_diff_entropy,
2022_2023,V18,d50_b3,50,3,rgb_glcm_imc1,
2022_2023,V18,d50_b3,50,3,rgb_glcm_imc2,
2022_2023,V18,d50_b3,50,3,rgb_glcm_mcc,
2022_2023,V18,d50_b3,50,3,rgb_glcm_dissimilarity,
2022_2023,V18,d50_b3,50,3,rgb_glcm_inertia,
2022_2023,V18,d50_b3,50,3,rgb_glcm_cluster_shade,
2022_2023,V18,d50_b3,50,3,rgb_glcm_cluster_prominence,
2022_2023,V18,d50_b3,50,3,rgb_glcm_homogeneity,
2022_2023,V18,d50_b3,50,3,rgb_glcmw3_asm,
2022_2023,V18,d50_b3,50,3,rgb_glcmw3_contrast,
2022_2023,V18,d50_b3,50,3,rgb_glcmw3_entropy,
2022_2023,V18,d50_b3,50,3,rgb_glcmw3_correlation,
2022_2023,V18,d50_b3,50,3,rgb_glcmw3_homogeneity,
2022_2023,V18,d50_b3,50,3,rgb_glcmw5_asm,
2022_2023,V18,d50_b3,50,3,rgb_glcmw5_contrast,
2022_2023,V18,d50_b3,50,3,rgb_glcmw5_entropy,
2022_2023,V18,d50_b3,50,3,rgb_glcmw5_correlation,
2022_2023,V18,d50_b3,50,3,rgb_glcmw5_homogeneity,
2022_2023,V18,d50_b3,50,3,rgb_glcmw7_asm,
2022_2023,V18,d50_b3,50,3,rgb_glcmw7_contrast,
2022_2023,V18,d50_b3,50,3,rgb_glcmw7_entropy,
2022_2023,V18,d50_b3,50,3,rgb_glcmw7_correlation,
2022_2023,V18,d50_b3,50,3,rgb_glcmw7_homogeneity,
2022_2023,V18,d50_b4,50,4,NDVI,0.774757
2022_2023,V18,d50_b4,50,4,GNDVI,0.187411
2022_2023,V18,d50_b4,50,4,NDRE,0.293272
2022_2023,V18,d50_b4,50,4,CIrededge,0.85593
2022_2023,V18,d50_b4,50,4,SAVI,0.619365
2022_2023,V18,d50_b4,50,4,EVI,2.4517
2022_2023,V18,d50_b4,50,4,VARI,1.75568
2022_2023,V18,d50_b4,50,4,TGI,0.23276
2022_2023,V18,d50_b4,50,4,spec_mean,0.29939
2022_2023,V18,d50_b4,50,4,spec_std,0.238624
2022_2023,V18,d50_b4,50,4,spec_p10,0.0491201
2022_2023,V18,d50_b4,50,4,spec_p50,0.234849
2022_2023,V18,d50_b4,50,4,spec_p90,0.676745
2022_2023,V18,d50_b4,50,4,glcm_asm,0.0236023
2022_2023,V18,d50_b4,50,4,glcm_contrast,1.81658
2022_2023,V18,d50_b4,50,4,glcm_correlation,0.953405
2022_2023,V18,d50_b4,50,4,glcm_variance,19.6093
2022_2023,V18,d50_b4,50,4,glcm_idm,0.656691
2022_2023,V18,d50_b4,50,4,glcm_sum_average,13.7767
2022_2023,V18,d50_b4,50,4,glcm_sum_variance,186.187
2022_2023,V18,d50_b4,50,4,glcm_sum_entropy,3.33828
2022_2023,V18,d50_b4,50,4,glcm_entropy,4.21839
2022_2023,V18,d50_b4,50,4,glcm_diff_entropy,1.24658
2022_2023,V18,d50_b4,50,4,glcm_imc1,-0.437253
2022_2023,V18,d50_b4,50,4,glcm_imc2,0.951574
2022_2023,V18,d50_b4,50,4,glcm_mcc,0.956752
2022_2023,V18,d50_b4,50,4,glcm_dissimilarity,0.860089
2022_2023,V18,d50_b4,50,4,glcm_inertia,1.81658
2022_2023,V18,d50_b4,50,4,glcm_cluster_shade,-83.5552
2022_2023,V18,d50_b4,50,4,glcm_cluster_prominence,10688.1
2022_2023,V18,d50_b4,50,4,glcm_homogeneity,0.683238
2022_2023,V18,d50_b4,50,4,glcmw3_asm,0.46545
2022_2023,V18,d50_b4,50,4,glcmw3_contrast,0.497995
2022_2023,V18,d50_b4,50,4,glcmw3_entropy,1.02881
2022_2023,V18,d50_b4,50,4,glcmw3_correlation,0.452169
2022_2023,V18,d50_b4,50,4,glcmw3_homogeneity,0.816867
2022_2023,V18,d50_b4,50,4,glcmw5_asm,0.345745
2022_2023,V18,d50_b4,50,4,glcmw5_contrast,0.497997
2022_2023,V18,d50_b4,50,4,glcmw5_entropy,1.4875
2022_2023,V18,d50_b4,50,4,glcmw5_correlation,0.64285
2022_2023,V18,d50_b4,50,4,glcmw5_homogeneity,0.816857
2022_2023,V18,d50_b4,50,4,glcmw7_asm,0.285279
2022_2023,V18,d50_b4,50,4,glcmw7_contrast,0.497999
2022_2023,V18,d50_b4,50,4,glcmw7_entropy,1.77372
2022_2023,V18,d50_b4,50,4,glcmw7_correlation,0.733792
2022_2023,V18,d50_b4,50,4,glcmw7_homogeneity,0.816843
2022_2023,V18,d50_b4,50,4,rgb_glcm_asm,
2022_2023,V18,d50_b4,50,4,rgb_glcm_contrast,
2022_2023,V18,d50_b4,50,4,rgb_glcm_correlation,
2022_2023,V18,d50_b4,50,4,rgb_glcm_variance,
2022_2023,V18,d50_b4,50,4,rgb_glcm_idm,
2022_2023,V18,d50_b4,50,4,rgb_glcm_sum_average,
2022_2023,V18,d50_b4,50,4,rgb_glcm_sum_variance,
2022_2023,V18,d50_b4,50,4,rgb_glcm_sum_entropy,
2022_2023,V18,d50_b4,50,4,rgb_glcm_entropy,
2022_2023,V18,d50_b4,50,4,rgb_glcm_diff_entropy,
2022_2023,V18,d50_b4,50,4,rgb_glcm_imc1,
2022_2023,V18,d50_b4,50,4,rgb_glcm_imc2,
2022_2023,V18,d50_b4,50,4,rgb_glcm_mcc,
2022_2023,V18,d50_b4,50,4,rgb_glcm_dissimilarity,
2022_2023,V18,d50_b4,50,4,rgb_glcm_inertia,
2022_2023,V18,d50_b4,50,4,rgb_glcm_cluster_shade,
2022_2023,V18,d50_b4,50,4,rgb_glcm_cluster_prominence,
2022_2023,V18,d50_b4,50,4,rgb_glcm_homogeneity,
2022_2023,V18,d50_b4,50,4,rgb_glcmw3_asm,
2022_2023,V18,d50_b4,50,4,rgb_glcmw3_contrast,
2022_2023,V18,d50_b4,50,4,rgb_glcmw3_entropy,
2022_2023,V18,d50_b4,50,4,rgb_glcmw3_correlation,
2022_2023,V18,d50_b4,50,4,rgb_glcmw3_homogeneity,
2022_2023,V18,d50_b4,50,4,rgb_glcmw5_asm,
2022_2023,V18,d50_b4,50,4,rgb_glcmw5_contrast,
2022_2023,V18,d50_b4,50,4,rgb_glcmw5_entropy,
2022_2023,V18,d50_b4,50,4,rgb_glcmw5_correlation,
2022_2023,V18,d50_b4,50,4,rgb_glcmw5_homogeneity,
2022_2023,V18,d50_b4,50,4,rgb_glcmw7_asm,
2022_2023,V18,d50_b4,50,4,rgb_glcmw7_contrast,
2022_2023,V18,d50_b4,50,4,rgb_glcmw7_entropy,
2022_2023,V18,d50_b4,50,4,rgb_glcmw7_correlation,
2022_2023,V18,d50_b4,50,4,rgb_glcmw7_homogeneity,
2022_2023,V18,d100_b1,100,1,NDVI,0.794294
2022_2023,V18,d100_b1,100,1,GNDVI,0.126871
2022_2023,V18,d100_b1,100,1,NDRE,0.32372
2022_2023,V18,d100_b1,100,1,CIrededge,0.992327
2022_2023,V18,d100_b1,100,1,SAVI,0.619899
2022_2023,V18,d100_b1,100,1,EVI,-2.40628
2022_2023,V18,d100_b1,100,1,VARI,1.74716
2022_2023,V18,d100_b1,100,1,TGI,0.246163
2022_2023,V18,d100_b1,100,1,spec_mean,0.297018
2022_2023,V18,d100_b1,100,1,spec_std,0.235607
2022_2023,V18,d100_b1,100,1,spec_p10,0.0404207
2022_2023,V18,d100_b1,100,1,spec_p50,0.237151
2022_2023,V18,d100_b1,100,1,spec_p90,0.665718
2022_2023,V18,d100_b1,100,1,glcm_asm,0.028624
2022_2023,V18,d100_b1,100,1,glcm_contrast,1.60677
2022_2023,V18,d100_b1,100,1,glcm_correlation,0.960408
2022_2023,V18,d100_b1,100,1,glcm_variance,20.3034
2022_2023,V18,d100_b1,100,1,glcm_idm,0.670008
2022_2023,V18,d100_b1,100,1,glcm_sum_average,13.6814
2022_2023,V18,d100_b1,100,1,glcm_sum_variance,187.306
2022_2023,V18,d100_b1,100,1,glcm_sum_entropy,3.30427
2022_2023,V18,d100_b1,100,1,glcm_entropy,4.13753
2022_2023,V18,d100_b1,100,1,glcm_diff_entropy,1.2007
2022_2023,V18,d100_b1,100,1,glcm_imc1,-0.455584
2022_2023,V18,d100_b1,100,1,glcm_imc2,0.955439
2022_2023,V18,d100_b1,100,1,glcm_mcc,0.964992
2022_2023,V18,d100_b1,100,1,glcm_dissimilarity,0.807052
2022_2023,V18,d100_b1,100,1,glcm_inertia,1.60677
2022_2023,V18,d100_b1,100,1,glcm_cluster_shade,-108.512
2022_2023,V18,d100_b1,100,1,glcm_cluster_prominence,11341.5
2022_2023,V18,d100_b1,100,1,glcm_homogeneity,0.693963
2022_2023,V18,d100_b1,100,1,glcmw3_asm,0.480431
2022_2023,V18,d100_b1,100,1,glcmw3_contrast,0.451061
2022_2023,V18,d100_b1,100,1,glcmw3_entropy,0.993339
2022_2023,V18,d100_b1,100,1,glcmw3_correlation,0.428399
2022_2023,V18,d100_b1,100,1,glcmw3_homogeneity,0.826682
2022_2023,V18,d100_b1,100,1,glcmw5_asm,0.363804
2022_2023,V18,d100_b1,100,1,glcmw5_contrast,0.451049
2022_2023,V18,d100_b1,100,1,glcmw5_entropy,1.43321
2022_2023,V18,d100_b1,100,1,glcmw5_correlation,0.614278
2022_2023,V18,d100_b1,100,1,glcmw5_homogeneity,0.826693
2022_2023,V18,d100_b1,100,1,glcmw7_asm,0.305958
2022_2023,V18,d100_b1,100,1,glcmw7_contrast,0.450942
2022_2023,V18,d100_b1,100,1,glcmw7_entropy,1.70319
2022_2023,V18,d100_b1,100,1,glcmw7_correlation,0.705896
2022_2023,V18,d100_b1,100,1,glcmw7_homogeneity,0.826743
2022_2023,V18,d100_b1,100,1,rgb_glcm_asm,
2022_2023,V18,d100_b1,100,1,rgb_glcm_contrast,
2022_2023,V18,d100_b1,100,1,rgb_glcm_correlation,
2022_2023,V18,d100_b1,100,1,rgb_glcm_variance,
2022_2023,V18,d100_b1,100,1,rgb_glcm_idm,
2022_2023,V18,d100_b1,100,1,rgb_glcm_sum_average,
2022_2023,V18,d100_b1,100,1,rgb_glcm_sum_variance,
2022_2023,V18,d100_b1,100,1,rgb_glcm_sum_entropy,
2022_2023,V18,d100_b1,100,1,rgb_glcm_entropy,
2022_2023,V18,d100_b1,100,1,rgb_glcm_diff_entropy,
2022_2023,V18,d100_b1,100,1,rgb_glcm_imc1,
2022_2023,V18,d100_b1,100,1,rgb_glcm_imc2,
2022_2023,V18,d100_b1,100,1,rgb_glcm_mcc,
2022_2023,V18,d100_b1,100,1,rgb_glcm_dissimilarity,
2022_2023,V18,d100_b1,100,1,rgb_glcm_inertia,
2022_2023,V18,d100_b1,100,1,rgb_glcm_cluster_shade,
2022_2023,V18,d100_b1,100,1,rgb_glcm_cluster_prominence,
2022_2023,V18,d100_b1,100,1,rgb_glcm_homogeneity,
2022_2023,V18,d100_b1,100,1,rgb_glcmw3_asm,
2022_2023,V18,d100_b1,100,1,rgb_glcmw3_contrast,
2022_2023,V18,d100_b1,100,1,rgb_glcmw3_entropy,
2022_2023,V18,d100_b1,100,1,rgb_glcmw3_correlation,
2022_2023,V18,d100_b1,100,1,rgb_glcmw3_homogeneity,
2022_2023,V18,d100_b1,100,1,rgb_glcmw5_asm,
2022_2023,V18,d100_b1,100,1,rgb_glcmw5_contrast,
2022_2023,V18,d100_b1,100,1,rgb_glcmw5_entropy,
2022_2023,V18,d100_b1,100,1,rgb_glcmw5_correlation,
2022_2023,V18,d100_b1,100,1,rgb_glcmw5_homogeneity,
2022_2023,V18,d100_b1,100,1,rgb_glcmw7_asm,
2022_2023,V18,d100_b1,100,1,rgb_glcmw7_contrast,
2022_2023,V18,d100_b1,100,1,rgb_glcmw7_entropy,
2022_2023,V18,d100_b1,100,1,rgb_glcmw7_correlation,
2022_2023,V18,d100_b1,100,1,rgb_glcmw7_homogeneity,
2022_2023,V18,d100_b2,100,2,NDVI,0.764044
2022_2023,V18,d100_b2,100,2,GNDVI,0.13176
2022_2023,V18,d100_b2,100,2,NDRE,0.302703
2022_2023,V18,d100_b2,100,2,CIrededge,0.903462
2022_2023,V18,d100_b2,100,2,SAVI,0.594602
2022_2023,V18,d100_b2,100,2,EVI,-0.0136071
2022_2023,V18,d100_b2,100,2,VARI,0.316234
2022_2023,V18,d100_b2,100,2,TGI,0.231056
2022_2023,V18,d100_b2,100,2,spec_mean,0.292861
2022_2023,V18,d100_b2,100,2,spec_std,0.230183
2022_2023,V18,d100_b2,100,2,spec_p10,0.0448698
2022_2023,V18,d100_b2,100,2,spec_p50,0.233392
2022_2023,V18,d100_b2,100,2,spec_p90,0.651924
2022_2023,V18,d100_b2,100,2,glcm_asm,0.0261829
2022_2023,V18,d100_b2,100,2,glcm_contrast,1.56296
2022_2023,V18,d100_b2,100,2,glcm_correlation,0.959586
2022_2023,V18,d100_b2,100,2,glcm_variance,19.3398
2022_2023,V18,d100_b2,100,2,glcm_idm,0.680467
2022_2023,V18,d100_b2,100,2,glcm_sum_average,13.3379
2022_2023,V18,d100_b2,100,2,glcm_sum_variance,176.007
2022_2023,V18,d100_b2,100,2,glcm_sum_entropy,3.32765
2022_2023,V18,d100_b2,100,2,glcm_entropy,4.14613
2022_2023,V18,d100_b2,100,2,glcm_diff_entropy,1.18656
2022_2023,V18,d100_b2,100,2,glcm_imc1,-0.462124
2022_2023,V18,d100_b2,100,2,glcm_imc2,0.957718
2022_2023,V18,d100_b2,100,2,glcm_mcc,0.963224
2022_2023,V18,d100_b2,100,2,glcm_dissimilarity,0.782291
2022_2023,V18,d100_b2,100,2,glcm_inertia,1.56296
2022_2023,V18,d100_b2,100,2,glcm_cluster_shade,-31.1998
2022_2023,V18,d100_b2,100,2,glcm_cluster_prominence,10242.7
2022_2023,V18,d100_b2,100,2,glcm_homogeneity,0.70353
2022_2023,V18,d100_b2,100,2,glcmw3_asm,0.499987
2022_2023,V18,d100_b2,100,2,glcmw3_contrast,0.436311
2022_2023,V18,d100_b2,100,2,glcmw3_entropy,0.953928
2022_2023,V18,d100_b2,100,2,glcmw3_correlation,0.414871
2022_2023,V18,d100_b2,100,2,glcmw3_homogeneity,0.832745
2022_2023,V18,d100_b2,100,2,glcmw5_asm,0.384865
2022_2023,V18,d100_b2,100,2,glcmw5_contrast,0.436309
2022_2023,V18,d100_b2,100,2,glcmw5_entropy,1.37867
2022_2023,V18,d100_b2,100,2,glcmw5_correlation,0.602957
2022_2023,V18,d100_b2,100,2,glcmw5_homogeneity,0.832735
2022_2023,V18,d100_b2,100,2,glcmw7_asm,0.326359
2022_2023,V18,d100_b2,100,2,glcmw7_contrast,0.436279
2022_2023,V18,d100_b2,100,2,glcmw7_entropy,1.6422
2022_2023,V18,d100_b2,100,2,glcmw7_correlation,0.696447
2022_2023,V18,d100_b2,100,2,glcmw7_homogeneity,0.832752
2022_2023,V18,d100_b2,100,2,rgb_glcm_asm,
2022_2023,V18,d100_b2,100,2,rgb_glcm_contrast,
2022_2023,V18,d100_b2,100,2,rgb_glcm_correlation,
2022_2023,V18,d100_b2,100,2,rgb_glcm_variance,
2022_2023,V18,d100_b2,100,2,rgb_glcm_idm,
2022_2023,V18,d100_b2,100,2,rgb_glcm_sum_average,
2022_2023,V18,d100_b2,100,2,rgb_glcm_sum_variance,
2022_2023,V18,d100_b2,100,2,rgb_glcm_sum_entropy,
2022_2023,V18,d100_b2,100,2,rgb_glcm_entropy,
2022_2023,V18,d100_b2,100,2,rgb_glcm_diff_entropy,
2022_2023,V18,d100_b2,100,2,rgb_glcm_imc1,
2022_2023,V18,d100_b2,100,2,rgb_glcm_imc2,
2022_2023,V18,d100_b2,100,2,rgb_glcm_mcc,
2022_2023,V18,d100_b2,100,2,rgb_glcm_dissimilarity,
2022_2023,V18,d100_b2,100,2,rgb_glcm_inertia,
2022_2023,V18,d100_b2,100,2,rgb_glcm_cluster_shade,
2022_2023,V18,d100_b2,100,2,rgb_glcm_cluster_prominence,
2022_2023,V18,d100_b2,100,2,rgb_glcm_homogeneity,
2022_2023,V18,d100_b2,100,2,rgb_glcmw3_asm,
2022_2023,V18,d100_b2,100,2,rgb_glcmw3_contrast,
2022_2023,V18,d100_b2,100,2,rgb_glcmw3_entropy,
2022_2023,V18,d100_b2,100,2,rgb_glcmw3_correlation,
2022_2023,V18,d100_b2,100,2,rgb_glcmw3_homogeneity,
2022_2023,V18,d100_b2,100,2,rgb_glcmw5_asm,
2022_2023,V18,d100_b2,100,2,rgb_glcmw5_contrast,
2022_2023,V18,d100_b2,100,2,rgb_glcmw5_entropy,
2022_2023,V18,d100_b2,100,2,rgb_glcmw5_correlation,
2022_2023,V18,d100_b2,100,2,rgb_glcmw5_homogeneity,
2022_2023,V18,d100_b2,100,2,rgb_glcmw7_asm,
2022_2023,V18,d100_b2,100,2,rgb_glcmw7_contrast,
2022_2023,V18,d100_b2,100,2,rgb_glcmw7_entropy,
2022_2023,V18,d100_b2,100,2,rgb_glcmw7_correlation,
2022_2023,V18,d100_b2,100,2,rgb_glcmw7_homogeneity,
2022_2023,V18,d100_b3,100,3,NDVI,0.796887
2022_2023,V18,d100_b3,100,3,GNDVI,0.171288
2022_2023,V18,d100_b3,100,3,NDRE,0.345229
2022_2023,V18,d100_b3,100,3,CIrededge,1.08979
2022_2023,V18,d100_b3,100,3,SAVI,0.641241
2022_2023,V18,d100_b3,100,3,EVI,3.53239
2022_2023,V18,d100_b3,100,3,VARI,1.95117
2022_2023,V18,d100_b3,100,3,TGI,0.240016
2022_2023,V18,d100_b3,100,3,spec_mean,0.296696
2022_2023,V18,d100_b3,100,3,spec_std,0.242294
2022_2023,V18,d100_b3,100,3,spec_p10,0.0407747
2022_2023,V18,d100_b3,100,3,spec_p50,0.231036
2022_2023,V18,d100_b3,100,3,spec_p90,0.694467
2022_2023,V18,d100_b3,100,3,glcm_asm,0.0300977
2022_2023,V18,d100_b3,100,3,glcm_contrast,1.66727
2022_2023,V18,d100_b3,100,3,glcm_correlation,0.962516
2022_2023,V18,d100_b3,100,3,glcm_variance,22.2433
2022_2023,V18,d100_b3,100,3,glcm_idm,0.681117
2022_2023,V18,d100_b3,100,3,glcm_sum_average,14.0285
2022_2023,V18,d100_b3,100,3,glcm_sum_variance,202.627
2022_2023,V18,d100_b3,100,3,glcm_sum_entropy,3.29463
2022_2023,V18,d100_b3,100,3,glcm_entropy,4.10184
2022_2023,V18,d100_b3,100,3,glcm_diff_entropy,1.20523
2022_2023,V18,d100_b3,100,3,glcm_imc1,-0.462742
2022_2023,V18,d100_b3,100,3,glcm_imc2,0.956737
2022_2023,V18,d100_b3,100,3,glcm_mcc,0.964507
2022_2023,V18,d100_b3,100,3,glcm_dissimilarity,0.795623
2022_2023,V18,d100_b3,100,3,glcm_inertia,1.66727
2022_2023,V18,d100_b3,100,3,glcm_cluster_shade,-144.64
2022_2023,V18,d100_b3,100,3,glcm_cluster_prominence,12718
2022_2023,V18,d100_b3,100,3,glcm_homogeneity,0.704796
2022_2023,V18,d100_b3,100,3,glcmw3_asm,0.507348
2022_2023,V18,d100_b3,100,3,glcmw3_contrast,0.45508
2022_2023,V18,d100_b3,100,3,glcmw3_entropy,0.940798
2022_2023,V18,d100_b3,100,3,glcmw3_correlation,0.422441
2022_2023,V18,d100_b3,100,3,glcmw3_homogeneity,0.833527
2022_2023,V18,d100_b3,100,3,glcmw5_asm,0.391396
2022_2023,V18,d100_b3,100,3,glcmw5_contrast,0.455015
2022_2023,V18,d100_b3,100,3,glcmw5_entropy,1.36569
2022_2023,V18,d100_b3,100,3,glcmw5_correlation,0.613743
2022_2023,V18,d100_b3,100,3,glcmw5_homogeneity,0.833535
2022_2023,V18,d100_b3,100,3,glcmw7_asm,0.331511
2022_2023,V18,d100_b3,100,3,glcmw7_contrast,0.455048
2022_2023,V18,d100_b3,100,3,glcmw7_entropy,1.6342
2022_2023,V18,d100_b3,100,3,glcmw7_correlation,0.705871
2022_2023,V18,d100_b3,100,3,glcmw7_homogeneity,0.833528
2022_2023,V18,d100_b3,100,3,rgb_glcm_asm,
2022_2023,V18,d100_b3,100,3,rgb_glcm_contrast,
2022_2023,V18,d100_b3,100,3,rgb_glcm_correlation,
2022_2023,V18,d100_b3,100,3,rgb_glcm_variance,
2022_2023,V18,d100_b3,100,3,rgb_glcm_idm,
2022_2023,V18,d100_b3,100,3,rgb_glcm_sum_average,
2022_2023,V18,d100_b3,100,3,rgb_glcm_sum_variance,
2022_2023,V18,d100_b3,100,3,rgb_glcm_sum_entropy,
2022_2023,V18,d100_b3,100,3,rgb_glcm_entropy,
2022_2023,V18,d100_b3,100,3,rgb_glcm_diff_entropy,
2022_2023,V18,d100_b3,100,3,rgb_glcm_imc1,
2022_2023,V18,d100_b3,100,3,rgb_glcm_imc2,
2022_2023,V18,d100_b3,100,3,rgb_glcm_mcc,
2022_2023,V18,d100_b3,100,3,rgb_glcm_dissimilarity,
2022_2023,V18,d100_b3,100,3,rgb_glcm_inertia,
2022_2023,V18,d100_b3,100,3,rgb_glcm_cluster_shade,
2022_2023,V18,d100_b3,100,3,rgb_glcm_cluster_prominence,
2022_2023,V18,d100_b3,100,3,rgb_glcm_homogeneity,
2022_2023,V18,d100_b3,100,3,rgb_glcmw3_asm,
2022_2023,V18,d100_b3,100,3,rgb_glcmw3_contrast,
2022_2023,V18,d100_b3,100,3,rgb_glcmw3_entropy,
2022_2023,V18,d100_b3,100,3,rgb_glcmw3_correlation,
2022_2023,V18,d100_b3,100,3,rgb_glcmw3_homogeneity,
2022_2023,V18,d100_b3,100,3,rgb_glcmw5_asm,
2022_2023,V18,d100_b3,100,3,rgb_glcmw5_contrast,
2022_2023,V18,d100_b3,100,3,rgb_glcmw5_entropy,
2022_2023,V18,d100_b3,100,3,rgb_glcmw5_correlation,
2022_2023,V18,d100_b3,100,3,rgb_glcmw5_homogeneity,
2022_2023,V18,d100_b3,100,3,rgb_glcmw7_asm,
2022_2023,V18,d100_b3,100,3,rgb_glcmw7_contrast,
2022_2023,V18,d100_b3,100,3,rgb_glcmw7_entropy,
2022_2023,V18,d100_b3,100,3,rgb_glcmw7_correlation,
2022_2023,V18,d100_b3,100,3,rgb_glcmw7_homogeneity,
2022_2023,V18,d100_b4,100,4,NDVI,0.815357
2022_2023,V18,d100_b4,100,4,GNDVI,0.182466
2022_2023,V18,d100_b4,100,4,NDRE,0.346295
2022_2023,V18,d100_b4,100,4,CIrededge,1.12725
2022_2023,V18,d100_b4,100,4,SAVI,0.626663
2022_2023,V18,d100_b4,100,4,EVI,2.23129
2022_2023,V18,d100_b4,100,4,VARI,3.6366
2022_2023,V18,d100_b4,100,4,TGI,0.226186
2022_2023,V18,d100_b4,100,4,spec_mean,0.277793
2022_2023,V18,d100_b4,100,4,spec_std,0.233931
2022_2023,V18,d100_b4,100,4,spec_p10,0.035295
2022_2023,V18,d100_b4,100,4,spec_p50,0.209372
2022_2023,V18,d100_b4,100,4,spec_p90,0.640369
2022_2023,V18,d100_b4,100,4,glcm_asm,0.0256689
2022_2023,V18,d100_b4,100,4,glcm_contrast,1.58093
2022_2023,V18,d100_b4,100,4,glcm_correlation,0.95447
2022_2023,V18,d100_b4,100,4,glcm_variance,17.4056
2022_2023,V18,d100_b4,100,4,glcm_idm,0.677159
2022_2023,V18,d100_b4,100,4,glcm_sum_average,13.3421
2022_2023,V18,d100_b4,100,4,glcm_sum_variance,168.605
2022_2023,V18,d100_b4,100,4,glcm_sum_entropy,3.31475
2022_2023,V18,d100_b4,100,4,glcm_entropy,4.14999
2022_2023,V18,d100_b4,100,4,glcm_diff_entropy,1.19035
2022_2023,V18,d100_b4,100,4,glcm_imc1,-0.4521
2022_2023,V18,d100_b4,100,4,glcm_imc2,0.954663
2022_2023,V18,d100_b4,100,4,glcm_mcc,0.957428
2022_2023,V18,d100_b4,100,4,glcm_dissimilarity,0.78987
2022_2023,V18,d100_b4,100,4,glcm_inertia,1.58093
2022_2023,V18,d100_b4,100,4,glcm_cluster_shade,-33.0259
2022_2023,V18,d100_b4,100,4,glcm_cluster_prominence,9204.68
2022_2023,V18,d100_b4,100,4,glcm_homogeneity,0.700323
2022_2023,V18,d100_b4,100,4,glcmw3_asm,0.486756
2022_2023,V18,d100_b4,100,4,glcmw3_contrast,0.443911
2022_2023,V18,d100_b4,100,4,glcmw3_entropy,0.978929
2022_2023,V18,d100_b4,100,4,glcmw3_correlation,0.41747
2022_2023,V18,d100_b4,100,4,glcmw3_homogeneity,0.829821
2022_2023,V18,d100_b4,100,4,glcmw5_asm,0.368988
2022_2023,V18,d100_b4,100,4,glcmw5_contrast,0.444012
2022_2023,V18,d100_b4,100,4,glcmw5_entropy,1.41241
2022_2023,V18,d100_b4,100,4,glcmw5_correlation,0.609901
2022_2023,V18,d100_b4,100,4,glcmw5_homogeneity,0.829791
2022_2023,V18,d100_b4,100,4,glcmw7_asm,0.309761
2022_2023,V18,d100_b4,100,4,glcmw7_contrast,0.443955
2022_2023,V18,d100_b4,100,4,glcmw7_entropy,1.67848
2022_2023,V18,d100_b4,100,4,glcmw7_correlation,0.703731
2022_2023,V18,d100_b4,100,4,glcmw7_homogeneity,0.829801
2022_2023,V18,d100_b4,100,4,rgb_glcm_asm,
2022_2023,V18,d100_b4,100,4,rgb_glcm_contrast,
2022_2023,V18,d100_b4,100,4,rgb_glcm_correlation,
2022_2023,V18,d100_b4,100,4,rgb_glcm_variance,
2022_2023,V18,d100_b4,100,4,rgb_glcm_idm,
2022_2023,V18,d100_b4,100,4,rgb_glcm_sum_average,
2022_2023,V18,d100_b4,100,4,rgb_glcm_sum_variance,
2022_2023,V18,d100_b4,100,4,rgb_glcm_sum_entropy,
2022_2023,V18,d100_b4,100,4,rgb_glcm_entropy,
2022_2023,V18,d100_b4,100,4,rgb_glcm_diff_entropy,
2022_2023,V18,d100_b4,100,4,rgb_glcm_imc1,
2022_2023,V18,d100_b4,100,4,rgb_glcm_imc2,
2022_2023,V18,d100_b4,100,4,rgb_glcm_mcc,
2022_2023,V18,d100_b4,100,4,rgb_glcm_dissimilarity,
2022_2023,V18,d100_b4,100,4,rgb_glcm_inertia,
2022_2023,V18,d100_b4,100,4,rgb_glcm_cluster_shade,
2022_2023,V18,d100_b4,100,4,rgb_glcm_cluster_prominence,
2022_2023,V18,d100_b4,100,4,rgb_glcm_homogeneity,
2022_2023,V18,d100_b4,100,4,rgb_glcmw3_asm,
2022_2023,V18,d100_b4,100,4,rgb_glcmw3_contrast,
2022_2023,V18,d100_b4,100,4,rgb_glcmw3_entropy,
2022_2023,V18,d100_b4,100,4,rgb_glcmw3_correlation,
2022_2023,V18,d100_b4,100,4,rgb_glcmw3_homogeneity,
2022_2023,V18,d100_b4,100,4,rgb_glcmw5_asm,
2022_2023,V18,d100_b4,100,4,rgb_glcmw5_contrast,
2022_2023,V18,d100_b4,100,4,rgb_glcmw5_entropy,
2022_2023,V18,d100_b4,100,4,rgb_glcmw5_correlation,
2022_2023,V18,d100_b4,100,4,rgb_glcmw5_homogeneity,
2022_2023,V18,d100_b4,100,4,rgb_glcmw7_asm,
2022_2023,V18,d100_b4,100,4,rgb_glcmw7_contrast,
2022_2023,V18,d100_b4,100,4,rgb_glcmw7_entropy,
2022_2023,V18,d100_b4,100,4,rgb_glcmw7_correlation,
2022_2023,V18,d100_b4,100,4,rgb_glcmw7_homogeneity,
2022_2023,V18,d200_b1,200,1,NDVI,0.817804
2022_2023,V18,d200_b1,200,1,GNDVI,0.150182
2022_2023,V18,d200_b1,200,1,NDRE,0.370733
2022_2023,V18,d200_b1,200,1,CIrededge,1.23866
2022_2023,V18,d200_b1,200,1,SAVI,0.644929
2022_2023,V18,d200_b1,200,1,EVI,5.52441
2022_2023,V18,d200_b1,200,1,VARI,1.84871
2022_2023,V18,d200_b1,200,1,TGI,0.241794
2022_2023,V18,d200_b1,200,1,spec_mean,0.29573
2022_2023,V18,d200_b1,200,1,spec_std,0.239965
2022_2023,V18,d200_b1,200,1,spec_p10,0.0354036
2022_2023,V18,d200_b1,200,1,spec_p50,0.231597
2022_2023,V18,d200_b1,200,1,spec_p90,0.680671
2022_2023,V18,d200_b1,200,1,glcm_asm,0.0282349
2022_2023,V18,d200_b1,200,1,glcm_contrast,1.55541
2022_2023,V18,d200_b1,200,1,glcm_correlation,0.961095
2022_2023,V18,d200_b1,200,1,glcm_variance,19.9661
2022_2023,V18,d200_b1,200,1,glcm_idm,0.672854
2022_2023,V18,d200_b1,200,1,glcm_sum_average,14.197
2022_2023,V18,d200_b1,200,1,glcm_sum_variance,197.103
2022_2023,V18,d200_b1,200,1,glcm_sum_entropy,3.30034
2022_2023,V18,d200_b1,200,1,glcm_entropy,4.12376
2022_2023,V18,d200_b1,200,1,glcm_diff_entropy,1.18953
2022_2023,V18,d200_b1,200,1,glcm_imc1,-0.45913
2022_2023,V18,d200_b1,200,1,glcm_imc2,0.956201
2022_2023,V18,d200_b1,200,1,glcm_mcc,0.967137
2022_2023,V18,d200_b1,200,1,glcm_dissimilarity,0.795023
2022_2023,V18,d200_b1,200,1,glcm_inertia,1.55541
2022_2023,V18,d200_b1,200,1,glcm_cluster_shade,-165.711
2022_2023,V18,d200_b1,200,1,glcm_cluster_prominence,11384
2022_2023,V18,d200_b1,200,1,glcm_homogeneity,0.696359
2022_2023,V18,d200_b1,200,1,glcmw3_asm,0.483741
2022_2023,V18,d200_b1,200,1,glcmw3_contrast,0.437779
2022_2023,V18,d200_b1,200,1,glcmw3_entropy,0.984616
2022_2023,V18,d200_b1,200,1,glcmw3_correlation,0.428736
2022_2023,V18,d200_b1,200,1,glcmw3_homogeneity,0.82924
2022_2023,V18,d200_b1,200,1,glcmw5_asm,0.366931
2022_2023,V18,d200_b1,200,1,glcmw5_contrast,0.437655
2022_2023,V18,d200_b1,200,1,glcmw5_entropy,1.4232
2022_2023,V18,d200_b1,200,1,glcmw5_correlation,0.613833
2022_2023,V18,d200_b1,200,1,glcmw5_homogeneity,0.829288
2022_2023,V18,d200_b1,200,1,glcmw7_asm,0.30959
2022_2023,V18,d200_b1,200,1,glcmw7_contrast,0.437622
2022_2023,V18,d200_b1,200,1,glcmw7_entropy,1.69319
2022_2023,V18,d200_b1,200,1,glcmw7_correlation,0.701457
2022_2023,V18,d200_b1,200,1,glcmw7_homogeneity,0.829295
2022_2023,V18,d200_b1,200,1,rgb_glcm_asm,
2022_2023,V18,d200_b1,200,1,rgb_glcm_contrast,
2022_2023,V18,d200_b1,200,1,rgb_glcm_correlation,
2022_2023,V18,d200_b1,200,1,rgb_glcm_variance,
2022_2023,V18,d200_b1,200,1,rgb_glcm_idm,
2022_2023,V18,d200_b1,200,1,rgb_glcm_sum_average,
2022_2023,V18,d200_b1,200,1,rgb_glcm_sum_variance,
2022_2023,V18,d200_b1,200,1,rgb_glcm_sum_entropy,
2022_2023,V18,d200_b1,200,1,rgb_glcm_entropy,
2022_2023,V18,d200_b1,200,1,rgb_glcm_diff_entropy,
2022_2023,V18,d200_b1,200,1,rgb_glcm_imc1,
2022_2023,V18,d200_b1,200,1,rgb_glcm_imc2,
2022_2023,V18,d200_b1,200,1,rgb_glcm_mcc,
2022_2023,V18,d200_b1,200,1,rgb_glcm_dissimilarity,
2022_2023,V18,d200_b1,200,1,rgb_glcm_inertia,
2022_2023,V18,d200_b1,200,1,rgb_glcm_cluster_shade,
2022_2023,V18,d200_b1,200,1,rgb_glcm_cluster_prominence,
2022_2023,V18,d200_b1,200,1,rgb_glcm_homogeneity,
2022_2023,V18,d200_b1,200,1,rgb_glcmw3_asm,
2022_2023,V18,d200_b1,200,1,rgb_glcmw3_contrast,
2022_2023,V18,d200_b1,200,1,rgb_glcmw3_entropy,
2022_2023,V18,d200_b1,200,1,rgb_glcmw3_correlation,
2022_2023,V18,d200_b1,200,1,rgb_glcmw3_homogeneity,
2022_2023,V18,d200_b1,200,1,rgb_glcmw5_asm,
2022_2023,V18,d200_b1,200,1,rgb_glcmw5_contrast,
2022_2023,V18,d200_b1,200,1,rgb_glcmw5_entropy,
2022_2023,V18,d200_b1,200,1,rgb_glcmw5_correlation,
2022_2023,V18,d200_b1,200,1,rgb_glcmw5_homogeneity,
2022_2023,V18,d200_b1,200,1,rgb_glcmw7_asm,
2022_2023,V18,d200_b1,200,1,rgb_glcmw7_contrast,
2022_2023,V18,d200_b1,200,1,rgb_glcmw7_entropy,
2022_2023,V18,d200_b1,200,1,rgb_glcmw7_correlation,
2022_2023,V18,d200_b1,200,1,rgb_glcmw7_homogeneity,
2022_2023,V18,d200_b2,200,2,NDVI,0.775012
2022_2023,V18,d200_b2,200,2,GNDVI,0.13322
2022_2023,V18,d200_b2,200,2,NDRE,0.349568
2022_2023,V18,d200_b2,200,2,CIrededge,789.17
2022_2023,V18,d200_b2,200,2,SAVI,0.5975
2022_2023,V18,d200_b2,200,2,EVI,-1.12203
2022_2023,V18,d200_b2,200,2,VARI,-16.9277
2022_2023,V18,d200_b2,200,2,TGI,0.213168
2022_2023,V18,d200_b2,200,2,spec_mean,0.28297
2022_2023,V18,d200_b2,200,2,spec_std,0.236059
2022_2023,V18,d200_b2,200,2,spec_p10,0.0371631
2022_2023,V18,d200_b2,200,2,spec_p50,0.216367
2022_2023,V18,d200_b2,200,2,spec_p90,0.660441
2022_2023,V18,d200_b2,200,2,glcm_asm,0.0288835
2022_2023,V18,d200_b2,200,2,glcm_contrast,1.48352
2022_2023,V18,d200_b2,200,2,glcm_correlation,0.963197
2022_2023,V18,d200_b2,200,2,glcm_variance,20.1834
2022_2023,V18,d200_b2,200,2,glcm_idm,0.693053
2022_2023,V18,d200_b2,200,2,glcm_sum_average,13.6198
2022_2023,V18,d200_b2,200,2,glcm_sum_variance,185.579
2022_2023,V18,d200_b2,200,2,glcm_sum_entropy,3.30832
2022_2023,V18,d200_b2,200,2,glcm_entropy,4.08587
2022_2023,V18,d200_b2,200,2,glcm_diff_entropy,1.1575
2022_2023,V18,d200_b2,200,2,glcm_imc1,-0.477257
2022_2023,V18,d200_b2,200,2,glcm_imc2,0.96046
2022_2023,V18,d200_b2,200,2,glcm_mcc,0.967246
2022_2023,V18,d200_b2,200,2,glcm_dissimilarity,0.74686
2022_2023,V18,d200_b2,200,2,glcm_inertia,1.48352
2022_2023,V18,d200_b2,200,2,glcm_cluster_shade,-69.8921
2022_2023,V18,d200_b2,200,2,glcm_cluster_prominence,10824.6
2022_2023,V18,d200_b2,200,2,glcm_homogeneity,0.71427
2022_2023,V18,d200_b2,200,2,glcmw3_asm,0.512912
2022_2023,V18,d200_b2,200,2,glcmw3_contrast,0.420069
2022_2023,V18,d200_b2,200,2,glcmw3_entropy,0.923838
2022_2023,V18,d200_b2,200,2,glcmw3_correlation,0.402325
2022_2023,V18,d200_b2,200,2,glcmw3_homogeneity,0.839252
2022_2023,V18,d200_b2,200,2,glcmw5_asm,0.397556
2022_2023,V18,d200_b2,200,2,glcmw5_contrast,0.420355
2022_2023,V18,d200_b2,200,2,glcmw5_entropy,1.33824
2022_2023,V18,d200_b2,200,2,glcmw5_correlation,0.590553
2022_2023,V18,d200_b2,200,2,glcmw5_homogeneity,0.839205
2022_2023,V18,d200_b2,200,2,glcmw7_asm,0.339101
2022_2023,V18,d200_b2,200,2,glcmw7_contrast,0.420232
2022_2023,V18,d200_b2,200,2,glcmw7_entropy,1.59507
2022_2023,V18,d200_b2,200,2,glcmw7_correlation,0.680993
2022_2023,V18,d200_b2,200,2,glcmw7_homogeneity,0.839232
2022_2023,V18,d200_b2,200,2,rgb_glcm_asm,
2022_2023,V18,d200_b2,200,2,rgb_glcm_contrast,
2022_2023,V18,d200_b2,200,2,rgb_glcm_correlation,
2022_2023,V18,d200_b2,200,2,rgb_glcm_variance,
2022_2023,V18,d200_b2,200,2,rgb_glcm_idm,
2022_2023,V18,d200_b2,200,2,rgb_glcm_sum_average,
2022_2023,V18,d200_b2,200,2,rgb_glcm_sum_variance,
2022_2023,V18,d200_b2,200,2,rgb_glcm_sum_entropy,
2022_2023,V18,d200_b2,200,2,rgb_glcm_entropy,
2022_2023,V18,d200_b2,200,2,rgb_glcm_diff_entropy,
2022_2023,V18,d200_b2,200,2,rgb_glcm_imc1,
2022_2023,V18,d200_b2,200,2,rgb_glcm_imc2,
2022_2023,V18,d200_b2,200,2,rgb_glcm_mcc,
2022_2023,V18,d200_b2,200,2,rgb_glcm_dissimilarity,
2022_2023,V18,d200_b2,200,2,rgb_glcm_inertia,
2022_2023,V18,d200_b2,200,2,rgb_glcm_cluster_shade,
2022_2023,V18,d200_b2,200,2,rgb_glcm_cluster_prominence,
2022_2023,V18,d200_b2,200,2,rgb_glcm_homogeneity,
2022_2023,V18,d200_b2,200,2,rgb_glcmw3_asm,
2022_2023,V18,d200_b2,200,2,rgb_glcmw3_contrast,
2022_2023,V18,d200_b2,200,2,rgb_glcmw3_entropy,
2022_2023,V18,d200_b2,200,2,rgb_glcmw3_correlation,
2022_2023,V18,d200_b2,200,2,rgb_glcmw3_homogeneity,
2022_2023,V18,d200_b2,200,2,rgb_glcmw5_asm,
2022_2023,V18,d200_b2,200,2,rgb_glcmw5_contrast,
2022_2023,V18,d200_b2,200,2,rgb_glcmw5_entropy,
2022_2023,V18,d200_b2,200,2,rgb_glcmw5_correlation,
2022_2023,V18,d200_b2,200,2,rgb_glcmw5_homogeneity,
2022_2023,V18,d200_b2,200,2,rgb_glcmw7_asm,
2022_2023,V18,d200_b2,200,2,rgb_glcmw7_contrast,
2022_2023,V18,d200_b2,200,2,rgb_glcmw7_entropy,
2022_2023,V18,d200_b2,200,2,rgb_glcmw7_correlation,
2022_2023,V18,d200_b2,200,2,rgb_glcmw7_homogeneity,
2022_2023,V18,d200_b3,200,3,NDVI,0.814596
2022_2023,V18,d200_b3,200,3,GNDVI,0.18622
2022_2023,V18,d200_b3,200,3,NDRE,0.370035
2022_2023,V18,d200_b3,200,3,CIrededge,1.23496
2022_2023,V18,d200_b3,200,3,SAVI,0.651271
2022_2023,V18,d200_b3,200,3,EVI,2.33057
2022_2023,V18,d200_b3,200,3,VARI,1.608
2022_2023,V18,d200_b3,200,3,TGI,0.227494
2022_2023,V18,d200_b3,200,3,spec_mean,0.288458
2022_2023,V18,d200_b3,200,3,spec_std,0.238465
2022_2023,V18,d200_b3,200,3,spec_p10,0.0374967
2022_2023,V18,d200_b3,200,3,spec_p50,0.222235
2022_2023,V18,d200_b3,200,3,spec_p90,0.675946
2022_2023,V18,d200_b3,200,3,glcm_asm,0.0245684
2022_2023,V18,d200_b3,200,3,glcm_contrast,1.55071
2022_2023,V18,d200_b3,200,3,glcm_correlation,0.959618
2022_2023,V18,d200_b3,200,3,glcm_variance,19.1793
2022_2023,V18,d200_b3,200,3,glcm_idm,0.679674
2022_2023,V18,d200_b3,200,3,glcm_sum_average,14.3405
2022_2023,V18,d200_b3,200,3,glcm_sum_variance,196.302
2022_2023,V18,d200_b3,200,3,glcm_sum_entropy,3.33465
2022_2023,V18,d200_b3,200,3,glcm_entropy,4.14616
2022_2023,V18,d200_b3,200,3,glcm_diff_entropy,1.18431
2022_2023,V18,d200_b3,200,3,glcm_imc1,-0.462063
2022_2023,V18,d200_b3,200,3,glcm_imc2,0.957665
2022_2023,V18,d200_b3,200,3,glcm_mcc,0.961554
2022_2023,V18,d200_b3,200,3,glcm_dissimilarity,0.782331
2022_2023,V18,d200_b3,200,3,glcm_inertia,1.55071
2022_2023,V18,d200_b3,200,3,glcm_cluster_shade,-140.611
2022_2023,V18,d200_b3,200,3,glcm_cluster_prominence,10416.7
2022_2023,V18,d200_b3,200,3,glcm_homogeneity,0.702553
2022_2023,V18,d200_b3,200,3,glcmw3_asm,0.490555
2022_2023,V18,d200_b3,200,3,glcmw3_contrast,0.43774
2022_2023,V18,d200_b3,200,3,glcmw3_entropy,0.966938
2022_2023,V18,d200_b3,200,3,glcmw3_correlation,0.42979
2022_2023,V18,d200_b3,200,3,glcmw3_homogeneity,0.831961
2022_2023,V18,d200_b3,200,3,glcmw5_asm,0.369742
2022_2023,V18,d200_b3,200,3,glcmw5_contrast,0.437746
2022_2023,V18,d200_b3,200,3,glcmw5_entropy,1.40389
2022_2023,V18,d200_b3,200,3,glcmw5_correlation,0.626675
2022_2023,V18,d200_b3,200,3,glcmw5_homogeneity,0.831962
2022_2023,V18,d200_b3,200,3,glcmw7_asm,0.307968
2022_2023,V18,d200_b3,200,3,glcmw7_contrast,0.437876
2022_2023,V18,d200_b3,200,3,glcmw7_entropy,1.67815
2022_2023,V18,d200_b3,200,3,glcmw7_correlation,0.718319
2022_2023,V18,d200_b3,200,3,glcmw7_homogeneity,0.831926
2022_2023,V18,d200_b3,200,3,rgb_glcm_asm,
2022_2023,V18,d200_b3,200,3,rgb_glcm_contrast,
2022_2023,V18,d200_b3,200,3,rgb_glcm_correlation,
2022_2023,V18,d200_b3,200,3,rgb_glcm_variance,
2022_2023,V18,d200_b3,200,3,rgb_glcm_idm,
2022_2023,V18,d200_b3,200,3,rgb_glcm_sum_average,
2022_2023,V18,d200_b3,200,3,rgb_glcm_sum_variance,
2022_2023,V18,d200_b3,200,3,rgb_glcm_sum_entropy,
2022_2023,V18,d200_b3,200,3,rgb_glcm_entropy,
2022_2023,V18,d200_b3,200,3,rgb_glcm_diff_entropy,
2022_2023,V18,d200_b3,200,3,rgb_glcm_imc1,
2022_2023,V18,d200_b3,200,3,rgb_glcm_imc2,
2022_2023,V18,d200_b3,200,3,rgb_glcm_mcc,
2022_2023,V18,d200_b3,200,3,rgb_glcm_dissimilarity,
2022_2023,V18,d200_b3,200,3,rgb_glcm_inertia,
2022_2023,V18,d200_b3,200,3,rgb_glcm_cluster_shade,
2022_2023,V18,d200_b3,200,3,rgb_glcm_cluster_prominence,
2022_2023,V18,d200_b3,200,3,rgb_glcm_homogeneity,
2022_2023,V18,d200_b3,200,3,rgb_glcmw3_asm,
2022_2023,V18,d200_b3,200,3,rgb_glcmw3_contrast,
2022_2023,V18,d200_b3,200,3,rgb_glcmw3_entropy,
2022_2023,V18,d200_b3,200,3,rgb_glcmw3_correlation,
2022_2023,V18,d200_b3,200,3,rgb_glcmw3_homogeneity,
2022_2023,V18,d200_b3,200,3,rgb_glcmw5_asm,
2022_2023,V18,d200_b3,200,3,rgb_glcmw5_contrast,
2022_2023,V18,d200_b3,200,3,rgb_glcmw5_entropy,
2022_2023,V18,d200_b3,200,3,rgb_glcmw5_correlation,
2022_2023,V18,d200_b3,200,3,rgb_glcmw5_homogeneity,
2022_2023,V18,d200_b3,200,3,rgb_glcmw7_asm,
2022_2023,V18,d200_b3,200,3,rgb_glcmw7_contrast,
2022_2023,V18,d200_b3,200,3,rgb_glcmw7_entropy,
2022_2023,V18,d200_b3,200,3,rgb_glcmw7_correlation,
2022_2023,V18,d200_b3,200,3,rgb_glcmw7_homogeneity,
2022_2023,V18,d200_b4,200,4,NDVI,0.84665
2022_2023,V18,d200_b4,200,4,GNDVI,0.238948
2022_2023,V18,d200_b4,200,4,NDRE,0.409406
2022_2023,V18,d200_b4,200,4,CIrededge,1.4903
2022_2023,V18,d200_b4,200,4,SAVI,0.681896
2022_2023,V18,d200_b4,200,4,EVI,1.02747
2022_2023,V18,d200_b4,200,4,VARI,-2.91185
2022_2023,V18,d200_b4,200,4,TGI,0.225147
2022_2023,V18,d200_b4,200,4,spec_mean,0.2887
2022_2023,V18,d200_b4,200,4,spec_std,0.245559
2022_2023,V18,d200_b4,200,4,spec_p10,0.0294428
2022_2023,V18,d200_b4,200,4,spec_p50,0.215976
2022_2023,V18,d200_b4,200,4,spec_p90,0.683901
2022_2023,V18,d200_b4,200,4,glcm_asm,0.025615
2022_2023,V18,d200_b4,200,4,glcm_contrast,1.35784
2022_2023,V18,d200_b4,200,4,glcm_correlation,0.959701
2022_2023,V18,d200_b4,200,4,glcm_variance,16.8339
2022_2023,V18,d200_b4,200,4,glcm_idm,0.683032
2022_2023,V18,d200_b4,200,4,glcm_sum_average,15.1327
2022_2023,V18,d200_b4,200,4,glcm_sum_variance,205.914
2022_2023,V18,d200_b4,200,4,glcm_sum_entropy,3.30414
2022_2023,V18,d200_b4,200,4,glcm_entropy,4.09285
2022_2023,V18,d200_b4,200,4,glcm_diff_entropy,1.1411
2022_2023,V18,d200_b4,200,4,glcm_imc1,-0.464356
2022_2023,V18,d200_b4,200,4,glcm_imc2,0.956954
2022_2023,V18,d200_b4,200,4,glcm_mcc,0.964579
2022_2023,V18,d200_b4,200,4,glcm_dissimilarity,0.748836
2022_2023,V18,d200_b4,200,4,glcm_inertia,1.35784
2022_2023,V18,d200_b4,200,4,glcm_cluster_shade,-205.551
2022_2023,V18,d200_b4,200,4,glcm_cluster_prominence,9632.18
2022_2023,V18,d200_b4,200,4,glcm_homogeneity,0.703976
2022_2023,V18,d200_b4,200,4,glcmw3_asm,0.486841
2022_2023,V18,d200_b4,200,4,glcmw3_contrast,0.398665
2022_2023,V18,d200_b4,200,4,glcmw3_entropy,0.965025
2022_2023,V18,d200_b4,200,4,glcmw3_correlation,0.423851
2022_2023,V18,d200_b4,200,4,glcmw3_homogeneity,0.835255
2022_2023,V18,d200_b4,200,4,glcmw5_asm,0.364408
2022_2023,V18,d200_b4,200,4,glcmw5_contrast,0.398653
2022_2023,V18,d200_b4,200,4,glcmw5_entropy,1.39675
2022_2023,V18,d200_b4,200,4,glcmw5_correlation,0.625146
2022_2023,V18,d200_b4,200,4,glcmw5_homogeneity,0.835252
2022_2023,V18,d200_b4,200,4,glcmw7_asm,0.301823
2022_2023,V18,d200_b4,200,4,glcmw7_contrast,0.398693
2022_2023,V18,d200_b4,200,4,glcmw7_entropy,1.66511
2022_2023,V18,d200_b4,200,4,glcmw7_correlation,0.721543
2022_2023,V18,d200_b4,200,4,glcmw7_homogeneity,0.83524
2022_2023,V18,d200_b4,200,4,rgb_glcm_asm,
2022_2023,V18,d200_b4,200,4,rgb_glcm_contrast,
2022_2023,V18,d200_b4,200,4,rgb_glcm_correlation,
2022_2023,V18,d200_b4,200,4,rgb_glcm_variance,
2022_2023,V18,d200_b4,200,4,rgb_glcm_idm,
2022_2023,V18,d200_b4,200,4,rgb_glcm_sum_average,
2022_2023,V18,d200_b4,200,4,rgb_glcm_sum_variance,
2022_2023,V18,d200_b4,200,4,rgb_glcm_sum_entropy,
2022_2023,V18,d200_b4,200,4,rgb_glcm_entropy,
2022_2023,V18,d200_b4,200,4,rgb_glcm_diff_entropy,
2022_2023,V18,d200_b4,200,4,rgb_glcm_imc1,
2022_2023,V18,d200_b4,200,4,rgb_glcm_imc2,
2022_2023,V18,d200_b4,200,4,rgb_glcm_mcc,
2022_2023,V18,d200_b4,200,4,rgb_glcm_dissimilarity,
2022_2023,V18,d200_b4,200,4,rgb_glcm_inertia,
2022_2023,V18,d200_b4,200,4,rgb_glcm_cluster_shade,
2022_2023,V18,d200_b4,200,4,rgb_glcm_cluster_prominence,
2022_2023,V18,d200_b4,200,4,rgb_glcm_homogeneity,
2022_2023,V18,d200_b4,200,4,rgb_glcmw3_asm,
2022_2023,V18,d200_b4,200,4,rgb_glcmw3_contrast,
2022_2023,V18,d200_b4,200,4,rgb_glcmw3_entropy,
2022_2023,V18,d200_b4,200,4,rgb_glcmw3_correlation,
2022_2023,V18,d200_b4,200,4,rgb_glcmw3_homogeneity,
2022_2023,V18,d200_b4,200,4,rgb_glcmw5_asm,
2022_2023,V18,d200_b4,200,4,rgb_glcmw5_contrast,
2022_2023,V18,d200_b4,200,4,rgb_glcmw5_entropy,
2022_2023,V18,d200_b4,200,4,rgb_glcmw5_correlation,
2022_2023,V18,d200_b4,200,4,rgb_glcmw5_homogeneity,
2022_2023,V18,d200_b4,200,4,rgb_glcmw7_asm,
2022_2023,V18,d200_b4,200,4,rgb_glcmw7_contrast,
2022_2023,V18,d200_b4,200,4,rgb_glcmw7_entropy,
2022_2023,V18,d200_b4,200,4,rgb_glcmw7_correlation,
2022_2023,V18,d200_b4,200,4,rgb_glcmw7_homogeneity,
2022_2023,V18,d300_b1,300,1,NDVI,0.824541
2022_2023,V18,d300_b1,300,1,GNDVI,0.165252
2022_2023,V18,d300_b1,300,1,NDRE,0.389817
2022_2023,V18,d300_b1,300,1,CIrededge,1.3458
2022_2023,V18,d300_b1,300,1,SAVI,0.65577
2022_2023,V18,d300_b1,300,1,EVI,-0.766185
2022_2023,V18,d300_b1,300,1,VARI,1.22061
2022_2023,V18,d300_b1,300,1,TGI,0.233999
2022_2023,V18,d300_b1,300,1,spec_mean,0.294534
2022_2023,V18,d300_b1,300,1,spec_std,0.23983
2022_2023,V18,d300_b1,300,1,spec_p10,0.034812
2022_2023,V18,d300_b1,300,1,spec_p50,0.229601
2022_2023,V18,d300_b1,300,1,spec_p90,0.681202
2022_2023,V18,d300_b1,300,1,glcm_asm,0.0269668
2022_2023,V18,d300_b1,300,1,glcm_contrast,1.56256
2022_2023,V18,d300_b1,300,1,glcm_correlation,0.960274
2022_2023,V18,d300_b1,300,1,glcm_variance,19.6639
2022_2023,V18,d300_b1,300,1,glcm_idm,0.674434
2022_2023,V18,d300_b1,300,1,glcm_sum_average,14.4907
2022_2023,V18,d300_b1,300,1,glcm_sum_variance,202.149
2022_2023,V18,d300_b1,300,1,glcm_sum_entropy,3.30897
2022_2023,V18,d300_b1,300,1,glcm_entropy,4.13459
2022_2023,V18,d300_b1,300,1,glcm_diff_entropy,1.18757
2022_2023,V18,d300_b1,300,1,glcm_imc1,-0.458671
2022_2023,V18,d300_b1,300,1,glcm_imc2,0.956347
2022_2023,V18,d300_b1,300,1,glcm_mcc,0.967071
2022_2023,V18,d300_b1,300,1,glcm_dissimilarity,0.792005
2022_2023,V18,d300_b1,300,1,glcm_inertia,1.56256
2022_2023,V18,d300_b1,300,1,glcm_cluster_shade,-188.764
2022_2023,V18,d300_b1,300,1,glcm_cluster_prominence,11247
2022_2023,V18,d300_b1,300,1,glcm_homogeneity,0.697502
2022_2023,V18,d300_b1,300,1,glcmw3_asm,0.480141
2022_2023,V18,d300_b1,300,1,glcmw3_contrast,0.44358
2022_2023,V18,d300_b1,300,1,glcmw3_entropy,0.990674
2022_2023,V18,d300_b1,300,1,glcmw3_correlation,0.426382
2022_2023,V18,d300_b1,300,1,glcmw3_homogeneity,0.828416
2022_2023,V18,d300_b1,300,1,glcmw5_asm,0.362482
2022_2023,V18,d300_b1,300,1,glcmw5_contrast,0.44357
2022_2023,V18,d300_b1,300,1,glcmw5_entropy,1.42995
2022_2023,V18,d300_b1,300,1,glcmw5_correlation,0.613467
2022_2023,V18,d300_b1,300,1,glcmw5_homogeneity,0.828404
2022_2023,V18,d300_b1,300,1,glcmw7_asm,0.304516
2022_2023,V18,d300_b1,300,1,glcmw7_contrast,0.443498
2022_2023,V18,d300_b1,300,1,glcmw7_entropy,1.69925
2022_2023,V18,d300_b1,300,1,glcmw7_correlation,0.703397
2022_2023,V18,d300_b1,300,1,glcmw7_homogeneity,0.828423
2022_2023,V18,d300_b1,300,1,rgb_glcm_asm,
2022_2023,V18,d300_b1,300,1,rgb_glcm_contrast,
2022_2023,V18,d300_b1,300,1,rgb_glcm_correlation,
2022_2023,V18,d300_b1,300,1,rgb_glcm_variance,
2022_2023,V18,d300_b1,300,1,rgb_glcm_idm,
2022_2023,V18,d300_b1,300,1,rgb_glcm_sum_average,
2022_2023,V18,d300_b1,300,1,rgb_glcm_sum_variance,
2022_2023,V18,d300_b1,300,1,rgb_glcm_sum_entropy,
2022_2023,V18,d300_b1,300,1,rgb_glcm_entropy,
2022_2023,V18,d300_b1,300,1,rgb_glcm_diff_entropy,
2022_2023,V18,d300_b1,300,1,rgb_glcm_imc1,
2022_2023,V18,d300_b1,300,1,rgb_glcm_imc2,
2022_2023,V18,d300_b1,300,1,rgb_glcm_mcc,
2022_2023,V18,d300_b1,300,1,rgb_glcm_dissimilarity,
2022_2023,V18,d300_b1,300,1,rgb_glcm_inertia,
2022_2023,V18,d300_b1,300,1,rgb_glcm_cluster_shade,
2022_2023,V18,d300_b1,300,1,rgb_glcm_cluster_prominence,
2022_2023,V18,d300_b1,300,1,rgb_glcm_homogeneity,
2022_2023,V18,d300_b1,300,1,rgb_glcmw3_asm,
2022_2023,V18,d300_b1,300,1,rgb_glcmw3_contrast,
2022_2023,V18,d300_b1,300,1,rgb_glcmw3_entropy,
2022_2023,V18,d300_b1,300,1,rgb_glcmw3_correlation,
2022_2023,V18,d300_b1,300,1,rgb_glcmw3_homogeneity,
2022_2023,V18,d300_b1,300,1,rgb_glcmw5_asm,
2022_2023,V18,d300_b1,300,1,rgb_glcmw5_contrast,
2022_2023,V18,d300_b1,300,1,rgb_glcmw5_entropy,
2022_2023,V18,d300_b1,300,1,rgb_glcmw5_correlation,
2022_2023,V18,d300_b1,300,1,rgb_glcmw5_homogeneity,
2022_2023,V18,d300_b1,300,1,rgb_glcmw7_asm,
2022_2023,V18,d300_b1,300,1,rgb_glcmw7_contrast,
2022_2023,V18,d300_b1,300,1,rgb_glcmw7_entropy,
2022_2023,V18,d300_b1,300,1,rgb_glcmw7_correlation,
2022_2023,V18,d300_b1,300,1,rgb_glcmw7_homogeneity,
2022_2023,V18,d300_b2,300,2,NDVI,0.811009
2022_2023,V18,d300_b2,300,2,GNDVI,0.24185
2022_2023,V18,d300_b2,300,2,NDRE,0.382953
2022_2023,V18,d300_b2,300,2,CIrededge,1.31145
2022_2023,V18,d300_b2,300,2,SAVI,0.649874
2022_2023,V18,d300_b2,300,2,EVI,2.12387
2022_2023,V18,d300_b2,300,2,VARI,1.34709
2022_2023,V18,d300_b2,300,2,TGI,0.209725
2022_2023,V18,d300_b2,300,2,spec_mean,0.277379
2022_2023,V18,d300_b2,300,2,spec_std,0.243126
2022_2023,V18,d300_b2,300,2,spec_p10,0.0354285
2022_2023,V18,d300_b2,300,2,spec_p50,0.203245
2022_2023,V18,d300_b2,300,2,spec_p90,0.685659
2022_2023,V18,d300_b2,300,2,glcm_asm,0.0293109
2022_2023,V18,d300_b2,300,2,glcm_contrast,1.54395
2022_2023,V18,d300_b2,300,2,glcm_correlation,0.964174
2022_2023,V18,d300_b2,300,2,glcm_variance,21.5501
2022_2023,V18,d300_b2,300,2,glcm_idm,0.688998
2022_2023,V18,d300_b2,300,2,glcm_sum_average,13.9795
2022_2023,V18,d300_b2,300,2,glcm_sum_variance,198.641
2022_2023,V18,d300_b2,300,2,glcm_sum_entropy,3.30338
2022_2023,V18,d300_b2,300,2,glcm_entropy,4.08853
2022_2023,V18,d300_b2,300,2,glcm_diff_entropy,1.17604
2022_2023,V18,d300_b2,300,2,glcm_imc1,-0.472075
2022_2023,V18,d300_b2,300,2,glcm_imc2,0.959188
2022_2023,V18,d300_b2,300,2,glcm_mcc,0.965994
2022_2023,V18,d300_b2,300,2,glcm_dissimilarity,0.764232
2022_2023,V18,d300_b2,300,2,glcm_inertia,1.54395
2022_2023,V18,d300_b2,300,2,glcm_cluster_shade,-134.438
2022_2023,V18,d300_b2,300,2,glcm_cluster_prominence,12111.6
2022_2023,V18,d300_b2,300,2,glcm_homogeneity,0.711027
2022_2023,V18,d300_b2,300,2,glcmw3_asm,0.511079
2022_2023,V18,d300_b2,300,2,glcmw3_contrast,0.429915
2022_2023,V18,d300_b2,300,2,glcmw3_entropy,0.929311
2022_2023,V18,d300_b2,300,2,glcmw3_correlation,0.408605
2022_2023,V18,d300_b2,300,2,glcmw3_homogeneity,0.838398
2022_2023,V18,d300_b2,300,2,glcmw5_asm,0.395502
2022_2023,V18,d300_b2,300,2,glcmw5_contrast,0.429927
2022_2023,V18,d300_b2,300,2,glcmw5_entropy,1.34882
2022_2023,V18,d300_b2,300,2,glcmw5_correlation,0.598915
2022_2023,V18,d300_b2,300,2,glcmw5_homogeneity,0.838404
2022_2023,V18,d300_b2,300,2,glcmw7_asm,0.336169
2022_2023,V18,d300_b2,300,2,glcmw7_contrast,0.429881
2022_2023,V18,d300_b2,300,2,glcmw7_entropy,1.61248
2022_2023,V18,d300_b2,300,2,glcmw7_correlation,0.689912
2022_2023,V18,d300_b2,300,2,glcmw7_homogeneity,0.838409
2022_2023,V18,d300_b2,300,2,rgb_glcm_asm,
2022_2023,V18,d300_b2,300,2,rgb_glcm_contrast,
2022_2023,V18,d300_b2,300,2,rgb_glcm_correlation,
2022_2023,V18,d300_b2,300,2,rgb_glcm_variance,
2022_2023,V18,d300_b2,300,2,rgb_glcm_idm,
2022_2023,V18,d300_b2,300,2,rgb_glcm_sum_average,
2022_2023,V18,d300_b2,300,2,rgb_glcm_sum_variance,
2022_2023,V18,d300_b2,300,2,rgb_glcm_sum_entropy,
2022_2023,V18,d300_b2,300,2,rgb_glcm_entropy,
2022_2023,V18,d300_b2,300,2,rgb_glcm_diff_entropy,
2022_2023,V18,d300_b2,300,2,rgb_glcm_imc1,
2022_2023,V18,d300_b2,300,2,rgb_glcm_imc2,
2022_2023,V18,d300_b2,300,2,rgb_glcm_mcc,
2022_2023,V18,d300_b2,300,2,rgb_glcm_dissimilarity,
2022_2023,V18,d300_b2,300,2,rgb_glcm_inertia,
2022_2023,V18,d300_b2,300,2,rgb_glcm_cluster_shade,
2022_2023,V18,d300_b2,300,2,rgb_glcm_cluster_prominence,
2022_2023,V18,d300_b2,300,2,rgb_glcm_homogeneity,
2022_2023,V18,d300_b2,300,2,rgb_glcmw3_asm,
2022_2023,V18,d300_b2,300,2,rgb_glcmw3_contrast,
2022_2023,V18,d300_b2,300,2,rgb_glcmw3_entropy,
2022_2023,V18,d300_b2,300,2,rgb_glcmw3_correlation,
2022_2023,V18,d300_b2,300,2,rgb_glcmw3_homogeneity,
2022_2023,V18,d300_b2,300,2,rgb_glcmw5_asm,
2022_2023,V18,d300_b2,300,2,rgb_glcmw5_contrast,
2022_2023,V18,d300_b2,300,2,rgb_glcmw5_entropy,
2022_2023,V18,d300_b2,300,2,rgb_glcmw5_correlation,
2022_2023,V18,d300_b2,300,2,rgb_glcmw5_homogeneity,
2022_2023,V18,d300_b2,300,2,rgb_glcmw7_asm,
2022_2023,V18,d300_b2,300,2,rgb_glcmw7_contrast,
2022_2023,V18,d300_b2,300,2,rgb_glcmw7_entropy,
2022_2023,V18,d300_b2,300,2,rgb_glcmw7_correlation,
2022_2023,V18,d300_b2,300,2,rgb_glcmw7_homogeneity,
2022_2023,V18,d300_b3,300,3,NDVI,0.813612
2022_2023,V18,d300_b3,300,3,GNDVI,0.240242
2022_2023,V18,d300_b3,300,3,NDRE,0.389087
2022_2023,V18,d300_b3,300,3,CIrededge,1.36393
2022_2023,V18,d300_b3,300,3,SAVI,0.640817
2022_2023,V18,d300_b3,300,3,EVI,2.5631
2022_2023,V18,d300_b3,300,3,VARI,2.39049
2022_2023,V18,d300_b3,300,3,TGI,0.199384
2022_2023,V18,d300_b3,300,3,spec_mean,0.277248
2022_2023,V18,d300_b3,300,3,spec_std,0.238527
2022_2023,V18,d300_b3,300,3,spec_p10,0.0319495
2022_2023,V18,d300_b3,300,3,spec_p50,0.207919
2022_2023,V18,d300_b3,300,3,spec_p90,0.662403
2022_2023,V18,d300_b3,300,3,glcm_asm,0.0242116
2022_2023,V18,d300_b3,300,3,glcm_contrast,1.51635
2022_2023,V18,d300_b3,300,3,glcm_correlation,0.958083
2022_2023,V18,d300_b3,300,3,glcm_variance,18.1181
2022_2023,V18,d300_b3,300,3,glcm_idm,0.669191
2022_2023,V18,d300_b3,300,3,glcm_sum_average,13.991
2022_2023,V18,d300_b3,300,3,glcm_sum_variance,184.614
2022_2023,V18,d300_b3,300,3,glcm_sum_entropy,3.32992
2022_2023,V18,d300_b3,300,3,glcm_entropy,4.16032
2022_2023,V18,d300_b3,300,3,glcm_diff_entropy,1.1814
2022_2023,V18,d300_b3,300,3,glcm_imc1,-0.454318
2022_2023,V18,d300_b3,300,3,glcm_imc2,0.955681
2022_2023,V18,d300_b3,300,3,glcm_mcc,0.963069
2022_2023,V18,d300_b3,300,3,glcm_dissimilarity,0.79554
2022_2023,V18,d300_b3,300,3,glcm_inertia,1.51635
2022_2023,V18,d300_b3,300,3,glcm_cluster_shade,-108.229
2022_2023,V18,d300_b3,300,3,glcm_cluster_prominence,9856.98
2022_2023,V18,d300_b3,300,3,glcm_homogeneity,0.692285
2022_2023,V18,d300_b3,300,3,glcmw3_asm,0.474791
2022_2023,V18,d300_b3,300,3,glcmw3_contrast,0.432274
2022_2023,V18,d300_b3,300,3,glcmw3_entropy,0.998409
2022_2023,V18,d300_b3,300,3,glcmw3_correlation,0.427798
2022_2023,V18,d300_b3,300,3,glcmw3_homogeneity,0.827396
2022_2023,V18,d300_b3,300,3,glcmw5_asm,0.35475
2022_2023,V18,d300_b3,300,3,glcmw5_contrast,0.43219
2022_2023,V18,d300_b3,300,3,glcmw5_entropy,1.43973
2022_2023,V18,d300_b3,300,3,glcmw5_correlation,0.62023
2022_2023,V18,d300_b3,300,3,glcmw5_homogeneity,0.827419
2022_2023,V18,d300_b3,300,3,glcmw7_asm,0.295391
2022_2023,V18,d300_b3,300,3,glcmw7_contrast,0.432188
2022_2023,V18,d300_b3,300,3,glcmw7_entropy,1.70909
2022_2023,V18,d300_b3,300,3,glcmw7_correlation,0.711787
2022_2023,V18,d300_b3,300,3,glcmw7_homogeneity,0.827419
2022_2023,V18,d300_b3,300,3,rgb_glcm_asm,
2022_2023,V18,d300_b3,300,3,rgb_glcm_contrast,
2022_2023,V18,d300_b3,300,3,rgb_glcm_correlation,
2022_2023,V18,d300_b3,300,3,rgb_glcm_variance,
2022_2023,V18,d300_b3,300,3,rgb_glcm_idm,
2022_2023,V18,d300_b3,300,3,rgb_glcm_sum_average,
2022_2023,V18,d300_b3,300,3,rgb_glcm_sum_variance,
2022_2023,V18,d300_b3,300,3,rgb_glcm_sum_entropy,
2022_2023,V18,d300_b3,300,3,rgb_glcm_entropy,
2022_2023,V18,d300_b3,300,3,rgb_glcm_diff_entropy,
2022_2023,V18,d300_b3,300,3,rgb_glcm_imc1,
2022_2023,V18,d300_b3,300,3,rgb_glcm_imc2,
2022_2023,V18,d300_b3,300,3,rgb_glcm_mcc,
2022_2023,V18,d300_b3,300,3,rgb_glcm_dissimilarity,
2022_2023,V18,d300_b3,300,3,rgb_glcm_inertia,
2022_2023,V18,d300_b3,300,3,rgb_glcm_cluster_shade,
2022_2023,V18,d300_b3,300,3,rgb_glcm_cluster_prominence,
2022_2023,V18,d300_b3,300,3,rgb_glcm_homogeneity,
2022_2023,V18,d300_b3,300,3,rgb_glcmw3_asm,
2022_2023,V18,d300_b3,300,3,rgb_glcmw3_contrast,
2022_2023,V18,d300_b3,300,3,rgb_glcmw3_entropy,
2022_2023,V18,d300_b3,300,3,rgb_glcmw3_correlation,
2022_2023,V18,d300_b3,300,3,rgb_glcmw3_homogeneity,
2022_2023,V18,d300_b3,300,3,rgb_glcmw5_asm,
2022_2023,V18,d300_b3,300,3,rgb_glcmw5_contrast,
2022_2023,V18,d300_b3,300,3,rgb_glcmw5_entropy,
2022_2023,V18,d300_b3,300,3,rgb_glcmw5_correlation,
2022_2023,V18,d300_b3,300,3,rgb_glcmw5_homogeneity,
2022_2023,V18,d300_b3,300,3,rgb_glcmw7_asm,
2022_2023,V18,d300_b3,300,3,rgb_glcmw7_contrast,
2022_2023,V18,d300_b3,300,3,rgb_glcmw7_entropy,
2022_2023,V18,d300_b3,300,3,rgb_glcmw7_correlation,
2022_2023,V18,d300_b3,300,3,rgb_glcmw7_homogeneity,
2022_2023,V18,d300_b4,300,4,NDVI,0.842448
2022_2023,V18,d300_b4,300,4,GNDVI,0.242582
2022_2023,V18,d300_b4,300,4,NDRE,0.407612
2022_2023,V18,d300_b4,300,4,CIrededge,38.7001
2022_2023,V18,d300_b4,300,4,SAVI,0.673313
2022_2023,V18,d300_b4,300,4,EVI,0.702229
2022_2023,V18,d300_b4,300,4,VARI,-2.31413
2022_2023,V18,d300_b4,300,4,TGI,0.217981
2022_2023,V18,d300_b4,300,4,spec_mean,0.28374
2022_2023,V18,d300_b4,300,4,spec_std,0.240953
2022_2023,V18,d300_b4,300,4,spec_p10,0.0322001
2022_2023,V18,d300_b4,300,4,spec_p50,0.214689
2022_2023,V18,d300_b4,300,4,spec_p90,0.668153
2022_2023,V18,d300_b4,300,4,glcm_asm,0.0219486
2022_2023,V18,d300_b4,300,4,glcm_contrast,1.57087
2022_2023,V18,d300_b4,300,4,glcm_correlation,0.953522
2022_2023,V18,d300_b4,300,4,glcm_variance,16.8925
2022_2023,V18,d300_b4,300,4,glcm_idm,0.662138
2022_2023,V18,d300_b4,300,4,glcm_sum_average,14.9585
2022_2023,V18,d300_b4,300,4,glcm_sum_variance,201.117
2022_2023,V18,d300_b4,300,4,glcm_sum_entropy,3.33866
2022_2023,V18,d300_b4,300,4,glcm_entropy,4.19449
2022_2023,V18,d300_b4,300,4,glcm_diff_entropy,1.19348
2022_2023,V18,d300_b4,300,4,glcm_imc1,-0.441405
2022_2023,V18,d300_b4,300,4,glcm_imc2,0.952377
2022_2023,V18,d300_b4,300,4,glcm_mcc,0.957868
2022_2023,V18,d300_b4,300,4,glcm_dissimilarity,0.815598
2022_2023,V18,d300_b4,300,4,glcm_inertia,1.57087
2022_2023,V18,d300_b4,300,4,glcm_cluster_shade,-161.417
2022_2023,V18,d300_b4,300,4,glcm_cluster_prominence,9325.45
2022_2023,V18,d300_b4,300,4,glcm_homogeneity,0.685835
2022_2023,V18,d300_b4,300,4,glcmw3_asm,0.461895
2022_2023,V18,d300_b4,300,4,glcmw3_contrast,0.44823
2022_2023,V18,d300_b4,300,4,glcmw3_entropy,1.02206
2022_2023,V18,d300_b4,300,4,glcmw3_correlation,0.440344
2022_2023,V18,d300_b4,300,4,glcmw3_homogeneity,0.823465
2022_2023,V18,d300_b4,300,4,glcmw5_asm,0.338778
2022_2023,V18,d300_b4,300,4,glcmw5_contrast,0.448211
2022_2023,V18,d300_b4,300,4,glcmw5_entropy,1.4757
2022_2023,V18,d300_b4,300,4,glcmw5_correlation,0.637399
2022_2023,V18,d300_b4,300,4,glcmw5_homogeneity,0.823494
2022_2023,V18,d300_b4,300,4,glcmw7_asm,0.278182
2022_2023,V18,d300_b4,300,4,glcmw7_contrast,0.448211
2022_2023,V18,d300_b4,300,4,glcmw7_entropy,1.75288
2022_2023,V18,d300_b4,300,4,glcmw7_correlation,0.729177
2022_2023,V18,d300_b4,300,4,glcmw7_homogeneity,0.823509
2022_2023,V18,d300_b4,300,4,rgb_glcm_asm,
2022_2023,V18,d300_b4,300,4,rgb_glcm_contrast,
2022_2023,V18,d300_b4,300,4,rgb_glcm_correlation,
2022_2023,V18,d300_b4,300,4,rgb_glcm_variance,
2022_2023,V18,d300_b4,300,4,rgb_glcm_idm,
2022_2023,V18,d300_b4,300,4,rgb_glcm_sum_average,
2022_2023,V18,d300_b4,300,4,rgb_glcm_sum_variance,
2022_2023,V18,d300_b4,300,4,rgb_glcm_sum_entropy,
2022_2023,V18,d300_b4,300,4,rgb_glcm_entropy,
2022_2023,V18,d300_b4,300,4,rgb_glcm_diff_entropy,
2022_2023,V18,d300_b4,300,4,rgb_glcm_imc1,
2022_2023,V18,d300_b4,300,4,rgb_glcm_imc2,
2022_2023,V18,d300_b4,300,4,rgb_glcm_mcc,
2022_2023,V18,d300_b4,300,4,rgb_glcm_dissimilarity,
2022_2023,V18,d300_b4,300,4,rgb_glcm_inertia,
2022_2023,V18,d300_b4,300,4,rgb_glcm_cluster_shade,
2022_2023,V18,d300_b4,300,4,rgb_glcm_cluster_prominence,
2022_2023,V18,d300_b4,300,4,rgb_glcm_homogeneity,
2022_2023,V18,d300_b4,300,4,rgb_glcmw3_asm,
2022_2023,V18,d300_b4,300,4,rgb_glcmw3_contrast,
2022_2023,V18,d300_b4,300,4,rgb_glcmw3_entropy,
2022_2023,V18,d300_b4,300,4,rgb_glcmw3_correlation,
2022_2023,V18,d300_b4,300,4,rgb_glcmw3_homogeneity,
2022_2023,V18,d300_b4,300,4,rgb_glcmw5_asm,
2022_2023,V18,d300_b4,300,4,rgb_glcmw5_contrast,
2022_2023,V18,d300_b4,300,4,rgb_glcmw5_entropy,
2022_2023,V18,d300_b4,300,4,rgb_glcmw5_correlation,
2022_2023,V18,d300_b4,300,4,rgb_glcmw5_homogeneity,
2022_2023,V18,d300_b4,300,4,rgb_glcmw7_asm,
2022_2023,V18,d300_b4,300,4,rgb_glcmw7_contrast,
2022_2023,V18,d300_b4,300,4,rgb_glcmw7_entropy,
2022_2023,V18,d300_b4,300,4,rgb_glcmw7_correlation,
2022_2023,V18,d300_b4,300,4,rgb_glcmw7_homogeneity,
2022_2023,V18,d400_b1,400,1,NDVI,0.822096
2022_2023,V18,d400_b1,400,1,GNDVI,0.156655
2022_2023,V18,d400_b1,400,1,NDRE,0.401773
2022_2023,V18,d400_b1,400,1,CIrededge,1.43255
2022_2023,V18,d400_b1,400,1,SAVI,0.65439
2022_2023,V18,d400_b1,400,1,EVI,1.32521
2022_2023,V18,d400_b1,400,1,VARI,2.45929
2022_2023,V18,d400_b1,400,1,TGI,0.232022
2022_2023,V18,d400_b1,400,1,spec_mean,0.296022
2022_2023,V18,d400_b1,400,1,spec_std,0.238068
2022_2023,V18,d400_b1,400,1,spec_p10,0.0348367
2022_2023,V18,d400_b1,400,1,spec_p50,0.235373
2022_2023,V18,d400_b1,400,1,spec_p90,0.677253
2022_2023,V18,d400_b1,400,1,glcm_asm,0.0253735
2022_2023,V18,d400_b1,400,1,glcm_contrast,1.56484
2022_2023,V18,d400_b1,400,1,glcm_correlation,0.959218
2022_2023,V18,d400_b1,400,1,glcm_variance,19.1934
2022_2023,V18,d400_b1,400,1,glcm_idm,0.669752
2022_2023,V18,d400_b1,400,1,glcm_sum_average,14.2942
2022_2023,V18,d400_b1,400,1,glcm_sum_variance,195.799
2022_2023,V18,d400_b1,400,1,glcm_sum_entropy,3.32195
2022_2023,V18,d400_b1,400,1,glcm_entropy,4.15711
2022_2023,V18,d400_b1,400,1,glcm_diff_entropy,1.18991
2022_2023,V18,d400_b1,400,1,glcm_imc1,-0.453456
2022_2023,V18,d400_b1,400,1,glcm_imc2,0.955304
2022_2023,V18,d400_b1,400,1,glcm_mcc,0.963899
2022_2023,V18,d400_b1,400,1,glcm_dissimilarity,0.800477
2022_2023,V18,d400_b1,400,1,glcm_inertia,1.56484
2022_2023,V18,d400_b1,400,1,glcm_cluster_shade,-157.335
2022_2023,V18,d400_b1,400,1,glcm_cluster_prominence,10762.1
2022_2023,V18,d400_b1,400,1,glcm_homogeneity,0.693107
2022_2023,V18,d400_b1,400,1,glcmw3_asm,0.475102
2022_2023,V18,d400_b1,400,1,glcmw3_contrast,0.44143
2022_2023,V18,d400_b1,400,1,glcmw3_entropy,0.998797
2022_2023,V18,d400_b1,400,1,glcmw3_correlation,0.426802
2022_2023,V18,d400_b1,400,1,glcmw3_homogeneity,0.827596
2022_2023,V18,d400_b1,400,1,glcmw5_asm,0.356091
2022_2023,V18,d400_b1,400,1,glcmw5_contrast,0.441237
2022_2023,V18,d400_b1,400,1,glcmw5_entropy,1.44072
2022_2023,V18,d400_b1,400,1,glcmw5_correlation,0.617152
2022_2023,V18,d400_b1,400,1,glcmw5_homogeneity,0.827642
2022_2023,V18,d400_b1,400,1,glcmw7_asm,0.297406
2022_2023,V18,d400_b1,400,1,glcmw7_contrast,0.441151
2022_2023,V18,d400_b1,400,1,glcmw7_entropy,1.7106
2022_2023,V18,d400_b1,400,1,glcmw7_correlation,0.708854
2022_2023,V18,d400_b1,400,1,glcmw7_homogeneity,0.827643
2022_2023,V18,d400_b1,400,1,rgb_glcm_asm,
2022_2023,V18,d400_b1,400,1,rgb_glcm_contrast,
2022_2023,V18,d400_b1,400,1,rgb_glcm_correlation,
2022_2023,V18,d400_b1,400,1,rgb_glcm_variance,
2022_2023,V18,d400_b1,400,1,rgb_glcm_idm,
2022_2023,V18,d400_b1,400,1,rgb_glcm_sum_average,
2022_2023,V18,d400_b1,400,1,rgb_glcm_sum_variance,
2022_2023,V18,d400_b1,400,1,rgb_glcm_sum_entropy,
2022_2023,V18,d400_b1,400,1,rgb_glcm_entropy,
2022_2023,V18,d400_b1,400,1,rgb_glcm_diff_entropy,
2022_2023,V18,d400_b1,400,1,rgb_glcm_imc1,
2022_2023,V18,d400_b1,400,1,rgb_glcm_imc2,
2022_2023,V18,d400_b1,400,1,rgb_glcm_mcc,
2022_2023,V18,d400_b1,400,1,rgb_glcm_dissimilarity,
2022_2023,V18,d400_b1,400,1,rgb_glcm_inertia,
2022_2023,V18,d400_b1,400,1,rgb_glcm_cluster_shade,
2022_2023,V18,d400_b1,400,1,rgb_glcm_cluster_prominence,
2022_2023,V18,d400_b1,400,1,rgb_glcm_homogeneity,
2022_2023,V18,d400_b1,400,1,rgb_glcmw3_asm,
2022_2023,V18,d400_b1,400,1,rgb_glcmw3_contrast,
2022_2023,V18,d400_b1,400,1,rgb_glcmw3_entropy,
2022_2023,V18,d400_b1,400,1,rgb_glcmw3_correlation,
2022_2023,V18,d400_b1,400,1,rgb_glcmw3_homogeneity,
2022_2023,V18,d400_b1,400,1,rgb_glcmw5_asm,
2022_2023,V18,d400_b1,400,1,rgb_glcmw5_contrast,
2022_2023,V18,d400_b1,400,1,rgb_glcmw5_entropy,
2022_2023,V18,d400_b1,400,1,rgb_glcmw5_correlation,
2022_2023,V18,d400_b1,400,1,rgb_glcmw5_homogeneity,
2022_2023,V18,d400_b1,400,1,rgb_glcmw7_asm,
2022_2023,V18,d400_b1,400,1,rgb_glcmw7_contrast,
2022_2023,V18,d400_b1,400,1,rgb_glcmw7_entropy,
2022_2023,V18,d400_b1,400,1,rgb_glcmw7_correlation,
2022_2023,V18,d400_b1,400,1,rgb_glcmw7_homogeneity,
2022_2023,V18,d400_b2,400,2,NDVI,0.818135
2022_2023,V18,d400_b2,400,2,GNDVI,0.220287
2022_2023,V18,d400_b2,400,2,NDRE,0.390245
2022_2023,V18,d400_b2,400,2,CIrededge,1.3492
2022_2023,V18,d400_b2,400,2,SAVI,0.649601
2022_2023,V18,d400_b2,400,2,EVI,10.9526
2022_2023,V18,d400_b2,400,2,VARI,0.795221
2022_2023,V18,d400_b2,400,2,TGI,0.212661
2022_2023,V18,d400_b2,400,2,spec_mean,0.282995
2022_2023,V18,d400_b2,400,2,spec_std,0.245085
2022_2023,V18,d400_b2,400,2,spec_p10,0.0357833
2022_2023,V18,d400_b2,400,2,spec_p50,0.206737
2022_2023,V18,d400_b2,400,2,spec_p90,0.690922
2022_2023,V18,d400_b2,400,2,glcm_asm,0.0279022
2022_2023,V18,d400_b2,400,2,glcm_contrast,1.56445
2022_2023,V18,d400_b2,400,2,glcm_correlation,0.962743
2022_2023,V18,d400_b2,400,2,glcm_variance,21.2323
2022_2023,V18,d400_b2,400,2,glcm_idm,0.678345
2022_2023,V18,d400_b2,400,2,glcm_sum_average,14.0838
2022_2023,V18,d400_b2,400,2,glcm_sum_variance,199.571
2022_2023,V18,d400_b2,400,2,glcm_sum_entropy,3.30804
2022_2023,V18,d400_b2,400,2,glcm_entropy,4.11308
2022_2023,V18,d400_b2,400,2,glcm_diff_entropy,1.18634
2022_2023,V18,d400_b2,400,2,glcm_imc1,-0.464677
2022_2023,V18,d400_b2,400,2,glcm_imc2,0.957455
2022_2023,V18,d400_b2,400,2,glcm_mcc,0.965891
2022_2023,V18,d400_b2,400,2,glcm_dissimilarity,0.786054
2022_2023,V18,d400_b2,400,2,glcm_inertia,1.56445
2022_2023,V18,d400_b2,400,2,glcm_cluster_shade,-133.89
2022_2023,V18,d400_b2,400,2,glcm_cluster_prominence,11957.8
2022_2023,V18,d400_b2,400,2,glcm_homogeneity,0.70142
2022_2023,V18,d400_b2,400,2,glcmw3_asm,0.492652
2022_2023,V18,d400_b2,400,2,glcmw3_contrast,0.438915
2022_2023,V18,d400_b2,400,2,glcmw3_entropy,0.96651
2022_2023,V18,d400_b2,400,2,glcmw3_correlation,0.41935
2022_2023,V18,d400_b2,400,2,glcmw3_homogeneity,0.831471
2022_2023,V18,d400_b2,400,2,glcmw5_asm,0.376031
2022_2023,V18,d400_b2,400,2,glcmw5_contrast,0.438901
2022_2023,V18,d400_b2,400,2,glcmw5_entropy,1.39617
2022_2023,V18,d400_b2,400,2,glcmw5_correlation,0.608925
2022_2023,V18,d400_b2,400,2,glcmw5_homogeneity,0.831474
2022_2023,V18,d400_b2,400,2,glcmw7_asm,0.317204
2022_2023,V18,d400_b2,400,2,glcmw7_contrast,0.438861
2022_2023,V18,d400_b2,400,2,glcmw7_entropy,1.66314
2022_2023,V18,d400_b2,400,2,glcmw7_correlation,0.700187
2022_2023,V18,d400_b2,400,2,glcmw7_homogeneity,0.831473
2022_2023,V18,d400_b2,400,2,rgb_glcm_asm,
2022_2023,V18,d400_b2,400,2,rgb_glcm_contrast,
2022_2023,V18,d400_b2,400,2,rgb_glcm_correlation,
2022_2023,V18,d400_b2,400,2,rgb_glcm_variance,
2022_2023,V18,d400_b2,400,2,rgb_glcm_idm,
2022_2023,V18,d400_b2,400,2,rgb_glcm_sum_average,
2022_2023,V18,d400_b2,400,2,rgb_glcm_sum_variance,
2022_2023,V18,d400_b2,400,2,rgb_glcm_sum_entropy,
2022_2023,V18,d400_b2,400,2,rgb_glcm_entropy,
2022_2023,V18,d400_b2,400,2,rgb_glcm_diff_entropy,
2022_2023,V18,d400_b2,400,2,rgb_glcm_imc1,
2022_2023,V18,d400_b2,400,2,rgb_glcm_imc2,
2022_2023,V18,d400_b2,400,2,rgb_glcm_mcc,
2022_2023,V18,d400_b2,400,2,rgb_glcm_dissimilarity,
2022_2023,V18,d400_b2,400,2,rgb_glcm_inertia,
2022_2023,V18,d400_b2,400,2,rgb_glcm_cluster_shade,
2022_2023,V18,d400_b2,400,2,rgb_glcm_cluster_prominence,
2022_2023,V18,d400_b2,400,2,rgb_glcm_homogeneity,
2022_2023,V18,d400_b2,400,2,rgb_glcmw3_asm,
2022_2023,V18,d400_b2,400,2,rgb_glcmw3_contrast,
2022_2023,V18,d400_b2,400,2,rgb_glcmw3_entropy,
2022_2023,V18,d400_b2,400,2,rgb_glcmw3_correlation,
2022_2023,V18,d400_b2,400,2,rgb_glcmw3_homogeneity,
2022_2023,V18,d400_b2,400,2,rgb_glcmw5_asm,
2022_2023,V18,d400_b2,400,2,rgb_glcmw5_contrast,
2022_2023,V18,d400_b2,400,2,rgb_glcmw5_entropy,
2022_2023,V18,d400_b2,400,2,rgb_glcmw5_correlation,
2022_2023,V18,d400_b2,400,2,rgb_glcmw5_homogeneity,
2022_2023,V18,d400_b2,400,2,rgb_glcmw7_asm,
2022_2023,V18,d400_b2,400,2,rgb_glcmw7_contrast,
2022_2023,V18,d400_b2,400,2,rgb_glcmw7_entropy,
2022_2023,V18,d400_b2,400,2,rgb_glcmw7_correlation,
2022_2023,V18,d400_b2,400,2,rgb_glcmw7_homogeneity,
2022_2023,V18,d400_b3,400,3,NDVI,0.806366
2022_2023,V18,d400_b3,400,3,GNDVI,0.240662
2022_2023,V18,d400_b3,400,3,NDRE,0.380696
2022_2023,V18,d400_b3,400,3,CIrededge,1.29409
2022_2023,V18,d400_b3,400,3,SAVI,0.658058
2022_2023,V18,d400_b3,400,3,EVI,0.939689
2022_2023,V18,d400_b3,400,3,VARI,1.74325
2022_2023,V18,d400_b3,400,3,TGI,0.210411
2022_2023,V18,d400_b3,400,3,spec_mean,0.289432
2022_2023,V18,d400_b3,400,3,spec_std,0.24359
2022_2023,V18,d400_b3,400,3,spec_p10,0.0391441
2022_2023,V18,d400_b3,400,3,spec_p50,0.221536
2022_2023,V18,d400_b3,400,3,spec_p90,0.695884
2022_2023,V18,d400_b3,400,3,glcm_asm,0.0237609
2022_2023,V18,d400_b3,400,3,glcm_contrast,1.53732
2022_2023,V18,d400_b3,400,3,glcm_correlation,0.959418
2022_2023,V18,d400_b3,400,3,glcm_variance,18.9158
2022_2023,V18,d400_b3,400,3,glcm_idm,0.680596
2022_2023,V18,d400_b3,400,3,glcm_sum_average,14.7134
2022_2023,V18,d400_b3,400,3,glcm_sum_variance,203.889
2022_2023,V18,d400_b3,400,3,glcm_sum_entropy,3.33826
2022_2023,V18,d400_b3,400,3,glcm_entropy,4.15269
2022_2023,V18,d400_b3,400,3,glcm_diff_entropy,1.179
2022_2023,V18,d400_b3,400,3,glcm_imc1,-0.462114
2022_2023,V18,d400_b3,400,3,glcm_imc2,0.957825
2022_2023,V18,d400_b3,400,3,glcm_mcc,0.963362
2022_2023,V18,d400_b3,400,3,glcm_dissimilarity,0.777891
2022_2023,V18,d400_b3,400,3,glcm_inertia,1.53732
2022_2023,V18,d400_b3,400,3,glcm_cluster_shade,-163.72
2022_2023,V18,d400_b3,400,3,glcm_cluster_prominence,10275.9
2022_2023,V18,d400_b3,400,3,glcm_homogeneity,0.703019
2022_2023,V18,d400_b3,400,3,glcmw3_asm,0.485748
2022_2023,V18,d400_b3,400,3,glcmw3_contrast,0.4365
2022_2023,V18,d400_b3,400,3,glcmw3_entropy,0.975485
2022_2023,V18,d400_b3,400,3,glcmw3_correlation,0.420773
2022_2023,V18,d400_b3,400,3,glcmw3_homogeneity,0.831454
2022_2023,V18,d400_b3,400,3,glcmw5_asm,0.365798
2022_2023,V18,d400_b3,400,3,glcmw5_contrast,0.436382
2022_2023,V18,d400_b3,400,3,glcmw5_entropy,1.40988
2022_2023,V18,d400_b3,400,3,glcmw5_correlation,0.616605
2022_2023,V18,d400_b3,400,3,glcmw5_homogeneity,0.831473
2022_2023,V18,d400_b3,400,3,glcmw7_asm,0.30525
2022_2023,V18,d400_b3,400,3,glcmw7_contrast,0.436437
2022_2023,V18,d400_b3,400,3,glcmw7_entropy,1.67799
2022_2023,V18,d400_b3,400,3,glcmw7_correlation,0.710706
2022_2023,V18,d400_b3,400,3,glcmw7_homogeneity,0.831463
2022_2023,V18,d400_b3,400,3,rgb_glcm_asm,
2022_2023,V18,d400_b3,400,3,rgb_glcm_contrast,
2022_2023,V18,d400_b3,400,3,rgb_glcm_correlation,
2022_2023,V18,d400_b3,400,3,rgb_glcm_variance,
2022_2023,V18,d400_b3,400,3,rgb_glcm_idm,
2022_2023,V18,d400_b3,400,3,rgb_glcm_sum_average,
2022_2023,V18,d400_b3,400,3,rgb_glcm_sum_variance,
2022_2023,V18,d400_b3,400,3,rgb_glcm_sum_entropy,
2022_2023,V18,d400_b3,400,3,rgb_glcm_entropy,
2022_2023,V18,d400_b3,400,3,rgb_glcm_diff_entropy,
2022_2023,V18,d400_b3,400,3,rgb_glcm_imc1,
2022_2023,V18,d400_b3,400,3,rgb_glcm_imc2,
2022_2023,V18,d400_b3,400,3,rgb_glcm_mcc,
2022_2023,V18,d400_b3,400,3,rgb_glcm_dissimilarity,
2022_2023,V18,d400_b3,400,3,rgb_glcm_inertia,
2022_2023,V18,d400_b3,400,3,rgb_glcm_cluster_shade,
2022_2023,V18,d400_b3,400,3,rgb_glcm_cluster_prominence,
2022_2023,V18,d400_b3,400,3,rgb_glcm_homogeneity,
2022_2023,V18,d400_b3,400,3,rgb_glcmw3_asm,
2022_2023,V18,d400_b3,400,3,rgb_glcmw3_contrast,
2022_2023,V18,d400_b3,400,3,rgb_glcmw3_entropy,
2022_2023,V18,d400_b3,400,3,rgb_glcmw3_correlation,
2022_2023,V18,d400_b3,400,3,rgb_glcmw3_homogeneity,
2022_2023,V18,d400_b3,400,3,rgb_glcmw5_asm,
2022_2023,V18,d400_b3,400,3,rgb_glcmw5_contrast,
2022_2023,V18,d400_b3,400,3,rgb_glcmw5_entropy,
2022_2023,V18,d400_b3,400,3,rgb_glcmw5_correlation,
2022_2023,V18,d400_b3,400,3,rgb_glcmw5_homogeneity,
2022_2023,V18,d400_b3,400,3,rgb_glcmw7_asm,
2022_2023,V18,d400_b3,400,3,rgb_glcmw7_contrast,
2022_2023,V18,d400_b3,400,3,rgb_glcmw7_entropy,
2022_2023,V18,d400_b3,400,3,rgb_glcmw7_correlation,
2022_2023,V18,d400_b3,400,3,rgb_glcmw7_homogeneity,
2022_2023,V18,d400_b4,400,4,NDVI,0.84191
2022_2023,V18,d400_b4,400,4,GNDVI,0.246856
2022_2023,V18,d400_b4,400,4,NDRE,0.407801
2022_2023,V18,d400_b4,400,4,CIrededge,20.1848
2022_2023,V18,d400_b4,400,4,SAVI,0.670665
2022_2023,V18,d400_b4,400,4,EVI,0.167177
2022_2023,V18,d400_b4,400,4,VARI,0.778388
2022_2023,V18,d400_b4,400,4,TGI,0.212895
2022_2023,V18,d400_b4,400,4,spec_mean,0.281606
2022_2023,V18,d400_b4,400,4,spec_std,0.242022
2022_2023,V18,d400_b4,400,4,spec_p10,0.0305106
2022_2023,V18,d400_b4,400,4,spec_p50,0.208669
2022_2023,V18,d400_b4,400,4,spec_p90,0.670933
2022_2023,V18,d400_b4,400,4,glcm_asm,0.0220371
2022_2023,V18,d400_b4,400,4,glcm_contrast,1.6063
2022_2023,V18,d400_b4,400,4,glcm_correlation,0.95357
2022_2023,V18,d400_b4,400,4,glcm_variance,17.2821
2022_2023,V18,d400_b4,400,4,glcm_idm,0.660074
2022_2023,V18,d400_b4,400,4,glcm_sum_average,14.6804
2022_2023,V18,d400_b4,400,4,glcm_sum_variance,196.167
2022_2023,V18,d400_b4,400,4,glcm_sum_entropy,3.34003
2022_2023,V18,d400_b4,400,4,glcm_entropy,4.20286
2022_2023,V18,d400_b4,400,4,glcm_diff_entropy,1.20228
2022_2023,V18,d400_b4,400,4,glcm_imc1,-0.440981
2022_2023,V18,d400_b4,400,4,glcm_imc2,0.952298
2022_2023,V18,d400_b4,400,4,glcm_mcc,0.958559
2022_2023,V18,d400_b4,400,4,glcm_dissimilarity,0.824434
2022_2023,V18,d400_b4,400,4,glcm_inertia,1.6063
2022_2023,V18,d400_b4,400,4,glcm_cluster_shade,-147.829
2022_2023,V18,d400_b4,400,4,glcm_cluster_prominence,9496.24
2022_2023,V18,d400_b4,400,4,glcm_homogeneity,0.684463
2022_2023,V18,d400_b4,400,4,glcmw3_asm,0.455348
2022_2023,V18,d400_b4,400,4,glcmw3_contrast,0.45746
2022_2023,V18,d400_b4,400,4,glcmw3_entropy,1.0376
2022_2023,V18,d400_b4,400,4,glcmw3_correlation,0.443676
2022_2023,V18,d400_b4,400,4,glcmw3_homogeneity,0.82084
2022_2023,V18,d400_b4,400,4,glcmw5_asm,0.333091
2022_2023,V18,d400_b4,400,4,glcmw5_contrast,0.457312
2022_2023,V18,d400_b4,400,4,glcmw5_entropy,1.49566
2022_2023,V18,d400_b4,400,4,glcmw5_correlation,0.634475
2022_2023,V18,d400_b4,400,4,glcmw5_homogeneity,0.820874
2022_2023,V18,d400_b4,400,4,glcmw7_asm,0.274058
2022_2023,V18,d400_b4,400,4,glcmw7_contrast,0.457244
2022_2023,V18,d400_b4,400,4,glcmw7_entropy,1.77266
2022_2023,V18,d400_b4,400,4,glcmw7_correlation,0.721891
2022_2023,V18,d400_b4,400,4,glcmw7_homogeneity,0.820884
2022_2023,V18,d400_b4,400,4,rgb_glcm_asm,
2022_2023,V18,d400_b4,400,4,rgb_glcm_contrast,
2022_2023,V18,d400_b4,400,4,rgb_glcm_correlation,
2022_2023,V18,d400_b4,400,4,rgb_glcm_variance,
2022_2023,V18,d400_b4,400,4,rgb_glcm_idm,
2022_2023,V18,d400_b4,400,4,rgb_glcm_sum_average,
2022_2023,V18,d400_b4,400,4,rgb_glcm_sum_variance,
2022_2023,V18,d400_b4,400,4,rgb_glcm_sum_entropy,
2022_2023,V18,d400_b4,400,4,rgb_glcm_entropy,
2022_2023,V18,d400_b4,400,4,rgb_glcm_diff_entropy,
2022_2023,V18,d400_b4,400,4,rgb_glcm_imc1,
2022_2023,V18,d400_b4,400,4,rgb_glcm_imc2,
2022_2023,V18,d400_b4,400,4,rgb_glcm_mcc,
2022_2023,V18,d400_b4,400,4,rgb_glcm_dissimilarity,
2022_2023,V18,d400_b4,400,4,rgb_glcm_inertia,
2022_2023,V18,d400_b4,400,4,rgb_glcm_cluster_shade,
2022_2023,V18,d400_b4,400,4,rgb_glcm_cluster_prominence,
2022_2023,V18,d400_b4,400,4,rgb_glcm_homogeneity,
2022_2023,V18,d400_b4,400,4,rgb_glcmw3_asm,
2022_2023,V18,d400_b4,400,4,rgb_glcmw3_contrast,
2022_2023,V18,d400_b4,400,4,rgb_glcmw3_entropy,
2022_2023,V18,d400_b4,400,4,rgb_glcmw3_correlation,
2022_2023,V18,d400_b4,400,4,rgb_glcmw3_homogeneity,
2022_2023,V18,d400_b4,400,4,rgb_glcmw5_asm,
2022_2023,V18,d400_b4,400,4,rgb_glcmw5_contrast,
2022_2023,V18,d400_b4,400,4,rgb_glcmw5_entropy,
2022_2023,V18,d400_b4,400,4,rgb_glcmw5_correlation,
2022_2023,V18,d400_b4,400,4,rgb_glcmw5_homogeneity,
2022_2023,V18,d400_b4,400,4,rgb_glcmw7_asm,
2022_2023,V18,d400_b4,400,4,rgb_glcmw7_contrast,
2022_2023,V18,d400_b4,400,4,rgb_glcmw7_entropy,
2022_2023,V18,d400_b4,400,4,rgb_glcmw7_correlation,
2022_2023,V18,d400_b4,400,4,rgb_glcmw7_homogeneity,
2023_2024,R2,1,0,1,NDVI,0.621579
2023_2024,R2,1,0,1,GNDVI,0.0395977
2023_2024,R2,1,0,1,NDRE,0.239348
2023_2024,R2,1,0,1,CIrededge,0.643763
2023_2024,R2,1,0,1,SAVI,0.523549
2023_2024,R2,1,0,1,EVI,1.72673
2023_2024,R2,1,0,1,VARI,1.02377
2023_2024,R2,1,0,1,TGI,0.299902
2023_2024,R2,1,0,1,spec_mean,0.335545
2023_2024,R2,1,0,1,spec_std,0.218863
2023_2024,R2,1,0,1,spec_p10,0.0979808
2023_2024,R2,1,0,1,spec_p50,0.284773
2023_2024,R2,1,0,1,spec_p90,0.654924
2023_2024,R2,1,0,1,glcm_asm,0.0355952
2023_2024,R2,1,0,1,glcm_contrast,1.13551
2023_2024,R2,1,0,1,glcm_correlation,0.973443
2023_2024,R2,1,0,1,glcm_variance,21.3787
2023_2024,R2,1,0,1,glcm_idm,0.704531
2023_2024,R2,1,0,1,glcm_sum_average,11.1142
2023_2024,R2,1,0,1,glcm_sum_variance,145.941
2023_2024,R2,1,0,1,glcm_sum_entropy,3.26812
2023_2024,R2,1,0,1,glcm_entropy,3.9417
2023_2024,R2,1,0,1,glcm_diff_entropy,1.08593
2023_2024,R2,1,0,1,glcm_imc1,-0.512113
2023_2024,R2,1,0,1,glcm_imc2,0.966275
2023_2024,R2,1,0,1,glcm_mcc,0.973651
2023_2024,R2,1,0,1,glcm_dissimilarity,0.680424
2023_2024,R2,1,0,1,glcm_inertia,1.13551
2023_2024,R2,1,0,1,glcm_cluster_shade,367.553
2023_2024,R2,1,0,1,glcm_cluster_prominence,13319.4
2023_2024,R2,1,0,1,glcm_homogeneity,0.724216
2023_2024,R2,1,0,1,glcmw3_asm,0.530339
2023_2024,R2,1,0,1,glcmw3_contrast,0.341652
2023_2024,R2,1,0,1,glcmw3_entropy,0.879552
2023_2024,R2,1,0,1,glcmw3_correlation,0.42061
2023_2024,R2,1,0,1,glcmw3_homogeneity,0.848007
2023_2024,R2,1,0,1,glcmw5_asm,0.41793
2023_2024,R2,1,0,1,glcmw5_contrast,0.341548
2023_2024,R2,1,0,1,glcmw5_entropy,1.27576
2023_2024,R2,1,0,1,glcmw5_correlation,0.604206
2023_2024,R2,1,0,1,glcmw5_homogeneity,0.848044
2023_2024,R2,1,0,1,glcmw7_asm,0.359326
2023_2024,R2,1,0,1,glcmw7_contrast,0.34155
2023_2024,R2,1,0,1,glcmw7_entropy,1.52698
2023_2024,R2,1,0,1,glcmw7_correlation,0.698508
2023_2024,R2,1,0,1,glcmw7_homogeneity,0.848032
2023_2024,R2,1,0,1,rgb_glcm_asm,0.0212464
2023_2024,R2,1,0,1,rgb_glcm_contrast,1.91578
2023_2024,R2,1,0,1,rgb_glcm_correlation,0.928761
2023_2024,R2,1,0,1,rgb_glcm_variance,13.4461
2023_2024,R2,1,0,1,rgb_glcm_idm,0.61655
2023_2024,R2,1,0,1,rgb_glcm_sum_average,10.7938
2023_2024,R2,1,0,1,rgb_glcm_sum_variance,108.513
2023_2024,R2,1,0,1,rgb_glcm_sum_entropy,3.26755
2023_2024,R2,1,0,1,rgb_glcm_entropy,4.2203
2023_2024,R2,1,0,1,rgb_glcm_diff_entropy,1.27147
2023_2024,R2,1,0,1,rgb_glcm_imc1,-0.382867
2023_2024,R2,1,0,1,rgb_glcm_imc2,0.929754
2023_2024,R2,1,0,1,rgb_glcm_mcc,0.930565
2023_2024,R2,1,0,1,rgb_glcm_dissimilarity,0.945212
2023_2024,R2,1,0,1,rgb_glcm_inertia,1.91578
2023_2024,R2,1,0,1,rgb_glcm_cluster_shade,216.22
2023_2024,R2,1,0,1,rgb_glcm_cluster_prominence,7574.07
2023_2024,R2,1,0,1,rgb_glcm_homogeneity,0.646078
2023_2024,R2,1,0,1,rgb_glcmw3_asm,0.406526
2023_2024,R2,1,0,1,rgb_glcmw3_contrast,0.531247
2023_2024,R2,1,0,1,rgb_glcmw3_entropy,1.14667
2023_2024,R2,1,0,1,rgb_glcmw3_correlation,0.460321
2023_2024,R2,1,0,1,rgb_glcmw3_homogeneity,0.796845
2023_2024,R2,1,0,1,rgb_glcmw5_asm,0.285788
2023_2024,R2,1,0,1,rgb_glcmw5_contrast,0.531103
2023_2024,R2,1,0,1,rgb_glcmw5_entropy,1.62967
2023_2024,R2,1,0,1,rgb_glcmw5_correlation,0.641336
2023_2024,R2,1,0,1,rgb_glcmw5_homogeneity,0.796915
2023_2024,R2,1,0,1,rgb_glcmw7_asm,0.230263
2023_2024,R2,1,0,1,rgb_glcmw7_contrast,0.531379
2023_2024,R2,1,0,1,rgb_glcmw7_entropy,1.91121
2023_2024,R2,1,0,1,rgb_glcmw7_correlation,0.724846
2023_2024,R2,1,0,1,rgb_glcmw7_homogeneity,0.796823
2022_2023,R2,d0_b1,0,1,NDVI,0.665891
2022_2023,R2,d0_b1,0,1,GNDVI,0.101612
2022_2023,R2,d0_b1,0,1,NDRE,0.255307
2022_2023,R2,d0_b1,0,1,CIrededge,0.695617
2022_2023,R2,d0_b1,0,1,SAVI,0.530837
2022_2023,R2,d0_b1,0,1,EVI,-1.42079
2022_2023,R2,d0_b1,0,1,VARI,-1.41893
2022_2023,R2,d0_b1,0,1,TGI,0.214633
2022_2023,R2,d0_b1,0,1,spec_mean,0.310799
2022_2023,R2,d0_b1,0,1,spec_std,0.225939
2022_2023,R2,d0_b1,0,1,spec_p10,0.0782351
2022_2023,R2,d0_b1,0,1,spec_p50,0.2434
2022_2023,R2,d0_b1,0,1,spec_p90,0.661195
2022_2023,R2,d0_b1,0,1,glcm_asm,0.0380984
2022_2023,R2,d0_b1,0,1,glcm_contrast,1.62939
2022_2023,R2,d0_b1,0,1,glcm_correlation,0.965393
2022_2023,R2,d0_b1,0,1,glcm_variance,23.5495
2022_2023,R2,d0_b1,0,1,glcm_idm,0.677058
2022_2023,R2,d0_b1,0,1,glcm_sum_average,11.5316
2022_2023,R2,d0_b1,0,1,glcm_sum_variance,161.332
2022_2023,R2,d0_b1,0,1,glcm_sum_entropy,3.24582
2022_2023,R2,d0_b1,0,1,glcm_entropy,4.02817
2022_2023,R2,d0_b1,0,1,glcm_diff_entropy,1.2093
2022_2023,R2,d0_b1,0,1,glcm_imc1,-0.467432
2022_2023,R2,d0_b1,0,1,glcm_imc2,0.956191
2022_2023,R2,d0_b1,0,1,glcm_mcc,0.965836
2022_2023,R2,d0_b1,0,1,glcm_dissimilarity,0.800774
2022_2023,R2,d0_b1,0,1,glcm_inertia,1.62939
2022_2023,R2,d0_b1,0,1,glcm_cluster_shade,292.246
2022_2023,R2,d0_b1,0,1,glcm_cluster_prominence,14218.7
2022_2023,R2,d0_b1,0,1,glcm_homogeneity,0.702374
2022_2023,R2,d0_b1,0,1,glcmw3_asm,0.51435
2022_2023,R2,d0_b1,0,1,glcmw3_contrast,0.443923
2022_2023,R2,d0_b1,0,1,glcmw3_entropy,0.935013
2022_2023,R2,d0_b1,0,1,glcmw3_correlation,0.425838
2022_2023,R2,d0_b1,0,1,glcmw3_homogeneity,0.832019
2022_2023,R2,d0_b1,0,1,glcmw5_asm,0.40453
2022_2023,R2,d0_b1,0,1,glcmw5_contrast,0.443957
2022_2023,R2,d0_b1,0,1,glcmw5_entropy,1.352
2022_2023,R2,d0_b1,0,1,glcmw5_correlation,0.607858
2022_2023,R2,d0_b1,0,1,glcmw5_homogeneity,0.832007
2022_2023,R2,d0_b1,0,1,glcmw7_asm,0.347818
2022_2023,R2,d0_b1,0,1,glcmw7_contrast,0.444036
2022_2023,R2,d0_b1,0,1,glcmw7_entropy,1.61384
2022_2023,R2,d0_b1,0,1,glcmw7_correlation,0.703423
2022_2023,R2,d0_b1,0,1,glcmw7_homogeneity,0.831998
2022_2023,R2,d0_b1,0,1,rgb_glcm_asm,
2022_2023,R2,d0_b1,0,1,rgb_glcm_contrast,
2022_2023,R2,d0_b1,0,1,rgb_glcm_correlation,
2022_2023,R2,d0_b1,0,1,rgb_glcm_variance,
2022_2023,R2,d0_b1,0,1,rgb_glcm_idm,
2022_2023,R2,d0_b1,0,1,rgb_glcm_sum_average,
2022_2023,R2,d0_b1,0,1,rgb_glcm_sum_variance,
2022_2023,R2,d0_b1,0,1,rgb_glcm_sum_entropy,
2022_2023,R2,d0_b1,0,1,rgb_glcm_entropy,
2022_2023,R2,d0_b1,0,1,rgb_glcm_diff_entropy,
2022_2023,R2,d0_b1,0,1,rgb_glcm_imc1,
2022_2023,R2,d0_b1,0,1,rgb_glcm_imc2,
2022_2023,R2,d0_b1,0,1,rgb_glcm_mcc,
2022_2023,R2,d0_b1,0,1,rgb_glcm_dissimilarity,
2022_2023,R2,d0_b1,0,1,rgb_glcm_inertia,
2022_2023,R2,d0_b1,0,1,rgb_glcm_cluster_shade,
2022_2023,R2,d0_b1,0,1,rgb_glcm_cluster_prominence,
2022_2023,R2,d0_b1,0,1,rgb_glcm_homogeneity,
2022_2023,R2,d0_b1,0,1,rgb_glcmw3_asm,
2022_2023,R2,d0_b1,0,1,rgb_glcmw3_contrast,
2022_2023,R2,d0_b1,0,1,rgb_glcmw3_entropy,
2022_2023,R2,d0_b1,0,1,rgb_glcmw3_correlation,
2022_2023,R2,d0_b1,0,1,rgb_glcmw3_homogeneity,
2022_2023,R2,d0_b1,0,1,rgb_glcmw5_asm,
2022_2023,R2,d0_b1,0,1,rgb_glcmw5_contrast,
2022_2023,R2,d0_b1,0,1,rgb_glcmw5_entropy,
2022_2023,R2,d0_b1,0,1,rgb_glcmw5_correlation,
2022_2023,R2,d0_b1,0,1,rgb_glcmw5_homogeneity,
2022_2023,R2,d0_b1,0,1,rgb_glcmw7_asm,
2022_2023,R2,d0_b1,0,1,rgb_glcmw7_contrast,
2022_2023,R2,d0_b1,0,1,rgb_glcmw7_entropy,
2022_2023,R2,d0_b1,0,1,rgb_glcmw7_correlation,
2022_2023,R2,d0_b1,0,1,rgb_glcmw7_homogeneity,
2023_2024,R2,119,0,2,NDVI,0.62995
2023_2024,R2,119,0,2,GNDVI,0.0955378
2023_2024,R2,119,0,2,NDRE,0.224984
2023_2024,R2,119,0,2,CIrededge,0.591071
2023_2024,R2,119,0,2,SAVI,0.525645
2023_2024,R2,119,0,2,EVI,8.65868
2023_2024,R2,119,0,2,VARI,0.882595
2023_2024,R2,119,0,2,TGI,0.286573
2023_2024,R2,119,0,2,spec_mean,0.317621
2023_2024,R2,119,0,2,spec_std,0.226255
2023_2024,R2,119,0,2,spec_p10,0.0894834
2023_2024,R2,119,0,2,spec_p50,0.249504
2023_2024,R2,119,0,2,spec_p90,0.662392
2023_2024,R2,119,0,2,glcm_asm,0.0409753
2023_2024,R2,119,0,2,glcm_contrast,1.30098
2023_2024,R2,119,0,2,glcm_correlation,0.970942
2023_2024,R2,119,0,2,glcm_variance,22.3861
2023_2024,R2,119,0,2,glcm_idm,0.697681
2023_2024,R2,119,0,2,glcm_sum_average,11.5358
2023_2024,R2,119,0,2,glcm_sum_variance,157.215
2023_2024,R2,119,0,2,glcm_sum_entropy,3.23087
2023_2024,R2,119,0,2,glcm_entropy,3.93323
2023_2024,R2,119,0,2,glcm_diff_entropy,1.13274
2023_2024,R2,119,0,2,glcm_imc1,-0.499007
2023_2024,R2,119,0,2,glcm_imc2,0.962729
2023_2024,R2,119,0,2,glcm_mcc,0.971805
2023_2024,R2,119,0,2,glcm_dissimilarity,0.717872
2023_2024,R2,119,0,2,glcm_inertia,1.30098
2023_2024,R2,119,0,2,glcm_cluster_shade,298.92
2023_2024,R2,119,0,2,glcm_cluster_prominence,13292.3
2023_2024,R2,119,0,2,glcm_homogeneity,0.71992
2023_2024,R2,119,0,2,glcmw3_asm,0.52468
2023_2024,R2,119,0,2,glcmw3_contrast,0.37698
2023_2024,R2,119,0,2,glcmw3_entropy,0.900619
2023_2024,R2,119,0,2,glcmw3_correlation,0.43375
2023_2024,R2,119,0,2,glcmw3_homogeneity,0.841708
2023_2024,R2,119,0,2,glcmw5_asm,0.412431
2023_2024,R2,119,0,2,glcmw5_contrast,0.376806
2023_2024,R2,119,0,2,glcmw5_entropy,1.3083
2023_2024,R2,119,0,2,glcmw5_correlation,0.615616
2023_2024,R2,119,0,2,glcmw5_homogeneity,0.841735
2023_2024,R2,119,0,2,glcmw7_asm,0.353946
2023_2024,R2,119,0,2,glcmw7_contrast,0.376729
2023_2024,R2,119,0,2,glcmw7_entropy,1.56684
2023_2024,R2,119,0,2,glcmw7_correlation,0.710013
2023_2024,R2,119,0,2,glcmw7_homogeneity,0.841738
2023_2024,R2,119,0,2,rgb_glcm_asm,0.0225018
2023_2024,R2,119,0,2,rgb_glcm_contrast,1.8827
2023_2024,R2,119,0,2,rgb_glcm_correlation,0.929019
2023_2024,R2,119,0,2,rgb_glcm_variance,13.2621
2023_2024,R2,119,0,2,rgb_glcm_idm,0.635353
2023_2024,R2,119,0,2,rgb_glcm_sum_average,11.3301
2023_2024,R2,119,0,2,rgb_glcm_sum_variance,116.11
2023_2024,R2,119,0,2,rgb_glcm_sum_entropy,3.27132
2023_2024,R2,119,0,2,rgb_glcm_entropy,4.20282
2023_2024,R2,119,0,2,rgb_glcm_diff_entropy,1.26474
2023_2024,R2,119,0,2,rgb_glcm_imc1,-0.394201
2023_2024,R2,119,0,2,rgb_glcm_imc2,0.934338
2023_2024,R2,119,0,2,rgb_glcm_mcc,0.933279
2023_2024,R2,119,0,2,rgb_glcm_dissimilarity,0.906917
2023_2024,R2,119,0,2,rgb_glcm_inertia,1.8827
2023_2024,R2,119,0,2,rgb_glcm_cluster_shade,176.303
2023_2024,R2,119,0,2,rgb_glcm_cluster_prominence,7148.46
2023_2024,R2,119,0,2,rgb_glcm_homogeneity,0.663549
2023_2024,R2,119,0,2,rgb_glcmw3_asm,0.430527
2023_2024,R2,119,0,2,rgb_glcmw3_contrast,0.52248
2023_2024,R2,119,0,2,rgb_glcmw3_entropy,1.10178
2023_2024,R2,119,0,2,rgb_glcmw3_correlation,0.453533
2023_2024,R2,119,0,2,rgb_glcmw3_homogeneity,0.805554
2023_2024,R2,119,0,2,rgb_glcmw5_asm,0.311034
2023_2024,R2,119,0,2,rgb_glcmw5_contrast,0.522324
2023_2024,R2,119,0,2,rgb_glcmw5_entropy,1.57747
2023_2024,R2,119,0,2,rgb_glcmw5_correlation,0.636574
2023_2024,R2,119,0,2,rgb_glcmw5_homogeneity,0.805594
2023_2024,R2,119,0,2,rgb_glcmw7_asm,0.254972
2023_2024,R2,119,0,2,rgb_glcmw7_contrast,0.522107
2023_2024,R2,119,0,2,rgb_glcmw7_entropy,1.85574
2023_2024,R2,119,0,2,rgb_glcmw7_correlation,0.722097
2023_2024,R2,119,0,2,rgb_glcmw7_homogeneity,0.805612
2022_2023,R2,d0_b2,0,2,NDVI,0.667259
2022_2023,R2,d0_b2,0,2,GNDVI,0.0899363
2022_2023,R2,d0_b2,0,2,NDRE,0.254591
2022_2023,R2,d0_b2,0,2,CIrededge,0.693001
2022_2023,R2,d0_b2,0,2,SAVI,0.532925
2022_2023,R2,d0_b2,0,2,EVI,-4.83694
2022_2023,R2,d0_b2,0,2,VARI,2.00902
2022_2023,R2,d0_b2,0,2,TGI,0.222442
2022_2023,R2,d0_b2,0,2,spec_mean,0.314772
2022_2023,R2,d0_b2,0,2,spec_std,0.230914
2022_2023,R2,d0_b2,0,2,spec_p10,0.0776182
2022_2023,R2,d0_b2,0,2,spec_p50,0.243177
2022_2023,R2,d0_b2,0,2,spec_p90,0.678345
2022_2023,R2,d0_b2,0,2,glcm_asm,0.0439668
2022_2023,R2,d0_b2,0,2,glcm_contrast,1.63039
2022_2023,R2,d0_b2,0,2,glcm_correlation,0.96675
2022_2023,R2,d0_b2,0,2,glcm_variance,24.5165
2022_2023,R2,d0_b2,0,2,glcm_idm,0.68364
2022_2023,R2,d0_b2,0,2,glcm_sum_average,11.7793
2022_2023,R2,d0_b2,0,2,glcm_sum_variance,169.897
2022_2023,R2,d0_b2,0,2,glcm_sum_entropy,3.21331
2022_2023,R2,d0_b2,0,2,glcm_entropy,3.97909
2022_2023,R2,d0_b2,0,2,glcm_diff_entropy,1.20571
2022_2023,R2,d0_b2,0,2,glcm_imc1,-0.475571
2022_2023,R2,d0_b2,0,2,glcm_imc2,0.957325
2022_2023,R2,d0_b2,0,2,glcm_mcc,0.967839
2022_2023,R2,d0_b2,0,2,glcm_dissimilarity,0.789131
2022_2023,R2,d0_b2,0,2,glcm_inertia,1.63039
2022_2023,R2,d0_b2,0,2,glcm_cluster_shade,224.371
2022_2023,R2,d0_b2,0,2,glcm_cluster_prominence,14736.3
2022_2023,R2,d0_b2,0,2,glcm_homogeneity,0.708752
2022_2023,R2,d0_b2,0,2,glcmw3_asm,0.531545
2022_2023,R2,d0_b2,0,2,glcmw3_contrast,0.435304
2022_2023,R2,d0_b2,0,2,glcmw3_entropy,0.905798
2022_2023,R2,d0_b2,0,2,glcmw3_correlation,0.406555
2022_2023,R2,d0_b2,0,2,glcmw3_homogeneity,0.837095
2022_2023,R2,d0_b2,0,2,glcmw5_asm,0.428011
2022_2023,R2,d0_b2,0,2,glcmw5_contrast,0.435291
2022_2023,R2,d0_b2,0,2,glcmw5_entropy,1.30688
2022_2023,R2,d0_b2,0,2,glcmw5_correlation,0.574019
2022_2023,R2,d0_b2,0,2,glcmw5_homogeneity,0.837083
2022_2023,R2,d0_b2,0,2,glcmw7_asm,0.37532
2022_2023,R2,d0_b2,0,2,glcmw7_contrast,0.43529
2022_2023,R2,d0_b2,0,2,glcmw7_entropy,1.55597
2022_2023,R2,d0_b2,0,2,glcmw7_correlation,0.659528
2022_2023,R2,d0_b2,0,2,glcmw7_homogeneity,0.837073
2022_2023,R2,d0_b2,0,2,rgb_glcm_asm,
2022_2023,R2,d0_b2,0,2,rgb_glcm_contrast,
2022_2023,R2,d0_b2,0,2,rgb_glcm_correlation,
2022_2023,R2,d0_b2,0,2,rgb_glcm_variance,
2022_2023,R2,d0_b2,0,2,rgb_glcm_idm,
2022_2023,R2,d0_b2,0,2,rgb_glcm_sum_average,
2022_2023,R2,d0_b2,0,2,rgb_glcm_sum_variance,
2022_2023,R2,d0_b2,0,2,rgb_glcm_sum_entropy,
2022_2023,R2,d0_b2,0,2,rgb_glcm_entropy,
2022_2023,R2,d0_b2,0,2,rgb_glcm_diff_entropy,
2022_2023,R2,d0_b2,0,2,rgb_glcm_imc1,
2022_2023,R2,d0_b2,0,2,rgb_glcm_imc2,
2022_2023,R2,d0_b2,0,2,rgb_glcm_mcc,
2022_2023,R2,d0_b2,0,2,rgb_glcm_dissimilarity,
2022_2023,R2,d0_b2,0,2,rgb_glcm_inertia,
2022_2023,R2,d0_b2,0,2,rgb_glcm_cluster_shade,
2022_2023,R2,d0_b2,0,2,rgb_glcm_cluster_prominence,
2022_2023,R2,d0_b2,0,2,rgb_glcm_homogeneity,
2022_2023,R2,d0_b2,0,2,rgb_glcmw3_asm,
2022_2023,R2,d0_b2,0,2,rgb_glcmw3_contrast,
2022_2023,R2,d0_b2,0,2,rgb_glcmw3_entropy,
2022_2023,R2,d0_b2,0,2,rgb_glcmw3_correlation,
2022_2023,R2,d0_b2,0,2,rgb_glcmw3_homogeneity,
2022_2023,R2,d0_b2,0,2,rgb_glcmw5_asm,
2022_2023,R2,d0_b2,0,2,rgb_glcmw5_contrast,
2022_2023,R2,d0_b2,0,2,rgb_glcmw5_entropy,
2022_2023,R2,d0_b2,0,2,rgb_glcmw5_correlation,
2022_2023,R2,d0_b2,0,2,rgb_glcmw5_homogeneity,
2022_2023,R2,d0_b2,0,2,rgb_glcmw7_asm,
2022_2023,R2,d0_b2,0,2,rgb_glcmw7_contrast,
2022_2023,R2,d0_b2,0,2,rgb_glcmw7_entropy,
2022_2023,R2,d0_b2,0,2,rgb_glcmw7_correlation,
2022_2023,R2,d0_b2,0,2,rgb_glcmw7_homogeneity,
2023_2024,R2,123,0,3,NDVI,0.673326
2023_2024,R2,123,0,3,GNDVI,0.0811409
2023_2024,R2,123,0,3,NDRE,0.255864
2023_2024,R2,123,0,3,CIrededge,0.700013
2023_2024,R2,123,0,3,SAVI,0.561122
2023_2024,R2,123,0,3,EVI,1.25234
2023_2024,R2,123,0,3,VARI,1.0241
2023_2024,R2,123,0,3,TGI,0.30147
2023_2024,R2,123,0,3,spec_mean,0.320676
2023_2024,R2,123,0,3,spec_std,0.232489
2023_2024,R2,123,0,3,spec_p10,0.0839551
2023_2024,R2,123,0,3,spec_p50,0.25317
2023_2024,R2,123,0,3,spec_p90,0.688376
2023_2024,R2,123,0,3,glcm_asm,0.0399448
2023_2024,R2,123,0,3,glcm_contrast,1.23815
2023_2024,R2,123,0,3,glcm_correlation,0.973923
2023_2024,R2,123,0,3,glcm_variance,23.7399
2023_2024,R2,123,0,3,glcm_idm,0.700803
2023_2024,R2,123,0,3,glcm_sum_average,12.0673
2023_2024,R2,123,0,3,glcm_sum_variance,171.535
2023_2024,R2,123,0,3,glcm_sum_entropy,3.24605
2023_2024,R2,123,0,3,glcm_entropy,3.92671
2023_2024,R2,123,0,3,glcm_diff_entropy,1.11522
2023_2024,R2,123,0,3,glcm_imc1,-0.512727
2023_2024,R2,123,0,3,glcm_imc2,0.96607
2023_2024,R2,123,0,3,glcm_mcc,0.975388
2023_2024,R2,123,0,3,glcm_dissimilarity,0.70246
2023_2024,R2,123,0,3,glcm_inertia,1.23815
2023_2024,R2,123,0,3,glcm_cluster_shade,204.067
2023_2024,R2,123,0,3,glcm_cluster_prominence,14002
2023_2024,R2,123,0,3,glcm_homogeneity,0.721931
2023_2024,R2,123,0,3,glcmw3_asm,0.536785
2023_2024,R2,123,0,3,glcmw3_contrast,0.360291
2023_2024,R2,123,0,3,glcmw3_entropy,0.876761
2023_2024,R2,123,0,3,glcmw3_correlation,0.423374
2023_2024,R2,123,0,3,glcmw3_homogeneity,0.846558
2023_2024,R2,123,0,3,glcmw5_asm,0.430553
2023_2024,R2,123,0,3,glcmw5_contrast,0.360196
2023_2024,R2,123,0,3,glcmw5_entropy,1.27066
2023_2024,R2,123,0,3,glcmw5_correlation,0.591155
2023_2024,R2,123,0,3,glcmw5_homogeneity,0.846587
2023_2024,R2,123,0,3,glcmw7_asm,0.376962
2023_2024,R2,123,0,3,glcmw7_contrast,0.360078
2023_2024,R2,123,0,3,glcmw7_entropy,1.51947
2023_2024,R2,123,0,3,glcmw7_correlation,0.674064
2023_2024,R2,123,0,3,glcmw7_homogeneity,0.846634
2023_2024,R2,123,0,3,rgb_glcm_asm,0.0240107
2023_2024,R2,123,0,3,rgb_glcm_contrast,1.90077
2023_2024,R2,123,0,3,rgb_glcm_correlation,0.931896
2023_2024,R2,123,0,3,rgb_glcm_variance,13.9549
2023_2024,R2,123,0,3,rgb_glcm_idm,0.631784
2023_2024,R2,123,0,3,rgb_glcm_sum_average,10.4222
2023_2024,R2,123,0,3,rgb_glcm_sum_variance,105.294
2023_2024,R2,123,0,3,rgb_glcm_sum_entropy,3.25452
2023_2024,R2,123,0,3,rgb_glcm_entropy,4.17738
2023_2024,R2,123,0,3,rgb_glcm_diff_entropy,1.26809
2023_2024,R2,123,0,3,rgb_glcm_imc1,-0.394349
2023_2024,R2,123,0,3,rgb_glcm_imc2,0.933549
2023_2024,R2,123,0,3,rgb_glcm_mcc,0.933635
2023_2024,R2,123,0,3,rgb_glcm_dissimilarity,0.916348
2023_2024,R2,123,0,3,rgb_glcm_inertia,1.90077
2023_2024,R2,123,0,3,rgb_glcm_cluster_shade,277.365
2023_2024,R2,123,0,3,rgb_glcm_cluster_prominence,8253.36
2023_2024,R2,123,0,3,rgb_glcm_homogeneity,0.660096
2023_2024,R2,123,0,3,rgb_glcmw3_asm,0.42806
2023_2024,R2,123,0,3,rgb_glcmw3_contrast,0.527637
2023_2024,R2,123,0,3,rgb_glcmw3_entropy,1.10911
2023_2024,R2,123,0,3,rgb_glcmw3_correlation,0.459034
2023_2024,R2,123,0,3,rgb_glcmw3_homogeneity,0.803424
2023_2024,R2,123,0,3,rgb_glcmw5_asm,0.310282
2023_2024,R2,123,0,3,rgb_glcmw5_contrast,0.527553
2023_2024,R2,123,0,3,rgb_glcmw5_entropy,1.58611
2023_2024,R2,123,0,3,rgb_glcmw5_correlation,0.636827
2023_2024,R2,123,0,3,rgb_glcmw5_homogeneity,0.803442
2023_2024,R2,123,0,3,rgb_glcmw7_asm,0.255328
2023_2024,R2,123,0,3,rgb_glcmw7_contrast,0.527462
2023_2024,R2,123,0,3,rgb_glcmw7_entropy,1.86762
2023_2024,R2,123,0,3,rgb_glcmw7_correlation,0.720779
2023_2024,R2,123,0,3,rgb_glcmw7_homogeneity,0.803442
2022_2023,R2,d0_b3,0,3,NDVI,0.74816
2022_2023,R2,d0_b3,0,3,GNDVI,0.14563
2022_2023,R2,d0_b3,0,3,NDRE,0.330868
2022_2023,R2,d0_b3,0,3,CIrededge,1.01864
2022_2023,R2,d0_b3,0,3,SAVI,0.590876
2022_2023,R2,d0_b3,0,3,EVI,0.265597
2022_2023,R2,d0_b3,0,3,VARI,1.90669
2022_2023,R2,d0_b3,0,3,TGI,0.221406
2022_2023,R2,d0_b3,0,3,spec_mean,0.2984
2022_2023,R2,d0_b3,0,3,spec_std,0.23955
2022_2023,R2,d0_b3,0,3,spec_p10,0.0554211
2022_2023,R2,d0_b3,0,3,spec_p50,0.219633
2022_2023,R2,d0_b3,0,3,spec_p90,0.689428
2022_2023,R2,d0_b3,0,3,glcm_asm,0.0406146
2022_2023,R2,d0_b3,0,3,glcm_contrast,1.63944
2022_2023,R2,d0_b3,0,3,glcm_correlation,0.966431
2022_2023,R2,d0_b3,0,3,glcm_variance,24.4177
2022_2023,R2,d0_b3,0,3,glcm_idm,0.682305
2022_2023,R2,d0_b3,0,3,glcm_sum_average,13.0025
2022_2023,R2,d0_b3,0,3,glcm_sum_variance,191.608
2022_2023,R2,d0_b3,0,3,glcm_sum_entropy,3.24334
2022_2023,R2,d0_b3,0,3,glcm_entropy,4.02071
2022_2023,R2,d0_b3,0,3,glcm_diff_entropy,1.20631
2022_2023,R2,d0_b3,0,3,glcm_imc1,-0.475842
2022_2023,R2,d0_b3,0,3,glcm_imc2,0.958515
2022_2023,R2,d0_b3,0,3,glcm_mcc,0.96752
2022_2023,R2,d0_b3,0,3,glcm_dissimilarity,0.791832
2022_2023,R2,d0_b3,0,3,glcm_inertia,1.63944
2022_2023,R2,d0_b3,0,3,glcm_cluster_shade,15.0108
2022_2023,R2,d0_b3,0,3,glcm_cluster_prominence,14474.7
2022_2023,R2,d0_b3,0,3,glcm_homogeneity,0.707079
2022_2023,R2,d0_b3,0,3,glcmw3_asm,0.51851
2022_2023,R2,d0_b3,0,3,glcmw3_contrast,0.444095
2022_2023,R2,d0_b3,0,3,glcmw3_entropy,0.926529
2022_2023,R2,d0_b3,0,3,glcmw3_correlation,0.41879
2022_2023,R2,d0_b3,0,3,glcmw3_homogeneity,0.83453
2022_2023,R2,d0_b3,0,3,glcmw5_asm,0.408444
2022_2023,R2,d0_b3,0,3,glcmw5_contrast,0.444037
2022_2023,R2,d0_b3,0,3,glcmw5_entropy,1.34238
2022_2023,R2,d0_b3,0,3,glcmw5_correlation,0.600769
2022_2023,R2,d0_b3,0,3,glcmw5_homogeneity,0.834537
2022_2023,R2,d0_b3,0,3,glcmw7_asm,0.351273
2022_2023,R2,d0_b3,0,3,glcmw7_contrast,0.443981
2022_2023,R2,d0_b3,0,3,glcmw7_entropy,1.60525
2022_2023,R2,d0_b3,0,3,glcmw7_correlation,0.691284
2022_2023,R2,d0_b3,0,3,glcmw7_homogeneity,0.834528
2022_2023,R2,d0_b3,0,3,rgb_glcm_asm,
2022_2023,R2,d0_b3,0,3,rgb_glcm_contrast,
2022_2023,R2,d0_b3,0,3,rgb_glcm_correlation,
2022_2023,R2,d0_b3,0,3,rgb_glcm_variance,
2022_2023,R2,d0_b3,0,3,rgb_glcm_idm,
2022_2023,R2,d0_b3,0,3,rgb_glcm_sum_average,
2022_2023,R2,d0_b3,0,3,rgb_glcm_sum_variance,
2022_2023,R2,d0_b3,0,3,rgb_glcm_sum_entropy,
2022_2023,R2,d0_b3,0,3,rgb_glcm_entropy,
2022_2023,R2,d0_b3,0,3,rgb_glcm_diff_entropy,
2022_2023,R2,d0_b3,0,3,rgb_glcm_imc1,
2022_2023,R2,d0_b3,0,3,rgb_glcm_imc2,
2022_2023,R2,d0_b3,0,3,rgb_glcm_mcc,
2022_2023,R2,d0_b3,0,3,rgb_glcm_dissimilarity,
2022_2023,R2,d0_b3,0,3,rgb_glcm_inertia,
2022_2023,R2,d0_b3,0,3,rgb_glcm_cluster_shade,
2022_2023,R2,d0_b3,0,3,rgb_glcm_cluster_prominence,
2022_2023,R2,d0_b3,0,3,rgb_glcm_homogeneity,
2022_2023,R2,d0_b3,0,3,rgb_glcmw3_asm,
2022_2023,R2,d0_b3,0,3,rgb_glcmw3_contrast,
2022_2023,R2,d0_b3,0,3,rgb_glcmw3_entropy,
2022_2023,R2,d0_b3,0,3,rgb_glcmw3_correlation,
2022_2023,R2,d0_b3,0,3,rgb_glcmw3_homogeneity,
2022_2023,R2,d0_b3,0,3,rgb_glcmw5_asm,
2022_2023,R2,d0_b3,0,3,rgb_glcmw5_contrast,
2022_2023,R2,d0_b3,0,3,rgb_glcmw5_entropy,
2022_2023,R2,d0_b3,0,3,rgb_glcmw5_correlation,
2022_2023,R2,d0_b3,0,3,rgb_glcmw5_homogeneity,
2022_2023,R2,d0_b3,0,3,rgb_glcmw7_asm,
2022_2023,R2,d0_b3,0,3,rgb_glcmw7_contrast,
2022_2023,R2,d0_b3,0,3,rgb_glcmw7_entropy,
2022_2023,R2,d0_b3,0,3,rgb_glcmw7_correlation,
2022_2023,R2,d0_b3,0,3,rgb_glcmw7_homogeneity,
2023_2024,R2,132,0,4,NDVI,0.68559
2023_2024,R2,132,0,4,GNDVI,0.0794549
2023_2024,R2,132,0,4,NDRE,0.257156
2023_2024,R2,132,0,4,CIrededge,0.705787
2023_2024,R2,132,0,4,SAVI,0.56929
2023_2024,R2,132,0,4,EVI,1.02983
2023_2024,R2,132,0,4,VARI,1.02475
2023_2024,R2,132,0,4,TGI,0.312545
2023_2024,R2,132,0,4,spec_mean,0.322353
2023_2024,R2,132,0,4,spec_std,0.237373
2023_2024,R2,132,0,4,spec_p10,0.0792759
2023_2024,R2,132,0,4,spec_p50,0.253215
2023_2024,R2,132,0,4,spec_p90,0.698862
2023_2024,R2,132,0,4,glcm_asm,0.0384525
2023_2024,R2,132,0,4,glcm_contrast,1.34712
2023_2024,R2,132,0,4,glcm_correlation,0.971246
2023_2024,R2,132,0,4,glcm_variance,23.4252
2023_2024,R2,132,0,4,glcm_idm,0.692119
2023_2024,R2,132,0,4,glcm_sum_average,12.4492
2023_2024,R2,132,0,4,glcm_sum_variance,176.916
2023_2024,R2,132,0,4,glcm_sum_entropy,3.25348
2023_2024,R2,132,0,4,glcm_entropy,3.97289
2023_2024,R2,132,0,4,glcm_diff_entropy,1.14588
2023_2024,R2,132,0,4,glcm_imc1,-0.497195
2023_2024,R2,132,0,4,glcm_imc2,0.963243
2023_2024,R2,132,0,4,glcm_mcc,0.972306
2023_2024,R2,132,0,4,glcm_dissimilarity,0.733954
2023_2024,R2,132,0,4,glcm_inertia,1.34712
2023_2024,R2,132,0,4,glcm_cluster_shade,161.905
2023_2024,R2,132,0,4,glcm_cluster_prominence,13498.5
2023_2024,R2,132,0,4,glcm_homogeneity,0.714914
2023_2024,R2,132,0,4,glcmw3_asm,0.521522
2023_2024,R2,132,0,4,glcmw3_contrast,0.385965
2023_2024,R2,132,0,4,glcmw3_entropy,0.907608
2023_2024,R2,132,0,4,glcmw3_correlation,0.438615
2023_2024,R2,132,0,4,glcmw3_homogeneity,0.839865
2023_2024,R2,132,0,4,glcmw5_asm,0.410958
2023_2024,R2,132,0,4,glcmw5_contrast,0.385933
2023_2024,R2,132,0,4,glcmw5_entropy,1.31732
2023_2024,R2,132,0,4,glcmw5_correlation,0.61548
2023_2024,R2,132,0,4,glcmw5_homogeneity,0.839892
2023_2024,R2,132,0,4,glcmw7_asm,0.354433
2023_2024,R2,132,0,4,glcmw7_contrast,0.386038
2023_2024,R2,132,0,4,glcmw7_entropy,1.57641
2023_2024,R2,132,0,4,glcmw7_correlation,0.703992
2023_2024,R2,132,0,4,glcmw7_homogeneity,0.839855
2023_2024,R2,132,0,4,rgb_glcm_asm,0.021745
2023_2024,R2,132,0,4,rgb_glcm_contrast,1.96989
2023_2024,R2,132,0,4,rgb_glcm_correlation,0.929775
2023_2024,R2,132,0,4,rgb_glcm_variance,14.0255
2023_2024,R2,132,0,4,rgb_glcm_idm,0.621723
2023_2024,R2,132,0,4,rgb_glcm_sum_average,11.2491
2023_2024,R2,132,0,4,rgb_glcm_sum_variance,117.544
2023_2024,R2,132,0,4,rgb_glcm_sum_entropy,3.28588
2023_2024,R2,132,0,4,rgb_glcm_entropy,4.24233
2023_2024,R2,132,0,4,rgb_glcm_diff_entropy,1.28713
2023_2024,R2,132,0,4,rgb_glcm_imc1,-0.388273
2023_2024,R2,132,0,4,rgb_glcm_imc2,0.933001
2023_2024,R2,132,0,4,rgb_glcm_mcc,0.93248
2023_2024,R2,132,0,4,rgb_glcm_dissimilarity,0.945384
2023_2024,R2,132,0,4,rgb_glcm_inertia,1.96989
2023_2024,R2,132,0,4,rgb_glcm_cluster_shade,218.65
2023_2024,R2,132,0,4,rgb_glcm_cluster_prominence,7816.5
2023_2024,R2,132,0,4,rgb_glcm_homogeneity,0.651987
2023_2024,R2,132,0,4,rgb_glcmw3_asm,0.418191
2023_2024,R2,132,0,4,rgb_glcmw3_contrast,0.542043
2023_2024,R2,132,0,4,rgb_glcmw3_entropy,1.13302
2023_2024,R2,132,0,4,rgb_glcmw3_correlation,0.472962
2023_2024,R2,132,0,4,rgb_glcmw3_homogeneity,0.797557
2023_2024,R2,132,0,4,rgb_glcmw5_asm,0.299116
2023_2024,R2,132,0,4,rgb_glcmw5_contrast,0.542051
2023_2024,R2,132,0,4,rgb_glcmw5_entropy,1.62179
2023_2024,R2,132,0,4,rgb_glcmw5_correlation,0.651343
2023_2024,R2,132,0,4,rgb_glcmw5_homogeneity,0.797543
2023_2024,R2,132,0,4,rgb_glcmw7_asm,0.243431
2023_2024,R2,132,0,4,rgb_glcmw7_contrast,0.541985
2023_2024,R2,132,0,4,rgb_glcmw7_entropy,1.91046
2023_2024,R2,132,0,4,rgb_glcmw7_correlation,0.734417
2023_2024,R2,132,0,4,rgb_glcmw7_homogeneity,0.797551
2022_2023,R2,d0_b4,0,4,NDVI,0.687091
2022_2023,R2,d0_b4,0,4,GNDVI,0.0993927
2022_2023,R2,d0_b4,0,4,NDRE,0.274125
2022_2023,R2,d0_b4,0,4,CIrededge,0.772909
2022_2023,R2,d0_b4,0,4,SAVI,0.542269
2022_2023,R2,d0_b4,0,4,EVI,-1.03508
2022_2023,R2,d0_b4,0,4,VARI,2.20607
2022_2023,R2,d0_b4,0,4,TGI,0.220623
2022_2023,R2,d0_b4,0,4,spec_mean,0.309127
2022_2023,R2,d0_b4,0,4,spec_std,0.231494
2022_2023,R2,d0_b4,0,4,spec_p10,0.0704646
2022_2023,R2,d0_b4,0,4,spec_p50,0.236249
2022_2023,R2,d0_b4,0,4,spec_p90,0.672404
2022_2023,R2,d0_b4,0,4,glcm_asm,0.0402408
2022_2023,R2,d0_b4,0,4,glcm_contrast,1.73078
2022_2023,R2,d0_b4,0,4,glcm_correlation,0.964304
2022_2023,R2,d0_b4,0,4,glcm_variance,24.2429
2022_2023,R2,d0_b4,0,4,glcm_idm,0.675272
2022_2023,R2,d0_b4,0,4,glcm_sum_average,11.8696
2022_2023,R2,d0_b4,0,4,glcm_sum_variance,169.734
2022_2023,R2,d0_b4,0,4,glcm_sum_entropy,3.23901
2022_2023,R2,d0_b4,0,4,glcm_entropy,4.03476
2022_2023,R2,d0_b4,0,4,glcm_diff_entropy,1.22842
2022_2023,R2,d0_b4,0,4,glcm_imc1,-0.465899
2022_2023,R2,d0_b4,0,4,glcm_imc2,0.955882
2022_2023,R2,d0_b4,0,4,glcm_mcc,0.965269
2022_2023,R2,d0_b4,0,4,glcm_dissimilarity,0.817498
2022_2023,R2,d0_b4,0,4,glcm_inertia,1.73078
2022_2023,R2,d0_b4,0,4,glcm_cluster_shade,221.867
2022_2023,R2,d0_b4,0,4,glcm_cluster_prominence,14499.4
2022_2023,R2,d0_b4,0,4,glcm_homogeneity,0.701569
2022_2023,R2,d0_b4,0,4,glcmw3_asm,0.517223
2022_2023,R2,d0_b4,0,4,glcmw3_contrast,0.462692
2022_2023,R2,d0_b4,0,4,glcmw3_entropy,0.934551
2022_2023,R2,d0_b4,0,4,glcmw3_correlation,0.422624
2022_2023,R2,d0_b4,0,4,glcmw3_homogeneity,0.830782
2022_2023,R2,d0_b4,0,4,glcmw5_asm,0.409831
2022_2023,R2,d0_b4,0,4,glcmw5_contrast,0.462651
2022_2023,R2,d0_b4,0,4,glcmw5_entropy,1.35055
2022_2023,R2,d0_b4,0,4,glcmw5_correlation,0.597683
2022_2023,R2,d0_b4,0,4,glcmw5_homogeneity,0.830774
2022_2023,R2,d0_b4,0,4,glcmw7_asm,0.354763
2022_2023,R2,d0_b4,0,4,glcmw7_contrast,0.462781
2022_2023,R2,d0_b4,0,4,glcmw7_entropy,1.61133
2022_2023,R2,d0_b4,0,4,glcmw7_correlation,0.687134
2022_2023,R2,d0_b4,0,4,glcmw7_homogeneity,0.830738
2022_2023,R2,d0_b4,0,4,rgb_glcm_asm,
2022_2023,R2,d0_b4,0,4,rgb_glcm_contrast,
2022_2023,R2,d0_b4,0,4,rgb_glcm_correlation,
2022_2023,R2,d0_b4,0,4,rgb_glcm_variance,
2022_2023,R2,d0_b4,0,4,rgb_glcm_idm,
2022_2023,R2,d0_b4,0,4,rgb_glcm_sum_average,
2022_2023,R2,d0_b4,0,4,rgb_glcm_sum_variance,
2022_2023,R2,d0_b4,0,4,rgb_glcm_sum_entropy,
2022_2023,R2,d0_b4,0,4,rgb_glcm_entropy,
2022_2023,R2,d0_b4,0,4,rgb_glcm_diff_entropy,
2022_2023,R2,d0_b4,0,4,rgb_glcm_imc1,
2022_2023,R2,d0_b4,0,4,rgb_glcm_imc2,
2022_2023,R2,d0_b4,0,4,rgb_glcm_mcc,
2022_2023,R2,d0_b4,0,4,rgb_glcm_dissimilarity,
2022_2023,R2,d0_b4,0,4,rgb_glcm_inertia,
2022_2023,R2,d0_b4,0,4,rgb_glcm_cluster_shade,
2022_2023,R2,d0_b4,0,4,rgb_glcm_cluster_prominence,
2022_2023,R2,d0_b4,0,4,rgb_glcm_homogeneity,
2022_2023,R2,d0_b4,0,4,rgb_glcmw3_asm,
2022_2023,R2,d0_b4,0,4,rgb_glcmw3_contrast,
2022_2023,R2,d0_b4,0,4,rgb_glcmw3_entropy,
2022_2023,R2,d0_b4,0,4,rgb_glcmw3_correlation,
2022_2023,R2,d0_b4,0,4,rgb_glcmw3_homogeneity,
2022_2023,R2,d0_b4,0,4,rgb_glcmw5_asm,
2022_2023,R2,d0_b4,0,4,rgb_glcmw5_contrast,
2022_2023,R2,d0_b4,0,4,rgb_glcmw5_entropy,
2022_2023,R2,d0_b4,0,4,rgb_glcmw5_correlation,
2022_2023,R2,d0_b4,0,4,rgb_glcmw5_homogeneity,
2022_2023,R2,d0_b4,0,4,rgb_glcmw7_asm,
2022_2023,R2,d0_b4,0,4,rgb_glcmw7_contrast,
2022_2023,R2,d0_b4,0,4,rgb_glcmw7_entropy,
2022_2023,R2,d0_b4,0,4,rgb_glcmw7_correlation,
2022_2023,R2,d0_b4,0,4,rgb_glcmw7_homogeneity,
2023_2024,R2,15,50,1,NDVI,0.672967
2023_2024,R2,15,50,1,GNDVI,0.0760939
2023_2024,R2,15,50,1,NDRE,0.272334
2023_2024,R2,15,50,1,CIrededge,0.770708
2023_2024,R2,15,50,1,SAVI,0.573635
2023_2024,R2,15,50,1,EVI,-7.08585
2023_2024,R2,15,50,1,VARI,1.09308
2023_2024,R2,15,50,1,TGI,0.301438
2023_2024,R2,15,50,1,spec_mean,0.334875
2023_2024,R2,15,50,1,spec_std,0.230369
2023_2024,R2,15,50,1,spec_p10,0.0852948
2023_2024,R2,15,50,1,spec_p50,0.281896
2023_2024,R2,15,50,1,spec_p90,0.689857
2023_2024,R2,15,50,1,glcm_asm,0.0322092
2023_2024,R2,15,50,1,glcm_contrast,1.14143
2023_2024,R2,15,50,1,glcm_correlation,0.974716
2023_2024,R2,15,50,1,glcm_variance,22.5725
2023_2024,R2,15,50,1,glcm_idm,0.707691
2023_2024,R2,15,50,1,glcm_sum_average,12.6151
2023_2024,R2,15,50,1,glcm_sum_variance,175.817
2023_2024,R2,15,50,1,glcm_sum_entropy,3.30547
2023_2024,R2,15,50,1,glcm_entropy,3.98529
2023_2024,R2,15,50,1,glcm_diff_entropy,1.08419
2023_2024,R2,15,50,1,glcm_imc1,-0.516845
2023_2024,R2,15,50,1,glcm_imc2,0.968406
2023_2024,R2,15,50,1,glcm_mcc,0.975523
2023_2024,R2,15,50,1,glcm_dissimilarity,0.67533
2023_2024,R2,15,50,1,glcm_inertia,1.14143
2023_2024,R2,15,50,1,glcm_cluster_shade,130.97
2023_2024,R2,15,50,1,glcm_cluster_prominence,12984
2023_2024,R2,15,50,1,glcm_homogeneity,0.726549
2023_2024,R2,15,50,1,glcmw3_asm,0.534222
2023_2024,R2,15,50,1,glcmw3_contrast,0.340089
2023_2024,R2,15,50,1,glcmw3_entropy,0.867905
2023_2024,R2,15,50,1,glcmw3_correlation,0.418554
2023_2024,R2,15,50,1,glcmw3_homogeneity,0.851658
2023_2024,R2,15,50,1,glcmw5_asm,0.419428
2023_2024,R2,15,50,1,glcmw5_contrast,0.340093
2023_2024,R2,15,50,1,glcmw5_entropy,1.26514
2023_2024,R2,15,50,1,glcmw5_correlation,0.60511
2023_2024,R2,15,50,1,glcmw5_homogeneity,0.851645
2023_2024,R2,15,50,1,glcmw7_asm,0.359924
2023_2024,R2,15,50,1,glcmw7_contrast,0.34017
2023_2024,R2,15,50,1,glcmw7_entropy,1.51709
2023_2024,R2,15,50,1,glcmw7_correlation,0.694624
2023_2024,R2,15,50,1,glcmw7_homogeneity,0.851618
2023_2024,R2,15,50,1,rgb_glcm_asm,0.022169
2023_2024,R2,15,50,1,rgb_glcm_contrast,1.81133
2023_2024,R2,15,50,1,rgb_glcm_correlation,0.928308
2023_2024,R2,15,50,1,rgb_glcm_variance,12.6327
2023_2024,R2,15,50,1,rgb_glcm_idm,0.628248
2023_2024,R2,15,50,1,rgb_glcm_sum_average,11.2172
2023_2024,R2,15,50,1,rgb_glcm_sum_variance,112.091
2023_2024,R2,15,50,1,rgb_glcm_sum_entropy,3.25658
2023_2024,R2,15,50,1,rgb_glcm_entropy,4.18728
2023_2024,R2,15,50,1,rgb_glcm_diff_entropy,1.24752
2023_2024,R2,15,50,1,rgb_glcm_imc1,-0.387614
2023_2024,R2,15,50,1,rgb_glcm_imc2,0.930829
2023_2024,R2,15,50,1,rgb_glcm_mcc,0.929496
2023_2024,R2,15,50,1,rgb_glcm_dissimilarity,0.909018
2023_2024,R2,15,50,1,rgb_glcm_inertia,1.81133
2023_2024,R2,15,50,1,rgb_glcm_cluster_shade,202.15
2023_2024,R2,15,50,1,rgb_glcm_cluster_prominence,6888.33
2023_2024,R2,15,50,1,rgb_glcm_homogeneity,0.655804
2023_2024,R2,15,50,1,rgb_glcmw3_asm,0.409301
2023_2024,R2,15,50,1,rgb_glcmw3_contrast,0.512858
2023_2024,R2,15,50,1,rgb_glcmw3_entropy,1.13444
2023_2024,R2,15,50,1,rgb_glcmw3_correlation,0.465383
2023_2024,R2,15,50,1,rgb_glcmw3_homogeneity,0.801976
2023_2024,R2,15,50,1,rgb_glcmw5_asm,0.285037
2023_2024,R2,15,50,1,rgb_glcmw5_contrast,0.512985
2023_2024,R2,15,50,1,rgb_glcmw5_entropy,1.61904
2023_2024,R2,15,50,1,rgb_glcmw5_correlation,0.652725
2023_2024,R2,15,50,1,rgb_glcmw5_homogeneity,0.801924
2023_2024,R2,15,50,1,rgb_glcmw7_asm,0.227421
2023_2024,R2,15,50,1,rgb_glcmw7_contrast,0.512986
2023_2024,R2,15,50,1,rgb_glcmw7_entropy,1.90422
2023_2024,R2,15,50,1,rgb_glcmw7_correlation,0.735537
2023_2024,R2,15,50,1,rgb_glcmw7_homogeneity,0.801912
2022_2023,R2,d50_b1,50,1,NDVI,0.712401
2022_2023,R2,d50_b1,50,1,GNDVI,0.146213
2022_2023,R2,d50_b1,50,1,NDRE,0.296366
2022_2023,R2,d50_b1,50,1,CIrededge,0.85719
2022_2023,R2,d50_b1,50,1,SAVI,0.568223
2022_2023,R2,d50_b1,50,1,EVI,2.5821
2022_2023,R2,d50_b1,50,1,VARI,1.88271
2022_2023,R2,d50_b1,50,1,TGI,0.212174
2022_2023,R2,d50_b1,50,1,spec_mean,0.301573
2022_2023,R2,d50_b1,50,1,spec_std,0.233209
2022_2023,R2,d50_b1,50,1,spec_p10,0.0657685
2022_2023,R2,d50_b1,50,1,spec_p50,0.227836
2022_2023,R2,d50_b1,50,1,spec_p90,0.670285
2022_2023,R2,d50_b1,50,1,glcm_asm,0.0380778
2022_2023,R2,d50_b1,50,1,glcm_contrast,1.60239
2022_2023,R2,d50_b1,50,1,glcm_correlation,0.966926
2022_2023,R2,d50_b1,50,1,glcm_variance,24.2321
2022_2023,R2,d50_b1,50,1,glcm_idm,0.68374
2022_2023,R2,d50_b1,50,1,glcm_sum_average,12.4146
2022_2023,R2,d50_b1,50,1,glcm_sum_variance,179.287
2022_2023,R2,d50_b1,50,1,glcm_sum_entropy,3.25867
2022_2023,R2,d50_b1,50,1,glcm_entropy,4.03214
2022_2023,R2,d50_b1,50,1,glcm_diff_entropy,1.19937
2022_2023,R2,d50_b1,50,1,glcm_imc1,-0.477957
2022_2023,R2,d50_b1,50,1,glcm_imc2,0.959412
2022_2023,R2,d50_b1,50,1,glcm_mcc,0.967793
2022_2023,R2,d50_b1,50,1,glcm_dissimilarity,0.78446
2022_2023,R2,d50_b1,50,1,glcm_inertia,1.60239
2022_2023,R2,d50_b1,50,1,glcm_cluster_shade,142.165
2022_2023,R2,d50_b1,50,1,glcm_cluster_prominence,14401.7
2022_2023,R2,d50_b1,50,1,glcm_homogeneity,0.708366
2022_2023,R2,d50_b1,50,1,glcmw3_asm,0.517129
2022_2023,R2,d50_b1,50,1,glcmw3_contrast,0.437341
2022_2023,R2,d50_b1,50,1,glcmw3_entropy,0.927255
2022_2023,R2,d50_b1,50,1,glcmw3_correlation,0.420238
2022_2023,R2,d50_b1,50,1,glcmw3_homogeneity,0.834855
2022_2023,R2,d50_b1,50,1,glcmw5_asm,0.407717
2022_2023,R2,d50_b1,50,1,glcmw5_contrast,0.437359
2022_2023,R2,d50_b1,50,1,glcmw5_entropy,1.34117
2022_2023,R2,d50_b1,50,1,glcmw5_correlation,0.599454
2022_2023,R2,d50_b1,50,1,glcmw5_homogeneity,0.834846
2022_2023,R2,d50_b1,50,1,glcmw7_asm,0.351957
2022_2023,R2,d50_b1,50,1,glcmw7_contrast,0.43732
2022_2023,R2,d50_b1,50,1,glcmw7_entropy,1.60043
2022_2023,R2,d50_b1,50,1,glcmw7_correlation,0.688956
2022_2023,R2,d50_b1,50,1,glcmw7_homogeneity,0.834857
2022_2023,R2,d50_b1,50,1,rgb_glcm_asm,
2022_2023,R2,d50_b1,50,1,rgb_glcm_contrast,
2022_2023,R2,d50_b1,50,1,rgb_glcm_correlation,
2022_2023,R2,d50_b1,50,1,rgb_glcm_variance,
2022_2023,R2,d50_b1,50,1,rgb_glcm_idm,
2022_2023,R2,d50_b1,50,1,rgb_glcm_sum_average,
2022_2023,R2,d50_b1,50,1,rgb_glcm_sum_variance,
2022_2023,R2,d50_b1,50,1,rgb_glcm_sum_entropy,
2022_2023,R2,d50_b1,50,1,rgb_glcm_entropy,
2022_2023,R2,d50_b1,50,1,rgb_glcm_diff_entropy,
2022_2023,R2,d50_b1,50,1,rgb_glcm_imc1,
2022_2023,R2,d50_b1,50,1,rgb_glcm_imc2,
2022_2023,R2,d50_b1,50,1,rgb_glcm_mcc,
2022_2023,R2,d50_b1,50,1,rgb_glcm_dissimilarity,
2022_2023,R2,d50_b1,50,1,rgb_glcm_inertia,
2022_2023,R2,d50_b1,50,1,rgb_glcm_cluster_shade,
2022_2023,R2,d50_b1,50,1,rgb_glcm_cluster_prominence,
2022_2023,R2,d50_b1,50,1,rgb_glcm_homogeneity,
2022_2023,R2,d50_b1,50,1,rgb_glcmw3_asm,
2022_2023,R2,d50_b1,50,1,rgb_glcmw3_contrast,
2022_2023,R2,d50_b1,50,1,rgb_glcmw3_entropy,
2022_2023,R2,d50_b1,50,1,rgb_glcmw3_correlation,
2022_2023,R2,d50_b1,50,1,rgb_glcmw3_homogeneity,
2022_2023,R2,d50_b1,50,1,rgb_glcmw5_asm,
2022_2023,R2,d50_b1,50,1,rgb_glcmw5_contrast,
2022_2023,R2,d50_b1,50,1,rgb_glcmw5_entropy,
2022_2023,R2,d50_b1,50,1,rgb_glcmw5_correlation,
2022_2023,R2,d50_b1,50,1,rgb_glcmw5_homogeneity,
2022_2023,R2,d50_b1,50,1,rgb_glcmw7_asm,
2022_2023,R2,d50_b1,50,1,rgb_glcmw7_contrast,
2022_2023,R2,d50_b1,50,1,rgb_glcmw7_entropy,
2022_2023,R2,d50_b1,50,1,rgb_glcmw7_correlation,
2022_2023,R2,d50_b1,50,1,rgb_glcmw7_homogeneity,
2023_2024,R2,118,50,2,NDVI,0.67394
2023_2024,R2,118,50,2,GNDVI,0.0920758
2023_2024,R2,118,50,2,NDRE,0.255695
2023_2024,R2,118,50,2,CIrededge,0.704539
2023_2024,R2,118,50,2,SAVI,0.566439
2023_2024,R2,118,50,2,EVI,0.93492
2023_2024,R2,118,50,2,VARI,1.01362
2023_2024,R2,118,50,2,TGI,0.301533
2023_2024,R2,118,50,2,spec_mean,0.323506
2023_2024,R2,118,50,2,spec_std,0.236617
2023_2024,R2,118,50,2,spec_p10,0.0827072
2023_2024,R2,118,50,2,spec_p50,0.25213
2023_2024,R2,118,50,2,spec_p90,0.700739
2023_2024,R2,118,50,2,glcm_asm,0.0386113
2023_2024,R2,118,50,2,glcm_contrast,1.27539
2023_2024,R2,118,50,2,glcm_correlation,0.973606
2023_2024,R2,118,50,2,glcm_variance,24.161
2023_2024,R2,118,50,2,glcm_idm,0.697309
2023_2024,R2,118,50,2,glcm_sum_average,12.6468
2023_2024,R2,118,50,2,glcm_sum_variance,183.652
2023_2024,R2,118,50,2,glcm_sum_entropy,3.25085
2023_2024,R2,118,50,2,glcm_entropy,3.95042
2023_2024,R2,118,50,2,glcm_diff_entropy,1.12621
2023_2024,R2,118,50,2,glcm_imc1,-0.506778
2023_2024,R2,118,50,2,glcm_imc2,0.96516
2023_2024,R2,118,50,2,glcm_mcc,0.975257
2023_2024,R2,118,50,2,glcm_dissimilarity,0.71425
2023_2024,R2,118,50,2,glcm_inertia,1.27539
2023_2024,R2,118,50,2,glcm_cluster_shade,89.2036
2023_2024,R2,118,50,2,glcm_cluster_prominence,14165.3
2023_2024,R2,118,50,2,glcm_homogeneity,0.719014
2023_2024,R2,118,50,2,glcmw3_asm,0.536915
2023_2024,R2,118,50,2,glcmw3_contrast,0.363056
2023_2024,R2,118,50,2,glcmw3_entropy,0.876247
2023_2024,R2,118,50,2,glcmw3_correlation,0.427165
2023_2024,R2,118,50,2,glcmw3_homogeneity,0.846244
2023_2024,R2,118,50,2,glcmw5_asm,0.430088
2023_2024,R2,118,50,2,glcmw5_contrast,0.363044
2023_2024,R2,118,50,2,glcmw5_entropy,1.27227
2023_2024,R2,118,50,2,glcmw5_correlation,0.594977
2023_2024,R2,118,50,2,glcmw5_homogeneity,0.846236
2023_2024,R2,118,50,2,glcmw7_asm,0.3753
2023_2024,R2,118,50,2,glcmw7_contrast,0.363046
2023_2024,R2,118,50,2,glcmw7_entropy,1.52459
2023_2024,R2,118,50,2,glcmw7_correlation,0.676844
2023_2024,R2,118,50,2,glcmw7_homogeneity,0.846223
2023_2024,R2,118,50,2,rgb_glcm_asm,0.0230056
2023_2024,R2,118,50,2,rgb_glcm_contrast,1.94402
2023_2024,R2,118,50,2,rgb_glcm_correlation,0.929513
2023_2024,R2,118,50,2,rgb_glcm_variance,13.7899
2023_2024,R2,118,50,2,rgb_glcm_idm,0.630754
2023_2024,R2,118,50,2,rgb_glcm_sum_average,10.7934
2023_2024,R2,118,50,2,rgb_glcm_sum_variance,109.857
2023_2024,R2,118,50,2,rgb_glcm_sum_entropy,3.26743
2023_2024,R2,118,50,2,rgb_glcm_entropy,4.2048
2023_2024,R2,118,50,2,rgb_glcm_diff_entropy,1.27801
2023_2024,R2,118,50,2,rgb_glcm_imc1,-0.39037
2023_2024,R2,118,50,2,rgb_glcm_imc2,0.932688
2023_2024,R2,118,50,2,rgb_glcm_mcc,0.931505
2023_2024,R2,118,50,2,rgb_glcm_dissimilarity,0.924374
2023_2024,R2,118,50,2,rgb_glcm_inertia,1.94402
2023_2024,R2,118,50,2,rgb_glcm_cluster_shade,256.349
2023_2024,R2,118,50,2,rgb_glcm_cluster_prominence,7937.73
2023_2024,R2,118,50,2,rgb_glcm_homogeneity,0.65975
2023_2024,R2,118,50,2,rgb_glcmw3_asm,0.424909
2023_2024,R2,118,50,2,rgb_glcmw3_contrast,0.538408
2023_2024,R2,118,50,2,rgb_glcmw3_entropy,1.1156
2023_2024,R2,118,50,2,rgb_glcmw3_correlation,0.464099
2023_2024,R2,118,50,2,rgb_glcmw3_homogeneity,0.801578
2023_2024,R2,118,50,2,rgb_glcmw5_asm,0.30607
2023_2024,R2,118,50,2,rgb_glcmw5_contrast,0.538226
2023_2024,R2,118,50,2,rgb_glcmw5_entropy,1.59738
2023_2024,R2,118,50,2,rgb_glcmw5_correlation,0.644291
2023_2024,R2,118,50,2,rgb_glcmw5_homogeneity,0.801615
2023_2024,R2,118,50,2,rgb_glcmw7_asm,0.250371
2023_2024,R2,118,50,2,rgb_glcmw7_contrast,0.538017
2023_2024,R2,118,50,2,rgb_glcmw7_entropy,1.88406
2023_2024,R2,118,50,2,rgb_glcmw7_correlation,0.728447
2023_2024,R2,118,50,2,rgb_glcmw7_homogeneity,0.801655
2022_2023,R2,d50_b2,50,2,NDVI,0.750218
2022_2023,R2,d50_b2,50,2,GNDVI,0.17533
2022_2023,R2,d50_b2,50,2,NDRE,0.335388
2022_2023,R2,d50_b2,50,2,CIrededge,1.04569
2022_2023,R2,d50_b2,50,2,SAVI,0.609536
2022_2023,R2,d50_b2,50,2,EVI,2.14658
2022_2023,R2,d50_b2,50,2,VARI,1.95393
2022_2023,R2,d50_b2,50,2,TGI,0.221349
2022_2023,R2,d50_b2,50,2,spec_mean,0.306867
2022_2023,R2,d50_b2,50,2,spec_std,0.242615
2022_2023,R2,d50_b2,50,2,spec_p10,0.058699
2022_2023,R2,d50_b2,50,2,spec_p50,0.226997
2022_2023,R2,d50_b2,50,2,spec_p90,0.70715
2022_2023,R2,d50_b2,50,2,glcm_asm,0.0370529
2022_2023,R2,d50_b2,50,2,glcm_contrast,1.49417
2022_2023,R2,d50_b2,50,2,glcm_correlation,0.968746
2022_2023,R2,d50_b2,50,2,glcm_variance,23.8501
2022_2023,R2,d50_b2,50,2,glcm_idm,0.689653
2022_2023,R2,d50_b2,50,2,glcm_sum_average,13.8043
2022_2023,R2,d50_b2,50,2,glcm_sum_variance,205.761
2022_2023,R2,d50_b2,50,2,glcm_sum_entropy,3.26797
2022_2023,R2,d50_b2,50,2,glcm_entropy,4.02084
2022_2023,R2,d50_b2,50,2,glcm_diff_entropy,1.17101
2022_2023,R2,d50_b2,50,2,glcm_imc1,-0.486269
2022_2023,R2,d50_b2,50,2,glcm_imc2,0.961389
2022_2023,R2,d50_b2,50,2,glcm_mcc,0.970025
2022_2023,R2,d50_b2,50,2,glcm_dissimilarity,0.757745
2022_2023,R2,d50_b2,50,2,glcm_inertia,1.49417
2022_2023,R2,d50_b2,50,2,glcm_cluster_shade,-92.5015
2022_2023,R2,d50_b2,50,2,glcm_cluster_prominence,14250.3
2022_2023,R2,d50_b2,50,2,glcm_homogeneity,0.712419
2022_2023,R2,d50_b2,50,2,glcmw3_asm,0.518009
2022_2023,R2,d50_b2,50,2,glcmw3_contrast,0.417666
2022_2023,R2,d50_b2,50,2,glcmw3_entropy,0.917089
2022_2023,R2,d50_b2,50,2,glcmw3_correlation,0.417196
2022_2023,R2,d50_b2,50,2,glcmw3_homogeneity,0.838919
2022_2023,R2,d50_b2,50,2,glcmw5_asm,0.403745
2022_2023,R2,d50_b2,50,2,glcmw5_contrast,0.417707
2022_2023,R2,d50_b2,50,2,glcmw5_entropy,1.33083
2022_2023,R2,d50_b2,50,2,glcmw5_correlation,0.608324
2022_2023,R2,d50_b2,50,2,glcmw5_homogeneity,0.838905
2022_2023,R2,d50_b2,50,2,glcmw7_asm,0.344679
2022_2023,R2,d50_b2,50,2,glcmw7_contrast,0.417614
2022_2023,R2,d50_b2,50,2,glcmw7_entropy,1.59214
2022_2023,R2,d50_b2,50,2,glcmw7_correlation,0.700238
2022_2023,R2,d50_b2,50,2,glcmw7_homogeneity,0.838913
2022_2023,R2,d50_b2,50,2,rgb_glcm_asm,
2022_2023,R2,d50_b2,50,2,rgb_glcm_contrast,
2022_2023,R2,d50_b2,50,2,rgb_glcm_correlation,
2022_2023,R2,d50_b2,50,2,rgb_glcm_variance,
2022_2023,R2,d50_b2,50,2,rgb_glcm_idm,
2022_2023,R2,d50_b2,50,2,rgb_glcm_sum_average,
2022_2023,R2,d50_b2,50,2,rgb_glcm_sum_variance,
2022_2023,R2,d50_b2,50,2,rgb_glcm_sum_entropy,
2022_2023,R2,d50_b2,50,2,rgb_glcm_entropy,
2022_2023,R2,d50_b2,50,2,rgb_glcm_diff_entropy,
2022_2023,R2,d50_b2,50,2,rgb_glcm_imc1,
2022_2023,R2,d50_b2,50,2,rgb_glcm_imc2,
2022_2023,R2,d50_b2,50,2,rgb_glcm_mcc,
2022_2023,R2,d50_b2,50,2,rgb_glcm_dissimilarity,
2022_2023,R2,d50_b2,50,2,rgb_glcm_inertia,
2022_2023,R2,d50_b2,50,2,rgb_glcm_cluster_shade,
2022_2023,R2,d50_b2,50,2,rgb_glcm_cluster_prominence,
2022_2023,R2,d50_b2,50,2,rgb_glcm_homogeneity,
2022_2023,R2,d50_b2,50,2,rgb_glcmw3_asm,
2022_2023,R2,d50_b2,50,2,rgb_glcmw3_contrast,
2022_2023,R2,d50_b2,50,2,rgb_glcmw3_entropy,
2022_2023,R2,d50_b2,50,2,rgb_glcmw3_correlation,
2022_2023,R2,d50_b2,50,2,rgb_glcmw3_homogeneity,
2022_2023,R2,d50_b2,50,2,rgb_glcmw5_asm,
2022_2023,R2,d50_b2,50,2,rgb_glcmw5_contrast,
2022_2023,R2,d50_b2,50,2,rgb_glcmw5_entropy,
2022_2023,R2,d50_b2,50,2,rgb_glcmw5_correlation,
2022_2023,R2,d50_b2,50,2,rgb_glcmw5_homogeneity,
2022_2023,R2,d50_b2,50,2,rgb_glcmw7_asm,
2022_2023,R2,d50_b2,50,2,rgb_glcmw7_contrast,
2022_2023,R2,d50_b2,50,2,rgb_glcmw7_entropy,
2022_2023,R2,d50_b2,50,2,rgb_glcmw7_correlation,
2022_2023,R2,d50_b2,50,2,rgb_glcmw7_homogeneity,
2023_2024,R2,126,50,3,NDVI,0.671511
2023_2024,R2,126,50,3,GNDVI,0.156488
2023_2024,R2,126,50,3,NDRE,0.249976
2023_2024,R2,126,50,3,CIrededge,0.678808
2023_2024,R2,126,50,3,SAVI,0.566379
2023_2024,R2,126,50,3,EVI,-20.2032
2023_2024,R2,126,50,3,VARI,0.875864
2023_2024,R2,126,50,3,TGI,0.278201
2023_2024,R2,126,50,3,spec_mean,0.313641
2023_2024,R2,126,50,3,spec_std,0.237659
2023_2024,R2,126,50,3,spec_p10,0.0769814
2023_2024,R2,126,50,3,spec_p50,0.239803
2023_2024,R2,126,50,3,spec_p90,0.683745
2023_2024,R2,126,50,3,glcm_asm,0.0384338
2023_2024,R2,126,50,3,glcm_contrast,1.33457
2023_2024,R2,126,50,3,glcm_correlation,0.972128
2023_2024,R2,126,50,3,glcm_variance,23.9411
2023_2024,R2,126,50,3,glcm_idm,0.697564
2023_2024,R2,126,50,3,glcm_sum_average,12.5337
2023_2024,R2,126,50,3,glcm_sum_variance,180.597
2023_2024,R2,126,50,3,glcm_sum_entropy,3.25108
2023_2024,R2,126,50,3,glcm_entropy,3.96424
2023_2024,R2,126,50,3,glcm_diff_entropy,1.1407
2023_2024,R2,126,50,3,glcm_imc1,-0.502629
2023_2024,R2,126,50,3,glcm_imc2,0.964442
2023_2024,R2,126,50,3,glcm_mcc,0.973574
2023_2024,R2,126,50,3,glcm_dissimilarity,0.723147
2023_2024,R2,126,50,3,glcm_inertia,1.33457
2023_2024,R2,126,50,3,glcm_cluster_shade,132.066
2023_2024,R2,126,50,3,glcm_cluster_prominence,13940
2023_2024,R2,126,50,3,glcm_homogeneity,0.720184
2023_2024,R2,126,50,3,glcmw3_asm,0.534921
2023_2024,R2,126,50,3,glcmw3_contrast,0.37841
2023_2024,R2,126,50,3,glcmw3_entropy,0.883312
2023_2024,R2,126,50,3,glcmw3_correlation,0.428701
2023_2024,R2,126,50,3,glcmw3_homogeneity,0.843911
2023_2024,R2,126,50,3,glcmw5_asm,0.427273
2023_2024,R2,126,50,3,glcmw5_contrast,0.37832
2023_2024,R2,126,50,3,glcmw5_entropy,1.28336
2023_2024,R2,126,50,3,glcmw5_correlation,0.600127
2023_2024,R2,126,50,3,glcmw5_homogeneity,0.843935
2023_2024,R2,126,50,3,glcmw7_asm,0.371534
2023_2024,R2,126,50,3,glcmw7_contrast,0.378306
2023_2024,R2,126,50,3,glcmw7_entropy,1.53879
2023_2024,R2,126,50,3,glcmw7_correlation,0.684239
2023_2024,R2,126,50,3,glcmw7_homogeneity,0.843922
2023_2024,R2,126,50,3,rgb_glcm_asm,0.0225078
2023_2024,R2,126,50,3,rgb_glcm_contrast,1.88852
2023_2024,R2,126,50,3,rgb_glcm_correlation,0.931168
2023_2024,R2,126,50,3,rgb_glcm_variance,13.7183
2023_2024,R2,126,50,3,rgb_glcm_idm,0.633505
2023_2024,R2,126,50,3,rgb_glcm_sum_average,10.8622
2023_2024,R2,126,50,3,rgb_glcm_sum_variance,110.586
2023_2024,R2,126,50,3,rgb_glcm_sum_entropy,3.27263
2023_2024,R2,126,50,3,rgb_glcm_entropy,4.20377
2023_2024,R2,126,50,3,rgb_glcm_diff_entropy,1.26736
2023_2024,R2,126,50,3,rgb_glcm_imc1,-0.395503
2023_2024,R2,126,50,3,rgb_glcm_imc2,0.934944
2023_2024,R2,126,50,3,rgb_glcm_mcc,0.934438
2023_2024,R2,126,50,3,rgb_glcm_dissimilarity,0.911454
2023_2024,R2,126,50,3,rgb_glcm_inertia,1.88852
2023_2024,R2,126,50,3,rgb_glcm_cluster_shade,208.316
2023_2024,R2,126,50,3,rgb_glcm_cluster_prominence,7546.52
2023_2024,R2,126,50,3,rgb_glcm_homogeneity,0.662042
2023_2024,R2,126,50,3,rgb_glcmw3_asm,0.429192
2023_2024,R2,126,50,3,rgb_glcmw3_contrast,0.521779
2023_2024,R2,126,50,3,rgb_glcmw3_entropy,1.10708
2023_2024,R2,126,50,3,rgb_glcmw3_correlation,0.459331
2023_2024,R2,126,50,3,rgb_glcmw3_homogeneity,0.804666
2023_2024,R2,126,50,3,rgb_glcmw5_asm,0.309961
2023_2024,R2,126,50,3,rgb_glcmw5_contrast,0.521705
2023_2024,R2,126,50,3,rgb_glcmw5_entropy,1.58591
2023_2024,R2,126,50,3,rgb_glcmw5_correlation,0.642317
2023_2024,R2,126,50,3,rgb_glcmw5_homogeneity,0.804686
2023_2024,R2,126,50,3,rgb_glcmw7_asm,0.25353
2023_2024,R2,126,50,3,rgb_glcmw7_contrast,0.521668
2023_2024,R2,126,50,3,rgb_glcmw7_entropy,1.86851
2023_2024,R2,126,50,3,rgb_glcmw7_correlation,0.730105
2023_2024,R2,126,50,3,rgb_glcmw7_homogeneity,0.804724
2022_2023,R2,d50_b3,50,3,NDVI,0.733006
2022_2023,R2,d50_b3,50,3,GNDVI,0.136585
2022_2023,R2,d50_b3,50,3,NDRE,0.308804
2022_2023,R2,d50_b3,50,3,CIrededge,0.913618
2022_2023,R2,d50_b3,50,3,SAVI,0.594108
2022_2023,R2,d50_b3,50,3,EVI,2.03973
2022_2023,R2,d50_b3,50,3,VARI,1.03047
2022_2023,R2,d50_b3,50,3,TGI,0.231014
2022_2023,R2,d50_b3,50,3,spec_mean,0.314035
2022_2023,R2,d50_b3,50,3,spec_std,0.241391
2022_2023,R2,d50_b3,50,3,spec_p10,0.0622359
2022_2023,R2,d50_b3,50,3,spec_p50,0.240655
2022_2023,R2,d50_b3,50,3,spec_p90,0.704273
2022_2023,R2,d50_b3,50,3,glcm_asm,0.0358756
2022_2023,R2,d50_b3,50,3,glcm_contrast,1.60502
2022_2023,R2,d50_b3,50,3,glcm_correlation,0.966904
2022_2023,R2,d50_b3,50,3,glcm_variance,24.3081
2022_2023,R2,d50_b3,50,3,glcm_idm,0.682816
2022_2023,R2,d50_b3,50,3,glcm_sum_average,13.5664
2022_2023,R2,d50_b3,50,3,glcm_sum_variance,202.561
2022_2023,R2,d50_b3,50,3,glcm_sum_entropy,3.26828
2022_2023,R2,d50_b3,50,3,glcm_entropy,4.04616
2022_2023,R2,d50_b3,50,3,glcm_diff_entropy,1.19836
2022_2023,R2,d50_b3,50,3,glcm_imc1,-0.476688
2022_2023,R2,d50_b3,50,3,glcm_imc2,0.959381
2022_2023,R2,d50_b3,50,3,glcm_mcc,0.968335
2022_2023,R2,d50_b3,50,3,glcm_dissimilarity,0.785532
2022_2023,R2,d50_b3,50,3,glcm_inertia,1.60502
2022_2023,R2,d50_b3,50,3,glcm_cluster_shade,-36.6025
2022_2023,R2,d50_b3,50,3,glcm_cluster_prominence,14586.3
2022_2023,R2,d50_b3,50,3,glcm_homogeneity,0.707151
2022_2023,R2,d50_b3,50,3,glcmw3_asm,0.51571
2022_2023,R2,d50_b3,50,3,glcmw3_contrast,0.438297
2022_2023,R2,d50_b3,50,3,glcmw3_entropy,0.927729
2022_2023,R2,d50_b3,50,3,glcmw3_correlation,0.418954
2022_2023,R2,d50_b3,50,3,glcmw3_homogeneity,0.835196
2022_2023,R2,d50_b3,50,3,glcmw5_asm,0.404311
2022_2023,R2,d50_b3,50,3,glcmw5_contrast,0.438301
2022_2023,R2,d50_b3,50,3,glcmw5_entropy,1.34381
2022_2023,R2,d50_b3,50,3,glcmw5_correlation,0.602055
2022_2023,R2,d50_b3,50,3,glcmw5_homogeneity,0.835172
2022_2023,R2,d50_b3,50,3,glcmw7_asm,0.347004
2022_2023,R2,d50_b3,50,3,glcmw7_contrast,0.438325
2022_2023,R2,d50_b3,50,3,glcmw7_entropy,1.60515
2022_2023,R2,d50_b3,50,3,glcmw7_correlation,0.691228
2022_2023,R2,d50_b3,50,3,glcmw7_homogeneity,0.835153
2022_2023,R2,d50_b3,50,3,rgb_glcm_asm,
2022_2023,R2,d50_b3,50,3,rgb_glcm_contrast,
2022_2023,R2,d50_b3,50,3,rgb_glcm_correlation,
2022_2023,R2,d50_b3,50,3,rgb_glcm_variance,
2022_2023,R2,d50_b3,50,3,rgb_glcm_idm,
2022_2023,R2,d50_b3,50,3,rgb_glcm_sum_average,
2022_2023,R2,d50_b3,50,3,rgb_glcm_sum_variance,
2022_2023,R2,d50_b3,50,3,rgb_glcm_sum_entropy,
2022_2023,R2,d50_b3,50,3,rgb_glcm_entropy,
2022_2023,R2,d50_b3,50,3,rgb_glcm_diff_entropy,
2022_2023,R2,d50_b3,50,3,rgb_glcm_imc1,
2022_2023,R2,d50_b3,50,3,rgb_glcm_imc2,
2022_2023,R2,d50_b3,50,3,rgb_glcm_mcc,
2022_2023,R2,d50_b3,50,3,rgb_glcm_dissimilarity,
2022_2023,R2,d50_b3,50,3,rgb_glcm_inertia,
2022_2023,R2,d50_b3,50,3,rgb_glcm_cluster_shade,
2022_2023,R2,d50_b3,50,3,rgb_glcm_cluster_prominence,
2022_2023,R2,d50_b3,50,3,rgb_glcm_homogeneity,
2022_2023,R2,d50_b3,50,3,rgb_glcmw3_asm,
2022_2023,R2,d50_b3,50,3,rgb_glcmw3_contrast,
2022_2023,R2,d50_b3,50,3,rgb_glcmw3_entropy,
2022_2023,R2,d50_b3,50,3,rgb_glcmw3_correlation,
2022_2023,R2,d50_b3,50,3,rgb_glcmw3_homogeneity,
2022_2023,R2,d50_b3,50,3,rgb_glcmw5_asm,
2022_2023,R2,d50_b3,50,3,rgb_glcmw5_contrast,
2022_2023,R2,d50_b3,50,3,rgb_glcmw5_entropy,
2022_2023,R2,d50_b3,50,3,rgb_glcmw5_correlation,
2022_2023,R2,d50_b3,50,3,rgb_glcmw5_homogeneity,
2022_2023,R2,d50_b3,50,3,rgb_glcmw7_asm,
2022_2023,R2,d50_b3,50,3,rgb_glcmw7_contrast,
2022_2023,R2,d50_b3,50,3,rgb_glcmw7_entropy,
2022_2023,R2,d50_b3,50,3,rgb_glcmw7_correlation,
2022_2023,R2,d50_b3,50,3,rgb_glcmw7_homogeneity,
2023_2024,R2,131,50,4,NDVI,0.699334
2023_2024,R2,131,50,4,GNDVI,0.115223
2023_2024,R2,131,50,4,NDRE,0.271212
2023_2024,R2,131,50,4,CIrededge,0.763859
2023_2024,R2,131,50,4,SAVI,0.583916
2023_2024,R2,131,50,4,EVI,2.37037
2023_2024,R2,131,50,4,VARI,1.03885
2023_2024,R2,131,50,4,TGI,0.293777
2023_2024,R2,131,50,4,spec_mean,0.314739
2023_2024,R2,131,50,4,spec_std,0.238599
2023_2024,R2,131,50,4,spec_p10,0.0729812
2023_2024,R2,131,50,4,spec_p50,0.245656
2023_2024,R2,131,50,4,spec_p90,0.699327
2023_2024,R2,131,50,4,glcm_asm,0.0368906
2023_2024,R2,131,50,4,glcm_contrast,1.17866
2023_2024,R2,131,50,4,glcm_correlation,0.975038
2023_2024,R2,131,50,4,glcm_variance,23.6093
2023_2024,R2,131,50,4,glcm_idm,0.708718
2023_2024,R2,131,50,4,glcm_sum_average,13.0666
2023_2024,R2,131,50,4,glcm_sum_variance,189.442
2023_2024,R2,131,50,4,glcm_sum_entropy,3.25926
2023_2024,R2,131,50,4,glcm_entropy,3.93191
2023_2024,R2,131,50,4,glcm_diff_entropy,1.09511
2023_2024,R2,131,50,4,glcm_imc1,-0.516009
2023_2024,R2,131,50,4,glcm_imc2,0.966988
2023_2024,R2,131,50,4,glcm_mcc,0.97615
2023_2024,R2,131,50,4,glcm_dissimilarity,0.679751
2023_2024,R2,131,50,4,glcm_inertia,1.17866
2023_2024,R2,131,50,4,glcm_cluster_shade,30.4842
2023_2024,R2,131,50,4,glcm_cluster_prominence,13522.1
2023_2024,R2,131,50,4,glcm_homogeneity,0.728384
2023_2024,R2,131,50,4,glcmw3_asm,0.548629
2023_2024,R2,131,50,4,glcmw3_contrast,0.34287
2023_2024,R2,131,50,4,glcmw3_entropy,0.847951
2023_2024,R2,131,50,4,glcmw3_correlation,0.410412
2023_2024,R2,131,50,4,glcmw3_homogeneity,0.853364
2023_2024,R2,131,50,4,glcmw5_asm,0.439419
2023_2024,R2,131,50,4,glcmw5_contrast,0.342911
2023_2024,R2,131,50,4,glcmw5_entropy,1.23487
2023_2024,R2,131,50,4,glcmw5_correlation,0.588581
2023_2024,R2,131,50,4,glcmw5_homogeneity,0.853361
2023_2024,R2,131,50,4,glcmw7_asm,0.382703
2023_2024,R2,131,50,4,glcmw7_contrast,0.342918
2023_2024,R2,131,50,4,glcmw7_entropy,1.48151
2023_2024,R2,131,50,4,glcmw7_correlation,0.675606
2023_2024,R2,131,50,4,glcmw7_homogeneity,0.853345
2023_2024,R2,131,50,4,rgb_glcm_asm,0.0252304
2023_2024,R2,131,50,4,rgb_glcm_contrast,1.8492
2023_2024,R2,131,50,4,rgb_glcm_correlation,0.930282
2023_2024,R2,131,50,4,rgb_glcm_variance,13.2621
2023_2024,R2,131,50,4,rgb_glcm_idm,0.635125
2023_2024,R2,131,50,4,rgb_glcm_sum_average,10.5938
2023_2024,R2,131,50,4,rgb_glcm_sum_variance,105.378
2023_2024,R2,131,50,4,rgb_glcm_sum_entropy,3.23312
2023_2024,R2,131,50,4,rgb_glcm_entropy,4.1456
2023_2024,R2,131,50,4,rgb_glcm_diff_entropy,1.2593
2023_2024,R2,131,50,4,rgb_glcm_imc1,-0.392293
2023_2024,R2,131,50,4,rgb_glcm_imc2,0.931535
2023_2024,R2,131,50,4,rgb_glcm_mcc,0.931345
2023_2024,R2,131,50,4,rgb_glcm_dissimilarity,0.903377
2023_2024,R2,131,50,4,rgb_glcm_inertia,1.8492
2023_2024,R2,131,50,4,rgb_glcm_cluster_shade,283.367
2023_2024,R2,131,50,4,rgb_glcm_cluster_prominence,7882.16
2023_2024,R2,131,50,4,rgb_glcm_homogeneity,0.663153
2023_2024,R2,131,50,4,rgb_glcmw3_asm,0.428061
2023_2024,R2,131,50,4,rgb_glcmw3_contrast,0.51514
2023_2024,R2,131,50,4,rgb_glcmw3_entropy,1.10444
2023_2024,R2,131,50,4,rgb_glcmw3_correlation,0.46644
2023_2024,R2,131,50,4,rgb_glcmw3_homogeneity,0.805166
2023_2024,R2,131,50,4,rgb_glcmw5_asm,0.307459
2023_2024,R2,131,50,4,rgb_glcmw5_contrast,0.515157
2023_2024,R2,131,50,4,rgb_glcmw5_entropy,1.58479
2023_2024,R2,131,50,4,rgb_glcmw5_correlation,0.648496
2023_2024,R2,131,50,4,rgb_glcmw5_homogeneity,0.805121
2023_2024,R2,131,50,4,rgb_glcmw7_asm,0.251215
2023_2024,R2,131,50,4,rgb_glcmw7_contrast,0.515053
2023_2024,R2,131,50,4,rgb_glcmw7_entropy,1.87074
2023_2024,R2,131,50,4,rgb_glcmw7_correlation,0.732707
2023_2024,R2,131,50,4,rgb_glcmw7_homogeneity,0.805107
2022_2023,R2,d50_b4,50,4,NDVI,0.737656
2022_2023,R2,d50_b4,50,4,GNDVI,0.157275
2022_2023,R2,d50_b4,50,4,NDRE,0.299262
2022_2023,R2,d50_b4,50,4,CIrededge,0.871094
2022_2023,R2,d50_b4,50,4,SAVI,0.598559
2022_2023,R2,d50_b4,50,4,EVI,36.9348
2022_2023,R2,d50_b4,50,4,VARI,2.25785
2022_2023,R2,d50_b4,50,4,TGI,0.232953
2022_2023,R2,d50_b4,50,4,spec_mean,0.315343
2022_2023,R2,d50_b4,50,4,spec_std,0.244183
2022_2023,R2,d50_b4,50,4,spec_p10,0.0618213
2022_2023,R2,d50_b4,50,4,spec_p50,0.23321
2022_2023,R2,d50_b4,50,4,spec_p90,0.709893
2022_2023,R2,d50_b4,50,4,glcm_asm,0.0345733
2022_2023,R2,d50_b4,50,4,glcm_contrast,1.67616
2022_2023,R2,d50_b4,50,4,glcm_correlation,0.965054
2022_2023,R2,d50_b4,50,4,glcm_variance,23.9775
2022_2023,R2,d50_b4,50,4,glcm_idm,0.67094
2022_2023,R2,d50_b4,50,4,glcm_sum_average,13.7298
2022_2023,R2,d50_b4,50,4,glcm_sum_variance,204.158
2022_2023,R2,d50_b4,50,4,glcm_sum_entropy,3.27675
2022_2023,R2,d50_b4,50,4,glcm_entropy,4.07725
2022_2023,R2,d50_b4,50,4,glcm_diff_entropy,1.22052
2022_2023,R2,d50_b4,50,4,glcm_imc1,-0.467254
2022_2023,R2,d50_b4,50,4,glcm_imc2,0.957464
2022_2023,R2,d50_b4,50,4,glcm_mcc,0.966289
2022_2023,R2,d50_b4,50,4,glcm_dissimilarity,0.817764
2022_2023,R2,d50_b4,50,4,glcm_inertia,1.67616
2022_2023,R2,d50_b4,50,4,glcm_cluster_shade,-75.8139
2022_2023,R2,d50_b4,50,4,glcm_cluster_prominence,14358.5
2022_2023,R2,d50_b4,50,4,glcm_homogeneity,0.69673
2022_2023,R2,d50_b4,50,4,glcmw3_asm,0.500609
2022_2023,R2,d50_b4,50,4,glcmw3_contrast,0.456066
2022_2023,R2,d50_b4,50,4,glcmw3_entropy,0.95985
2022_2023,R2,d50_b4,50,4,glcmw3_correlation,0.437319
2022_2023,R2,d50_b4,50,4,glcmw3_homogeneity,0.828655
2022_2023,R2,d50_b4,50,4,glcmw5_asm,0.386141
2022_2023,R2,d50_b4,50,4,glcmw5_contrast,0.456006
2022_2023,R2,d50_b4,50,4,glcmw5_entropy,1.39094
2022_2023,R2,d50_b4,50,4,glcmw5_correlation,0.626084
2022_2023,R2,d50_b4,50,4,glcmw5_homogeneity,0.828669
2022_2023,R2,d50_b4,50,4,glcmw7_asm,0.327145
2022_2023,R2,d50_b4,50,4,glcmw7_contrast,0.456049
2022_2023,R2,d50_b4,50,4,glcmw7_entropy,1.66305
2022_2023,R2,d50_b4,50,4,glcmw7_correlation,0.719502
2022_2023,R2,d50_b4,50,4,glcmw7_homogeneity,0.828664
2022_2023,R2,d50_b4,50,4,rgb_glcm_asm,
2022_2023,R2,d50_b4,50,4,rgb_glcm_contrast,
2022_2023,R2,d50_b4,50,4,rgb_glcm_correlation,
2022_2023,R2,d50_b4,50,4,rgb_glcm_variance,
2022_2023,R2,d50_b4,50,4,rgb_glcm_idm,
2022_2023,R2,d50_b4,50,4,rgb_glcm_sum_average,
2022_2023,R2,d50_b4,50,4,rgb_glcm_sum_variance,
2022_2023,R2,d50_b4,50,4,rgb_glcm_sum_entropy,
2022_2023,R2,d50_b4,50,4,rgb_glcm_entropy,
2022_2023,R2,d50_b4,50,4,rgb_glcm_diff_entropy,
2022_2023,R2,d50_b4,50,4,rgb_glcm_imc1,
2022_2023,R2,d50_b4,50,4,rgb_glcm_imc2,
2022_2023,R2,d50_b4,50,4,rgb_glcm_mcc,
2022_2023,R2,d50_b4,50,4,rgb_glcm_dissimilarity,
2022_2023,R2,d50_b4,50,4,rgb_glcm_inertia,
2022_2023,R2,d50_b4,50,4,rgb_glcm_cluster_shade,
2022_2023,R2,d50_b4,50,4,rgb_glcm_cluster_prominence,
2022_2023,R2,d50_b4,50,4,rgb_glcm_homogeneity,
2022_2023,R2,d50_b4,50,4,rgb_glcmw3_asm,
2022_2023,R2,d50_b4,50,4,rgb_glcmw3_contrast,
2022_2023,R2,d50_b4,50,4,rgb_glcmw3_entropy,
2022_2023,R2,d50_b4,50,4,rgb_glcmw3_correlation,
2022_2023,R2,d50_b4,50,4,rgb_glcmw3_homogeneity,
2022_2023,R2,d50_b4,50,4,rgb_glcmw5_asm,
2022_2023,R2,d50_b4,50,4,rgb_glcmw5_contrast,
2022_2023,R2,d50_b4,50,4,rgb_glcmw5_entropy,
2022_2023,R2,d50_b4,50,4,rgb_glcmw5_correlation,
2022_2023,R2,d50_b4,50,4,rgb_glcmw5_homogeneity,
2022_2023,R2,d50_b4,50,4,rgb_glcmw7_asm,
2022_2023,R2,d50_b4,50,4,rgb_glcmw7_contrast,
2022_2023,R2,d50_b4,50,4,rgb_glcmw7_entropy,
2022_2023,R2,d50_b4,50,4,rgb_glcmw7_correlation,
2022_2023,R2,d50_b4,50,4,rgb_glcmw7_homogeneity,
2023_2024,R2,43,100,1,NDVI,0.692382
2023_2024,R2,43,100,1,GNDVI,0.0964435
2023_2024,R2,43,100,1,NDRE,0.298005
2023_2024,R2,43,100,1,CIrededge,0.886271
2023_2024,R2,43,100,1,SAVI,0.58168
2023_2024,R2,43,100,1,EVI,-4.7916
2023_2024,R2,43,100,1,VARI,1.15425
2023_2024,R2,43,100,1,TGI,0.283648
2023_2024,R2,43,100,1,spec_mean,0.321272
2023_2024,R2,43,100,1,spec_std,0.232281
2023_2024,R2,43,100,1,spec_p10,0.0741917
2023_2024,R2,43,100,1,spec_p50,0.264254
2023_2024,R2,43,100,1,spec_p90,0.684314
2023_2024,R2,43,100,1,glcm_asm,0.0340183
2023_2024,R2,43,100,1,glcm_contrast,1.07038
2023_2024,R2,43,100,1,glcm_correlation,0.976851
2023_2024,R2,43,100,1,glcm_variance,23.1194
2023_2024,R2,43,100,1,glcm_idm,0.722233
2023_2024,R2,43,100,1,glcm_sum_average,12.8637
2023_2024,R2,43,100,1,glcm_sum_variance,183.108
2023_2024,R2,43,100,1,glcm_sum_entropy,3.28765
2023_2024,R2,43,100,1,glcm_entropy,3.93635
2023_2024,R2,43,100,1,glcm_diff_entropy,1.05856
2023_2024,R2,43,100,1,glcm_imc1,-0.530029
2023_2024,R2,43,100,1,glcm_imc2,0.970308
2023_2024,R2,43,100,1,glcm_mcc,0.977935
2023_2024,R2,43,100,1,glcm_dissimilarity,0.639318
2023_2024,R2,43,100,1,glcm_inertia,1.07038
2023_2024,R2,43,100,1,glcm_cluster_shade,88.6724
2023_2024,R2,43,100,1,glcm_cluster_prominence,13269.5
2023_2024,R2,43,100,1,glcm_homogeneity,0.739856
2023_2024,R2,43,100,1,glcmw3_asm,0.55178
2023_2024,R2,43,100,1,glcmw3_contrast,0.321575
2023_2024,R2,43,100,1,glcmw3_entropy,0.831919
2023_2024,R2,43,100,1,glcmw3_correlation,0.403802
2023_2024,R2,43,100,1,glcmw3_homogeneity,0.85893
2023_2024,R2,43,100,1,glcmw5_asm,0.43829
2023_2024,R2,43,100,1,glcmw5_contrast,0.321446
2023_2024,R2,43,100,1,glcmw5_entropy,1.21517
2023_2024,R2,43,100,1,glcmw5_correlation,0.594264
2023_2024,R2,43,100,1,glcmw5_homogeneity,0.858945
2023_2024,R2,43,100,1,glcmw7_asm,0.378195
2023_2024,R2,43,100,1,glcmw7_contrast,0.321323
2023_2024,R2,43,100,1,glcmw7_entropy,1.46077
2023_2024,R2,43,100,1,glcmw7_correlation,0.688553
2023_2024,R2,43,100,1,glcmw7_homogeneity,0.858969
2023_2024,R2,43,100,1,rgb_glcm_asm,0.0242402
2023_2024,R2,43,100,1,rgb_glcm_contrast,1.68156
2023_2024,R2,43,100,1,rgb_glcm_correlation,0.932588
2023_2024,R2,43,100,1,rgb_glcm_variance,12.4722
2023_2024,R2,43,100,1,rgb_glcm_idm,0.645593
2023_2024,R2,43,100,1,rgb_glcm_sum_average,10.8942
2023_2024,R2,43,100,1,rgb_glcm_sum_variance,106.821
2023_2024,R2,43,100,1,rgb_glcm_sum_entropy,3.23824
2023_2024,R2,43,100,1,rgb_glcm_entropy,4.11847
2023_2024,R2,43,100,1,rgb_glcm_diff_entropy,1.21912
2023_2024,R2,43,100,1,rgb_glcm_imc1,-0.404312
2023_2024,R2,43,100,1,rgb_glcm_imc2,0.935921
2023_2024,R2,43,100,1,rgb_glcm_mcc,0.93508
2023_2024,R2,43,100,1,rgb_glcm_dissimilarity,0.860196
2023_2024,R2,43,100,1,rgb_glcm_inertia,1.68156
2023_2024,R2,43,100,1,rgb_glcm_cluster_shade,215.318
2023_2024,R2,43,100,1,rgb_glcm_cluster_prominence,7102.15
2023_2024,R2,43,100,1,rgb_glcm_homogeneity,0.670959
2023_2024,R2,43,100,1,rgb_glcmw3_asm,0.435873
2023_2024,R2,43,100,1,rgb_glcmw3_contrast,0.478469
2023_2024,R2,43,100,1,rgb_glcmw3_entropy,1.07632
2023_2024,R2,43,100,1,rgb_glcmw3_correlation,0.450232
2023_2024,R2,43,100,1,rgb_glcmw3_homogeneity,0.813137
2023_2024,R2,43,100,1,rgb_glcmw5_asm,0.313195
2023_2024,R2,43,100,1,rgb_glcmw5_contrast,0.478289
2023_2024,R2,43,100,1,rgb_glcmw5_entropy,1.5416
2023_2024,R2,43,100,1,rgb_glcmw5_correlation,0.64029
2023_2024,R2,43,100,1,rgb_glcmw5_homogeneity,0.813196
2023_2024,R2,43,100,1,rgb_glcmw7_asm,0.254824
2023_2024,R2,43,100,1,rgb_glcmw7_contrast,0.478165
2023_2024,R2,43,100,1,rgb_glcmw7_entropy,1.81689
2023_2024,R2,43,100,1,rgb_glcmw7_correlation,0.726947
2023_2024,R2,43,100,1,rgb_glcmw7_homogeneity,0.81322
2022_2023,R2,d100_b1,100,1,NDVI,0.753183
2022_2023,R2,d100_b1,100,1,GNDVI,0.186524
2022_2023,R2,d100_b1,100,1,NDRE,0.327532
2022_2023,R2,d100_b1,100,1,CIrededge,0.993199
2022_2023,R2,d100_b1,100,1,SAVI,0.610458
2022_2023,R2,d100_b1,100,1,EVI,40.8618
2022_2023,R2,d100_b1,100,1,VARI,1.82373
2022_2023,R2,d100_b1,100,1,TGI,0.222946
2022_2023,R2,d100_b1,100,1,spec_mean,0.306389
2022_2023,R2,d100_b1,100,1,spec_std,0.244987
2022_2023,R2,d100_b1,100,1,spec_p10,0.057583
2022_2023,R2,d100_b1,100,1,spec_p50,0.224845
2022_2023,R2,d100_b1,100,1,spec_p90,0.710253
2022_2023,R2,d100_b1,100,1,glcm_asm,0.0314421
2022_2023,R2,d100_b1,100,1,glcm_contrast,1.60693
2022_2023,R2,d100_b1,100,1,glcm_correlation,0.966188
2022_2023,R2,d100_b1,100,1,glcm_variance,23.777
2022_2023,R2,d100_b1,100,1,glcm_idm,0.678556
2022_2023,R2,d100_b1,100,1,glcm_sum_average,13.9379
2022_2023,R2,d100_b1,100,1,glcm_sum_variance,206.613
2022_2023,R2,d100_b1,100,1,glcm_sum_entropy,3.30257
2022_2023,R2,d100_b1,100,1,glcm_entropy,4.09197
2022_2023,R2,d100_b1,100,1,glcm_diff_entropy,1.20232
2022_2023,R2,d100_b1,100,1,glcm_imc1,-0.475307
2022_2023,R2,d100_b1,100,1,glcm_imc2,0.960184
2022_2023,R2,d100_b1,100,1,glcm_mcc,0.96746
2022_2023,R2,d100_b1,100,1,glcm_dissimilarity,0.794011
2022_2023,R2,d100_b1,100,1,glcm_inertia,1.60693
2022_2023,R2,d100_b1,100,1,glcm_cluster_shade,-84.5885
2022_2023,R2,d100_b1,100,1,glcm_cluster_prominence,13954.6
2022_2023,R2,d100_b1,100,1,glcm_homogeneity,0.703183
2022_2023,R2,d100_b1,100,1,glcmw3_asm,0.50593
2022_2023,R2,d100_b1,100,1,glcmw3_contrast,0.441581
2022_2023,R2,d100_b1,100,1,glcmw3_entropy,0.947211
2022_2023,R2,d100_b1,100,1,glcmw3_correlation,0.426149
2022_2023,R2,d100_b1,100,1,glcmw3_homogeneity,0.832088
2022_2023,R2,d100_b1,100,1,glcmw5_asm,0.392689
2022_2023,R2,d100_b1,100,1,glcmw5_contrast,0.441585
2022_2023,R2,d100_b1,100,1,glcmw5_entropy,1.37159
2022_2023,R2,d100_b1,100,1,glcmw5_correlation,0.611747
2022_2023,R2,d100_b1,100,1,glcmw5_homogeneity,0.832109
2022_2023,R2,d100_b1,100,1,glcmw7_asm,0.334616
2022_2023,R2,d100_b1,100,1,glcmw7_contrast,0.441467
2022_2023,R2,d100_b1,100,1,glcmw7_entropy,1.63863
2022_2023,R2,d100_b1,100,1,glcmw7_correlation,0.700844
2022_2023,R2,d100_b1,100,1,glcmw7_homogeneity,0.832135
2022_2023,R2,d100_b1,100,1,rgb_glcm_asm,
2022_2023,R2,d100_b1,100,1,rgb_glcm_contrast,
2022_2023,R2,d100_b1,100,1,rgb_glcm_correlation,
2022_2023,R2,d100_b1,100,1,rgb_glcm_variance,
2022_2023,R2,d100_b1,100,1,rgb_glcm_idm,
2022_2023,R2,d100_b1,100,1,rgb_glcm_sum_average,
2022_2023,R2,d100_b1,100,1,rgb_glcm_sum_variance,
2022_2023,R2,d100_b1,100,1,rgb_glcm_sum_entropy,
2022_2023,R2,d100_b1,100,1,rgb_glcm_entropy,
2022_2023,R2,d100_b1,100,1,rgb_glcm_diff_entropy,
2022_2023,R2,d100_b1,100,1,rgb_glcm_imc1,
2022_2023,R2,d100_b1,100,1,rgb_glcm_imc2,
2022_2023,R2,d100_b1,100,1,rgb_glcm_mcc,
2022_2023,R2,d100_b1,100,1,rgb_glcm_dissimilarity,
2022_2023,R2,d100_b1,100,1,rgb_glcm_inertia,
2022_2023,R2,d100_b1,100,1,rgb_glcm_cluster_shade,
2022_2023,R2,d100_b1,100,1,rgb_glcm_cluster_prominence,
2022_2023,R2,d100_b1,100,1,rgb_glcm_homogeneity,
2022_2023,R2,d100_b1,100,1,rgb_glcmw3_asm,
2022_2023,R2,d100_b1,100,1,rgb_glcmw3_contrast,
2022_2023,R2,d100_b1,100,1,rgb_glcmw3_entropy,
2022_2023,R2,d100_b1,100,1,rgb_glcmw3_correlation,
2022_2023,R2,d100_b1,100,1,rgb_glcmw3_homogeneity,
2022_2023,R2,d100_b1,100,1,rgb_glcmw5_asm,
2022_2023,R2,d100_b1,100,1,rgb_glcmw5_contrast,
2022_2023,R2,d100_b1,100,1,rgb_glcmw5_entropy,
2022_2023,R2,d100_b1,100,1,rgb_glcmw5_correlation,
2022_2023,R2,d100_b1,100,1,rgb_glcmw5_homogeneity,
2022_2023,R2,d100_b1,100,1,rgb_glcmw7_asm,
2022_2023,R2,d100_b1,100,1,rgb_glcmw7_contrast,
2022_2023,R2,d100_b1,100,1,rgb_glcmw7_entropy,
2022_2023,R2,d100_b1,100,1,rgb_glcmw7_correlation,
2022_2023,R2,d100_b1,100,1,rgb_glcmw7_homogeneity,
2023_2024,R2,117,100,2,NDVI,0.700133
2023_2024,R2,117,100,2,GNDVI,0.118319
2023_2024,R2,117,100,2,NDRE,0.285132
2023_2024,R2,117,100,2,CIrededge,0.822788
2023_2024,R2,117,100,2,SAVI,0.596419
2023_2024,R2,117,100,2,EVI,-0.615205
2023_2024,R2,117,100,2,VARI,1.07103
2023_2024,R2,117,100,2,TGI,0.293637
2023_2024,R2,117,100,2,spec_mean,0.326003
2023_2024,R2,117,100,2,spec_std,0.239131
2023_2024,R2,117,100,2,spec_p10,0.0773684
2023_2024,R2,117,100,2,spec_p50,0.261529
2023_2024,R2,117,100,2,spec_p90,0.716253
2023_2024,R2,117,100,2,glcm_asm,0.0360136
2023_2024,R2,117,100,2,glcm_contrast,1.17538
2023_2024,R2,117,100,2,glcm_correlation,0.975919
2023_2024,R2,117,100,2,glcm_variance,24.4046
2023_2024,R2,117,100,2,glcm_idm,0.710038
2023_2024,R2,117,100,2,glcm_sum_average,13.3525
2023_2024,R2,117,100,2,glcm_sum_variance,198.245
2023_2024,R2,117,100,2,glcm_sum_entropy,3.26276
2023_2024,R2,117,100,2,glcm_entropy,3.9258
2023_2024,R2,117,100,2,glcm_diff_entropy,1.09267
2023_2024,R2,117,100,2,glcm_imc1,-0.521443
2023_2024,R2,117,100,2,glcm_imc2,0.968131
2023_2024,R2,117,100,2,glcm_mcc,0.977516
2023_2024,R2,117,100,2,glcm_dissimilarity,0.67641
2023_2024,R2,117,100,2,glcm_inertia,1.17538
2023_2024,R2,117,100,2,glcm_cluster_shade,7.91041
2023_2024,R2,117,100,2,glcm_cluster_prominence,14117.3
2023_2024,R2,117,100,2,glcm_homogeneity,0.729515
2023_2024,R2,117,100,2,glcmw3_asm,0.540631
2023_2024,R2,117,100,2,glcmw3_contrast,0.346664
2023_2024,R2,117,100,2,glcmw3_entropy,0.859657
2023_2024,R2,117,100,2,glcmw3_correlation,0.41791
2023_2024,R2,117,100,2,glcmw3_homogeneity,0.85179
2023_2024,R2,117,100,2,glcmw5_asm,0.428072
2023_2024,R2,117,100,2,glcmw5_contrast,0.34669
2023_2024,R2,117,100,2,glcmw5_entropy,1.25341
2023_2024,R2,117,100,2,glcmw5_correlation,0.603194
2023_2024,R2,117,100,2,glcmw5_homogeneity,0.85179
2023_2024,R2,117,100,2,glcmw7_asm,0.369167
2023_2024,R2,117,100,2,glcmw7_contrast,0.346756
2023_2024,R2,117,100,2,glcmw7_entropy,1.505
2023_2024,R2,117,100,2,glcmw7_correlation,0.692527
2023_2024,R2,117,100,2,glcmw7_homogeneity,0.85177
2023_2024,R2,117,100,2,rgb_glcm_asm,0.0238417
2023_2024,R2,117,100,2,rgb_glcm_contrast,1.85213
2023_2024,R2,117,100,2,rgb_glcm_correlation,0.931167
2023_2024,R2,117,100,2,rgb_glcm_variance,13.4538
2023_2024,R2,117,100,2,rgb_glcm_idm,0.634404
2023_2024,R2,117,100,2,rgb_glcm_sum_average,10.4345
2023_2024,R2,117,100,2,rgb_glcm_sum_variance,103.594
2023_2024,R2,117,100,2,rgb_glcm_sum_entropy,3.24904
2023_2024,R2,117,100,2,rgb_glcm_entropy,4.16523
2023_2024,R2,117,100,2,rgb_glcm_diff_entropy,1.25908
2023_2024,R2,117,100,2,rgb_glcm_imc1,-0.393534
2023_2024,R2,117,100,2,rgb_glcm_imc2,0.932771
2023_2024,R2,117,100,2,rgb_glcm_mcc,0.932443
2023_2024,R2,117,100,2,rgb_glcm_dissimilarity,0.904984
2023_2024,R2,117,100,2,rgb_glcm_inertia,1.85213
2023_2024,R2,117,100,2,rgb_glcm_cluster_shade,271.742
2023_2024,R2,117,100,2,rgb_glcm_cluster_prominence,7957.44
2023_2024,R2,117,100,2,rgb_glcm_homogeneity,0.662327
2023_2024,R2,117,100,2,rgb_glcmw3_asm,0.427003
2023_2024,R2,117,100,2,rgb_glcmw3_contrast,0.517636
2023_2024,R2,117,100,2,rgb_glcmw3_entropy,1.10721
2023_2024,R2,117,100,2,rgb_glcmw3_correlation,0.456795
2023_2024,R2,117,100,2,rgb_glcmw3_homogeneity,0.805082
2023_2024,R2,117,100,2,rgb_glcmw5_asm,0.305526
2023_2024,R2,117,100,2,rgb_glcmw5_contrast,0.517653
2023_2024,R2,117,100,2,rgb_glcmw5_entropy,1.58613
2023_2024,R2,117,100,2,rgb_glcmw5_correlation,0.641872
2023_2024,R2,117,100,2,rgb_glcmw5_homogeneity,0.805099
2023_2024,R2,117,100,2,rgb_glcmw7_asm,0.248409
2023_2024,R2,117,100,2,rgb_glcmw7_contrast,0.517699
2023_2024,R2,117,100,2,rgb_glcmw7_entropy,1.86736
2023_2024,R2,117,100,2,rgb_glcmw7_correlation,0.726198
2023_2024,R2,117,100,2,rgb_glcmw7_homogeneity,0.805096
2022_2023,R2,d100_b2,100,2,NDVI,0.732256
2022_2023,R2,d100_b2,100,2,GNDVI,0.140475
2022_2023,R2,d100_b2,100,2,NDRE,0.306789
2022_2023,R2,d100_b2,100,2,CIrededge,0.902883
2022_2023,R2,d100_b2,100,2,SAVI,0.583137
2022_2023,R2,d100_b2,100,2,EVI,-0.0659546
2022_2023,R2,d100_b2,100,2,VARI,2.9624
2022_2023,R2,d100_b2,100,2,TGI,0.223806
2022_2023,R2,d100_b2,100,2,spec_mean,0.303751
2022_2023,R2,d100_b2,100,2,spec_std,0.239498
2022_2023,R2,d100_b2,100,2,spec_p10,0.0598548
2022_2023,R2,d100_b2,100,2,spec_p50,0.225074
2022_2023,R2,d100_b2,100,2,spec_p90,0.692069
2022_2023,R2,d100_b2,100,2,glcm_asm,0.045087
2022_2023,R2,d100_b2,100,2,glcm_contrast,1.51023
2022_2023,R2,d100_b2,100,2,glcm_correlation,0.969709
2022_2023,R2,d100_b2,100,2,glcm_variance,24.9494
2022_2023,R2,d100_b2,100,2,glcm_idm,0.695449
2022_2023,R2,d100_b2,100,2,glcm_sum_average,12.9776
2022_2023,R2,d100_b2,100,2,glcm_sum_variance,193.571
2022_2023,R2,d100_b2,100,2,glcm_sum_entropy,3.22343
2022_2023,R2,d100_b2,100,2,glcm_entropy,3.96558
2022_2023,R2,d100_b2,100,2,glcm_diff_entropy,1.17239
2022_2023,R2,d100_b2,100,2,glcm_imc1,-0.490001
2022_2023,R2,d100_b2,100,2,glcm_imc2,0.961103
2022_2023,R2,d100_b2,100,2,glcm_mcc,0.970814
2022_2023,R2,d100_b2,100,2,glcm_dissimilarity,0.749793
2022_2023,R2,d100_b2,100,2,glcm_inertia,1.51023
2022_2023,R2,d100_b2,100,2,glcm_cluster_shade,19.9481
2022_2023,R2,d100_b2,100,2,glcm_cluster_prominence,14906.7
2022_2023,R2,d100_b2,100,2,glcm_homogeneity,0.718282
2022_2023,R2,d100_b2,100,2,glcmw3_asm,0.534892
2022_2023,R2,d100_b2,100,2,glcmw3_contrast,0.413708
2022_2023,R2,d100_b2,100,2,glcmw3_entropy,0.889284
2022_2023,R2,d100_b2,100,2,glcmw3_correlation,0.406272
2022_2023,R2,d100_b2,100,2,glcmw3_homogeneity,0.842634
2022_2023,R2,d100_b2,100,2,glcmw5_asm,0.425281
2022_2023,R2,d100_b2,100,2,glcmw5_contrast,0.413681
2022_2023,R2,d100_b2,100,2,glcmw5_entropy,1.29083
2022_2023,R2,d100_b2,100,2,glcmw5_correlation,0.591405
2022_2023,R2,d100_b2,100,2,glcmw5_homogeneity,0.842639
2022_2023,R2,d100_b2,100,2,glcmw7_asm,0.367526
2022_2023,R2,d100_b2,100,2,glcmw7_contrast,0.413698
2022_2023,R2,d100_b2,100,2,glcmw7_entropy,1.54649
2022_2023,R2,d100_b2,100,2,glcmw7_correlation,0.683498
2022_2023,R2,d100_b2,100,2,glcmw7_homogeneity,0.842652
2022_2023,R2,d100_b2,100,2,rgb_glcm_asm,
2022_2023,R2,d100_b2,100,2,rgb_glcm_contrast,
2022_2023,R2,d100_b2,100,2,rgb_glcm_correlation,
2022_2023,R2,d100_b2,100,2,rgb_glcm_variance,
2022_2023,R2,d100_b2,100,2,rgb_glcm_idm,
2022_2023,R2,d100_b2,100,2,rgb_glcm_sum_average,
2022_2023,R2,d100_b2,100,2,rgb_glcm_sum_variance,
2022_2023,R2,d100_b2,100,2,rgb_glcm_sum_entropy,
2022_2023,R2,d100_b2,100,2,rgb_glcm_entropy,
2022_2023,R2,d100_b2,100,2,rgb_glcm_diff_entropy,
2022_2023,R2,d100_b2,100,2,rgb_glcm_imc1,
2022_2023,R2,d100_b2,100,2,rgb_glcm_imc2,
2022_2023,R2,d100_b2,100,2,rgb_glcm_mcc,
2022_2023,R2,d100_b2,100,2,rgb_glcm_dissimilarity,
2022_2023,R2,d100_b2,100,2,rgb_glcm_inertia,
2022_2023,R2,d100_b2,100,2,rgb_glcm_cluster_shade,
2022_2023,R2,d100_b2,100,2,rgb_glcm_cluster_prominence,
2022_2023,R2,d100_b2,100,2,rgb_glcm_homogeneity,
2022_2023,R2,d100_b2,100,2,rgb_glcmw3_asm,
2022_2023,R2,d100_b2,100,2,rgb_glcmw3_contrast,
2022_2023,R2,d100_b2,100,2,rgb_glcmw3_entropy,
2022_2023,R2,d100_b2,100,2,rgb_glcmw3_correlation,
2022_2023,R2,d100_b2,100,2,rgb_glcmw3_homogeneity,
2022_2023,R2,d100_b2,100,2,rgb_glcmw5_asm,
2022_2023,R2,d100_b2,100,2,rgb_glcmw5_contrast,
2022_2023,R2,d100_b2,100,2,rgb_glcmw5_entropy,
2022_2023,R2,d100_b2,100,2,rgb_glcmw5_correlation,
2022_2023,R2,d100_b2,100,2,rgb_glcmw5_homogeneity,
2022_2023,R2,d100_b2,100,2,rgb_glcmw7_asm,
2022_2023,R2,d100_b2,100,2,rgb_glcmw7_contrast,
2022_2023,R2,d100_b2,100,2,rgb_glcmw7_entropy,
2022_2023,R2,d100_b2,100,2,rgb_glcmw7_correlation,
2022_2023,R2,d100_b2,100,2,rgb_glcmw7_homogeneity,
2023_2024,R2,122,100,3,NDVI,0.691531
2023_2024,R2,122,100,3,GNDVI,0.114971
2023_2024,R2,122,100,3,NDRE,0.281443
2023_2024,R2,122,100,3,CIrededge,0.810722
2023_2024,R2,122,100,3,SAVI,0.580895
2023_2024,R2,122,100,3,EVI,4.45743
2023_2024,R2,122,100,3,VARI,1.0715
2023_2024,R2,122,100,3,TGI,0.281943
2023_2024,R2,122,100,3,spec_mean,0.315293
2023_2024,R2,122,100,3,spec_std,0.233398
2023_2024,R2,122,100,3,spec_p10,0.0757468
2023_2024,R2,122,100,3,spec_p50,0.253919
2023_2024,R2,122,100,3,spec_p90,0.688068
2023_2024,R2,122,100,3,glcm_asm,0.040017
2023_2024,R2,122,100,3,glcm_contrast,1.1824
2023_2024,R2,122,100,3,glcm_correlation,0.975429
2023_2024,R2,122,100,3,glcm_variance,24.061
2023_2024,R2,122,100,3,glcm_idm,0.70943
2023_2024,R2,122,100,3,glcm_sum_average,12.6608
2023_2024,R2,122,100,3,glcm_sum_variance,183.794
2023_2024,R2,122,100,3,glcm_sum_entropy,3.24107
2023_2024,R2,122,100,3,glcm_entropy,3.91328
2023_2024,R2,122,100,3,glcm_diff_entropy,1.09544
2023_2024,R2,122,100,3,glcm_imc1,-0.516584
2023_2024,R2,122,100,3,glcm_imc2,0.966689
2023_2024,R2,122,100,3,glcm_mcc,0.977234
2023_2024,R2,122,100,3,glcm_dissimilarity,0.67883
2023_2024,R2,122,100,3,glcm_inertia,1.1824
2023_2024,R2,122,100,3,glcm_cluster_shade,93.2208
2023_2024,R2,122,100,3,glcm_cluster_prominence,14121.1
2023_2024,R2,122,100,3,glcm_homogeneity,0.729013
2023_2024,R2,122,100,3,glcmw3_asm,0.555187
2023_2024,R2,122,100,3,glcmw3_contrast,0.339938
2023_2024,R2,122,100,3,glcmw3_entropy,0.838218
2023_2024,R2,122,100,3,glcmw3_correlation,0.401648
2023_2024,R2,122,100,3,glcmw3_homogeneity,0.854848
2023_2024,R2,122,100,3,glcmw5_asm,0.449799
2023_2024,R2,122,100,3,glcmw5_contrast,0.33993
2023_2024,R2,122,100,3,glcmw5_entropy,1.21769
2023_2024,R2,122,100,3,glcmw5_correlation,0.573085
2023_2024,R2,122,100,3,glcmw5_homogeneity,0.854849
2023_2024,R2,122,100,3,glcmw7_asm,0.395535
2023_2024,R2,122,100,3,glcmw7_contrast,0.339857
2023_2024,R2,122,100,3,glcmw7_entropy,1.4589
2023_2024,R2,122,100,3,glcmw7_correlation,0.655283
2023_2024,R2,122,100,3,glcmw7_homogeneity,0.854876
2023_2024,R2,122,100,3,rgb_glcm_asm,0.0265122
2023_2024,R2,122,100,3,rgb_glcm_contrast,1.79843
2023_2024,R2,122,100,3,rgb_glcm_correlation,0.929875
2023_2024,R2,122,100,3,rgb_glcm_variance,12.823
2023_2024,R2,122,100,3,rgb_glcm_idm,0.642554
2023_2024,R2,122,100,3,rgb_glcm_sum_average,10.1772
2023_2024,R2,122,100,3,rgb_glcm_sum_variance,98.0646
2023_2024,R2,122,100,3,rgb_glcm_sum_entropy,3.2079
2023_2024,R2,122,100,3,rgb_glcm_entropy,4.0997
2023_2024,R2,122,100,3,rgb_glcm_diff_entropy,1.24755
2023_2024,R2,122,100,3,rgb_glcm_imc1,-0.395587
2023_2024,R2,122,100,3,rgb_glcm_imc2,0.931431
2023_2024,R2,122,100,3,rgb_glcm_mcc,0.931218
2023_2024,R2,122,100,3,rgb_glcm_dissimilarity,0.883053
2023_2024,R2,122,100,3,rgb_glcm_inertia,1.79843
2023_2024,R2,122,100,3,rgb_glcm_cluster_shade,290.52
2023_2024,R2,122,100,3,rgb_glcm_cluster_prominence,7952.31
2023_2024,R2,122,100,3,rgb_glcm_homogeneity,0.669616
2023_2024,R2,122,100,3,rgb_glcmw3_asm,0.440284
2023_2024,R2,122,100,3,rgb_glcmw3_contrast,0.504136
2023_2024,R2,122,100,3,rgb_glcmw3_entropy,1.07903
2023_2024,R2,122,100,3,rgb_glcmw3_correlation,0.448158
2023_2024,R2,122,100,3,rgb_glcmw3_homogeneity,0.810075
2023_2024,R2,122,100,3,rgb_glcmw5_asm,0.32031
2023_2024,R2,122,100,3,rgb_glcmw5_contrast,0.503926
2023_2024,R2,122,100,3,rgb_glcmw5_entropy,1.54671
2023_2024,R2,122,100,3,rgb_glcmw5_correlation,0.636112
2023_2024,R2,122,100,3,rgb_glcmw5_homogeneity,0.810099
2023_2024,R2,122,100,3,rgb_glcmw7_asm,0.262525
2023_2024,R2,122,100,3,rgb_glcmw7_contrast,0.503745
2023_2024,R2,122,100,3,rgb_glcmw7_entropy,1.8248
2023_2024,R2,122,100,3,rgb_glcmw7_correlation,0.724991
2023_2024,R2,122,100,3,rgb_glcmw7_homogeneity,0.810149
2022_2023,R2,d100_b3,100,3,NDVI,0.778625
2022_2023,R2,d100_b3,100,3,GNDVI,0.203891
2022_2023,R2,d100_b3,100,3,NDRE,0.348884
2022_2023,R2,d100_b3,100,3,CIrededge,1.09941
2022_2023,R2,d100_b3,100,3,SAVI,0.637152
2022_2023,R2,d100_b3,100,3,EVI,-1.17153
2022_2023,R2,d100_b3,100,3,VARI,1.83135
2022_2023,R2,d100_b3,100,3,TGI,0.225981
2022_2023,R2,d100_b3,100,3,spec_mean,0.308495
2022_2023,R2,d100_b3,100,3,spec_std,0.250468
2022_2023,R2,d100_b3,100,3,spec_p10,0.0522741
2022_2023,R2,d100_b3,100,3,spec_p50,0.225208
2022_2023,R2,d100_b3,100,3,spec_p90,0.726541
2022_2023,R2,d100_b3,100,3,glcm_asm,0.0346788
2022_2023,R2,d100_b3,100,3,glcm_contrast,1.55425
2022_2023,R2,d100_b3,100,3,glcm_correlation,0.967679
2022_2023,R2,d100_b3,100,3,glcm_variance,24.0286
2022_2023,R2,d100_b3,100,3,glcm_idm,0.68347
2022_2023,R2,d100_b3,100,3,glcm_sum_average,14.689
2022_2023,R2,d100_b3,100,3,glcm_sum_variance,225.717
2022_2023,R2,d100_b3,100,3,glcm_sum_entropy,3.27062
2022_2023,R2,d100_b3,100,3,glcm_entropy,4.0431
2022_2023,R2,d100_b3,100,3,glcm_diff_entropy,1.18652
2022_2023,R2,d100_b3,100,3,glcm_imc1,-0.477058
2022_2023,R2,d100_b3,100,3,glcm_imc2,0.959459
2022_2023,R2,d100_b3,100,3,glcm_mcc,0.968891
2022_2023,R2,d100_b3,100,3,glcm_dissimilarity,0.776713
2022_2023,R2,d100_b3,100,3,glcm_inertia,1.55425
2022_2023,R2,d100_b3,100,3,glcm_cluster_shade,-214.155
2022_2023,R2,d100_b3,100,3,glcm_cluster_prominence,14909.6
2022_2023,R2,d100_b3,100,3,glcm_homogeneity,0.706858
2022_2023,R2,d100_b3,100,3,glcmw3_asm,0.509082
2022_2023,R2,d100_b3,100,3,glcmw3_contrast,0.429961
2022_2023,R2,d100_b3,100,3,glcmw3_entropy,0.935411
2022_2023,R2,d100_b3,100,3,glcmw3_correlation,0.419343
2022_2023,R2,d100_b3,100,3,glcmw3_homogeneity,0.835946
2022_2023,R2,d100_b3,100,3,glcmw5_asm,0.393689
2022_2023,R2,d100_b3,100,3,glcmw5_contrast,0.430035
2022_2023,R2,d100_b3,100,3,glcmw5_entropy,1.35613
2022_2023,R2,d100_b3,100,3,glcmw5_correlation,0.611751
2022_2023,R2,d100_b3,100,3,glcmw5_homogeneity,0.83593
2022_2023,R2,d100_b3,100,3,glcmw7_asm,0.334147
2022_2023,R2,d100_b3,100,3,glcmw7_contrast,0.430096
2022_2023,R2,d100_b3,100,3,glcmw7_entropy,1.62028
2022_2023,R2,d100_b3,100,3,glcmw7_correlation,0.70491
2022_2023,R2,d100_b3,100,3,glcmw7_homogeneity,0.835927
2022_2023,R2,d100_b3,100,3,rgb_glcm_asm,
2022_2023,R2,d100_b3,100,3,rgb_glcm_contrast,
2022_2023,R2,d100_b3,100,3,rgb_glcm_correlation,
2022_2023,R2,d100_b3,100,3,rgb_glcm_variance,
2022_2023,R2,d100_b3,100,3,rgb_glcm_idm,
2022_2023,R2,d100_b3,100,3,rgb_glcm_sum_average,
2022_2023,R2,d100_b3,100,3,rgb_glcm_sum_variance,
2022_2023,R2,d100_b3,100,3,rgb_glcm_sum_entropy,
2022_2023,R2,d100_b3,100,3,rgb_glcm_entropy,
2022_2023,R2,d100_b3,100,3,rgb_glcm_diff_entropy,
2022_2023,R2,d100_b3,100,3,rgb_glcm_imc1,
2022_2023,R2,d100_b3,100,3,rgb_glcm_imc2,
2022_2023,R2,d100_b3,100,3,rgb_glcm_mcc,
2022_2023,R2,d100_b3,100,3,rgb_glcm_dissimilarity,
2022_2023,R2,d100_b3,100,3,rgb_glcm_inertia,
2022_2023,R2,d100_b3,100,3,rgb_glcm_cluster_shade,
2022_2023,R2,d100_b3,100,3,rgb_glcm_cluster_prominence,
2022_2023,R2,d100_b3,100,3,rgb_glcm_homogeneity,
2022_2023,R2,d100_b3,100,3,rgb_glcmw3_asm,
2022_2023,R2,d100_b3,100,3,rgb_glcmw3_contrast,
2022_2023,R2,d100_b3,100,3,rgb_glcmw3_entropy,
2022_2023,R2,d100_b3,100,3,rgb_glcmw3_correlation,
2022_2023,R2,d100_b3,100,3,rgb_glcmw3_homogeneity,
2022_2023,R2,d100_b3,100,3,rgb_glcmw5_asm,
2022_2023,R2,d100_b3,100,3,rgb_glcmw5_contrast,
2022_2023,R2,d100_b3,100,3,rgb_glcmw5_entropy,
2022_2023,R2,d100_b3,100,3,rgb_glcmw5_correlation,
2022_2023,R2,d100_b3,100,3,rgb_glcmw5_homogeneity,
2022_2023,R2,d100_b3,100,3,rgb_glcmw7_asm,
2022_2023,R2,d100_b3,100,3,rgb_glcmw7_contrast,
2022_2023,R2,d100_b3,100,3,rgb_glcmw7_entropy,
2022_2023,R2,d100_b3,100,3,rgb_glcmw7_correlation,
2022_2023,R2,d100_b3,100,3,rgb_glcmw7_homogeneity,
2023_2024,R2,130,100,4,NDVI,0.716081
2023_2024,R2,130,100,4,GNDVI,0.162437
2023_2024,R2,130,100,4,NDRE,0.297441
2023_2024,R2,130,100,4,CIrededge,0.882196
2023_2024,R2,130,100,4,SAVI,0.59703
2023_2024,R2,130,100,4,EVI,0.931451
2023_2024,R2,130,100,4,VARI,1.06901
2023_2024,R2,130,100,4,TGI,0.261457
2023_2024,R2,130,100,4,spec_mean,0.303928
2023_2024,R2,130,100,4,spec_std,0.235911
2023_2024,R2,130,100,4,spec_p10,0.0675027
2023_2024,R2,130,100,4,spec_p50,0.236598
2023_2024,R2,130,100,4,spec_p90,0.685826
2023_2024,R2,130,100,4,glcm_asm,0.0357968
2023_2024,R2,130,100,4,glcm_contrast,1.19146
2023_2024,R2,130,100,4,glcm_correlation,0.974805
2023_2024,R2,130,100,4,glcm_variance,23.6446
2023_2024,R2,130,100,4,glcm_idm,0.704459
2023_2024,R2,130,100,4,glcm_sum_average,13.2307
2023_2024,R2,130,100,4,glcm_sum_variance,192.599
2023_2024,R2,130,100,4,glcm_sum_entropy,3.27015
2023_2024,R2,130,100,4,glcm_entropy,3.95067
2023_2024,R2,130,100,4,glcm_diff_entropy,1.10089
2023_2024,R2,130,100,4,glcm_imc1,-0.51433
2023_2024,R2,130,100,4,glcm_imc2,0.967022
2023_2024,R2,130,100,4,glcm_mcc,0.975998
2023_2024,R2,130,100,4,glcm_dissimilarity,0.689096
2023_2024,R2,130,100,4,glcm_inertia,1.19146
2023_2024,R2,130,100,4,glcm_cluster_shade,13.3264
2023_2024,R2,130,100,4,glcm_cluster_prominence,13684.8
2023_2024,R2,130,100,4,glcm_homogeneity,0.724611
2023_2024,R2,130,100,4,glcmw3_asm,0.540058
2023_2024,R2,130,100,4,glcmw3_contrast,0.348066
2023_2024,R2,130,100,4,glcmw3_entropy,0.86488
2023_2024,R2,130,100,4,glcmw3_correlation,0.419413
2023_2024,R2,130,100,4,glcmw3_homogeneity,0.849931
2023_2024,R2,130,100,4,glcmw5_asm,0.430318
2023_2024,R2,130,100,4,glcmw5_contrast,0.347952
2023_2024,R2,130,100,4,glcmw5_entropy,1.25808
2023_2024,R2,130,100,4,glcmw5_correlation,0.59651
2023_2024,R2,130,100,4,glcmw5_homogeneity,0.849957
2023_2024,R2,130,100,4,glcmw7_asm,0.373853
2023_2024,R2,130,100,4,glcmw7_contrast,0.347879
2023_2024,R2,130,100,4,glcmw7_entropy,1.5085
2023_2024,R2,130,100,4,glcmw7_correlation,0.681188
2023_2024,R2,130,100,4,glcmw7_homogeneity,0.849965
2023_2024,R2,130,100,4,rgb_glcm_asm,0.0269605
2023_2024,R2,130,100,4,rgb_glcm_contrast,1.80356
2023_2024,R2,130,100,4,rgb_glcm_correlation,0.930397
2023_2024,R2,130,100,4,rgb_glcm_variance,12.956
2023_2024,R2,130,100,4,rgb_glcm_idm,0.642403
2023_2024,R2,130,100,4,rgb_glcm_sum_average,9.81816
2023_2024,R2,130,100,4,rgb_glcm_sum_variance,93.826
2023_2024,R2,130,100,4,rgb_glcm_sum_entropy,3.19957
2023_2024,R2,130,100,4,rgb_glcm_entropy,4.08651
2023_2024,R2,130,100,4,rgb_glcm_diff_entropy,1.24643
2023_2024,R2,130,100,4,rgb_glcm_imc1,-0.396086
2023_2024,R2,130,100,4,rgb_glcm_imc2,0.931194
2023_2024,R2,130,100,4,rgb_glcm_mcc,0.931735
2023_2024,R2,130,100,4,rgb_glcm_dissimilarity,0.883171
2023_2024,R2,130,100,4,rgb_glcm_inertia,1.80356
2023_2024,R2,130,100,4,rgb_glcm_cluster_shade,307.073
2023_2024,R2,130,100,4,rgb_glcm_cluster_prominence,8219.01
2023_2024,R2,130,100,4,rgb_glcm_homogeneity,0.669241
2023_2024,R2,130,100,4,rgb_glcmw3_asm,0.440868
2023_2024,R2,130,100,4,rgb_glcmw3_contrast,0.502894
2023_2024,R2,130,100,4,rgb_glcmw3_entropy,1.07616
2023_2024,R2,130,100,4,rgb_glcmw3_correlation,0.450648
2023_2024,R2,130,100,4,rgb_glcmw3_homogeneity,0.811042
2023_2024,R2,130,100,4,rgb_glcmw5_asm,0.319906
2023_2024,R2,130,100,4,rgb_glcmw5_contrast,0.502854
2023_2024,R2,130,100,4,rgb_glcmw5_entropy,1.54505
2023_2024,R2,130,100,4,rgb_glcmw5_correlation,0.639451
2023_2024,R2,130,100,4,rgb_glcmw5_homogeneity,0.811018
2023_2024,R2,130,100,4,rgb_glcmw7_asm,0.26151
2023_2024,R2,130,100,4,rgb_glcmw7_contrast,0.502751
2023_2024,R2,130,100,4,rgb_glcmw7_entropy,1.82481
2023_2024,R2,130,100,4,rgb_glcmw7_correlation,0.729261
2023_2024,R2,130,100,4,rgb_glcmw7_homogeneity,0.811037
2022_2023,R2,d100_b4,100,4,NDVI,0.779035
2022_2023,R2,d100_b4,100,4,GNDVI,0.188964
2022_2023,R2,d100_b4,100,4,NDRE,0.351273
2022_2023,R2,d100_b4,100,4,CIrededge,1.11723
2022_2023,R2,d100_b4,100,4,SAVI,0.64416
2022_2023,R2,d100_b4,100,4,EVI,-13.9458
2022_2023,R2,d100_b4,100,4,VARI,0.454813
2022_2023,R2,d100_b4,100,4,TGI,0.235681
2022_2023,R2,d100_b4,100,4,spec_mean,0.316168
2022_2023,R2,d100_b4,100,4,spec_std,0.25254
2022_2023,R2,d100_b4,100,4,spec_p10,0.054189
2022_2023,R2,d100_b4,100,4,spec_p50,0.240503
2022_2023,R2,d100_b4,100,4,spec_p90,0.738322
2022_2023,R2,d100_b4,100,4,glcm_asm,0.0318221
2022_2023,R2,d100_b4,100,4,glcm_contrast,1.62433
2022_2023,R2,d100_b4,100,4,glcm_correlation,0.965798
2022_2023,R2,d100_b4,100,4,glcm_variance,23.7458
2022_2023,R2,d100_b4,100,4,glcm_idm,0.675989
2022_2023,R2,d100_b4,100,4,glcm_sum_average,15.0046
2022_2023,R2,d100_b4,100,4,glcm_sum_variance,231.078
2022_2023,R2,d100_b4,100,4,glcm_sum_entropy,3.28194
2022_2023,R2,d100_b4,100,4,glcm_entropy,4.07499
2022_2023,R2,d100_b4,100,4,glcm_diff_entropy,1.20631
2022_2023,R2,d100_b4,100,4,glcm_imc1,-0.468327
2022_2023,R2,d100_b4,100,4,glcm_imc2,0.957722
2022_2023,R2,d100_b4,100,4,glcm_mcc,0.967548
2022_2023,R2,d100_b4,100,4,glcm_dissimilarity,0.80091
2022_2023,R2,d100_b4,100,4,glcm_inertia,1.62433
2022_2023,R2,d100_b4,100,4,glcm_cluster_shade,-259.923
2022_2023,R2,d100_b4,100,4,glcm_cluster_prominence,14825.3
2022_2023,R2,d100_b4,100,4,glcm_homogeneity,0.700655
2022_2023,R2,d100_b4,100,4,glcmw3_asm,0.502745
2022_2023,R2,d100_b4,100,4,glcmw3_contrast,0.445338
2022_2023,R2,d100_b4,100,4,glcmw3_entropy,0.951121
2022_2023,R2,d100_b4,100,4,glcmw3_correlation,0.431668
2022_2023,R2,d100_b4,100,4,glcmw3_homogeneity,0.831507
2022_2023,R2,d100_b4,100,4,glcmw5_asm,0.387065
2022_2023,R2,d100_b4,100,4,glcmw5_contrast,0.445333
2022_2023,R2,d100_b4,100,4,glcmw5_entropy,1.37965
2022_2023,R2,d100_b4,100,4,glcmw5_correlation,0.622531
2022_2023,R2,d100_b4,100,4,glcmw5_homogeneity,0.831502
2022_2023,R2,d100_b4,100,4,glcmw7_asm,0.327708
2022_2023,R2,d100_b4,100,4,glcmw7_contrast,0.445296
2022_2023,R2,d100_b4,100,4,glcmw7_entropy,1.64946
2022_2023,R2,d100_b4,100,4,glcmw7_correlation,0.711536
2022_2023,R2,d100_b4,100,4,glcmw7_homogeneity,0.831502
2022_2023,R2,d100_b4,100,4,rgb_glcm_asm,
2022_2023,R2,d100_b4,100,4,rgb_glcm_contrast,
2022_2023,R2,d100_b4,100,4,rgb_glcm_correlation,
2022_2023,R2,d100_b4,100,4,rgb_glcm_variance,
2022_2023,R2,d100_b4,100,4,rgb_glcm_idm,
2022_2023,R2,d100_b4,100,4,rgb_glcm_sum_average,
2022_2023,R2,d100_b4,100,4,rgb_glcm_sum_variance,
2022_2023,R2,d100_b4,100,4,rgb_glcm_sum_entropy,
2022_2023,R2,d100_b4,100,4,rgb_glcm_entropy,
2022_2023,R2,d100_b4,100,4,rgb_glcm_diff_entropy,
2022_2023,R2,d100_b4,100,4,rgb_glcm_imc1,
2022_2023,R2,d100_b4,100,4,rgb_glcm_imc2,
2022_2023,R2,d100_b4,100,4,rgb_glcm_mcc,
2022_2023,R2,d100_b4,100,4,rgb_glcm_dissimilarity,
2022_2023,R2,d100_b4,100,4,rgb_glcm_inertia,
2022_2023,R2,d100_b4,100,4,rgb_glcm_cluster_shade,
2022_2023,R2,d100_b4,100,4,rgb_glcm_cluster_prominence,
2022_2023,R2,d100_b4,100,4,rgb_glcm_homogeneity,
2022_2023,R2,d100_b4,100,4,rgb_glcmw3_asm,
2022_2023,R2,d100_b4,100,4,rgb_glcmw3_contrast,
2022_2023,R2,d100_b4,100,4,rgb_glcmw3_entropy,
2022_2023,R2,d100_b4,100,4,rgb_glcmw3_correlation,
2022_2023,R2,d100_b4,100,4,rgb_glcmw3_homogeneity,
2022_2023,R2,d100_b4,100,4,rgb_glcmw5_asm,
2022_2023,R2,d100_b4,100,4,rgb_glcmw5_contrast,
2022_2023,R2,d100_b4,100,4,rgb_glcmw5_entropy,
2022_2023,R2,d100_b4,100,4,rgb_glcmw5_correlation,
2022_2023,R2,d100_b4,100,4,rgb_glcmw5_homogeneity,
2022_2023,R2,d100_b4,100,4,rgb_glcmw7_asm,
2022_2023,R2,d100_b4,100,4,rgb_glcmw7_contrast,
2022_2023,R2,d100_b4,100,4,rgb_glcmw7_entropy,
2022_2023,R2,d100_b4,100,4,rgb_glcmw7_correlation,
2022_2023,R2,d100_b4,100,4,rgb_glcmw7_homogeneity,
2023_2024,R2,57,200,1,NDVI,0.718116
2023_2024,R2,57,200,1,GNDVI,0.126522
2023_2024,R2,57,200,1,NDRE,0.327249
2023_2024,R2,57,200,1,CIrededge,1.02073
2023_2024,R2,57,200,1,SAVI,0.597735
2023_2024,R2,57,200,1,EVI,1.50313
2023_2024,R2,57,200,1,VARI,1.22491
2023_2024,R2,57,200,1,TGI,0.265449
2023_2024,R2,57,200,1,spec_mean,0.308726
2023_2024,R2,57,200,1,spec_std,0.232338
2023_2024,R2,57,200,1,spec_p10,0.0676646
2023_2024,R2,57,200,1,spec_p50,0.250481
2023_2024,R2,57,200,1,spec_p90,0.680737
2023_2024,R2,57,200,1,glcm_asm,0.0340481
2023_2024,R2,57,200,1,glcm_contrast,1.05313
2023_2024,R2,57,200,1,glcm_correlation,0.977149
2023_2024,R2,57,200,1,glcm_variance,23.0434
2023_2024,R2,57,200,1,glcm_idm,0.717318
2023_2024,R2,57,200,1,glcm_sum_average,12.9949
2023_2024,R2,57,200,1,glcm_sum_variance,185.242
2023_2024,R2,57,200,1,glcm_sum_entropy,3.29321
2023_2024,R2,57,200,1,glcm_entropy,3.94161
2023_2024,R2,57,200,1,glcm_diff_entropy,1.05392
2023_2024,R2,57,200,1,glcm_imc1,-0.528392
2023_2024,R2,57,200,1,glcm_imc2,0.970061
2023_2024,R2,57,200,1,glcm_mcc,0.97799
2023_2024,R2,57,200,1,glcm_dissimilarity,0.644768
2023_2024,R2,57,200,1,glcm_inertia,1.05313
2023_2024,R2,57,200,1,glcm_cluster_shade,56.6762
2023_2024,R2,57,200,1,glcm_cluster_prominence,13295.9
2023_2024,R2,57,200,1,glcm_homogeneity,0.734417
2023_2024,R2,57,200,1,glcmw3_asm,0.547122
2023_2024,R2,57,200,1,glcmw3_contrast,0.320468
2023_2024,R2,57,200,1,glcmw3_entropy,0.840913
2023_2024,R2,57,200,1,glcmw3_correlation,0.404233
2023_2024,R2,57,200,1,glcmw3_homogeneity,0.858185
2023_2024,R2,57,200,1,glcmw5_asm,0.433101
2023_2024,R2,57,200,1,glcmw5_contrast,0.320489
2023_2024,R2,57,200,1,glcmw5_entropy,1.2272
2023_2024,R2,57,200,1,glcmw5_correlation,0.595312
2023_2024,R2,57,200,1,glcmw5_homogeneity,0.858191
2023_2024,R2,57,200,1,glcmw7_asm,0.372963
2023_2024,R2,57,200,1,glcmw7_contrast,0.320351
2023_2024,R2,57,200,1,glcmw7_entropy,1.47504
2023_2024,R2,57,200,1,glcmw7_correlation,0.686849
2023_2024,R2,57,200,1,glcmw7_homogeneity,0.858249
2023_2024,R2,57,200,1,rgb_glcm_asm,0.0273947
2023_2024,R2,57,200,1,rgb_glcm_contrast,1.61939
2023_2024,R2,57,200,1,rgb_glcm_correlation,0.935426
2023_2024,R2,57,200,1,rgb_glcm_variance,12.539
2023_2024,R2,57,200,1,rgb_glcm_idm,0.653956
2023_2024,R2,57,200,1,rgb_glcm_sum_average,10.136
2023_2024,R2,57,200,1,rgb_glcm_sum_variance,96.5943
2023_2024,R2,57,200,1,rgb_glcm_sum_entropy,3.20359
2023_2024,R2,57,200,1,rgb_glcm_entropy,4.04812
2023_2024,R2,57,200,1,rgb_glcm_diff_entropy,1.2028
2023_2024,R2,57,200,1,rgb_glcm_imc1,-0.411331
2023_2024,R2,57,200,1,rgb_glcm_imc2,0.936527
2023_2024,R2,57,200,1,rgb_glcm_mcc,0.936738
2023_2024,R2,57,200,1,rgb_glcm_dissimilarity,0.836326
2023_2024,R2,57,200,1,rgb_glcm_inertia,1.61939
2023_2024,R2,57,200,1,rgb_glcm_cluster_shade,286.886
2023_2024,R2,57,200,1,rgb_glcm_cluster_prominence,7818.86
2023_2024,R2,57,200,1,rgb_glcm_homogeneity,0.678019
2023_2024,R2,57,200,1,rgb_glcmw3_asm,0.447887
2023_2024,R2,57,200,1,rgb_glcmw3_contrast,0.46555
2023_2024,R2,57,200,1,rgb_glcmw3_entropy,1.05393
2023_2024,R2,57,200,1,rgb_glcmw3_correlation,0.433969
2023_2024,R2,57,200,1,rgb_glcmw3_homogeneity,0.818037
2023_2024,R2,57,200,1,rgb_glcmw5_asm,0.327013
2023_2024,R2,57,200,1,rgb_glcmw5_contrast,0.465502
2023_2024,R2,57,200,1,rgb_glcmw5_entropy,1.50816
2023_2024,R2,57,200,1,rgb_glcmw5_correlation,0.626551
2023_2024,R2,57,200,1,rgb_glcmw5_homogeneity,0.818056
2023_2024,R2,57,200,1,rgb_glcmw7_asm,0.269076
2023_2024,R2,57,200,1,rgb_glcmw7_contrast,0.465536
2023_2024,R2,57,200,1,rgb_glcmw7_entropy,1.77682
2023_2024,R2,57,200,1,rgb_glcmw7_correlation,0.717871
2023_2024,R2,57,200,1,rgb_glcmw7_homogeneity,0.818062
2022_2023,R2,d200_b1,200,1,NDVI,0.782176
2022_2023,R2,d200_b1,200,1,GNDVI,0.218242
2022_2023,R2,d200_b1,200,1,NDRE,0.371297
2022_2023,R2,d200_b1,200,1,CIrededge,1.2247
2022_2023,R2,d200_b1,200,1,SAVI,0.64015
2022_2023,R2,d200_b1,200,1,EVI,1.98915
2022_2023,R2,d200_b1,200,1,VARI,1.60012
2022_2023,R2,d200_b1,200,1,TGI,0.215068
2022_2023,R2,d200_b1,200,1,spec_mean,0.302069
2022_2023,R2,d200_b1,200,1,spec_std,0.249946
2022_2023,R2,d200_b1,200,1,spec_p10,0.0515934
2022_2023,R2,d200_b1,200,1,spec_p50,0.219008
2022_2023,R2,d200_b1,200,1,spec_p90,0.724425
2022_2023,R2,d200_b1,200,1,glcm_asm,0.0327254
2022_2023,R2,d200_b1,200,1,glcm_contrast,1.48969
2022_2023,R2,d200_b1,200,1,glcm_correlation,0.968494
2022_2023,R2,d200_b1,200,1,glcm_variance,23.6375
2022_2023,R2,d200_b1,200,1,glcm_idm,0.687537
2022_2023,R2,d200_b1,200,1,glcm_sum_average,14.7661
2022_2023,R2,d200_b1,200,1,glcm_sum_variance,225.117
2022_2023,R2,d200_b1,200,1,glcm_sum_entropy,3.27831
2022_2023,R2,d200_b1,200,1,glcm_entropy,4.03751
2022_2023,R2,d200_b1,200,1,glcm_diff_entropy,1.17223
2022_2023,R2,d200_b1,200,1,glcm_imc1,-0.482112
2022_2023,R2,d200_b1,200,1,glcm_imc2,0.960744
2022_2023,R2,d200_b1,200,1,glcm_mcc,0.970189
2022_2023,R2,d200_b1,200,1,glcm_dissimilarity,0.760858
2022_2023,R2,d200_b1,200,1,glcm_inertia,1.48969
2022_2023,R2,d200_b1,200,1,glcm_cluster_shade,-237.482
2022_2023,R2,d200_b1,200,1,glcm_cluster_prominence,14497.4
2022_2023,R2,d200_b1,200,1,glcm_homogeneity,0.710285
2022_2023,R2,d200_b1,200,1,glcmw3_asm,0.515381
2022_2023,R2,d200_b1,200,1,glcmw3_contrast,0.415296
2022_2023,R2,d200_b1,200,1,glcmw3_entropy,0.921204
2022_2023,R2,d200_b1,200,1,glcmw3_correlation,0.418649
2022_2023,R2,d200_b1,200,1,glcmw3_homogeneity,0.838373
2022_2023,R2,d200_b1,200,1,glcmw5_asm,0.400802
2022_2023,R2,d200_b1,200,1,glcmw5_contrast,0.415212
2022_2023,R2,d200_b1,200,1,glcmw5_entropy,1.33568
2022_2023,R2,d200_b1,200,1,glcmw5_correlation,0.609459
2022_2023,R2,d200_b1,200,1,glcmw5_homogeneity,0.83839
2022_2023,R2,d200_b1,200,1,glcmw7_asm,0.341551
2022_2023,R2,d200_b1,200,1,glcmw7_contrast,0.415097
2022_2023,R2,d200_b1,200,1,glcmw7_entropy,1.59731
2022_2023,R2,d200_b1,200,1,glcmw7_correlation,0.699501
2022_2023,R2,d200_b1,200,1,glcmw7_homogeneity,0.838422
2022_2023,R2,d200_b1,200,1,rgb_glcm_asm,
2022_2023,R2,d200_b1,200,1,rgb_glcm_contrast,
2022_2023,R2,d200_b1,200,1,rgb_glcm_correlation,
2022_2023,R2,d200_b1,200,1,rgb_glcm_variance,
2022_2023,R2,d200_b1,200,1,rgb_glcm_idm,
2022_2023,R2,d200_b1,200,1,rgb_glcm_sum_average,
2022_2023,R2,d200_b1,200,1,rgb_glcm_sum_variance,
2022_2023,R2,d200_b1,200,1,rgb_glcm_sum_entropy,
2022_2023,R2,d200_b1,200,1,rgb_glcm_entropy,
2022_2023,R2,d200_b1,200,1,rgb_glcm_diff_entropy,
2022_2023,R2,d200_b1,200,1,rgb_glcm_imc1,
2022_2023,R2,d200_b1,200,1,rgb_glcm_imc2,
2022_2023,R2,d200_b1,200,1,rgb_glcm_mcc,
2022_2023,R2,d200_b1,200,1,rgb_glcm_dissimilarity,
2022_2023,R2,d200_b1,200,1,rgb_glcm_inertia,
2022_2023,R2,d200_b1,200,1,rgb_glcm_cluster_shade,
2022_2023,R2,d200_b1,200,1,rgb_glcm_cluster_prominence,
2022_2023,R2,d200_b1,200,1,rgb_glcm_homogeneity,
2022_2023,R2,d200_b1,200,1,rgb_glcmw3_asm,
2022_2023,R2,d200_b1,200,1,rgb_glcmw3_contrast,
2022_2023,R2,d200_b1,200,1,rgb_glcmw3_entropy,
2022_2023,R2,d200_b1,200,1,rgb_glcmw3_correlation,
2022_2023,R2,d200_b1,200,1,rgb_glcmw3_homogeneity,
2022_2023,R2,d200_b1,200,1,rgb_glcmw5_asm,
2022_2023,R2,d200_b1,200,1,rgb_glcmw5_contrast,
2022_2023,R2,d200_b1,200,1,rgb_glcmw5_entropy,
2022_2023,R2,d200_b1,200,1,rgb_glcmw5_correlation,
2022_2023,R2,d200_b1,200,1,rgb_glcmw5_homogeneity,
2022_2023,R2,d200_b1,200,1,rgb_glcmw7_asm,
2022_2023,R2,d200_b1,200,1,rgb_glcmw7_contrast,
2022_2023,R2,d200_b1,200,1,rgb_glcmw7_entropy,
2022_2023,R2,d200_b1,200,1,rgb_glcmw7_correlation,
2022_2023,R2,d200_b1,200,1,rgb_glcmw7_homogeneity,
2023_2024,R2,116,200,2,NDVI,0.735405
2023_2024,R2,116,200,2,GNDVI,0.147575
2023_2024,R2,116,200,2,NDRE,0.340304
2023_2024,R2,116,200,2,CIrededge,1.09649
2023_2024,R2,116,200,2,SAVI,0.62143
2023_2024,R2,116,200,2,EVI,2.77399
2023_2024,R2,116,200,2,VARI,1.24027
2023_2024,R2,116,200,2,TGI,0.266588
2023_2024,R2,116,200,2,spec_mean,0.31422
2023_2024,R2,116,200,2,spec_std,0.236404
2023_2024,R2,116,200,2,spec_p10,0.065185
2023_2024,R2,116,200,2,spec_p50,0.25521
2023_2024,R2,116,200,2,spec_p90,0.705905
2023_2024,R2,116,200,2,glcm_asm,0.0316733
2023_2024,R2,116,200,2,glcm_contrast,1.09165
2023_2024,R2,116,200,2,glcm_correlation,0.976065
2023_2024,R2,116,200,2,glcm_variance,22.8049
2023_2024,R2,116,200,2,glcm_idm,0.713604
2023_2024,R2,116,200,2,glcm_sum_average,13.7108
2023_2024,R2,116,200,2,glcm_sum_variance,198.507
2023_2024,R2,116,200,2,glcm_sum_entropy,3.30026
2023_2024,R2,116,200,2,glcm_entropy,3.95943
2023_2024,R2,116,200,2,glcm_diff_entropy,1.06754
2023_2024,R2,116,200,2,glcm_imc1,-0.524837
2023_2024,R2,116,200,2,glcm_imc2,0.969659
2023_2024,R2,116,200,2,glcm_mcc,0.977557
2023_2024,R2,116,200,2,glcm_dissimilarity,0.657453
2023_2024,R2,116,200,2,glcm_inertia,1.09165
2023_2024,R2,116,200,2,glcm_cluster_shade,-61.2924
2023_2024,R2,116,200,2,glcm_cluster_prominence,13022.2
2023_2024,R2,116,200,2,glcm_homogeneity,0.731499
2023_2024,R2,116,200,2,glcmw3_asm,0.538031
2023_2024,R2,116,200,2,glcmw3_contrast,0.330814
2023_2024,R2,116,200,2,glcmw3_entropy,0.860271
2023_2024,R2,116,200,2,glcmw3_correlation,0.410947
2023_2024,R2,116,200,2,glcmw3_homogeneity,0.854526
2023_2024,R2,116,200,2,glcmw5_asm,0.423151
2023_2024,R2,116,200,2,glcmw5_contrast,0.330884
2023_2024,R2,116,200,2,glcmw5_entropy,1.25462
2023_2024,R2,116,200,2,glcmw5_correlation,0.602368
2023_2024,R2,116,200,2,glcmw5_homogeneity,0.854507
2023_2024,R2,116,200,2,glcmw7_asm,0.362996
2023_2024,R2,116,200,2,glcmw7_contrast,0.331017
2023_2024,R2,116,200,2,glcmw7_entropy,1.50651
2023_2024,R2,116,200,2,glcmw7_correlation,0.693446
2023_2024,R2,116,200,2,glcmw7_homogeneity,0.854485
2023_2024,R2,116,200,2,rgb_glcm_asm,0.02628
2023_2024,R2,116,200,2,rgb_glcm_contrast,1.73398
2023_2024,R2,116,200,2,rgb_glcm_correlation,0.933926
2023_2024,R2,116,200,2,rgb_glcm_variance,13.1215
2023_2024,R2,116,200,2,rgb_glcm_idm,0.645963
2023_2024,R2,116,200,2,rgb_glcm_sum_average,10.0224
2023_2024,R2,116,200,2,rgb_glcm_sum_variance,97.0422
2023_2024,R2,116,200,2,rgb_glcm_sum_entropy,3.21866
2023_2024,R2,116,200,2,rgb_glcm_entropy,4.09377
2023_2024,R2,116,200,2,rgb_glcm_diff_entropy,1.23297
2023_2024,R2,116,200,2,rgb_glcm_imc1,-0.40486
2023_2024,R2,116,200,2,rgb_glcm_imc2,0.935322
2023_2024,R2,116,200,2,rgb_glcm_mcc,0.935659
2023_2024,R2,116,200,2,rgb_glcm_dissimilarity,0.867922
2023_2024,R2,116,200,2,rgb_glcm_inertia,1.73398
2023_2024,R2,116,200,2,rgb_glcm_cluster_shade,288.856
2023_2024,R2,116,200,2,rgb_glcm_cluster_prominence,8030.24
2023_2024,R2,116,200,2,rgb_glcm_homogeneity,0.672114
2023_2024,R2,116,200,2,rgb_glcmw3_asm,0.442792
2023_2024,R2,116,200,2,rgb_glcmw3_contrast,0.487956
2023_2024,R2,116,200,2,rgb_glcmw3_entropy,1.07154
2023_2024,R2,116,200,2,rgb_glcmw3_correlation,0.435968
2023_2024,R2,116,200,2,rgb_glcmw3_homogeneity,0.812587
2023_2024,R2,116,200,2,rgb_glcmw5_asm,0.322859
2023_2024,R2,116,200,2,rgb_glcmw5_contrast,0.487905
2023_2024,R2,116,200,2,rgb_glcmw5_entropy,1.5319
2023_2024,R2,116,200,2,rgb_glcmw5_correlation,0.626556
2023_2024,R2,116,200,2,rgb_glcmw5_homogeneity,0.812592
2023_2024,R2,116,200,2,rgb_glcmw7_asm,0.265751
2023_2024,R2,116,200,2,rgb_glcmw7_contrast,0.48781
2023_2024,R2,116,200,2,rgb_glcmw7_entropy,1.80219
2023_2024,R2,116,200,2,rgb_glcmw7_correlation,0.715761
2023_2024,R2,116,200,2,rgb_glcmw7_homogeneity,0.812609
2022_2023,R2,d200_b2,200,2,NDVI,0.750334
2022_2023,R2,d200_b2,200,2,GNDVI,0.171276
2022_2023,R2,d200_b2,200,2,NDRE,0.352655
2022_2023,R2,d200_b2,200,2,CIrededge,1.13111
2022_2023,R2,d200_b2,200,2,SAVI,0.609778
2022_2023,R2,d200_b2,200,2,EVI,1.48577
2022_2023,R2,d200_b2,200,2,VARI,2.29951
2022_2023,R2,d200_b2,200,2,TGI,0.206356
2022_2023,R2,d200_b2,200,2,spec_mean,0.301223
2022_2023,R2,d200_b2,200,2,spec_std,0.240727
2022_2023,R2,d200_b2,200,2,spec_p10,0.0579763
2022_2023,R2,d200_b2,200,2,spec_p50,0.232738
2022_2023,R2,d200_b2,200,2,spec_p90,0.703507
2022_2023,R2,d200_b2,200,2,glcm_asm,0.0418892
2022_2023,R2,d200_b2,200,2,glcm_contrast,1.34255
2022_2023,R2,d200_b2,200,2,glcm_correlation,0.973344
2022_2023,R2,d200_b2,200,2,glcm_variance,25.1705
2022_2023,R2,d200_b2,200,2,glcm_idm,0.711561
2022_2023,R2,d200_b2,200,2,glcm_sum_average,13.7607
2022_2023,R2,d200_b2,200,2,glcm_sum_variance,210.328
2022_2023,R2,d200_b2,200,2,glcm_sum_entropy,3.22872
2022_2023,R2,d200_b2,200,2,glcm_entropy,3.92944
2022_2023,R2,d200_b2,200,2,glcm_diff_entropy,1.12521
2022_2023,R2,d200_b2,200,2,glcm_imc1,-0.507177
2022_2023,R2,d200_b2,200,2,glcm_imc2,0.964706
2022_2023,R2,d200_b2,200,2,glcm_mcc,0.974937
2022_2023,R2,d200_b2,200,2,glcm_dissimilarity,0.696949
2022_2023,R2,d200_b2,200,2,glcm_inertia,1.34255
2022_2023,R2,d200_b2,200,2,glcm_cluster_shade,-104.049
2022_2023,R2,d200_b2,200,2,glcm_cluster_prominence,15202.1
2022_2023,R2,d200_b2,200,2,glcm_homogeneity,0.731687
2022_2023,R2,d200_b2,200,2,glcmw3_asm,0.54825
2022_2023,R2,d200_b2,200,2,glcmw3_contrast,0.378778
2022_2023,R2,d200_b2,200,2,glcmw3_entropy,0.855234
2022_2023,R2,d200_b2,200,2,glcmw3_correlation,0.384802
2022_2023,R2,d200_b2,200,2,glcmw3_homogeneity,0.851976
2022_2023,R2,d200_b2,200,2,glcmw5_asm,0.439574
2022_2023,R2,d200_b2,200,2,glcmw5_contrast,0.378664
2022_2023,R2,d200_b2,200,2,glcmw5_entropy,1.24282
2022_2023,R2,d200_b2,200,2,glcmw5_correlation,0.56844
2022_2023,R2,d200_b2,200,2,glcmw5_homogeneity,0.852003
2022_2023,R2,d200_b2,200,2,glcmw7_asm,0.382967
2022_2023,R2,d200_b2,200,2,glcmw7_contrast,0.378597
2022_2023,R2,d200_b2,200,2,glcmw7_entropy,1.48677
2022_2023,R2,d200_b2,200,2,glcmw7_correlation,0.658803
2022_2023,R2,d200_b2,200,2,glcmw7_homogeneity,0.852024
2022_2023,R2,d200_b2,200,2,rgb_glcm_asm,
2022_2023,R2,d200_b2,200,2,rgb_glcm_contrast,
2022_2023,R2,d200_b2,200,2,rgb_glcm_correlation,
2022_2023,R2,d200_b2,200,2,rgb_glcm_variance,
2022_2023,R2,d200_b2,200,2,rgb_glcm_idm,
2022_2023,R2,d200_b2,200,2,rgb_glcm_sum_average,
2022_2023,R2,d200_b2,200,2,rgb_glcm_sum_variance,
2022_2023,R2,d200_b2,200,2,rgb_glcm_sum_entropy,
2022_2023,R2,d200_b2,200,2,rgb_glcm_entropy,
2022_2023,R2,d200_b2,200,2,rgb_glcm_diff_entropy,
2022_2023,R2,d200_b2,200,2,rgb_glcm_imc1,
2022_2023,R2,d200_b2,200,2,rgb_glcm_imc2,
2022_2023,R2,d200_b2,200,2,rgb_glcm_mcc,
2022_2023,R2,d200_b2,200,2,rgb_glcm_dissimilarity,
2022_2023,R2,d200_b2,200,2,rgb_glcm_inertia,
2022_2023,R2,d200_b2,200,2,rgb_glcm_cluster_shade,
2022_2023,R2,d200_b2,200,2,rgb_glcm_cluster_prominence,
2022_2023,R2,d200_b2,200,2,rgb_glcm_homogeneity,
2022_2023,R2,d200_b2,200,2,rgb_glcmw3_asm,
2022_2023,R2,d200_b2,200,2,rgb_glcmw3_contrast,
2022_2023,R2,d200_b2,200,2,rgb_glcmw3_entropy,
2022_2023,R2,d200_b2,200,2,rgb_glcmw3_correlation,
2022_2023,R2,d200_b2,200,2,rgb_glcmw3_homogeneity,
2022_2023,R2,d200_b2,200,2,rgb_glcmw5_asm,
2022_2023,R2,d200_b2,200,2,rgb_glcmw5_contrast,
2022_2023,R2,d200_b2,200,2,rgb_glcmw5_entropy,
2022_2023,R2,d200_b2,200,2,rgb_glcmw5_correlation,
2022_2023,R2,d200_b2,200,2,rgb_glcmw5_homogeneity,
2022_2023,R2,d200_b2,200,2,rgb_glcmw7_asm,
2022_2023,R2,d200_b2,200,2,rgb_glcmw7_contrast,
2022_2023,R2,d200_b2,200,2,rgb_glcmw7_entropy,
2022_2023,R2,d200_b2,200,2,rgb_glcmw7_correlation,
2022_2023,R2,d200_b2,200,2,rgb_glcmw7_homogeneity,
2023_2024,R2,121,200,3,NDVI,0.739468
2023_2024,R2,121,200,3,GNDVI,0.157969
2023_2024,R2,121,200,3,NDRE,0.346832
2023_2024,R2,121,200,3,CIrededge,1.12818
2023_2024,R2,121,200,3,SAVI,0.624217
2023_2024,R2,121,200,3,EVI,2.15289
2023_2024,R2,121,200,3,VARI,1.24292
2023_2024,R2,121,200,3,TGI,0.262675
2023_2024,R2,121,200,3,spec_mean,0.309588
2023_2024,R2,121,200,3,spec_std,0.237454
2023_2024,R2,121,200,3,spec_p10,0.0649263
2023_2024,R2,121,200,3,spec_p50,0.250844
2023_2024,R2,121,200,3,spec_p90,0.704568
2023_2024,R2,121,200,3,glcm_asm,0.0383791
2023_2024,R2,121,200,3,glcm_contrast,1.06062
2023_2024,R2,121,200,3,glcm_correlation,0.978119
2023_2024,R2,121,200,3,glcm_variance,24.2362
2023_2024,R2,121,200,3,glcm_idm,0.719522
2023_2024,R2,121,200,3,glcm_sum_average,13.5058
2023_2024,R2,121,200,3,glcm_sum_variance,200.967
2023_2024,R2,121,200,3,glcm_sum_entropy,3.25488
2023_2024,R2,121,200,3,glcm_entropy,3.90022
2023_2024,R2,121,200,3,glcm_diff_entropy,1.05599
2023_2024,R2,121,200,3,glcm_imc1,-0.528689
2023_2024,R2,121,200,3,glcm_imc2,0.969211
2023_2024,R2,121,200,3,glcm_mcc,0.980003
2023_2024,R2,121,200,3,glcm_dissimilarity,0.642456
2023_2024,R2,121,200,3,glcm_inertia,1.06062
2023_2024,R2,121,200,3,glcm_cluster_shade,-60.1594
2023_2024,R2,121,200,3,glcm_cluster_prominence,14426.9
2023_2024,R2,121,200,3,glcm_homogeneity,0.73676
2023_2024,R2,121,200,3,glcmw3_asm,0.55857
2023_2024,R2,121,200,3,glcmw3_contrast,0.315644
2023_2024,R2,121,200,3,glcmw3_entropy,0.8205
2023_2024,R2,121,200,3,glcmw3_correlation,0.39819
2023_2024,R2,121,200,3,glcmw3_homogeneity,0.8613
2023_2024,R2,121,200,3,glcmw5_asm,0.448223
2023_2024,R2,121,200,3,glcmw5_contrast,0.315698
2023_2024,R2,121,200,3,glcmw5_entropy,1.19823
2023_2024,R2,121,200,3,glcmw5_correlation,0.580742
2023_2024,R2,121,200,3,glcmw5_homogeneity,0.861292
2023_2024,R2,121,200,3,glcmw7_asm,0.390462
2023_2024,R2,121,200,3,glcmw7_contrast,0.315751
2023_2024,R2,121,200,3,glcmw7_entropy,1.4397
2023_2024,R2,121,200,3,glcmw7_correlation,0.667561
2023_2024,R2,121,200,3,glcmw7_homogeneity,0.861262
2023_2024,R2,121,200,3,rgb_glcm_asm,0.027517
2023_2024,R2,121,200,3,rgb_glcm_contrast,1.7725
2023_2024,R2,121,200,3,rgb_glcm_correlation,0.929142
2023_2024,R2,121,200,3,rgb_glcm_variance,12.5074
2023_2024,R2,121,200,3,rgb_glcm_idm,0.64724
2023_2024,R2,121,200,3,rgb_glcm_sum_average,10.0352
2023_2024,R2,121,200,3,rgb_glcm_sum_variance,95.0923
2023_2024,R2,121,200,3,rgb_glcm_sum_entropy,3.19157
2023_2024,R2,121,200,3,rgb_glcm_entropy,4.06397
2023_2024,R2,121,200,3,rgb_glcm_diff_entropy,1.23689
2023_2024,R2,121,200,3,rgb_glcm_imc1,-0.399479
2023_2024,R2,121,200,3,rgb_glcm_imc2,0.931928
2023_2024,R2,121,200,3,rgb_glcm_mcc,0.931615
2023_2024,R2,121,200,3,rgb_glcm_dissimilarity,0.870213
2023_2024,R2,121,200,3,rgb_glcm_inertia,1.7725
2023_2024,R2,121,200,3,rgb_glcm_cluster_shade,291.611
2023_2024,R2,121,200,3,rgb_glcm_cluster_prominence,7917.62
2023_2024,R2,121,200,3,rgb_glcm_homogeneity,0.673068
2023_2024,R2,121,200,3,rgb_glcmw3_asm,0.444833
2023_2024,R2,121,200,3,rgb_glcmw3_contrast,0.495795
2023_2024,R2,121,200,3,rgb_glcmw3_entropy,1.06639
2023_2024,R2,121,200,3,rgb_glcmw3_correlation,0.439347
2023_2024,R2,121,200,3,rgb_glcmw3_homogeneity,0.813238
2023_2024,R2,121,200,3,rgb_glcmw5_asm,0.324068
2023_2024,R2,121,200,3,rgb_glcmw5_contrast,0.495665
2023_2024,R2,121,200,3,rgb_glcmw5_entropy,1.52562
2023_2024,R2,121,200,3,rgb_glcmw5_correlation,0.630254
2023_2024,R2,121,200,3,rgb_glcmw5_homogeneity,0.813253
2023_2024,R2,121,200,3,rgb_glcmw7_asm,0.266198
2023_2024,R2,121,200,3,rgb_glcmw7_contrast,0.495722
2023_2024,R2,121,200,3,rgb_glcmw7_entropy,1.79601
2023_2024,R2,121,200,3,rgb_glcmw7_correlation,0.719563
2023_2024,R2,121,200,3,rgb_glcmw7_homogeneity,0.813218
2022_2023,R2,d200_b3,200,3,NDVI,0.795057
2022_2023,R2,d200_b3,200,3,GNDVI,0.201122
2022_2023,R2,d200_b3,200,3,NDRE,0.374309
2022_2023,R2,d200_b3,200,3,CIrededge,1.23358
2022_2023,R2,d200_b3,200,3,SAVI,0.655601
2022_2023,R2,d200_b3,200,3,EVI,-0.354755
2022_2023,R2,d200_b3,200,3,VARI,2.05375
2022_2023,R2,d200_b3,200,3,TGI,0.229663
2022_2023,R2,d200_b3,200,3,spec_mean,0.310772
2022_2023,R2,d200_b3,200,3,spec_std,0.250054
2022_2023,R2,d200_b3,200,3,spec_p10,0.0499748
2022_2023,R2,d200_b3,200,3,spec_p50,0.23359
2022_2023,R2,d200_b3,200,3,spec_p90,0.729972
2022_2023,R2,d200_b3,200,3,glcm_asm,0.0310746
2022_2023,R2,d200_b3,200,3,glcm_contrast,1.57819
2022_2023,R2,d200_b3,200,3,glcm_correlation,0.965129
2022_2023,R2,d200_b3,200,3,glcm_variance,22.6335
2022_2023,R2,d200_b3,200,3,glcm_idm,0.678214
2022_2023,R2,d200_b3,200,3,glcm_sum_average,15.1043
2022_2023,R2,d200_b3,200,3,glcm_sum_variance,228.779
2022_2023,R2,d200_b3,200,3,glcm_sum_entropy,3.2902
2022_2023,R2,d200_b3,200,3,glcm_entropy,4.07801
2022_2023,R2,d200_b3,200,3,glcm_diff_entropy,1.19549
2022_2023,R2,d200_b3,200,3,glcm_imc1,-0.471488
2022_2023,R2,d200_b3,200,3,glcm_imc2,0.958744
2022_2023,R2,d200_b3,200,3,glcm_mcc,0.966881
2022_2023,R2,d200_b3,200,3,glcm_dissimilarity,0.789976
2022_2023,R2,d200_b3,200,3,glcm_inertia,1.57819
2022_2023,R2,d200_b3,200,3,glcm_cluster_shade,-266.158
2022_2023,R2,d200_b3,200,3,glcm_cluster_prominence,14065.5
2022_2023,R2,d200_b3,200,3,glcm_homogeneity,0.702248
2022_2023,R2,d200_b3,200,3,glcmw3_asm,0.49777
2022_2023,R2,d200_b3,200,3,glcmw3_contrast,0.437712
2022_2023,R2,d200_b3,200,3,glcmw3_entropy,0.957609
2022_2023,R2,d200_b3,200,3,glcmw3_correlation,0.433301
2022_2023,R2,d200_b3,200,3,glcmw3_homogeneity,0.83174
2022_2023,R2,d200_b3,200,3,glcmw5_asm,0.3793
2022_2023,R2,d200_b3,200,3,glcmw5_contrast,0.437696
2022_2023,R2,d200_b3,200,3,glcmw5_entropy,1.3898
2022_2023,R2,d200_b3,200,3,glcmw5_correlation,0.629545
2022_2023,R2,d200_b3,200,3,glcmw5_homogeneity,0.831741
2022_2023,R2,d200_b3,200,3,glcmw7_asm,0.318206
2022_2023,R2,d200_b3,200,3,glcmw7_contrast,0.437775
2022_2023,R2,d200_b3,200,3,glcmw7_entropy,1.66208
2022_2023,R2,d200_b3,200,3,glcmw7_correlation,0.72072
2022_2023,R2,d200_b3,200,3,glcmw7_homogeneity,0.831715
2022_2023,R2,d200_b3,200,3,rgb_glcm_asm,
2022_2023,R2,d200_b3,200,3,rgb_glcm_contrast,
2022_2023,R2,d200_b3,200,3,rgb_glcm_correlation,
2022_2023,R2,d200_b3,200,3,rgb_glcm_variance,
2022_2023,R2,d200_b3,200,3,rgb_glcm_idm,
2022_2023,R2,d200_b3,200,3,rgb_glcm_sum_average,
2022_2023,R2,d200_b3,200,3,rgb_glcm_sum_variance,
2022_2023,R2,d200_b3,200,3,rgb_glcm_sum_entropy,
2022_2023,R2,d200_b3,200,3,rgb_glcm_entropy,
2022_2023,R2,d200_b3,200,3,rgb_glcm_diff_entropy,
2022_2023,R2,d200_b3,200,3,rgb_glcm_imc1,
2022_2023,R2,d200_b3,200,3,rgb_glcm_imc2,
2022_2023,R2,d200_b3,200,3,rgb_glcm_mcc,
2022_2023,R2,d200_b3,200,3,rgb_glcm_dissimilarity,
2022_2023,R2,d200_b3,200,3,rgb_glcm_inertia,
2022_2023,R2,d200_b3,200,3,rgb_glcm_cluster_shade,
2022_2023,R2,d200_b3,200,3,rgb_glcm_cluster_prominence,
2022_2023,R2,d200_b3,200,3,rgb_glcm_homogeneity,
2022_2023,R2,d200_b3,200,3,rgb_glcmw3_asm,
2022_2023,R2,d200_b3,200,3,rgb_glcmw3_contrast,
2022_2023,R2,d200_b3,200,3,rgb_glcmw3_entropy,
2022_2023,R2,d200_b3,200,3,rgb_glcmw3_correlation,
2022_2023,R2,d200_b3,200,3,rgb_glcmw3_homogeneity,
2022_2023,R2,d200_b3,200,3,rgb_glcmw5_asm,
2022_2023,R2,d200_b3,200,3,rgb_glcmw5_contrast,
2022_2023,R2,d200_b3,200,3,rgb_glcmw5_entropy,
2022_2023,R2,d200_b3,200,3,rgb_glcmw5_correlation,
2022_2023,R2,d200_b3,200,3,rgb_glcmw5_homogeneity,
2022_2023,R2,d200_b3,200,3,rgb_glcmw7_asm,
2022_2023,R2,d200_b3,200,3,rgb_glcmw7_contrast,
2022_2023,R2,d200_b3,200,3,rgb_glcmw7_entropy,
2022_2023,R2,d200_b3,200,3,rgb_glcmw7_correlation,
2022_2023,R2,d200_b3,200,3,rgb_glcmw7_homogeneity,
2023_2024,R2,133,200,4,NDVI,0.750817
2023_2024,R2,133,200,4,GNDVI,0.175177
2023_2024,R2,133,200,4,NDRE,0.347673
2023_2024,R2,133,200,4,CIrededge,1.12722
2023_2024,R2,133,200,4,SAVI,0.623383
2023_2024,R2,133,200,4,EVI,4.93908
2023_2024,R2,133,200,4,VARI,1.20001
2023_2024,R2,133,200,4,TGI,0.260364
2023_2024,R2,133,200,4,spec_mean,0.300163
2023_2024,R2,133,200,4,spec_std,0.239514
2023_2024,R2,133,200,4,spec_p10,0.0599533
2023_2024,R2,133,200,4,spec_p50,0.231323
2023_2024,R2,133,200,4,spec_p90,0.693342
2023_2024,R2,133,200,4,glcm_asm,0.0345907
2023_2024,R2,133,200,4,glcm_contrast,1.15417
2023_2024,R2,133,200,4,glcm_correlation,0.974874
2023_2024,R2,133,200,4,glcm_variance,22.9681
2023_2024,R2,133,200,4,glcm_idm,0.710115
2023_2024,R2,133,200,4,glcm_sum_average,13.5808
2023_2024,R2,133,200,4,glcm_sum_variance,196.92
2023_2024,R2,133,200,4,glcm_sum_entropy,3.27534
2023_2024,R2,133,200,4,glcm_entropy,3.9505
2023_2024,R2,133,200,4,glcm_diff_entropy,1.08651
2023_2024,R2,133,200,4,glcm_imc1,-0.518323
2023_2024,R2,133,200,4,glcm_imc2,0.967965
2023_2024,R2,133,200,4,glcm_mcc,0.976803
2023_2024,R2,133,200,4,glcm_dissimilarity,0.673022
2023_2024,R2,133,200,4,glcm_inertia,1.15417
2023_2024,R2,133,200,4,glcm_cluster_shade,-57.6915
2023_2024,R2,133,200,4,glcm_cluster_prominence,13249.2
2023_2024,R2,133,200,4,glcm_homogeneity,0.728975
2023_2024,R2,133,200,4,glcmw3_asm,0.539151
2023_2024,R2,133,200,4,glcmw3_contrast,0.342051
2023_2024,R2,133,200,4,glcmw3_entropy,0.861344
2023_2024,R2,133,200,4,glcmw3_correlation,0.417129
2023_2024,R2,133,200,4,glcmw3_homogeneity,0.85274
2023_2024,R2,133,200,4,glcmw5_asm,0.427793
2023_2024,R2,133,200,4,glcmw5_contrast,0.34217
2023_2024,R2,133,200,4,glcmw5_entropy,1.2538
2023_2024,R2,133,200,4,glcmw5_correlation,0.597966
2023_2024,R2,133,200,4,glcmw5_homogeneity,0.852722
2023_2024,R2,133,200,4,glcmw7_asm,0.370429
2023_2024,R2,133,200,4,glcmw7_contrast,0.342131
2023_2024,R2,133,200,4,glcmw7_entropy,1.50479
2023_2024,R2,133,200,4,glcmw7_correlation,0.682888
2023_2024,R2,133,200,4,glcmw7_homogeneity,0.852742
2023_2024,R2,133,200,4,rgb_glcm_asm,0.0262275
2023_2024,R2,133,200,4,rgb_glcm_contrast,1.7949
2023_2024,R2,133,200,4,rgb_glcm_correlation,0.938361
2023_2024,R2,133,200,4,rgb_glcm_variance,14.5597
2023_2024,R2,133,200,4,rgb_glcm_idm,0.64069
2023_2024,R2,133,200,4,rgb_glcm_sum_average,9.9852
2023_2024,R2,133,200,4,rgb_glcm_sum_variance,101.877
2023_2024,R2,133,200,4,rgb_glcm_sum_entropy,3.24476
2023_2024,R2,133,200,4,rgb_glcm_entropy,4.12716
2023_2024,R2,133,200,4,rgb_glcm_diff_entropy,1.24925
2023_2024,R2,133,200,4,rgb_glcm_imc1,-0.411363
2023_2024,R2,133,200,4,rgb_glcm_imc2,0.939168
2023_2024,R2,133,200,4,rgb_glcm_mcc,0.943021
2023_2024,R2,133,200,4,rgb_glcm_dissimilarity,0.88599
2023_2024,R2,133,200,4,rgb_glcm_inertia,1.7949
2023_2024,R2,133,200,4,rgb_glcm_cluster_shade,279.009
2023_2024,R2,133,200,4,rgb_glcm_cluster_prominence,8540.99
2023_2024,R2,133,200,4,rgb_glcm_homogeneity,0.668287
2023_2024,R2,133,200,4,rgb_glcmw3_asm,0.43977
2023_2024,R2,133,200,4,rgb_glcmw3_contrast,0.499571
2023_2024,R2,133,200,4,rgb_glcmw3_entropy,1.08479
2023_2024,R2,133,200,4,rgb_glcmw3_correlation,0.446819
2023_2024,R2,133,200,4,rgb_glcmw3_homogeneity,0.809769
2023_2024,R2,133,200,4,rgb_glcmw5_asm,0.321999
2023_2024,R2,133,200,4,rgb_glcmw5_contrast,0.499522
2023_2024,R2,133,200,4,rgb_glcmw5_entropy,1.55238
2023_2024,R2,133,200,4,rgb_glcmw5_correlation,0.631699
2023_2024,R2,133,200,4,rgb_glcmw5_homogeneity,0.809781
2023_2024,R2,133,200,4,rgb_glcmw7_asm,0.265949
2023_2024,R2,133,200,4,rgb_glcmw7_contrast,0.499507
2023_2024,R2,133,200,4,rgb_glcmw7_entropy,1.82789
2023_2024,R2,133,200,4,rgb_glcmw7_correlation,0.721664
2023_2024,R2,133,200,4,rgb_glcmw7_homogeneity,0.809776
2022_2023,R2,d200_b4,200,4,NDVI,0.824237
2022_2023,R2,d200_b4,200,4,GNDVI,0.25948
2022_2023,R2,d200_b4,200,4,NDRE,0.422477
2022_2023,R2,d200_b4,200,4,CIrededge,1.5221
2022_2023,R2,d200_b4,200,4,SAVI,0.683382
2022_2023,R2,d200_b4,200,4,EVI,-0.0636561
2022_2023,R2,d200_b4,200,4,VARI,2.16331
2022_2023,R2,d200_b4,200,4,TGI,0.217692
2022_2023,R2,d200_b4,200,4,spec_mean,0.304024
2022_2023,R2,d200_b4,200,4,spec_std,0.257523
2022_2023,R2,d200_b4,200,4,spec_p10,0.0436654
2022_2023,R2,d200_b4,200,4,spec_p50,0.220399
2022_2023,R2,d200_b4,200,4,spec_p90,0.741585
2022_2023,R2,d200_b4,200,4,glcm_asm,0.0300876
2022_2023,R2,d200_b4,200,4,glcm_contrast,1.32159
2022_2023,R2,d200_b4,200,4,glcm_correlation,0.969333
2022_2023,R2,d200_b4,200,4,glcm_variance,21.4973
2022_2023,R2,d200_b4,200,4,glcm_idm,0.696
2022_2023,R2,d200_b4,200,4,glcm_sum_average,15.8808
2022_2023,R2,d200_b4,200,4,glcm_sum_variance,243.067
2022_2023,R2,d200_b4,200,4,glcm_sum_entropy,3.2952
2022_2023,R2,d200_b4,200,4,glcm_entropy,4.02633
2022_2023,R2,d200_b4,200,4,glcm_diff_entropy,1.12922
2022_2023,R2,d200_b4,200,4,glcm_imc1,-0.491951
2022_2023,R2,d200_b4,200,4,glcm_imc2,0.963002
2022_2023,R2,d200_b4,200,4,glcm_mcc,0.970913
2022_2023,R2,d200_b4,200,4,glcm_dissimilarity,0.721409
2022_2023,R2,d200_b4,200,4,glcm_inertia,1.32159
2022_2023,R2,d200_b4,200,4,glcm_cluster_shade,-331.178
2022_2023,R2,d200_b4,200,4,glcm_cluster_prominence,13805.1
2022_2023,R2,d200_b4,200,4,glcm_homogeneity,0.716406
2022_2023,R2,d200_b4,200,4,glcmw3_asm,0.514236
2022_2023,R2,d200_b4,200,4,glcmw3_contrast,0.382212
2022_2023,R2,d200_b4,200,4,glcmw3_entropy,0.910401
2022_2023,R2,d200_b4,200,4,glcmw3_correlation,0.42495
2022_2023,R2,d200_b4,200,4,glcmw3_homogeneity,0.843638
2022_2023,R2,d200_b4,200,4,glcmw5_asm,0.392349
2022_2023,R2,d200_b4,200,4,glcmw5_contrast,0.382222
2022_2023,R2,d200_b4,200,4,glcmw5_entropy,1.32856
2022_2023,R2,d200_b4,200,4,glcmw5_correlation,0.633299
2022_2023,R2,d200_b4,200,4,glcmw5_homogeneity,0.843639
2022_2023,R2,d200_b4,200,4,glcmw7_asm,0.327435
2022_2023,R2,d200_b4,200,4,glcmw7_contrast,0.382142
2022_2023,R2,d200_b4,200,4,glcmw7_entropy,1.59702
2022_2023,R2,d200_b4,200,4,glcmw7_correlation,0.73016
2022_2023,R2,d200_b4,200,4,glcmw7_homogeneity,0.843667
2022_2023,R2,d200_b4,200,4,rgb_glcm_asm,
2022_2023,R2,d200_b4,200,4,rgb_glcm_contrast,
2022_2023,R2,d200_b4,200,4,rgb_glcm_correlation,
2022_2023,R2,d200_b4,200,4,rgb_glcm_variance,
2022_2023,R2,d200_b4,200,4,rgb_glcm_idm,
2022_2023,R2,d200_b4,200,4,rgb_glcm_sum_average,
2022_2023,R2,d200_b4,200,4,rgb_glcm_sum_variance,
2022_2023,R2,d200_b4,200,4,rgb_glcm_sum_entropy,
2022_2023,R2,d200_b4,200,4,rgb_glcm_entropy,
2022_2023,R2,d200_b4,200,4,rgb_glcm_diff_entropy,
2022_2023,R2,d200_b4,200,4,rgb_glcm_imc1,
2022_2023,R2,d200_b4,200,4,rgb_glcm_imc2,
2022_2023,R2,d200_b4,200,4,rgb_glcm_mcc,
2022_2023,R2,d200_b4,200,4,rgb_glcm_dissimilarity,
2022_2023,R2,d200_b4,200,4,rgb_glcm_inertia,
2022_2023,R2,d200_b4,200,4,rgb_glcm_cluster_shade,
2022_2023,R2,d200_b4,200,4,rgb_glcm_cluster_prominence,
2022_2023,R2,d200_b4,200,4,rgb_glcm_homogeneity,
2022_2023,R2,d200_b4,200,4,rgb_glcmw3_asm,
2022_2023,R2,d200_b4,200,4,rgb_glcmw3_contrast,
2022_2023,R2,d200_b4,200,4,rgb_glcmw3_entropy,
2022_2023,R2,d200_b4,200,4,rgb_glcmw3_correlation,
2022_2023,R2,d200_b4,200,4,rgb_glcmw3_homogeneity,
2022_2023,R2,d200_b4,200,4,rgb_glcmw5_asm,
2022_2023,R2,d200_b4,200,4,rgb_glcmw5_contrast,
2022_2023,R2,d200_b4,200,4,rgb_glcmw5_entropy,
2022_2023,R2,d200_b4,200,4,rgb_glcmw5_correlation,
2022_2023,R2,d200_b4,200,4,rgb_glcmw5_homogeneity,
2022_2023,R2,d200_b4,200,4,rgb_glcmw7_asm,
2022_2023,R2,d200_b4,200,4,rgb_glcmw7_contrast,
2022_2023,R2,d200_b4,200,4,rgb_glcmw7_entropy,
2022_2023,R2,d200_b4,200,4,rgb_glcmw7_correlation,
2022_2023,R2,d200_b4,200,4,rgb_glcmw7_homogeneity,
2023_2024,R2,71,300,1,NDVI,0.75233
2023_2024,R2,71,300,1,GNDVI,0.162399
2023_2024,R2,71,300,1,NDRE,0.357959
2023_2024,R2,71,300,1,CIrededge,1.16584
2023_2024,R2,71,300,1,SAVI,0.635758
2023_2024,R2,71,300,1,EVI,3.84676
2023_2024,R2,71,300,1,VARI,1.28294
2023_2024,R2,71,300,1,TGI,0.260207
2023_2024,R2,71,300,1,spec_mean,0.31345
2023_2024,R2,71,300,1,spec_std,0.237081
2023_2024,R2,71,300,1,spec_p10,0.0651088
2023_2024,R2,71,300,1,spec_p50,0.25408
2023_2024,R2,71,300,1,spec_p90,0.709857
2023_2024,R2,71,300,1,glcm_asm,0.0311453
2023_2024,R2,71,300,1,glcm_contrast,1.11782
2023_2024,R2,71,300,1,glcm_correlation,0.975418
2023_2024,R2,71,300,1,glcm_variance,22.7367
2023_2024,R2,71,300,1,glcm_idm,0.704151
2023_2024,R2,71,300,1,glcm_sum_average,14.0292
2023_2024,R2,71,300,1,glcm_sum_variance,204.848
2023_2024,R2,71,300,1,glcm_sum_entropy,3.30448
2023_2024,R2,71,300,1,glcm_entropy,3.9808
2023_2024,R2,71,300,1,glcm_diff_entropy,1.07858
2023_2024,R2,71,300,1,glcm_imc1,-0.51691
2023_2024,R2,71,300,1,glcm_imc2,0.96832
2023_2024,R2,71,300,1,glcm_mcc,0.976954
2023_2024,R2,71,300,1,glcm_dissimilarity,0.677658
2023_2024,R2,71,300,1,glcm_inertia,1.11782
2023_2024,R2,71,300,1,glcm_cluster_shade,-119.236
2023_2024,R2,71,300,1,glcm_cluster_prominence,13257
2023_2024,R2,71,300,1,glcm_homogeneity,0.722868
2023_2024,R2,71,300,1,glcmw3_asm,0.529451
2023_2024,R2,71,300,1,glcmw3_contrast,0.336009
2023_2024,R2,71,300,1,glcmw3_entropy,0.876855
2023_2024,R2,71,300,1,glcmw3_correlation,0.423577
2023_2024,R2,71,300,1,glcmw3_homogeneity,0.850737
2023_2024,R2,71,300,1,glcmw5_asm,0.413002
2023_2024,R2,71,300,1,glcmw5_contrast,0.336
2023_2024,R2,71,300,1,glcmw5_entropy,1.2773
2023_2024,R2,71,300,1,glcmw5_correlation,0.617168
2023_2024,R2,71,300,1,glcmw5_homogeneity,0.850739
2023_2024,R2,71,300,1,glcmw7_asm,0.352315
2023_2024,R2,71,300,1,glcmw7_contrast,0.335993
2023_2024,R2,71,300,1,glcmw7_entropy,1.53325
2023_2024,R2,71,300,1,glcmw7_correlation,0.708868
2023_2024,R2,71,300,1,glcmw7_homogeneity,0.850743
2023_2024,R2,71,300,1,rgb_glcm_asm,0.0295568
2023_2024,R2,71,300,1,rgb_glcm_contrast,1.67642
2023_2024,R2,71,300,1,rgb_glcm_correlation,0.931895
2023_2024,R2,71,300,1,rgb_glcm_variance,12.3077
2023_2024,R2,71,300,1,rgb_glcm_idm,0.653913
2023_2024,R2,71,300,1,rgb_glcm_sum_average,9.63416
2023_2024,R2,71,300,1,rgb_glcm_sum_variance,89.3751
2023_2024,R2,71,300,1,rgb_glcm_sum_entropy,3.16727
2023_2024,R2,71,300,1,rgb_glcm_entropy,4.01303
2023_2024,R2,71,300,1,rgb_glcm_diff_entropy,1.21813
2023_2024,R2,71,300,1,rgb_glcm_imc1,-0.403896
2023_2024,R2,71,300,1,rgb_glcm_imc2,0.932092
2023_2024,R2,71,300,1,rgb_glcm_mcc,0.932915
2023_2024,R2,71,300,1,rgb_glcm_dissimilarity,0.84519
2023_2024,R2,71,300,1,rgb_glcm_inertia,1.67642
2023_2024,R2,71,300,1,rgb_glcm_cluster_shade,319.957
2023_2024,R2,71,300,1,rgb_glcm_cluster_prominence,8055.2
2023_2024,R2,71,300,1,rgb_glcm_homogeneity,0.678939
2023_2024,R2,71,300,1,rgb_glcmw3_asm,0.449649
2023_2024,R2,71,300,1,rgb_glcmw3_contrast,0.477001
2023_2024,R2,71,300,1,rgb_glcmw3_entropy,1.05254
2023_2024,R2,71,300,1,rgb_glcmw3_correlation,0.4376
2023_2024,R2,71,300,1,rgb_glcmw3_homogeneity,0.816508
2023_2024,R2,71,300,1,rgb_glcmw5_asm,0.327725
2023_2024,R2,71,300,1,rgb_glcmw5_contrast,0.476872
2023_2024,R2,71,300,1,rgb_glcmw5_entropy,1.51024
2023_2024,R2,71,300,1,rgb_glcmw5_correlation,0.632318
2023_2024,R2,71,300,1,rgb_glcmw5_homogeneity,0.816516
2023_2024,R2,71,300,1,rgb_glcmw7_asm,0.268548
2023_2024,R2,71,300,1,rgb_glcmw7_contrast,0.476754
2023_2024,R2,71,300,1,rgb_glcmw7_entropy,1.78355
2023_2024,R2,71,300,1,rgb_glcmw7_correlation,0.724366
2023_2024,R2,71,300,1,rgb_glcmw7_homogeneity,0.816539
2022_2023,R2,d300_b1,300,1,NDVI,0.79281
2022_2023,R2,d300_b1,300,1,GNDVI,0.233794
2022_2023,R2,d300_b1,300,1,NDRE,0.391535
2022_2023,R2,d300_b1,300,1,CIrededge,1.33525
2022_2023,R2,d300_b1,300,1,SAVI,0.649626
2022_2023,R2,d300_b1,300,1,EVI,0.441202
2022_2023,R2,d300_b1,300,1,VARI,2.70788
2022_2023,R2,d300_b1,300,1,TGI,0.210983
2022_2023,R2,d300_b1,300,1,spec_mean,0.299944
2022_2023,R2,d300_b1,300,1,spec_std,0.251713
2022_2023,R2,d300_b1,300,1,spec_p10,0.0492048
2022_2023,R2,d300_b1,300,1,spec_p50,0.212597
2022_2023,R2,d300_b1,300,1,spec_p90,0.730073
2022_2023,R2,d300_b1,300,1,glcm_asm,0.0374972
2022_2023,R2,d300_b1,300,1,glcm_contrast,1.44047
2022_2023,R2,d300_b1,300,1,glcm_correlation,0.970065
2022_2023,R2,d300_b1,300,1,glcm_variance,24.063
2022_2023,R2,d300_b1,300,1,glcm_idm,0.698194
2022_2023,R2,d300_b1,300,1,glcm_sum_average,14.9098
2022_2023,R2,d300_b1,300,1,glcm_sum_variance,230.911
2022_2023,R2,d300_b1,300,1,glcm_sum_entropy,3.24396
2022_2023,R2,d300_b1,300,1,glcm_entropy,3.97907
2022_2023,R2,d300_b1,300,1,glcm_diff_entropy,1.15446
2022_2023,R2,d300_b1,300,1,glcm_imc1,-0.491292
2022_2023,R2,d300_b1,300,1,glcm_imc2,0.961806
2022_2023,R2,d300_b1,300,1,glcm_mcc,0.971823
2022_2023,R2,d300_b1,300,1,glcm_dissimilarity,0.734187
2022_2023,R2,d300_b1,300,1,glcm_inertia,1.44047
2022_2023,R2,d300_b1,300,1,glcm_cluster_shade,-280.462
2022_2023,R2,d300_b1,300,1,glcm_cluster_prominence,15185
2022_2023,R2,d300_b1,300,1,glcm_homogeneity,0.719773
2022_2023,R2,d300_b1,300,1,glcmw3_asm,0.525412
2022_2023,R2,d300_b1,300,1,glcmw3_contrast,0.403805
2022_2023,R2,d300_b1,300,1,glcmw3_entropy,0.900103
2022_2023,R2,d300_b1,300,1,glcmw3_correlation,0.406819
2022_2023,R2,d300_b1,300,1,glcmw3_homogeneity,0.843342
2022_2023,R2,d300_b1,300,1,glcmw5_asm,0.41149
2022_2023,R2,d300_b1,300,1,glcmw5_contrast,0.403788
2022_2023,R2,d300_b1,300,1,glcmw5_entropy,1.30676
2022_2023,R2,d300_b1,300,1,glcmw5_correlation,0.598557
2022_2023,R2,d300_b1,300,1,glcmw5_homogeneity,0.843333
2022_2023,R2,d300_b1,300,1,glcmw7_asm,0.352062
2022_2023,R2,d300_b1,300,1,glcmw7_contrast,0.403761
2022_2023,R2,d300_b1,300,1,glcmw7_entropy,1.56354
2022_2023,R2,d300_b1,300,1,glcmw7_correlation,0.690035
2022_2023,R2,d300_b1,300,1,glcmw7_homogeneity,0.843329
2022_2023,R2,d300_b1,300,1,rgb_glcm_asm,
2022_2023,R2,d300_b1,300,1,rgb_glcm_contrast,
2022_2023,R2,d300_b1,300,1,rgb_glcm_correlation,
2022_2023,R2,d300_b1,300,1,rgb_glcm_variance,
2022_2023,R2,d300_b1,300,1,rgb_glcm_idm,
2022_2023,R2,d300_b1,300,1,rgb_glcm_sum_average,
2022_2023,R2,d300_b1,300,1,rgb_glcm_sum_variance,
2022_2023,R2,d300_b1,300,1,rgb_glcm_sum_entropy,
2022_2023,R2,d300_b1,300,1,rgb_glcm_entropy,
2022_2023,R2,d300_b1,300,1,rgb_glcm_diff_entropy,
2022_2023,R2,d300_b1,300,1,rgb_glcm_imc1,
2022_2023,R2,d300_b1,300,1,rgb_glcm_imc2,
2022_2023,R2,d300_b1,300,1,rgb_glcm_mcc,
2022_2023,R2,d300_b1,300,1,rgb_glcm_dissimilarity,
2022_2023,R2,d300_b1,300,1,rgb_glcm_inertia,
2022_2023,R2,d300_b1,300,1,rgb_glcm_cluster_shade,
2022_2023,R2,d300_b1,300,1,rgb_glcm_cluster_prominence,
2022_2023,R2,d300_b1,300,1,rgb_glcm_homogeneity,
2022_2023,R2,d300_b1,300,1,rgb_glcmw3_asm,
2022_2023,R2,d300_b1,300,1,rgb_glcmw3_contrast,
2022_2023,R2,d300_b1,300,1,rgb_glcmw3_entropy,
2022_2023,R2,d300_b1,300,1,rgb_glcmw3_correlation,
2022_2023,R2,d300_b1,300,1,rgb_glcmw3_homogeneity,
2022_2023,R2,d300_b1,300,1,rgb_glcmw5_asm,
2022_2023,R2,d300_b1,300,1,rgb_glcmw5_contrast,
2022_2023,R2,d300_b1,300,1,rgb_glcmw5_entropy,
2022_2023,R2,d300_b1,300,1,rgb_glcmw5_correlation,
2022_2023,R2,d300_b1,300,1,rgb_glcmw5_homogeneity,
2022_2023,R2,d300_b1,300,1,rgb_glcmw7_asm,
2022_2023,R2,d300_b1,300,1,rgb_glcmw7_contrast,
2022_2023,R2,d300_b1,300,1,rgb_glcmw7_entropy,
2022_2023,R2,d300_b1,300,1,rgb_glcmw7_correlation,
2022_2023,R2,d300_b1,300,1,rgb_glcmw7_homogeneity,
2023_2024,R2,114,300,2,NDVI,0.745575
2023_2024,R2,114,300,2,GNDVI,0.164865
2023_2024,R2,114,300,2,NDRE,0.360446
2023_2024,R2,114,300,2,CIrededge,1.21183
2023_2024,R2,114,300,2,SAVI,0.635242
2023_2024,R2,114,300,2,EVI,1.96832
2023_2024,R2,114,300,2,VARI,1.27135
2023_2024,R2,114,300,2,TGI,0.263463
2023_2024,R2,114,300,2,spec_mean,0.314913
2023_2024,R2,114,300,2,spec_std,0.239552
2023_2024,R2,114,300,2,spec_p10,0.0610245
2023_2024,R2,114,300,2,spec_p50,0.255583
2023_2024,R2,114,300,2,spec_p90,0.715029
2023_2024,R2,114,300,2,glcm_asm,0.0331253
2023_2024,R2,114,300,2,glcm_contrast,1.09456
2023_2024,R2,114,300,2,glcm_correlation,0.976548
2023_2024,R2,114,300,2,glcm_variance,23.3362
2023_2024,R2,114,300,2,glcm_idm,0.71358
2023_2024,R2,114,300,2,glcm_sum_average,13.9183
2023_2024,R2,114,300,2,glcm_sum_variance,205.305
2023_2024,R2,114,300,2,glcm_sum_entropy,3.28559
2023_2024,R2,114,300,2,glcm_entropy,3.94674
2023_2024,R2,114,300,2,glcm_diff_entropy,1.06862
2023_2024,R2,114,300,2,glcm_imc1,-0.522903
2023_2024,R2,114,300,2,glcm_imc2,0.96894
2023_2024,R2,114,300,2,glcm_mcc,0.978117
2023_2024,R2,114,300,2,glcm_dissimilarity,0.658043
2023_2024,R2,114,300,2,glcm_inertia,1.09456
2023_2024,R2,114,300,2,glcm_cluster_shade,-111.848
2023_2024,R2,114,300,2,glcm_cluster_prominence,13593
2023_2024,R2,114,300,2,glcm_homogeneity,0.731584
2023_2024,R2,114,300,2,glcmw3_asm,0.544299
2023_2024,R2,114,300,2,glcmw3_contrast,0.329
2023_2024,R2,114,300,2,glcmw3_entropy,0.849217
2023_2024,R2,114,300,2,glcmw3_correlation,0.406201
2023_2024,R2,114,300,2,glcmw3_homogeneity,0.855536
2023_2024,R2,114,300,2,glcmw5_asm,0.431201
2023_2024,R2,114,300,2,glcmw5_contrast,0.328937
2023_2024,R2,114,300,2,glcmw5_entropy,1.23747
2023_2024,R2,114,300,2,glcmw5_correlation,0.594305
2023_2024,R2,114,300,2,glcmw5_homogeneity,0.855546
2023_2024,R2,114,300,2,glcmw7_asm,0.371796
2023_2024,R2,114,300,2,glcmw7_contrast,0.328896
2023_2024,R2,114,300,2,glcmw7_entropy,1.48485
2023_2024,R2,114,300,2,glcmw7_correlation,0.685405
2023_2024,R2,114,300,2,glcmw7_homogeneity,0.855569
2023_2024,R2,114,300,2,rgb_glcm_asm,0.024521
2023_2024,R2,114,300,2,rgb_glcm_contrast,1.765
2023_2024,R2,114,300,2,rgb_glcm_correlation,0.933469
2023_2024,R2,114,300,2,rgb_glcm_variance,13.2645
2023_2024,R2,114,300,2,rgb_glcm_idm,0.645471
2023_2024,R2,114,300,2,rgb_glcm_sum_average,10.3804
2023_2024,R2,114,300,2,rgb_glcm_sum_variance,102.225
2023_2024,R2,114,300,2,rgb_glcm_sum_entropy,3.24371
2023_2024,R2,114,300,2,rgb_glcm_entropy,4.1292
2023_2024,R2,114,300,2,rgb_glcm_diff_entropy,1.23541
2023_2024,R2,114,300,2,rgb_glcm_imc1,-0.406086
2023_2024,R2,114,300,2,rgb_glcm_imc2,0.937035
2023_2024,R2,114,300,2,rgb_glcm_mcc,0.93685
2023_2024,R2,114,300,2,rgb_glcm_dissimilarity,0.871714
2023_2024,R2,114,300,2,rgb_glcm_inertia,1.765
2023_2024,R2,114,300,2,rgb_glcm_cluster_shade,248.793
2023_2024,R2,114,300,2,rgb_glcm_cluster_prominence,7762.16
2023_2024,R2,114,300,2,rgb_glcm_homogeneity,0.671378
2023_2024,R2,114,300,2,rgb_glcmw3_asm,0.442044
2023_2024,R2,114,300,2,rgb_glcmw3_contrast,0.493904
2023_2024,R2,114,300,2,rgb_glcmw3_entropy,1.07085
2023_2024,R2,114,300,2,rgb_glcmw3_correlation,0.438358
2023_2024,R2,114,300,2,rgb_glcmw3_homogeneity,0.812827
2023_2024,R2,114,300,2,rgb_glcmw5_asm,0.321508
2023_2024,R2,114,300,2,rgb_glcmw5_contrast,0.493723
2023_2024,R2,114,300,2,rgb_glcmw5_entropy,1.53153
2023_2024,R2,114,300,2,rgb_glcmw5_correlation,0.63005
2023_2024,R2,114,300,2,rgb_glcmw5_homogeneity,0.812882
2023_2024,R2,114,300,2,rgb_glcmw7_asm,0.263852
2023_2024,R2,114,300,2,rgb_glcmw7_contrast,0.493552
2023_2024,R2,114,300,2,rgb_glcmw7_entropy,1.80302
2023_2024,R2,114,300,2,rgb_glcmw7_correlation,0.719429
2023_2024,R2,114,300,2,rgb_glcmw7_homogeneity,0.812927
2022_2023,R2,d300_b2,300,2,NDVI,0.791999
2022_2023,R2,d300_b2,300,2,GNDVI,0.228446
2022_2023,R2,d300_b2,300,2,NDRE,0.399017
2022_2023,R2,d300_b2,300,2,CIrededge,1.3973
2022_2023,R2,d300_b2,300,2,SAVI,0.657789
2022_2023,R2,d300_b2,300,2,EVI,1.70177
2022_2023,R2,d300_b2,300,2,VARI,1.95424
2022_2023,R2,d300_b2,300,2,TGI,0.212645
2022_2023,R2,d300_b2,300,2,spec_mean,0.305949
2022_2023,R2,d300_b2,300,2,spec_std,0.252795
2022_2023,R2,d300_b2,300,2,spec_p10,0.0510177
2022_2023,R2,d300_b2,300,2,spec_p50,0.227564
2022_2023,R2,d300_b2,300,2,spec_p90,0.739704
2022_2023,R2,d300_b2,300,2,glcm_asm,0.0315827
2022_2023,R2,d300_b2,300,2,glcm_contrast,1.51281
2022_2023,R2,d300_b2,300,2,glcm_correlation,0.967982
2022_2023,R2,d300_b2,300,2,glcm_variance,23.6454
2022_2023,R2,d300_b2,300,2,glcm_idm,0.688477
2022_2023,R2,d300_b2,300,2,glcm_sum_average,15.3088
2022_2023,R2,d300_b2,300,2,glcm_sum_variance,237.765
2022_2023,R2,d300_b2,300,2,glcm_sum_entropy,3.27989
2022_2023,R2,d300_b2,300,2,glcm_entropy,4.04092
2022_2023,R2,d300_b2,300,2,glcm_diff_entropy,1.1735
2022_2023,R2,d300_b2,300,2,glcm_imc1,-0.479832
2022_2023,R2,d300_b2,300,2,glcm_imc2,0.9602
2022_2023,R2,d300_b2,300,2,glcm_mcc,0.969628
2022_2023,R2,d300_b2,300,2,glcm_dissimilarity,0.761532
2022_2023,R2,d300_b2,300,2,glcm_inertia,1.51281
2022_2023,R2,d300_b2,300,2,glcm_cluster_shade,-304.294
2022_2023,R2,d300_b2,300,2,glcm_cluster_prominence,14858.6
2022_2023,R2,d300_b2,300,2,glcm_homogeneity,0.710809
2022_2023,R2,d300_b2,300,2,glcmw3_asm,0.516299
2022_2023,R2,d300_b2,300,2,glcmw3_contrast,0.419832
2022_2023,R2,d300_b2,300,2,glcmw3_entropy,0.920928
2022_2023,R2,d300_b2,300,2,glcmw3_correlation,0.409111
2022_2023,R2,d300_b2,300,2,glcmw3_homogeneity,0.839246
2022_2023,R2,d300_b2,300,2,glcmw5_asm,0.402261
2022_2023,R2,d300_b2,300,2,glcmw5_contrast,0.419806
2022_2023,R2,d300_b2,300,2,glcmw5_entropy,1.33546
2022_2023,R2,d300_b2,300,2,glcmw5_correlation,0.59995
2022_2023,R2,d300_b2,300,2,glcmw5_homogeneity,0.839262
2022_2023,R2,d300_b2,300,2,glcmw7_asm,0.343602
2022_2023,R2,d300_b2,300,2,glcmw7_contrast,0.41976
2022_2023,R2,d300_b2,300,2,glcmw7_entropy,1.59509
2022_2023,R2,d300_b2,300,2,glcmw7_correlation,0.69138
2022_2023,R2,d300_b2,300,2,glcmw7_homogeneity,0.83927
2022_2023,R2,d300_b2,300,2,rgb_glcm_asm,
2022_2023,R2,d300_b2,300,2,rgb_glcm_contrast,
2022_2023,R2,d300_b2,300,2,rgb_glcm_correlation,
2022_2023,R2,d300_b2,300,2,rgb_glcm_variance,
2022_2023,R2,d300_b2,300,2,rgb_glcm_idm,
2022_2023,R2,d300_b2,300,2,rgb_glcm_sum_average,
2022_2023,R2,d300_b2,300,2,rgb_glcm_sum_variance,
2022_2023,R2,d300_b2,300,2,rgb_glcm_sum_entropy,
2022_2023,R2,d300_b2,300,2,rgb_glcm_entropy,
2022_2023,R2,d300_b2,300,2,rgb_glcm_diff_entropy,
2022_2023,R2,d300_b2,300,2,rgb_glcm_imc1,
2022_2023,R2,d300_b2,300,2,rgb_glcm_imc2,
2022_2023,R2,d300_b2,300,2,rgb_glcm_mcc,
2022_2023,R2,d300_b2,300,2,rgb_glcm_dissimilarity,
2022_2023,R2,d300_b2,300,2,rgb_glcm_inertia,
2022_2023,R2,d300_b2,300,2,rgb_glcm_cluster_shade,
2022_2023,R2,d300_b2,300,2,rgb_glcm_cluster_prominence,
2022_2023,R2,d300_b2,300,2,rgb_glcm_homogeneity,
2022_2023,R2,d300_b2,300,2,rgb_glcmw3_asm,
2022_2023,R2,d300_b2,300,2,rgb_glcmw3_contrast,
2022_2023,R2,d300_b2,300,2,rgb_glcmw3_entropy,
2022_2023,R2,d300_b2,300,2,rgb_glcmw3_correlation,
2022_2023,R2,d300_b2,300,2,rgb_glcmw3_homogeneity,
2022_2023,R2,d300_b2,300,2,rgb_glcmw5_asm,
2022_2023,R2,d300_b2,300,2,rgb_glcmw5_contrast,
2022_2023,R2,d300_b2,300,2,rgb_glcmw5_entropy,
2022_2023,R2,d300_b2,300,2,rgb_glcmw5_correlation,
2022_2023,R2,d300_b2,300,2,rgb_glcmw5_homogeneity,
2022_2023,R2,d300_b2,300,2,rgb_glcmw7_asm,
2022_2023,R2,d300_b2,300,2,rgb_glcmw7_contrast,
2022_2023,R2,d300_b2,300,2,rgb_glcmw7_entropy,
2022_2023,R2,d300_b2,300,2,rgb_glcmw7_correlation,
2022_2023,R2,d300_b2,300,2,rgb_glcmw7_homogeneity,
2023_2024,R2,125,300,3,NDVI,0.74699
2023_2024,R2,125,300,3,GNDVI,0.154782
2023_2024,R2,125,300,3,NDRE,0.339853
2023_2024,R2,125,300,3,CIrededge,1.08812
2023_2024,R2,125,300,3,SAVI,0.628017
2023_2024,R2,125,300,3,EVI,22.152
2023_2024,R2,125,300,3,VARI,1.23478
2023_2024,R2,125,300,3,TGI,0.267448
2023_2024,R2,125,300,3,spec_mean,0.310081
2023_2024,R2,125,300,3,spec_std,0.236509
2023_2024,R2,125,300,3,spec_p10,0.0634257
2023_2024,R2,125,300,3,spec_p50,0.251445
2023_2024,R2,125,300,3,spec_p90,0.701362
2023_2024,R2,125,300,3,glcm_asm,0.0372567
2023_2024,R2,125,300,3,glcm_contrast,1.1685
2023_2024,R2,125,300,3,glcm_correlation,0.974723
2023_2024,R2,125,300,3,glcm_variance,23.1136
2023_2024,R2,125,300,3,glcm_idm,0.708652
2023_2024,R2,125,300,3,glcm_sum_average,13.3661
2023_2024,R2,125,300,3,glcm_sum_variance,193.62
2023_2024,R2,125,300,3,glcm_sum_entropy,3.25013
2023_2024,R2,125,300,3,glcm_entropy,3.93104
2023_2024,R2,125,300,3,glcm_diff_entropy,1.09175
2023_2024,R2,125,300,3,glcm_imc1,-0.513435
2023_2024,R2,125,300,3,glcm_imc2,0.966346
2023_2024,R2,125,300,3,glcm_mcc,0.976482
2023_2024,R2,125,300,3,glcm_dissimilarity,0.677826
2023_2024,R2,125,300,3,glcm_inertia,1.1685
2023_2024,R2,125,300,3,glcm_cluster_shade,-62.8493
2023_2024,R2,125,300,3,glcm_cluster_prominence,13544.9
2023_2024,R2,125,300,3,glcm_homogeneity,0.727949
2023_2024,R2,125,300,3,glcmw3_asm,0.549014
2023_2024,R2,125,300,3,glcmw3_contrast,0.339595
2023_2024,R2,125,300,3,glcmw3_entropy,0.846053
2023_2024,R2,125,300,3,glcmw3_correlation,0.405376
2023_2024,R2,125,300,3,glcmw3_homogeneity,0.854236
2023_2024,R2,125,300,3,glcmw5_asm,0.440495
2023_2024,R2,125,300,3,glcmw5_contrast,0.33972
2023_2024,R2,125,300,3,glcmw5_entropy,1.23073
2023_2024,R2,125,300,3,glcmw5_correlation,0.580097
2023_2024,R2,125,300,3,glcmw5_homogeneity,0.854183
2023_2024,R2,125,300,3,glcmw7_asm,0.384884
2023_2024,R2,125,300,3,glcmw7_contrast,0.339684
2023_2024,R2,125,300,3,glcmw7_entropy,1.47528
2023_2024,R2,125,300,3,glcmw7_correlation,0.660626
2023_2024,R2,125,300,3,glcmw7_homogeneity,0.854187
2023_2024,R2,125,300,3,rgb_glcm_asm,0.0268604
2023_2024,R2,125,300,3,rgb_glcm_contrast,1.86879
2023_2024,R2,125,300,3,rgb_glcm_correlation,0.929073
2023_2024,R2,125,300,3,rgb_glcm_variance,13.174
2023_2024,R2,125,300,3,rgb_glcm_idm,0.639942
2023_2024,R2,125,300,3,rgb_glcm_sum_average,9.81214
2023_2024,R2,125,300,3,rgb_glcm_sum_variance,94.5028
2023_2024,R2,125,300,3,rgb_glcm_sum_entropy,3.20337
2023_2024,R2,125,300,3,rgb_glcm_entropy,4.10054
2023_2024,R2,125,300,3,rgb_glcm_diff_entropy,1.26014
2023_2024,R2,125,300,3,rgb_glcm_imc1,-0.391955
2023_2024,R2,125,300,3,rgb_glcm_imc2,0.929799
2023_2024,R2,125,300,3,rgb_glcm_mcc,0.930316
2023_2024,R2,125,300,3,rgb_glcm_dissimilarity,0.897189
2023_2024,R2,125,300,3,rgb_glcm_inertia,1.86879
2023_2024,R2,125,300,3,rgb_glcm_cluster_shade,322.635
2023_2024,R2,125,300,3,rgb_glcm_cluster_prominence,8480.34
2023_2024,R2,125,300,3,rgb_glcm_homogeneity,0.667442
2023_2024,R2,125,300,3,rgb_glcmw3_asm,0.441127
2023_2024,R2,125,300,3,rgb_glcmw3_contrast,0.517402
2023_2024,R2,125,300,3,rgb_glcmw3_entropy,1.0805
2023_2024,R2,125,300,3,rgb_glcmw3_correlation,0.447425
2023_2024,R2,125,300,3,rgb_glcmw3_homogeneity,0.808514
2023_2024,R2,125,300,3,rgb_glcmw5_asm,0.321592
2023_2024,R2,125,300,3,rgb_glcmw5_contrast,0.517479
2023_2024,R2,125,300,3,rgb_glcmw5_entropy,1.54842
2023_2024,R2,125,300,3,rgb_glcmw5_correlation,0.636109
2023_2024,R2,125,300,3,rgb_glcmw5_homogeneity,0.808529
2023_2024,R2,125,300,3,rgb_glcmw7_asm,0.264244
2023_2024,R2,125,300,3,rgb_glcmw7_contrast,0.517537
2023_2024,R2,125,300,3,rgb_glcmw7_entropy,1.82584
2023_2024,R2,125,300,3,rgb_glcmw7_correlation,0.725203
2023_2024,R2,125,300,3,rgb_glcmw7_homogeneity,0.808537
2022_2023,R2,d300_b3,300,3,NDVI,0.801337
2022_2023,R2,d300_b3,300,3,GNDVI,0.214684
2022_2023,R2,d300_b3,300,3,NDRE,0.411633
2022_2023,R2,d300_b3,300,3,CIrededge,1.46769
2022_2023,R2,d300_b3,300,3,SAVI,0.653903
2022_2023,R2,d300_b3,300,3,EVI,1.66895
2022_2023,R2,d300_b3,300,3,VARI,2.09893
2022_2023,R2,d300_b3,300,3,TGI,0.211296
2022_2023,R2,d300_b3,300,3,spec_mean,0.29728
2022_2023,R2,d300_b3,300,3,spec_std,0.24906
2022_2023,R2,d300_b3,300,3,spec_p10,0.0470139
2022_2023,R2,d300_b3,300,3,spec_p50,0.220923
2022_2023,R2,d300_b3,300,3,spec_p90,0.718955
2022_2023,R2,d300_b3,300,3,glcm_asm,0.0326681
2022_2023,R2,d300_b3,300,3,glcm_contrast,1.52319
2022_2023,R2,d300_b3,300,3,glcm_correlation,0.967436
2022_2023,R2,d300_b3,300,3,glcm_variance,23.3953
2022_2023,R2,d300_b3,300,3,glcm_idm,0.686376
2022_2023,R2,d300_b3,300,3,glcm_sum_average,14.801
2022_2023,R2,d300_b3,300,3,glcm_sum_variance,224.68
2022_2023,R2,d300_b3,300,3,glcm_sum_entropy,3.28614
2022_2023,R2,d300_b3,300,3,glcm_entropy,4.06033
2022_2023,R2,d300_b3,300,3,glcm_diff_entropy,1.17929
2022_2023,R2,d300_b3,300,3,glcm_imc1,-0.479331
2022_2023,R2,d300_b3,300,3,glcm_imc2,0.960539
2022_2023,R2,d300_b3,300,3,glcm_mcc,0.968933
2022_2023,R2,d300_b3,300,3,glcm_dissimilarity,0.767716
2022_2023,R2,d300_b3,300,3,glcm_inertia,1.52319
2022_2023,R2,d300_b3,300,3,glcm_cluster_shade,-228.165
2022_2023,R2,d300_b3,300,3,glcm_cluster_prominence,14438.2
2022_2023,R2,d300_b3,300,3,glcm_homogeneity,0.709451
2022_2023,R2,d300_b3,300,3,glcmw3_asm,0.510956
2022_2023,R2,d300_b3,300,3,glcmw3_contrast,0.423476
2022_2023,R2,d300_b3,300,3,glcmw3_entropy,0.93131
2022_2023,R2,d300_b3,300,3,glcmw3_correlation,0.420595
2022_2023,R2,d300_b3,300,3,glcmw3_homogeneity,0.836989
2022_2023,R2,d300_b3,300,3,glcmw5_asm,0.394471
2022_2023,R2,d300_b3,300,3,glcmw5_contrast,0.423471
2022_2023,R2,d300_b3,300,3,glcmw5_entropy,1.35264
2022_2023,R2,d300_b3,300,3,glcmw5_correlation,0.616806
2022_2023,R2,d300_b3,300,3,glcmw5_homogeneity,0.83699
2022_2023,R2,d300_b3,300,3,glcmw7_asm,0.333778
2022_2023,R2,d300_b3,300,3,glcmw7_contrast,0.423428
2022_2023,R2,d300_b3,300,3,glcmw7_entropy,1.61923
2022_2023,R2,d300_b3,300,3,glcmw7_correlation,0.709147
2022_2023,R2,d300_b3,300,3,glcmw7_homogeneity,0.837013
2022_2023,R2,d300_b3,300,3,rgb_glcm_asm,
2022_2023,R2,d300_b3,300,3,rgb_glcm_contrast,
2022_2023,R2,d300_b3,300,3,rgb_glcm_correlation,
2022_2023,R2,d300_b3,300,3,rgb_glcm_variance,
2022_2023,R2,d300_b3,300,3,rgb_glcm_idm,
2022_2023,R2,d300_b3,300,3,rgb_glcm_sum_average,
2022_2023,R2,d300_b3,300,3,rgb_glcm_sum_variance,
2022_2023,R2,d300_b3,300,3,rgb_glcm_sum_entropy,
2022_2023,R2,d300_b3,300,3,rgb_glcm_entropy,
2022_2023,R2,d300_b3,300,3,rgb_glcm_diff_entropy,
2022_2023,R2,d300_b3,300,3,rgb_glcm_imc1,
2022_2023,R2,d300_b3,300,3,rgb_glcm_imc2,
2022_2023,R2,d300_b3,300,3,rgb_glcm_mcc,
2022_2023,R2,d300_b3,300,3,rgb_glcm_dissimilarity,
2022_2023,R2,d300_b3,300,3,rgb_glcm_inertia,
2022_2023,R2,d300_b3,300,3,rgb_glcm_cluster_shade,
2022_2023,R2,d300_b3,300,3,rgb_glcm_cluster_prominence,
2022_2023,R2,d300_b3,300,3,rgb_glcm_homogeneity,
2022_2023,R2,d300_b3,300,3,rgb_glcmw3_asm,
2022_2023,R2,d300_b3,300,3,rgb_glcmw3_contrast,
2022_2023,R2,d300_b3,300,3,rgb_glcmw3_entropy,
2022_2023,R2,d300_b3,300,3,rgb_glcmw3_correlation,
2022_2023,R2,d300_b3,300,3,rgb_glcmw3_homogeneity,
2022_2023,R2,d300_b3,300,3,rgb_glcmw5_asm,
2022_2023,R2,d300_b3,300,3,rgb_glcmw5_contrast,
2022_2023,R2,d300_b3,300,3,rgb_glcmw5_entropy,
2022_2023,R2,d300_b3,300,3,rgb_glcmw5_correlation,
2022_2023,R2,d300_b3,300,3,rgb_glcmw5_homogeneity,
2022_2023,R2,d300_b3,300,3,rgb_glcmw7_asm,
2022_2023,R2,d300_b3,300,3,rgb_glcmw7_contrast,
2022_2023,R2,d300_b3,300,3,rgb_glcmw7_entropy,
2022_2023,R2,d300_b3,300,3,rgb_glcmw7_correlation,
2022_2023,R2,d300_b3,300,3,rgb_glcmw7_homogeneity,
2023_2024,R2,127,300,4,NDVI,0.712472
2023_2024,R2,127,300,4,GNDVI,0.146568
2023_2024,R2,127,300,4,NDRE,0.320693
2023_2024,R2,127,300,4,CIrededge,1.00178
2023_2024,R2,127,300,4,SAVI,0.596658
2023_2024,R2,127,300,4,EVI,-0.854666
2023_2024,R2,127,300,4,VARI,1.16825
2023_2024,R2,127,300,4,TGI,0.258541
2023_2024,R2,127,300,4,spec_mean,0.307586
2023_2024,R2,127,300,4,spec_std,0.230223
2023_2024,R2,127,300,4,spec_p10,0.0678037
2023_2024,R2,127,300,4,spec_p50,0.250167
2023_2024,R2,127,300,4,spec_p90,0.679288
2023_2024,R2,127,300,4,glcm_asm,0.0332643
2023_2024,R2,127,300,4,glcm_contrast,1.10559
2023_2024,R2,127,300,4,glcm_correlation,0.975965
2023_2024,R2,127,300,4,glcm_variance,22.9998
2023_2024,R2,127,300,4,glcm_idm,0.713909
2023_2024,R2,127,300,4,glcm_sum_average,13.1116
2023_2024,R2,127,300,4,glcm_sum_variance,187.43
2023_2024,R2,127,300,4,glcm_sum_entropy,3.28632
2023_2024,R2,127,300,4,glcm_entropy,3.9492
2023_2024,R2,127,300,4,glcm_diff_entropy,1.07214
2023_2024,R2,127,300,4,glcm_imc1,-0.521203
2023_2024,R2,127,300,4,glcm_imc2,0.968606
2023_2024,R2,127,300,4,glcm_mcc,0.976947
2023_2024,R2,127,300,4,glcm_dissimilarity,0.659349
2023_2024,R2,127,300,4,glcm_inertia,1.10559
2023_2024,R2,127,300,4,glcm_cluster_shade,43.7996
2023_2024,R2,127,300,4,glcm_cluster_prominence,12912.4
2023_2024,R2,127,300,4,glcm_homogeneity,0.732185
2023_2024,R2,127,300,4,glcmw3_asm,0.535903
2023_2024,R2,127,300,4,glcmw3_contrast,0.333651
2023_2024,R2,127,300,4,glcmw3_entropy,0.862922
2023_2024,R2,127,300,4,glcmw3_correlation,0.4157
2023_2024,R2,127,300,4,glcmw3_homogeneity,0.853266
2023_2024,R2,127,300,4,glcmw5_asm,0.419675
2023_2024,R2,127,300,4,glcmw5_contrast,0.333596
2023_2024,R2,127,300,4,glcmw5_entropy,1.25791
2023_2024,R2,127,300,4,glcmw5_correlation,0.610643
2023_2024,R2,127,300,4,glcmw5_homogeneity,0.853289
2023_2024,R2,127,300,4,glcmw7_asm,0.358161
2023_2024,R2,127,300,4,glcmw7_contrast,0.333633
2023_2024,R2,127,300,4,glcmw7_entropy,1.5101
2023_2024,R2,127,300,4,glcmw7_correlation,0.708766
2023_2024,R2,127,300,4,glcmw7_homogeneity,0.853286
2023_2024,R2,127,300,4,rgb_glcm_asm,0.0273814
2023_2024,R2,127,300,4,rgb_glcm_contrast,1.67024
2023_2024,R2,127,300,4,rgb_glcm_correlation,0.930544
2023_2024,R2,127,300,4,rgb_glcm_variance,12.0237
2023_2024,R2,127,300,4,rgb_glcm_idm,0.651455
2023_2024,R2,127,300,4,rgb_glcm_sum_average,10.0188
2023_2024,R2,127,300,4,rgb_glcm_sum_variance,93.1407
2023_2024,R2,127,300,4,rgb_glcm_sum_entropy,3.18387
2023_2024,R2,127,300,4,rgb_glcm_entropy,4.04244
2023_2024,R2,127,300,4,rgb_glcm_diff_entropy,1.21427
2023_2024,R2,127,300,4,rgb_glcm_imc1,-0.403642
2023_2024,R2,127,300,4,rgb_glcm_imc2,0.93302
2023_2024,R2,127,300,4,rgb_glcm_mcc,0.932827
2023_2024,R2,127,300,4,rgb_glcm_dissimilarity,0.847314
2023_2024,R2,127,300,4,rgb_glcm_inertia,1.67024
2023_2024,R2,127,300,4,rgb_glcm_cluster_shade,262.902
2023_2024,R2,127,300,4,rgb_glcm_cluster_prominence,7475.27
2023_2024,R2,127,300,4,rgb_glcm_homogeneity,0.67626
2023_2024,R2,127,300,4,rgb_glcmw3_asm,0.445711
2023_2024,R2,127,300,4,rgb_glcmw3_contrast,0.476854
2023_2024,R2,127,300,4,rgb_glcmw3_entropy,1.0604
2023_2024,R2,127,300,4,rgb_glcmw3_correlation,0.431469
2023_2024,R2,127,300,4,rgb_glcmw3_homogeneity,0.815713
2023_2024,R2,127,300,4,rgb_glcmw5_asm,0.325671
2023_2024,R2,127,300,4,rgb_glcmw5_contrast,0.476765
2023_2024,R2,127,300,4,rgb_glcmw5_entropy,1.51408
2023_2024,R2,127,300,4,rgb_glcmw5_correlation,0.622272
2023_2024,R2,127,300,4,rgb_glcmw5_homogeneity,0.815739
2023_2024,R2,127,300,4,rgb_glcmw7_asm,0.267824
2023_2024,R2,127,300,4,rgb_glcmw7_contrast,0.476719
2023_2024,R2,127,300,4,rgb_glcmw7_entropy,1.78076
2023_2024,R2,127,300,4,rgb_glcmw7_correlation,0.713207
2023_2024,R2,127,300,4,rgb_glcmw7_homogeneity,0.815739
2022_2023,R2,d300_b4,300,4,NDVI,0.816912
2022_2023,R2,d300_b4,300,4,GNDVI,0.244196
2022_2023,R2,d300_b4,300,4,NDRE,0.42147
2022_2023,R2,d300_b4,300,4,CIrededge,1.50935
2022_2023,R2,d300_b4,300,4,SAVI,0.665353
2022_2023,R2,d300_b4,300,4,EVI,-4.50026
2022_2023,R2,d300_b4,300,4,VARI,2.11565
2022_2023,R2,d300_b4,300,4,TGI,0.210605
2022_2023,R2,d300_b4,300,4,spec_mean,0.296013
2022_2023,R2,d300_b4,300,4,spec_std,0.252252
2022_2023,R2,d300_b4,300,4,spec_p10,0.0436169
2022_2023,R2,d300_b4,300,4,spec_p50,0.213747
2022_2023,R2,d300_b4,300,4,spec_p90,0.724478
2022_2023,R2,d300_b4,300,4,glcm_asm,0.0322751
2022_2023,R2,d300_b4,300,4,glcm_contrast,1.47893
2022_2023,R2,d300_b4,300,4,glcm_correlation,0.967563
2022_2023,R2,d300_b4,300,4,glcm_variance,22.8099
2022_2023,R2,d300_b4,300,4,glcm_idm,0.682988
2022_2023,R2,d300_b4,300,4,glcm_sum_average,15.2191
2022_2023,R2,d300_b4,300,4,glcm_sum_variance,232.333
2022_2023,R2,d300_b4,300,4,glcm_sum_entropy,3.28245
2022_2023,R2,d300_b4,300,4,glcm_entropy,4.04786
2022_2023,R2,d300_b4,300,4,glcm_diff_entropy,1.174
2022_2023,R2,d300_b4,300,4,glcm_imc1,-0.480468
2022_2023,R2,d300_b4,300,4,glcm_imc2,0.960554
2022_2023,R2,d300_b4,300,4,glcm_mcc,0.969384
2022_2023,R2,d300_b4,300,4,glcm_dissimilarity,0.768064
2022_2023,R2,d300_b4,300,4,glcm_inertia,1.47893
2022_2023,R2,d300_b4,300,4,glcm_cluster_shade,-286.032
2022_2023,R2,d300_b4,300,4,glcm_cluster_prominence,14398.5
2022_2023,R2,d300_b4,300,4,glcm_homogeneity,0.706071
2022_2023,R2,d300_b4,300,4,glcmw3_asm,0.504936
2022_2023,R2,d300_b4,300,4,glcmw3_contrast,0.416544
2022_2023,R2,d300_b4,300,4,glcmw3_entropy,0.938448
2022_2023,R2,d300_b4,300,4,glcmw3_correlation,0.436609
2022_2023,R2,d300_b4,300,4,glcmw3_homogeneity,0.835573
2022_2023,R2,d300_b4,300,4,glcmw5_asm,0.385308
2022_2023,R2,d300_b4,300,4,glcmw5_contrast,0.416519
2022_2023,R2,d300_b4,300,4,glcmw5_entropy,1.36499
2022_2023,R2,d300_b4,300,4,glcmw5_correlation,0.63825
2022_2023,R2,d300_b4,300,4,glcmw5_homogeneity,0.835575
2022_2023,R2,d300_b4,300,4,glcmw7_asm,0.322175
2022_2023,R2,d300_b4,300,4,glcmw7_contrast,0.416554
2022_2023,R2,d300_b4,300,4,glcmw7_entropy,1.63774
2022_2023,R2,d300_b4,300,4,glcmw7_correlation,0.731434
2022_2023,R2,d300_b4,300,4,glcmw7_homogeneity,0.835561
2022_2023,R2,d300_b4,300,4,rgb_glcm_asm,
2022_2023,R2,d300_b4,300,4,rgb_glcm_contrast,
2022_2023,R2,d300_b4,300,4,rgb_glcm_correlation,
2022_2023,R2,d300_b4,300,4,rgb_glcm_variance,
2022_2023,R2,d300_b4,300,4,rgb_glcm_idm,
2022_2023,R2,d300_b4,300,4,rgb_glcm_sum_average,
2022_2023,R2,d300_b4,300,4,rgb_glcm_sum_variance,
2022_2023,R2,d300_b4,300,4,rgb_glcm_sum_entropy,
2022_2023,R2,d300_b4,300,4,rgb_glcm_entropy,
2022_2023,R2,d300_b4,300,4,rgb_glcm_diff_entropy,
2022_2023,R2,d300_b4,300,4,rgb_glcm_imc1,
2022_2023,R2,d300_b4,300,4,rgb_glcm_imc2,
2022_2023,R2,d300_b4,300,4,rgb_glcm_mcc,
2022_2023,R2,d300_b4,300,4,rgb_glcm_dissimilarity,
2022_2023,R2,d300_b4,300,4,rgb_glcm_inertia,
2022_2023,R2,d300_b4,300,4,rgb_glcm_cluster_shade,
2022_2023,R2,d300_b4,300,4,rgb_glcm_cluster_prominence,
2022_2023,R2,d300_b4,300,4,rgb_glcm_homogeneity,
2022_2023,R2,d300_b4,300,4,rgb_glcmw3_asm,
2022_2023,R2,d300_b4,300,4,rgb_glcmw3_contrast,
2022_2023,R2,d300_b4,300,4,rgb_glcmw3_entropy,
2022_2023,R2,d300_b4,300,4,rgb_glcmw3_correlation,
2022_2023,R2,d300_b4,300,4,rgb_glcmw3_homogeneity,
2022_2023,R2,d300_b4,300,4,rgb_glcmw5_asm,
2022_2023,R2,d300_b4,300,4,rgb_glcmw5_contrast,
2022_2023,R2,d300_b4,300,4,rgb_glcmw5_entropy,
2022_2023,R2,d300_b4,300,4,rgb_glcmw5_correlation,
2022_2023,R2,d300_b4,300,4,rgb_glcmw5_homogeneity,
2022_2023,R2,d300_b4,300,4,rgb_glcmw7_asm,
2022_2023,R2,d300_b4,300,4,rgb_glcmw7_contrast,
2022_2023,R2,d300_b4,300,4,rgb_glcmw7_entropy,
2022_2023,R2,d300_b4,300,4,rgb_glcmw7_correlation,
2022_2023,R2,d300_b4,300,4,rgb_glcmw7_homogeneity,
2023_2024,R2,85,400,1,NDVI,0.729416
2023_2024,R2,85,400,1,GNDVI,0.110806
2023_2024,R2,85,400,1,NDRE,0.34284
2023_2024,R2,85,400,1,CIrededge,1.08975
2023_2024,R2,85,400,1,SAVI,0.616175
2023_2024,R2,85,400,1,EVI,1.51023
2023_2024,R2,85,400,1,VARI,1.2926
2023_2024,R2,85,400,1,TGI,0.27903
2023_2024,R2,85,400,1,spec_mean,0.323109
2023_2024,R2,85,400,1,spec_std,0.231636
2023_2024,R2,85,400,1,spec_p10,0.068763
2023_2024,R2,85,400,1,spec_p50,0.27035
2023_2024,R2,85,400,1,spec_p90,0.690346
2023_2024,R2,85,400,1,glcm_asm,0.0305493
2023_2024,R2,85,400,1,glcm_contrast,1.09112
2023_2024,R2,85,400,1,glcm_correlation,0.975395
2023_2024,R2,85,400,1,glcm_variance,22.1729
2023_2024,R2,85,400,1,glcm_idm,0.706355
2023_2024,R2,85,400,1,glcm_sum_average,13.2451
2023_2024,R2,85,400,1,glcm_sum_variance,186.057
2023_2024,R2,85,400,1,glcm_sum_entropy,3.32262
2023_2024,R2,85,400,1,glcm_entropy,3.99325
2023_2024,R2,85,400,1,glcm_diff_entropy,1.06964
2023_2024,R2,85,400,1,glcm_imc1,-0.522095
2023_2024,R2,85,400,1,glcm_imc2,0.969781
2023_2024,R2,85,400,1,glcm_mcc,0.976219
2023_2024,R2,85,400,1,glcm_dissimilarity,0.66999
2023_2024,R2,85,400,1,glcm_inertia,1.09112
2023_2024,R2,85,400,1,glcm_cluster_shade,14.346
2023_2024,R2,85,400,1,glcm_cluster_prominence,12694.6
2023_2024,R2,85,400,1,glcm_homogeneity,0.724535
2023_2024,R2,85,400,1,glcmw3_asm,0.529374
2023_2024,R2,85,400,1,glcmw3_contrast,0.330997
2023_2024,R2,85,400,1,glcmw3_entropy,0.874768
2023_2024,R2,85,400,1,glcmw3_correlation,0.420574
2023_2024,R2,85,400,1,glcmw3_homogeneity,0.852313
2023_2024,R2,85,400,1,glcmw5_asm,0.412812
2023_2024,R2,85,400,1,glcmw5_contrast,0.331034
2023_2024,R2,85,400,1,glcmw5_entropy,1.27527
2023_2024,R2,85,400,1,glcmw5_correlation,0.611833
2023_2024,R2,85,400,1,glcmw5_homogeneity,0.852304
2023_2024,R2,85,400,1,glcmw7_asm,0.352346
2023_2024,R2,85,400,1,glcmw7_contrast,0.330968
2023_2024,R2,85,400,1,glcmw7_entropy,1.52984
2023_2024,R2,85,400,1,glcmw7_correlation,0.702616
2023_2024,R2,85,400,1,glcmw7_homogeneity,0.852329
2023_2024,R2,85,400,1,rgb_glcm_asm,0.025035
2023_2024,R2,85,400,1,rgb_glcm_contrast,1.68596
2023_2024,R2,85,400,1,rgb_glcm_correlation,0.932712
2023_2024,R2,85,400,1,rgb_glcm_variance,12.528
2023_2024,R2,85,400,1,rgb_glcm_idm,0.641221
2023_2024,R2,85,400,1,rgb_glcm_sum_average,10.2134
2023_2024,R2,85,400,1,rgb_glcm_sum_variance,97.37
2023_2024,R2,85,400,1,rgb_glcm_sum_entropy,3.21744
2023_2024,R2,85,400,1,rgb_glcm_entropy,4.09801
2023_2024,R2,85,400,1,rgb_glcm_diff_entropy,1.22175
2023_2024,R2,85,400,1,rgb_glcm_imc1,-0.399962
2023_2024,R2,85,400,1,rgb_glcm_imc2,0.933331
2023_2024,R2,85,400,1,rgb_glcm_mcc,0.933729
2023_2024,R2,85,400,1,rgb_glcm_dissimilarity,0.868868
2023_2024,R2,85,400,1,rgb_glcm_inertia,1.68596
2023_2024,R2,85,400,1,rgb_glcm_cluster_shade,259.767
2023_2024,R2,85,400,1,rgb_glcm_cluster_prominence,7489.08
2023_2024,R2,85,400,1,rgb_glcm_homogeneity,0.667085
2023_2024,R2,85,400,1,rgb_glcmw3_asm,0.432568
2023_2024,R2,85,400,1,rgb_glcmw3_contrast,0.481602
2023_2024,R2,85,400,1,rgb_glcmw3_entropy,1.08592
2023_2024,R2,85,400,1,rgb_glcmw3_correlation,0.438448
2023_2024,R2,85,400,1,rgb_glcmw3_homogeneity,0.810919
2023_2024,R2,85,400,1,rgb_glcmw5_asm,0.31162
2023_2024,R2,85,400,1,rgb_glcmw5_contrast,0.481486
2023_2024,R2,85,400,1,rgb_glcmw5_entropy,1.54758
2023_2024,R2,85,400,1,rgb_glcmw5_correlation,0.628929
2023_2024,R2,85,400,1,rgb_glcmw5_homogeneity,0.810942
2023_2024,R2,85,400,1,rgb_glcmw7_asm,0.253866
2023_2024,R2,85,400,1,rgb_glcmw7_contrast,0.481483
2023_2024,R2,85,400,1,rgb_glcmw7_entropy,1.81858
2023_2024,R2,85,400,1,rgb_glcmw7_correlation,0.718253
2023_2024,R2,85,400,1,rgb_glcmw7_homogeneity,0.810915
2022_2023,R2,d400_b1,400,1,NDVI,0.798668
2022_2023,R2,d400_b1,400,1,GNDVI,0.24563
2022_2023,R2,d400_b1,400,1,NDRE,0.414082
2022_2023,R2,d400_b1,400,1,CIrededge,1.47878
2022_2023,R2,d400_b1,400,1,SAVI,0.660899
2022_2023,R2,d400_b1,400,1,EVI,0.848489
2022_2023,R2,d400_b1,400,1,VARI,1.9153
2022_2023,R2,d400_b1,400,1,TGI,0.204882
2022_2023,R2,d400_b1,400,1,spec_mean,0.301466
2022_2023,R2,d400_b1,400,1,spec_std,0.251772
2022_2023,R2,d400_b1,400,1,spec_p10,0.0499075
2022_2023,R2,d400_b1,400,1,spec_p50,0.218297
2022_2023,R2,d400_b1,400,1,spec_p90,0.732445
2022_2023,R2,d400_b1,400,1,glcm_asm,0.0316099
2022_2023,R2,d400_b1,400,1,glcm_contrast,1.35651
2022_2023,R2,d400_b1,400,1,glcm_correlation,0.970542
2022_2023,R2,d400_b1,400,1,glcm_variance,23.0486
2022_2023,R2,d400_b1,400,1,glcm_idm,0.699829
2022_2023,R2,d400_b1,400,1,glcm_sum_average,15.2449
2022_2023,R2,d400_b1,400,1,glcm_sum_variance,233.951
2022_2023,R2,d400_b1,400,1,glcm_sum_entropy,3.28636
2022_2023,R2,d400_b1,400,1,glcm_entropy,4.01356
2022_2023,R2,d400_b1,400,1,glcm_diff_entropy,1.13577
2022_2023,R2,d400_b1,400,1,glcm_imc1,-0.496009
2022_2023,R2,d400_b1,400,1,glcm_imc2,0.963888
2022_2023,R2,d400_b1,400,1,glcm_mcc,0.972181
2022_2023,R2,d400_b1,400,1,glcm_dissimilarity,0.719458
2022_2023,R2,d400_b1,400,1,glcm_inertia,1.35651
2022_2023,R2,d400_b1,400,1,glcm_cluster_shade,-283.745
2022_2023,R2,d400_b1,400,1,glcm_cluster_prominence,14378.6
2022_2023,R2,d400_b1,400,1,glcm_homogeneity,0.720478
2022_2023,R2,d400_b1,400,1,glcmw3_asm,0.522303
2022_2023,R2,d400_b1,400,1,glcmw3_contrast,0.38839
2022_2023,R2,d400_b1,400,1,glcmw3_entropy,0.900877
2022_2023,R2,d400_b1,400,1,glcmw3_correlation,0.404487
2022_2023,R2,d400_b1,400,1,glcmw3_homogeneity,0.844841
2022_2023,R2,d400_b1,400,1,glcmw5_asm,0.406627
2022_2023,R2,d400_b1,400,1,glcmw5_contrast,0.388354
2022_2023,R2,d400_b1,400,1,glcmw5_entropy,1.30754
2022_2023,R2,d400_b1,400,1,glcmw5_correlation,0.598841
2022_2023,R2,d400_b1,400,1,glcmw5_homogeneity,0.844838
2022_2023,R2,d400_b1,400,1,glcmw7_asm,0.34658
2022_2023,R2,d400_b1,400,1,glcmw7_contrast,0.388286
2022_2023,R2,d400_b1,400,1,glcmw7_entropy,1.56276
2022_2023,R2,d400_b1,400,1,glcmw7_correlation,0.691681
2022_2023,R2,d400_b1,400,1,glcmw7_homogeneity,0.844829
2022_2023,R2,d400_b1,400,1,rgb_glcm_asm,
2022_2023,R2,d400_b1,400,1,rgb_glcm_contrast,
2022_2023,R2,d400_b1,400,1,rgb_glcm_correlation,
2022_2023,R2,d400_b1,400,1,rgb_glcm_variance,
2022_2023,R2,d400_b1,400,1,rgb_glcm_idm,
2022_2023,R2,d400_b1,400,1,rgb_glcm_sum_average,
2022_2023,R2,d400_b1,400,1,rgb_glcm_sum_variance,
2022_2023,R2,d400_b1,400,1,rgb_glcm_sum_entropy,
2022_2023,R2,d400_b1,400,1,rgb_glcm_entropy,
2022_2023,R2,d400_b1,400,1,rgb_glcm_diff_entropy,
2022_2023,R2,d400_b1,400,1,rgb_glcm_imc1,
2022_2023,R2,d400_b1,400,1,rgb_glcm_imc2,
2022_2023,R2,d400_b1,400,1,rgb_glcm_mcc,
2022_2023,R2,d400_b1,400,1,rgb_glcm_dissimilarity,
2022_2023,R2,d400_b1,400,1,rgb_glcm_inertia,
2022_2023,R2,d400_b1,400,1,rgb_glcm_cluster_shade,
2022_2023,R2,d400_b1,400,1,rgb_glcm_cluster_prominence,
2022_2023,R2,d400_b1,400,1,rgb_glcm_homogeneity,
2022_2023,R2,d400_b1,400,1,rgb_glcmw3_asm,
2022_2023,R2,d400_b1,400,1,rgb_glcmw3_contrast,
2022_2023,R2,d400_b1,400,1,rgb_glcmw3_entropy,
2022_2023,R2,d400_b1,400,1,rgb_glcmw3_correlation,
2022_2023,R2,d400_b1,400,1,rgb_glcmw3_homogeneity,
2022_2023,R2,d400_b1,400,1,rgb_glcmw5_asm,
2022_2023,R2,d400_b1,400,1,rgb_glcmw5_contrast,
2022_2023,R2,d400_b1,400,1,rgb_glcmw5_entropy,
2022_2023,R2,d400_b1,400,1,rgb_glcmw5_correlation,
2022_2023,R2,d400_b1,400,1,rgb_glcmw5_homogeneity,
2022_2023,R2,d400_b1,400,1,rgb_glcmw7_asm,
2022_2023,R2,d400_b1,400,1,rgb_glcmw7_contrast,
2022_2023,R2,d400_b1,400,1,rgb_glcmw7_entropy,
2022_2023,R2,d400_b1,400,1,rgb_glcmw7_correlation,
2022_2023,R2,d400_b1,400,1,rgb_glcmw7_homogeneity,
2023_2024,R2,113,400,2,NDVI,0.700614
2023_2024,R2,113,400,2,GNDVI,0.121138
2023_2024,R2,113,400,2,NDRE,0.317962
2023_2024,R2,113,400,2,CIrededge,0.988294
2023_2024,R2,113,400,2,SAVI,0.593191
2023_2024,R2,113,400,2,EVI,-1.48484
2023_2024,R2,113,400,2,VARI,1.18062
2023_2024,R2,113,400,2,TGI,0.269456
2023_2024,R2,113,400,2,spec_mean,0.320501
2023_2024,R2,113,400,2,spec_std,0.229324
2023_2024,R2,113,400,2,spec_p10,0.0728001
2023_2024,R2,113,400,2,spec_p50,0.268602
2023_2024,R2,113,400,2,spec_p90,0.686025
2023_2024,R2,113,400,2,glcm_asm,0.0342111
2023_2024,R2,113,400,2,glcm_contrast,1.10456
2023_2024,R2,113,400,2,glcm_correlation,0.976002
2023_2024,R2,113,400,2,glcm_variance,23.0133
2023_2024,R2,113,400,2,glcm_idm,0.715608
2023_2024,R2,113,400,2,glcm_sum_average,12.8042
2023_2024,R2,113,400,2,glcm_sum_variance,181.537
2023_2024,R2,113,400,2,glcm_sum_entropy,3.2864
2023_2024,R2,113,400,2,glcm_entropy,3.94744
2023_2024,R2,113,400,2,glcm_diff_entropy,1.07068
2023_2024,R2,113,400,2,glcm_imc1,-0.520688
2023_2024,R2,113,400,2,glcm_imc2,0.968447
2023_2024,R2,113,400,2,glcm_mcc,0.976579
2023_2024,R2,113,400,2,glcm_dissimilarity,0.656091
2023_2024,R2,113,400,2,glcm_inertia,1.10456
2023_2024,R2,113,400,2,glcm_cluster_shade,100.891
2023_2024,R2,113,400,2,glcm_cluster_prominence,13072.4
2023_2024,R2,113,400,2,glcm_homogeneity,0.73375
2023_2024,R2,113,400,2,glcmw3_asm,0.542374
2023_2024,R2,113,400,2,glcmw3_contrast,0.330613
2023_2024,R2,113,400,2,glcmw3_entropy,0.849075
2023_2024,R2,113,400,2,glcmw3_correlation,0.409839
2023_2024,R2,113,400,2,glcmw3_homogeneity,0.855804
2023_2024,R2,113,400,2,glcmw5_asm,0.427087
2023_2024,R2,113,400,2,glcmw5_contrast,0.330641
2023_2024,R2,113,400,2,glcmw5_entropy,1.2405
2023_2024,R2,113,400,2,glcmw5_correlation,0.602098
2023_2024,R2,113,400,2,glcmw5_homogeneity,0.85579
2023_2024,R2,113,400,2,glcmw7_asm,0.366401
2023_2024,R2,113,400,2,glcmw7_contrast,0.330704
2023_2024,R2,113,400,2,glcmw7_entropy,1.49039
2023_2024,R2,113,400,2,glcmw7_correlation,0.697345
2023_2024,R2,113,400,2,glcmw7_homogeneity,0.855771
2023_2024,R2,113,400,2,rgb_glcm_asm,0.0256775
2023_2024,R2,113,400,2,rgb_glcm_contrast,1.64743
2023_2024,R2,113,400,2,rgb_glcm_correlation,0.935798
2023_2024,R2,113,400,2,rgb_glcm_variance,12.8301
2023_2024,R2,113,400,2,rgb_glcm_idm,0.654965
2023_2024,R2,113,400,2,rgb_glcm_sum_average,10.3302
2023_2024,R2,113,400,2,rgb_glcm_sum_variance,100.123
2023_2024,R2,113,400,2,rgb_glcm_sum_entropy,3.22738
2023_2024,R2,113,400,2,rgb_glcm_entropy,4.0822
2023_2024,R2,113,400,2,rgb_glcm_diff_entropy,1.20567
2023_2024,R2,113,400,2,rgb_glcm_imc1,-0.413617
2023_2024,R2,113,400,2,rgb_glcm_imc2,0.93862
2023_2024,R2,113,400,2,rgb_glcm_mcc,0.937882
2023_2024,R2,113,400,2,rgb_glcm_dissimilarity,0.837514
2023_2024,R2,113,400,2,rgb_glcm_inertia,1.64743
2023_2024,R2,113,400,2,rgb_glcm_cluster_shade,256.33
2023_2024,R2,113,400,2,rgb_glcm_cluster_prominence,7714.74
2023_2024,R2,113,400,2,rgb_glcm_homogeneity,0.678871
2023_2024,R2,113,400,2,rgb_glcmw3_asm,0.451101
2023_2024,R2,113,400,2,rgb_glcmw3_contrast,0.47103
2023_2024,R2,113,400,2,rgb_glcmw3_entropy,1.04518
2023_2024,R2,113,400,2,rgb_glcmw3_correlation,0.423752
2023_2024,R2,113,400,2,rgb_glcmw3_homogeneity,0.818978
2023_2024,R2,113,400,2,rgb_glcmw5_asm,0.330534
2023_2024,R2,113,400,2,rgb_glcmw5_contrast,0.471012
2023_2024,R2,113,400,2,rgb_glcmw5_entropy,1.49294
2023_2024,R2,113,400,2,rgb_glcmw5_correlation,0.616385
2023_2024,R2,113,400,2,rgb_glcmw5_homogeneity,0.819011
2023_2024,R2,113,400,2,rgb_glcmw7_asm,0.272468
2023_2024,R2,113,400,2,rgb_glcmw7_contrast,0.471117
2023_2024,R2,113,400,2,rgb_glcmw7_entropy,1.75596
2023_2024,R2,113,400,2,rgb_glcmw7_correlation,0.706603
2023_2024,R2,113,400,2,rgb_glcmw7_homogeneity,0.819008
2022_2023,R2,d400_b2,400,2,NDVI,0.798325
2022_2023,R2,d400_b2,400,2,GNDVI,0.248176
2022_2023,R2,d400_b2,400,2,NDRE,0.407414
2022_2023,R2,d400_b2,400,2,CIrededge,1.43576
2022_2023,R2,d400_b2,400,2,SAVI,0.657613
2022_2023,R2,d400_b2,400,2,EVI,0.854221
2022_2023,R2,d400_b2,400,2,VARI,1.83893
2022_2023,R2,d400_b2,400,2,TGI,0.202294
2022_2023,R2,d400_b2,400,2,spec_mean,0.297233
2022_2023,R2,d400_b2,400,2,spec_std,0.2502
2022_2023,R2,d400_b2,400,2,spec_p10,0.0494121
2022_2023,R2,d400_b2,400,2,spec_p50,0.215966
2022_2023,R2,d400_b2,400,2,spec_p90,0.723782
2022_2023,R2,d400_b2,400,2,glcm_asm,0.0347948
2022_2023,R2,d400_b2,400,2,glcm_contrast,1.4552
2022_2023,R2,d400_b2,400,2,glcm_correlation,0.969053
2022_2023,R2,d400_b2,400,2,glcm_variance,23.5627
2022_2023,R2,d400_b2,400,2,glcm_idm,0.691586
2022_2023,R2,d400_b2,400,2,glcm_sum_average,14.8959
2022_2023,R2,d400_b2,400,2,glcm_sum_variance,228.321
2022_2023,R2,d400_b2,400,2,glcm_sum_entropy,3.26878
2022_2023,R2,d400_b2,400,2,glcm_entropy,4.01789
2022_2023,R2,d400_b2,400,2,glcm_diff_entropy,1.16158
2022_2023,R2,d400_b2,400,2,glcm_imc1,-0.48649
2022_2023,R2,d400_b2,400,2,glcm_imc2,0.961438
2022_2023,R2,d400_b2,400,2,glcm_mcc,0.97074
2022_2023,R2,d400_b2,400,2,glcm_dissimilarity,0.748395
2022_2023,R2,d400_b2,400,2,glcm_inertia,1.4552
2022_2023,R2,d400_b2,400,2,glcm_cluster_shade,-251.153
2022_2023,R2,d400_b2,400,2,glcm_cluster_prominence,14758.6
2022_2023,R2,d400_b2,400,2,glcm_homogeneity,0.71355
2022_2023,R2,d400_b2,400,2,glcmw3_asm,0.519969
2022_2023,R2,d400_b2,400,2,glcmw3_contrast,0.407886
2022_2023,R2,d400_b2,400,2,glcmw3_entropy,0.910741
2022_2023,R2,d400_b2,400,2,glcmw3_correlation,0.408702
2022_2023,R2,d400_b2,400,2,glcmw3_homogeneity,0.841254
2022_2023,R2,d400_b2,400,2,glcmw5_asm,0.404996
2022_2023,R2,d400_b2,400,2,glcmw5_contrast,0.407925
2022_2023,R2,d400_b2,400,2,glcmw5_entropy,1.32238
2022_2023,R2,d400_b2,400,2,glcmw5_correlation,0.603738
2022_2023,R2,d400_b2,400,2,glcmw5_homogeneity,0.841245
2022_2023,R2,d400_b2,400,2,glcmw7_asm,0.34499
2022_2023,R2,d400_b2,400,2,glcmw7_contrast,0.408028
2022_2023,R2,d400_b2,400,2,glcmw7_entropy,1.58263
2022_2023,R2,d400_b2,400,2,glcmw7_correlation,0.697509
2022_2023,R2,d400_b2,400,2,glcmw7_homogeneity,0.841212
2022_2023,R2,d400_b2,400,2,rgb_glcm_asm,
2022_2023,R2,d400_b2,400,2,rgb_glcm_contrast,
2022_2023,R2,d400_b2,400,2,rgb_glcm_correlation,
2022_2023,R2,d400_b2,400,2,rgb_glcm_variance,
2022_2023,R2,d400_b2,400,2,rgb_glcm_idm,
2022_2023,R2,d400_b2,400,2,rgb_glcm_sum_average,
2022_2023,R2,d400_b2,400,2,rgb_glcm_sum_variance,
2022_2023,R2,d400_b2,400,2,rgb_glcm_sum_entropy,
2022_2023,R2,d400_b2,400,2,rgb_glcm_entropy,
2022_2023,R2,d400_b2,400,2,rgb_glcm_diff_entropy,
2022_2023,R2,d400_b2,400,2,rgb_glcm_imc1,
2022_2023,R2,d400_b2,400,2,rgb_glcm_imc2,
2022_2023,R2,d400_b2,400,2,rgb_glcm_mcc,
2022_2023,R2,d400_b2,400,2,rgb_glcm_dissimilarity,
2022_2023,R2,d400_b2,400,2,rgb_glcm_inertia,
2022_2023,R2,d400_b2,400,2,rgb_glcm_cluster_shade,
2022_2023,R2,d400_b2,400,2,rgb_glcm_cluster_prominence,
2022_2023,R2,d400_b2,400,2,rgb_glcm_homogeneity,
2022_2023,R2,d400_b2,400,2,rgb_glcmw3_asm,
2022_2023,R2,d400_b2,400,2,rgb_glcmw3_contrast,
2022_2023,R2,d400_b2,400,2,rgb_glcmw3_entropy,
2022_2023,R2,d400_b2,400,2,rgb_glcmw3_correlation,
2022_2023,R2,d400_b2,400,2,rgb_glcmw3_homogeneity,
2022_2023,R2,d400_b2,400,2,rgb_glcmw5_asm,
2022_2023,R2,d400_b2,400,2,rgb_glcmw5_contrast,
2022_2023,R2,d400_b2,400,2,rgb_glcmw5_entropy,
2022_2023,R2,d400_b2,400,2,rgb_glcmw5_correlation,
2022_2023,R2,d400_b2,400,2,rgb_glcmw5_homogeneity,
2022_2023,R2,d400_b2,400,2,rgb_glcmw7_asm,
2022_2023,R2,d400_b2,400,2,rgb_glcmw7_contrast,
2022_2023,R2,d400_b2,400,2,rgb_glcmw7_entropy,
2022_2023,R2,d400_b2,400,2,rgb_glcmw7_correlation,
2022_2023,R2,d400_b2,400,2,rgb_glcmw7_homogeneity,
2023_2024,R2,124,400,3,NDVI,0.751702
2023_2024,R2,124,400,3,GNDVI,0.174863
2023_2024,R2,124,400,3,NDRE,0.352283
2023_2024,R2,124,400,3,CIrededge,1.15451
2023_2024,R2,124,400,3,SAVI,0.63755
2023_2024,R2,124,400,3,EVI,-0.0404282
2023_2024,R2,124,400,3,VARI,1.25725
2023_2024,R2,124,400,3,TGI,0.260681
2023_2024,R2,124,400,3,spec_mean,0.309207
2023_2024,R2,124,400,3,spec_std,0.240182
2023_2024,R2,124,400,3,spec_p10,0.0608764
2023_2024,R2,124,400,3,spec_p50,0.248301
2023_2024,R2,124,400,3,spec_p90,0.717905
2023_2024,R2,124,400,3,glcm_asm,0.0375024
2023_2024,R2,124,400,3,glcm_contrast,1.03362
2023_2024,R2,124,400,3,glcm_correlation,0.978324
2023_2024,R2,124,400,3,glcm_variance,23.8424
2023_2024,R2,124,400,3,glcm_idm,0.726226
2023_2024,R2,124,400,3,glcm_sum_average,14.0932
2023_2024,R2,124,400,3,glcm_sum_variance,212.054
2023_2024,R2,124,400,3,glcm_sum_entropy,3.24343
2023_2024,R2,124,400,3,glcm_entropy,3.87338
2023_2024,R2,124,400,3,glcm_diff_entropy,1.04448
2023_2024,R2,124,400,3,glcm_imc1,-0.533889
2023_2024,R2,124,400,3,glcm_imc2,0.96977
2023_2024,R2,124,400,3,glcm_mcc,0.980703
2023_2024,R2,124,400,3,glcm_dissimilarity,0.626613
2023_2024,R2,124,400,3,glcm_inertia,1.03362
2023_2024,R2,124,400,3,glcm_cluster_shade,-159.84
2023_2024,R2,124,400,3,glcm_cluster_prominence,14190.5
2023_2024,R2,124,400,3,glcm_homogeneity,0.742751
2023_2024,R2,124,400,3,glcmw3_asm,0.563241
2023_2024,R2,124,400,3,glcmw3_contrast,0.311672
2023_2024,R2,124,400,3,glcmw3_entropy,0.811615
2023_2024,R2,124,400,3,glcmw3_correlation,0.384966
2023_2024,R2,124,400,3,glcmw3_homogeneity,0.8633
2023_2024,R2,124,400,3,glcmw5_asm,0.454942
2023_2024,R2,124,400,3,glcmw5_contrast,0.311689
2023_2024,R2,124,400,3,glcmw5_entropy,1.18295
2023_2024,R2,124,400,3,glcmw5_correlation,0.564088
2023_2024,R2,124,400,3,glcmw5_homogeneity,0.863298
2023_2024,R2,124,400,3,glcmw7_asm,0.398588
2023_2024,R2,124,400,3,glcmw7_contrast,0.311642
2023_2024,R2,124,400,3,glcmw7_entropy,1.4189
2023_2024,R2,124,400,3,glcmw7_correlation,0.650229
2023_2024,R2,124,400,3,glcmw7_homogeneity,0.863302
2023_2024,R2,124,400,3,rgb_glcm_asm,0.0275367
2023_2024,R2,124,400,3,rgb_glcm_contrast,1.83015
2023_2024,R2,124,400,3,rgb_glcm_correlation,0.925534
2023_2024,R2,124,400,3,rgb_glcm_variance,12.2885
2023_2024,R2,124,400,3,rgb_glcm_idm,0.645353
2023_2024,R2,124,400,3,rgb_glcm_sum_average,9.98279
2023_2024,R2,124,400,3,rgb_glcm_sum_variance,93.5122
2023_2024,R2,124,400,3,rgb_glcm_sum_entropy,3.18658
2023_2024,R2,124,400,3,rgb_glcm_entropy,4.07195
2023_2024,R2,124,400,3,rgb_glcm_diff_entropy,1.24956
2023_2024,R2,124,400,3,rgb_glcm_imc1,-0.39239
2023_2024,R2,124,400,3,rgb_glcm_imc2,0.928979
2023_2024,R2,124,400,3,rgb_glcm_mcc,0.927557
2023_2024,R2,124,400,3,rgb_glcm_dissimilarity,0.881419
2023_2024,R2,124,400,3,rgb_glcm_inertia,1.83015
2023_2024,R2,124,400,3,rgb_glcm_cluster_shade,289.739
2023_2024,R2,124,400,3,rgb_glcm_cluster_prominence,7709.83
2023_2024,R2,124,400,3,rgb_glcm_homogeneity,0.671965
2023_2024,R2,124,400,3,rgb_glcmw3_asm,0.442993
2023_2024,R2,124,400,3,rgb_glcmw3_contrast,0.50855
2023_2024,R2,124,400,3,rgb_glcmw3_entropy,1.07304
2023_2024,R2,124,400,3,rgb_glcmw3_correlation,0.438513
2023_2024,R2,124,400,3,rgb_glcmw3_homogeneity,0.811024
2023_2024,R2,124,400,3,rgb_glcmw5_asm,0.324079
2023_2024,R2,124,400,3,rgb_glcmw5_contrast,0.508708
2023_2024,R2,124,400,3,rgb_glcmw5_entropy,1.53615
2023_2024,R2,124,400,3,rgb_glcmw5_correlation,0.624991
2023_2024,R2,124,400,3,rgb_glcmw5_homogeneity,0.81099
2023_2024,R2,124,400,3,rgb_glcmw7_asm,0.267938
2023_2024,R2,124,400,3,rgb_glcmw7_contrast,0.508625
2023_2024,R2,124,400,3,rgb_glcmw7_entropy,1.80863
2023_2024,R2,124,400,3,rgb_glcmw7_correlation,0.712057
2023_2024,R2,124,400,3,rgb_glcmw7_homogeneity,0.81099
2022_2023,R2,d400_b3,400,3,NDVI,0.7969
2022_2023,R2,d400_b3,400,3,GNDVI,0.20746
2022_2023,R2,d400_b3,400,3,NDRE,0.403631
2022_2023,R2,d400_b3,400,3,CIrededge,1.41311
2022_2023,R2,d400_b3,400,3,SAVI,0.656401
2022_2023,R2,d400_b3,400,3,EVI,-2.9671
2022_2023,R2,d400_b3,400,3,VARI,2.81008
2022_2023,R2,d400_b3,400,3,TGI,0.215594
2022_2023,R2,d400_b3,400,3,spec_mean,0.305633
2022_2023,R2,d400_b3,400,3,spec_std,0.250477
2022_2023,R2,d400_b3,400,3,spec_p10,0.0497693
2022_2023,R2,d400_b3,400,3,spec_p50,0.233677
2022_2023,R2,d400_b3,400,3,spec_p90,0.733197
2022_2023,R2,d400_b3,400,3,glcm_asm,0.0352368
2022_2023,R2,d400_b3,400,3,glcm_contrast,1.40188
2022_2023,R2,d400_b3,400,3,glcm_correlation,0.97044
2022_2023,R2,d400_b3,400,3,glcm_variance,23.6944
2022_2023,R2,d400_b3,400,3,glcm_idm,0.698104
2022_2023,R2,d400_b3,400,3,glcm_sum_average,15.0821
2022_2023,R2,d400_b3,400,3,glcm_sum_variance,233.251
2022_2023,R2,d400_b3,400,3,glcm_sum_entropy,3.26026
2022_2023,R2,d400_b3,400,3,glcm_entropy,3.98856
2022_2023,R2,d400_b3,400,3,glcm_diff_entropy,1.14704
2022_2023,R2,d400_b3,400,3,glcm_imc1,-0.493238
2022_2023,R2,d400_b3,400,3,glcm_imc2,0.962558
2022_2023,R2,d400_b3,400,3,glcm_mcc,0.971923
2022_2023,R2,d400_b3,400,3,glcm_dissimilarity,0.72924
2022_2023,R2,d400_b3,400,3,glcm_inertia,1.40188
2022_2023,R2,d400_b3,400,3,glcm_cluster_shade,-291.466
2022_2023,R2,d400_b3,400,3,glcm_cluster_prominence,14969.1
2022_2023,R2,d400_b3,400,3,glcm_homogeneity,0.71937
2022_2023,R2,d400_b3,400,3,glcmw3_asm,0.526305
2022_2023,R2,d400_b3,400,3,glcmw3_contrast,0.394486
2022_2023,R2,d400_b3,400,3,glcmw3_entropy,0.895897
2022_2023,R2,d400_b3,400,3,glcmw3_correlation,0.406581
2022_2023,R2,d400_b3,400,3,glcmw3_homogeneity,0.844608
2022_2023,R2,d400_b3,400,3,glcmw5_asm,0.41081
2022_2023,R2,d400_b3,400,3,glcmw5_contrast,0.394433
2022_2023,R2,d400_b3,400,3,glcmw5_entropy,1.30241
2022_2023,R2,d400_b3,400,3,glcmw5_correlation,0.603663
2022_2023,R2,d400_b3,400,3,glcmw5_homogeneity,0.844597
2022_2023,R2,d400_b3,400,3,glcmw7_asm,0.349831
2022_2023,R2,d400_b3,400,3,glcmw7_contrast,0.394491
2022_2023,R2,d400_b3,400,3,glcmw7_entropy,1.55977
2022_2023,R2,d400_b3,400,3,glcmw7_correlation,0.699406
2022_2023,R2,d400_b3,400,3,glcmw7_homogeneity,0.844586
2022_2023,R2,d400_b3,400,3,rgb_glcm_asm,
2022_2023,R2,d400_b3,400,3,rgb_glcm_contrast,
2022_2023,R2,d400_b3,400,3,rgb_glcm_correlation,
2022_2023,R2,d400_b3,400,3,rgb_glcm_variance,
2022_2023,R2,d400_b3,400,3,rgb_glcm_idm,
2022_2023,R2,d400_b3,400,3,rgb_glcm_sum_average,
2022_2023,R2,d400_b3,400,3,rgb_glcm_sum_variance,
2022_2023,R2,d400_b3,400,3,rgb_glcm_sum_entropy,
2022_2023,R2,d400_b3,400,3,rgb_glcm_entropy,
2022_2023,R2,d400_b3,400,3,rgb_glcm_diff_entropy,
2022_2023,R2,d400_b3,400,3,rgb_glcm_imc1,
2022_2023,R2,d400_b3,400,3,rgb_glcm_imc2,
2022_2023,R2,d400_b3,400,3,rgb_glcm_mcc,
2022_2023,R2,d400_b3,400,3,rgb_glcm_dissimilarity,
2022_2023,R2,d400_b3,400,3,rgb_glcm_inertia,
2022_2023,R2,d400_b3,400,3,rgb_glcm_cluster_shade,
2022_2023,R2,d400_b3,400,3,rgb_glcm_cluster_prominence,
2022_2023,R2,d400_b3,400,3,rgb_glcm_homogeneity,
2022_2023,R2,d400_b3,400,3,rgb_glcmw3_asm,
2022_2023,R2,d400_b3,400,3,rgb_glcmw3_contrast,
2022_2023,R2,d400_b3,400,3,rgb_glcmw3_entropy,
2022_2023,R2,d400_b3,400,3,rgb_glcmw3_correlation,
2022_2023,R2,d400_b3,400,3,rgb_glcmw3_homogeneity,
2022_2023,R2,d400_b3,400,3,rgb_glcmw5_asm,
2022_2023,R2,d400_b3,400,3,rgb_glcmw5_contrast,
2022_2023,R2,d400_b3,400,3,rgb_glcmw5_entropy,
2022_2023,R2,d400_b3,400,3,rgb_glcmw5_correlation,
2022_2023,R2,d400_b3,400,3,rgb_glcmw5_homogeneity,
2022_2023,R2,d400_b3,400,3,rgb_glcmw7_asm,
2022_2023,R2,d400_b3,400,3,rgb_glcmw7_contrast,
2022_2023,R2,d400_b3,400,3,rgb_glcmw7_entropy,
2022_2023,R2,d400_b3,400,3,rgb_glcmw7_correlation,
2022_2023,R2,d400_b3,400,3,rgb_glcmw7_homogeneity,
2023_2024,R2,128,400,4,NDVI,0.744452
2023_2024,R2,128,400,4,GNDVI,0.163274
2023_2024,R2,128,400,4,NDRE,0.350059
2023_2024,R2,128,400,4,CIrededge,1.14241
2023_2024,R2,128,400,4,SAVI,0.625111
2023_2024,R2,128,400,4,EVI,2.4244
2023_2024,R2,128,400,4,VARI,1.26154
2023_2024,R2,128,400,4,TGI,0.257296
2023_2024,R2,128,400,4,spec_mean,0.307438
2023_2024,R2,128,400,4,spec_std,0.237112
2023_2024,R2,128,400,4,spec_p10,0.0621722
2023_2024,R2,128,400,4,spec_p50,0.250138
2023_2024,R2,128,400,4,spec_p90,0.706364
2023_2024,R2,128,400,4,glcm_asm,0.0376485
2023_2024,R2,128,400,4,glcm_contrast,1.03381
2023_2024,R2,128,400,4,glcm_correlation,0.97812
2023_2024,R2,128,400,4,glcm_variance,23.6244
2023_2024,R2,128,400,4,glcm_idm,0.721734
2023_2024,R2,128,400,4,glcm_sum_average,13.8234
2023_2024,R2,128,400,4,glcm_sum_variance,205.389
2023_2024,R2,128,400,4,glcm_sum_entropy,3.24397
2023_2024,R2,128,400,4,glcm_entropy,3.87716
2023_2024,R2,128,400,4,glcm_diff_entropy,1.04673
2023_2024,R2,128,400,4,glcm_imc1,-0.528833
2023_2024,R2,128,400,4,glcm_imc2,0.968721
2023_2024,R2,128,400,4,glcm_mcc,0.97986
2023_2024,R2,128,400,4,glcm_dissimilarity,0.634437
2023_2024,R2,128,400,4,glcm_inertia,1.03381
2023_2024,R2,128,400,4,glcm_cluster_shade,-98.9118
2023_2024,R2,128,400,4,glcm_cluster_prominence,13526
2023_2024,R2,128,400,4,glcm_homogeneity,0.738435
2023_2024,R2,128,400,4,glcmw3_asm,0.558728
2023_2024,R2,128,400,4,glcmw3_contrast,0.312226
2023_2024,R2,128,400,4,glcmw3_entropy,0.820513
2023_2024,R2,128,400,4,glcmw3_correlation,0.390838
2023_2024,R2,128,400,4,glcmw3_homogeneity,0.861525
2023_2024,R2,128,400,4,glcmw5_asm,0.448848
2023_2024,R2,128,400,4,glcmw5_contrast,0.312229
2023_2024,R2,128,400,4,glcmw5_entropy,1.19572
2023_2024,R2,128,400,4,glcmw5_correlation,0.576456
2023_2024,R2,128,400,4,glcmw5_homogeneity,0.861527
2023_2024,R2,128,400,4,glcmw7_asm,0.391183
2023_2024,R2,128,400,4,glcmw7_contrast,0.312316
2023_2024,R2,128,400,4,glcmw7_entropy,1.43502
2023_2024,R2,128,400,4,glcmw7_correlation,0.66741
2023_2024,R2,128,400,4,glcmw7_homogeneity,0.861488
2023_2024,R2,128,400,4,rgb_glcm_asm,0.0277595
2023_2024,R2,128,400,4,rgb_glcm_contrast,1.76541
2023_2024,R2,128,400,4,rgb_glcm_correlation,0.927466
2023_2024,R2,128,400,4,rgb_glcm_variance,12.1696
2023_2024,R2,128,400,4,rgb_glcm_idm,0.6499
2023_2024,R2,128,400,4,rgb_glcm_sum_average,10.1942
2023_2024,R2,128,400,4,rgb_glcm_sum_variance,96.0133
2023_2024,R2,128,400,4,rgb_glcm_sum_entropy,3.18706
2023_2024,R2,128,400,4,rgb_glcm_entropy,4.05844
2023_2024,R2,128,400,4,rgb_glcm_diff_entropy,1.23627
2023_2024,R2,128,400,4,rgb_glcm_imc1,-0.401119
2023_2024,R2,128,400,4,rgb_glcm_imc2,0.932466
2023_2024,R2,128,400,4,rgb_glcm_mcc,0.932767
2023_2024,R2,128,400,4,rgb_glcm_dissimilarity,0.864448
2023_2024,R2,128,400,4,rgb_glcm_inertia,1.76541
2023_2024,R2,128,400,4,rgb_glcm_cluster_shade,258.99
2023_2024,R2,128,400,4,rgb_glcm_cluster_prominence,7451.39
2023_2024,R2,128,400,4,rgb_glcm_homogeneity,0.675796
2023_2024,R2,128,400,4,rgb_glcmw3_asm,0.44685
2023_2024,R2,128,400,4,rgb_glcmw3_contrast,0.49629
2023_2024,R2,128,400,4,rgb_glcmw3_entropy,1.06534
2023_2024,R2,128,400,4,rgb_glcmw3_correlation,0.433919
2023_2024,R2,128,400,4,rgb_glcmw3_homogeneity,0.813315
2023_2024,R2,128,400,4,rgb_glcmw5_asm,0.329488
2023_2024,R2,128,400,4,rgb_glcmw5_contrast,0.496209
2023_2024,R2,128,400,4,rgb_glcmw5_entropy,1.52226
2023_2024,R2,128,400,4,rgb_glcmw5_correlation,0.61921
2023_2024,R2,128,400,4,rgb_glcmw5_homogeneity,0.813325
2023_2024,R2,128,400,4,rgb_glcmw7_asm,0.274413
2023_2024,R2,128,400,4,rgb_glcmw7_contrast,0.495964
2023_2024,R2,128,400,4,rgb_glcmw7_entropy,1.78859
2023_2024,R2,128,400,4,rgb_glcmw7_correlation,0.708372
2023_2024,R2,128,400,4,rgb_glcmw7_homogeneity,0.813384
2022_2023,R2,d400_b4,400,4,NDVI,0.818311
2022_2023,R2,d400_b4,400,4,GNDVI,0.255112
2022_2023,R2,d400_b4,400,4,NDRE,0.427888
2022_2023,R2,d400_b4,400,4,CIrededge,1.56463
2022_2023,R2,d400_b4,400,4,SAVI,0.676652
2022_2023,R2,d400_b4,400,4,EVI,2.25129
2022_2023,R2,d400_b4,400,4,VARI,2.21296
2022_2023,R2,d400_b4,400,4,TGI,0.209317
2022_2023,R2,d400_b4,400,4,spec_mean,0.300245
2022_2023,R2,d400_b4,400,4,spec_std,0.25428
2022_2023,R2,d400_b4,400,4,spec_p10,0.0447278
2022_2023,R2,d400_b4,400,4,spec_p50,0.218994
2022_2023,R2,d400_b4,400,4,spec_p90,0.734477
2022_2023,R2,d400_b4,400,4,glcm_asm,0.0298937
2022_2023,R2,d400_b4,400,4,glcm_contrast,1.45474
2022_2023,R2,d400_b4,400,4,glcm_correlation,0.966659
2022_2023,R2,d400_b4,400,4,glcm_variance,21.8182
2022_2023,R2,d400_b4,400,4,glcm_idm,0.683902
2022_2023,R2,d400_b4,400,4,glcm_sum_average,15.6473
2022_2023,R2,d400_b4,400,4,glcm_sum_variance,238.886
2022_2023,R2,d400_b4,400,4,glcm_sum_entropy,3.28913
2022_2023,R2,d400_b4,400,4,glcm_entropy,4.05725
2022_2023,R2,d400_b4,400,4,glcm_diff_entropy,1.1668
2022_2023,R2,d400_b4,400,4,glcm_imc1,-0.476914
2022_2023,R2,d400_b4,400,4,glcm_imc2,0.959778
2022_2023,R2,d400_b4,400,4,glcm_mcc,0.968859
2022_2023,R2,d400_b4,400,4,glcm_dissimilarity,0.76249
2022_2023,R2,d400_b4,400,4,glcm_inertia,1.45474
2022_2023,R2,d400_b4,400,4,glcm_cluster_shade,-326.363
2022_2023,R2,d400_b4,400,4,glcm_cluster_prominence,13987.9
2022_2023,R2,d400_b4,400,4,glcm_homogeneity,0.706386
2022_2023,R2,d400_b4,400,4,glcmw3_asm,0.5013
2022_2023,R2,d400_b4,400,4,glcmw3_contrast,0.41158
2022_2023,R2,d400_b4,400,4,glcmw3_entropy,0.944091
2022_2023,R2,d400_b4,400,4,glcmw3_correlation,0.429616
2022_2023,R2,d400_b4,400,4,glcmw3_homogeneity,0.836098
2022_2023,R2,d400_b4,400,4,glcmw5_asm,0.381643
2022_2023,R2,d400_b4,400,4,glcmw5_contrast,0.411583
2022_2023,R2,d400_b4,400,4,glcmw5_entropy,1.37143
2022_2023,R2,d400_b4,400,4,glcmw5_correlation,0.628671
2022_2023,R2,d400_b4,400,4,glcmw5_homogeneity,0.836109
2022_2023,R2,d400_b4,400,4,glcmw7_asm,0.319683
2022_2023,R2,d400_b4,400,4,glcmw7_contrast,0.411498
2022_2023,R2,d400_b4,400,4,glcmw7_entropy,1.64054
2022_2023,R2,d400_b4,400,4,glcmw7_correlation,0.721709
2022_2023,R2,d400_b4,400,4,glcmw7_homogeneity,0.836137
2022_2023,R2,d400_b4,400,4,rgb_glcm_asm,
2022_2023,R2,d400_b4,400,4,rgb_glcm_contrast,
2022_2023,R2,d400_b4,400,4,rgb_glcm_correlation,
2022_2023,R2,d400_b4,400,4,rgb_glcm_variance,
2022_2023,R2,d400_b4,400,4,rgb_glcm_idm,
2022_2023,R2,d400_b4,400,4,rgb_glcm_sum_average,
2022_2023,R2,d400_b4,400,4,rgb_glcm_sum_variance,
2022_2023,R2,d400_b4,400,4,rgb_glcm_sum_entropy,
2022_2023,R2,d400_b4,400,4,rgb_glcm_entropy,
2022_2023,R2,d400_b4,400,4,rgb_glcm_diff_entropy,
2022_2023,R2,d400_b4,400,4,rgb_glcm_imc1,
2022_2023,R2,d400_b4,400,4,rgb_glcm_imc2,
2022_2023,R2,d400_b4,400,4,rgb_glcm_mcc,
2022_2023,R2,d400_b4,400,4,rgb_glcm_dissimilarity,
2022_2023,R2,d400_b4,400,4,rgb_glcm_inertia,
2022_2023,R2,d400_b4,400,4,rgb_glcm_cluster_shade,
2022_2023,R2,d400_b4,400,4,rgb_glcm_cluster_prominence,
2022_2023,R2,d400_b4,400,4,rgb_glcm_homogeneity,
2022_2023,R2,d400_b4,400,4,rgb_glcmw3_asm,
2022_2023,R2,d400_b4,400,4,rgb_glcmw3_contrast,
2022_2023,R2,d400_b4,400,4,rgb_glcmw3_entropy,
2022_2023,R2,d400_b4,400,4,rgb_glcmw3_correlation,
2022_2023,R2,d400_b4,400,4,rgb_glcmw3_homogeneity,
2022_2023,R2,d400_b4,400,4,rgb_glcmw5_asm,
2022_2023,R2,d400_b4,400,4,rgb_glcmw5_contrast,
2022_2023,R2,d400_b4,400,4,rgb_glcmw5_entropy,
2022_2023,R2,d400_b4,400,4,rgb_glcmw5_correlation,
2022_2023,R2,d400_b4,400,4,rgb_glcmw5_homogeneity,
2022_2023,R2,d400_b4,400,4,rgb_glcmw7_asm,
2022_2023,R2,d400_b4,400,4,rgb_glcmw7_contrast,
2022_2023,R2,d400_b4,400,4,rgb_glcmw7_entropy,
2022_2023,R2,d400_b4,400,4,rgb_glcmw7_correlation,
2022_2023,R2,d400_b4,400,4,rgb_glcmw7_homogeneity,
2023_2024,R5,1,0,1,NDVI,0.571617
2023_2024,R5,1,0,1,GNDVI,0.190561
2023_2024,R5,1,0,1,NDRE,0.178008
2023_2024,R5,1,0,1,CIrededge,0.445452
2023_2024,R5,1,0,1,SAVI,0.479197
2023_2024,R5,1,0,1,EVI,0.0407528
2023_2024,R5,1,0,1,VARI,0.631221
2023_2024,R5,1,0,1,TGI,0.221917
2023_2024,R5,1,0,1,spec_mean,0.321648
2023_2024,R5,1,0,1,spec_std,0.217291
2023_2024,R5,1,0,1,spec_p10,0.0898223
2023_2024,R5,1,0,1,spec_p50,0.261929
2023_2024,R5,1,0,1,spec_p90,0.645583
2023_2024,R5,1,0,1,glcm_asm,0.0220894
2023_2024,R5,1,0,1,glcm_contrast,0.998223
2023_2024,R5,1,0,1,glcm_correlation,0.968103
2023_2024,R5,1,0,1,glcm_variance,15.6478
2023_2024,R5,1,0,1,glcm_idm,0.694224
2023_2024,R5,1,0,1,glcm_sum_average,13.1386
2023_2024,R5,1,0,1,glcm_sum_variance,157.129
2023_2024,R5,1,0,1,glcm_sum_entropy,3.3643
2023_2024,R5,1,0,1,glcm_entropy,4.04946
2023_2024,R5,1,0,1,glcm_diff_entropy,1.03044
2023_2024,R5,1,0,1,glcm_imc1,-0.504795
2023_2024,R5,1,0,1,glcm_imc2,0.966984
2023_2024,R5,1,0,1,glcm_mcc,0.970493
2023_2024,R5,1,0,1,glcm_dissimilarity,0.675399
2023_2024,R5,1,0,1,glcm_inertia,0.998223
2023_2024,R5,1,0,1,glcm_cluster_shade,61.568
2023_2024,R5,1,0,1,glcm_cluster_prominence,7975.2
2023_2024,R5,1,0,1,glcm_homogeneity,0.710103
2023_2024,R5,1,0,1,glcmw3_asm,0.483543
2023_2024,R5,1,0,1,glcmw3_contrast,0.328546
2023_2024,R5,1,0,1,glcmw3_entropy,0.944947
2023_2024,R5,1,0,1,glcmw3_correlation,0.424759
2023_2024,R5,1,0,1,glcmw3_homogeneity,0.84562
2023_2024,R5,1,0,1,glcmw5_asm,0.357118
2023_2024,R5,1,0,1,glcmw5_contrast,0.328294
2023_2024,R5,1,0,1,glcmw5_entropy,1.36584
2023_2024,R5,1,0,1,glcmw5_correlation,0.628685
2023_2024,R5,1,0,1,glcmw5_homogeneity,0.845763
2023_2024,R5,1,0,1,glcmw7_asm,0.294359
2023_2024,R5,1,0,1,glcmw7_contrast,0.328291
2023_2024,R5,1,0,1,glcmw7_entropy,1.6237
2023_2024,R5,1,0,1,glcmw7_correlation,0.72339
2023_2024,R5,1,0,1,glcmw7_homogeneity,0.845753
2023_2024,R5,1,0,1,rgb_glcm_asm,0.0206118
2023_2024,R5,1,0,1,rgb_glcm_contrast,1.85758
2023_2024,R5,1,0,1,rgb_glcm_correlation,0.934097
2023_2024,R5,1,0,1,rgb_glcm_variance,14.0933
2023_2024,R5,1,0,1,rgb_glcm_idm,0.613346
2023_2024,R5,1,0,1,rgb_glcm_sum_average,11.1068
2023_2024,R5,1,0,1,rgb_glcm_sum_variance,115.622
2023_2024,R5,1,0,1,rgb_glcm_sum_entropy,3.28981
2023_2024,R5,1,0,1,rgb_glcm_entropy,4.23626
2023_2024,R5,1,0,1,rgb_glcm_diff_entropy,1.26523
2023_2024,R5,1,0,1,rgb_glcm_imc1,-0.392794
2023_2024,R5,1,0,1,rgb_glcm_imc2,0.934824
2023_2024,R5,1,0,1,rgb_glcm_mcc,0.937454
2023_2024,R5,1,0,1,rgb_glcm_dissimilarity,0.944187
2023_2024,R5,1,0,1,rgb_glcm_inertia,1.85758
2023_2024,R5,1,0,1,rgb_glcm_cluster_shade,177.846
2023_2024,R5,1,0,1,rgb_glcm_cluster_prominence,7481.59
2023_2024,R5,1,0,1,rgb_glcm_homogeneity,0.64384
2023_2024,R5,1,0,1,rgb_glcmw3_asm,0.402232
2023_2024,R5,1,0,1,rgb_glcmw3_contrast,0.521243
2023_2024,R5,1,0,1,rgb_glcmw3_entropy,1.15385
2023_2024,R5,1,0,1,rgb_glcmw3_correlation,0.476313
2023_2024,R5,1,0,1,rgb_glcmw3_homogeneity,0.795127
2023_2024,R5,1,0,1,rgb_glcmw5_asm,0.281156
2023_2024,R5,1,0,1,rgb_glcmw5_contrast,0.520973
2023_2024,R5,1,0,1,rgb_glcmw5_entropy,1.6417
2023_2024,R5,1,0,1,rgb_glcmw5_correlation,0.657111
2023_2024,R5,1,0,1,rgb_glcmw5_homogeneity,0.795264
2023_2024,R5,1,0,1,rgb_glcmw7_asm,0.225528
2023_2024,R5,1,0,1,rgb_glcmw7_contrast,0.520669
2023_2024,R5,1,0,1,rgb_glcmw7_entropy,1.9222
2023_2024,R5,1,0,1,rgb_glcmw7_correlation,0.74096
2023_2024,R5,1,0,1,rgb_glcmw7_homogeneity,0.795352
2022_2023,R5,d0_b1,0,1,NDVI,0.650265
2022_2023,R5,d0_b1,0,1,GNDVI,0.195366
2022_2023,R5,d0_b1,0,1,NDRE,0.192379
2022_2023,R5,d0_b1,0,1,CIrededge,0.49746
2022_2023,R5,d0_b1,0,1,SAVI,0.518184
2022_2023,R5,d0_b1,0,1,EVI,3.66126
2022_2023,R5,d0_b1,0,1,VARI,8.39471
2022_2023,R5,d0_b1,0,1,TGI,0.180335
2022_2023,R5,d0_b1,0,1,spec_mean,0.328793
2022_2023,R5,d0_b1,0,1,spec_std,0.23479
2022_2023,R5,d0_b1,0,1,spec_p10,0.0686909
2022_2023,R5,d0_b1,0,1,spec_p50,0.273318
2022_2023,R5,d0_b1,0,1,spec_p90,0.675004
2022_2023,R5,d0_b1,0,1,glcm_asm,0.0191561
2022_2023,R5,d0_b1,0,1,glcm_contrast,1.91585
2022_2023,R5,d0_b1,0,1,glcm_correlation,0.947054
2022_2023,R5,d0_b1,0,1,glcm_variance,18.1014
2022_2023,R5,d0_b1,0,1,glcm_idm,0.6128
2022_2023,R5,d0_b1,0,1,glcm_sum_average,13.5313
2022_2023,R5,d0_b1,0,1,glcm_sum_variance,173.83
2022_2023,R5,d0_b1,0,1,glcm_sum_entropy,3.36785
2022_2023,R5,d0_b1,0,1,glcm_entropy,4.32781
2022_2023,R5,d0_b1,0,1,glcm_diff_entropy,1.28076
2022_2023,R5,d0_b1,0,1,glcm_imc1,-0.408688
2022_2023,R5,d0_b1,0,1,glcm_imc2,0.944306
2022_2023,R5,d0_b1,0,1,glcm_mcc,0.95097
2022_2023,R5,d0_b1,0,1,glcm_dissimilarity,0.955125
2022_2023,R5,d0_b1,0,1,glcm_inertia,1.91585
2022_2023,R5,d0_b1,0,1,glcm_cluster_shade,-20.3948
2022_2023,R5,d0_b1,0,1,glcm_cluster_prominence,9686.12
2022_2023,R5,d0_b1,0,1,glcm_homogeneity,0.644214
2022_2023,R5,d0_b1,0,1,glcmw3_asm,0.409058
2022_2023,R5,d0_b1,0,1,glcmw3_contrast,0.530382
2022_2023,R5,d0_b1,0,1,glcmw3_entropy,1.14252
2022_2023,R5,d0_b1,0,1,glcmw3_correlation,0.502214
2022_2023,R5,d0_b1,0,1,glcmw3_homogeneity,0.793478
2022_2023,R5,d0_b1,0,1,glcmw5_asm,0.287792
2022_2023,R5,d0_b1,0,1,glcmw5_contrast,0.530392
2022_2023,R5,d0_b1,0,1,glcmw5_entropy,1.63956
2022_2023,R5,d0_b1,0,1,glcmw5_correlation,0.679638
2022_2023,R5,d0_b1,0,1,glcmw5_homogeneity,0.793499
2022_2023,R5,d0_b1,0,1,glcmw7_asm,0.230344
2022_2023,R5,d0_b1,0,1,glcmw7_contrast,0.530319
2022_2023,R5,d0_b1,0,1,glcmw7_entropy,1.94146
2022_2023,R5,d0_b1,0,1,glcmw7_correlation,0.763881
2022_2023,R5,d0_b1,0,1,glcmw7_homogeneity,0.793499
2022_2023,R5,d0_b1,0,1,rgb_glcm_asm,
2022_2023,R5,d0_b1,0,1,rgb_glcm_contrast,
2022_2023,R5,d0_b1,0,1,rgb_glcm_correlation,
2022_2023,R5,d0_b1,0,1,rgb_glcm_variance,
2022_2023,R5,d0_b1,0,1,rgb_glcm_idm,
2022_2023,R5,d0_b1,0,1,rgb_glcm_sum_average,
2022_2023,R5,d0_b1,0,1,rgb_glcm_sum_variance,
2022_2023,R5,d0_b1,0,1,rgb_glcm_sum_entropy,
2022_2023,R5,d0_b1,0,1,rgb_glcm_entropy,
2022_2023,R5,d0_b1,0,1,rgb_glcm_diff_entropy,
2022_2023,R5,d0_b1,0,1,rgb_glcm_imc1,
2022_2023,R5,d0_b1,0,1,rgb_glcm_imc2,
2022_2023,R5,d0_b1,0,1,rgb_glcm_mcc,
2022_2023,R5,d0_b1,0,1,rgb_glcm_dissimilarity,
2022_2023,R5,d0_b1,0,1,rgb_glcm_inertia,
2022_2023,R5,d0_b1,0,1,rgb_glcm_cluster_shade,
2022_2023,R5,d0_b1,0,1,rgb_glcm_cluster_prominence,
2022_2023,R5,d0_b1,0,1,rgb_glcm_homogeneity,
2022_2023,R5,d0_b1,0,1,rgb_glcmw3_asm,
2022_2023,R5,d0_b1,0,1,rgb_glcmw3_contrast,
2022_2023,R5,d0_b1,0,1,rgb_glcmw3_entropy,
2022_2023,R5,d0_b1,0,1,rgb_glcmw3_correlation,
2022_2023,R5,d0_b1,0,1,rgb_glcmw3_homogeneity,
2022_2023,R5,d0_b1,0,1,rgb_glcmw5_asm,
2022_2023,R5,d0_b1,0,1,rgb_glcmw5_contrast,
2022_2023,R5,d0_b1,0,1,rgb_glcmw5_entropy,
2022_2023,R5,d0_b1,0,1,rgb_glcmw5_correlation,
2022_2023,R5,d0_b1,0,1,rgb_glcmw5_homogeneity,
2022_2023,R5,d0_b1,0,1,rgb_glcmw7_asm,
2022_2023,R5,d0_b1,0,1,rgb_glcmw7_contrast,
2022_2023,R5,d0_b1,0,1,rgb_glcmw7_entropy,
2022_2023,R5,d0_b1,0,1,rgb_glcmw7_correlation,
2022_2023,R5,d0_b1,0,1,rgb_glcmw7_homogeneity,
2023_2024,R5,119,0,2,NDVI,0.5661
2023_2024,R5,119,0,2,GNDVI,0.162737
2023_2024,R5,119,0,2,NDRE,0.160793
2023_2024,R5,119,0,2,CIrededge,0.390103
2023_2024,R5,119,0,2,SAVI,0.493558
2023_2024,R5,119,0,2,EVI,0.815615
2023_2024,R5,119,0,2,VARI,0.631072
2023_2024,R5,119,0,2,TGI,0.265486
2023_2024,R5,119,0,2,spec_mean,0.343971
2023_2024,R5,119,0,2,spec_std,0.224886
2023_2024,R5,119,0,2,spec_p10,0.103124
2023_2024,R5,119,0,2,spec_p50,0.282583
2023_2024,R5,119,0,2,spec_p90,0.682288
2023_2024,R5,119,0,2,glcm_asm,0.0230819
2023_2024,R5,119,0,2,glcm_contrast,1.30873
2023_2024,R5,119,0,2,glcm_correlation,0.963275
2023_2024,R5,119,0,2,glcm_variance,17.8181
2023_2024,R5,119,0,2,glcm_idm,0.680202
2023_2024,R5,119,0,2,glcm_sum_average,12.5282
2023_2024,R5,119,0,2,glcm_sum_variance,154.027
2023_2024,R5,119,0,2,glcm_sum_entropy,3.35959
2023_2024,R5,119,0,2,glcm_entropy,4.13307
2023_2024,R5,119,0,2,glcm_diff_entropy,1.13104
2023_2024,R5,119,0,2,glcm_imc1,-0.47933
2023_2024,R5,119,0,2,glcm_imc2,0.962361
2023_2024,R5,119,0,2,glcm_mcc,0.965682
2023_2024,R5,119,0,2,glcm_dissimilarity,0.746413
2023_2024,R5,119,0,2,glcm_inertia,1.30873
2023_2024,R5,119,0,2,glcm_cluster_shade,110.141
2023_2024,R5,119,0,2,glcm_cluster_prominence,9509.26
2023_2024,R5,119,0,2,glcm_homogeneity,0.701059
2023_2024,R5,119,0,2,glcmw3_asm,0.485039
2023_2024,R5,119,0,2,glcmw3_contrast,0.39079
2023_2024,R5,119,0,2,glcmw3_entropy,0.966611
2023_2024,R5,119,0,2,glcmw3_correlation,0.437144
2023_2024,R5,119,0,2,glcmw3_homogeneity,0.834524
2023_2024,R5,119,0,2,glcmw5_asm,0.365543
2023_2024,R5,119,0,2,glcmw5_contrast,0.391082
2023_2024,R5,119,0,2,glcmw5_entropy,1.39792
2023_2024,R5,119,0,2,glcmw5_correlation,0.625416
2023_2024,R5,119,0,2,glcmw5_homogeneity,0.834449
2023_2024,R5,119,0,2,glcmw7_asm,0.305729
2023_2024,R5,119,0,2,glcmw7_contrast,0.391242
2023_2024,R5,119,0,2,glcmw7_entropy,1.6658
2023_2024,R5,119,0,2,glcmw7_correlation,0.715437
2023_2024,R5,119,0,2,glcmw7_homogeneity,0.834388
2023_2024,R5,119,0,2,rgb_glcm_asm,0.0199289
2023_2024,R5,119,0,2,rgb_glcm_contrast,2.01811
2023_2024,R5,119,0,2,rgb_glcm_correlation,0.929617
2023_2024,R5,119,0,2,rgb_glcm_variance,14.3365
2023_2024,R5,119,0,2,rgb_glcm_idm,0.605417
2023_2024,R5,119,0,2,rgb_glcm_sum_average,11.4166
2023_2024,R5,119,0,2,rgb_glcm_sum_variance,121.216
2023_2024,R5,119,0,2,rgb_glcm_sum_entropy,3.29947
2023_2024,R5,119,0,2,rgb_glcm_entropy,4.27832
2023_2024,R5,119,0,2,rgb_glcm_diff_entropy,1.29581
2023_2024,R5,119,0,2,rgb_glcm_imc1,-0.384051
2023_2024,R5,119,0,2,rgb_glcm_imc2,0.932274
2023_2024,R5,119,0,2,rgb_glcm_mcc,0.935577
2023_2024,R5,119,0,2,rgb_glcm_dissimilarity,0.979954
2023_2024,R5,119,0,2,rgb_glcm_inertia,2.01811
2023_2024,R5,119,0,2,rgb_glcm_cluster_shade,150.456
2023_2024,R5,119,0,2,rgb_glcm_cluster_prominence,7474.19
2023_2024,R5,119,0,2,rgb_glcm_homogeneity,0.637489
2023_2024,R5,119,0,2,rgb_glcmw3_asm,0.394816
2023_2024,R5,119,0,2,rgb_glcmw3_contrast,0.556154
2023_2024,R5,119,0,2,rgb_glcmw3_entropy,1.17978
2023_2024,R5,119,0,2,rgb_glcmw3_correlation,0.474739
2023_2024,R5,119,0,2,rgb_glcmw3_homogeneity,0.789227
2023_2024,R5,119,0,2,rgb_glcmw5_asm,0.276335
2023_2024,R5,119,0,2,rgb_glcmw5_contrast,0.556198
2023_2024,R5,119,0,2,rgb_glcmw5_entropy,1.67682
2023_2024,R5,119,0,2,rgb_glcmw5_correlation,0.649118
2023_2024,R5,119,0,2,rgb_glcmw5_homogeneity,0.789234
2023_2024,R5,119,0,2,rgb_glcmw7_asm,0.222973
2023_2024,R5,119,0,2,rgb_glcmw7_contrast,0.556422
2023_2024,R5,119,0,2,rgb_glcmw7_entropy,1.96155
2023_2024,R5,119,0,2,rgb_glcmw7_correlation,0.730609
2023_2024,R5,119,0,2,rgb_glcmw7_homogeneity,0.789209
2022_2023,R5,d0_b2,0,2,NDVI,0.65374
2022_2023,R5,d0_b2,0,2,GNDVI,0.203227
2022_2023,R5,d0_b2,0,2,NDRE,0.193788
2022_2023,R5,d0_b2,0,2,CIrededge,0.500639
2022_2023,R5,d0_b2,0,2,SAVI,0.515199
2022_2023,R5,d0_b2,0,2,EVI,1.19326
2022_2023,R5,d0_b2,0,2,VARI,1.8441
2022_2023,R5,d0_b2,0,2,TGI,0.184211
2022_2023,R5,d0_b2,0,2,spec_mean,0.325177
2022_2023,R5,d0_b2,0,2,spec_std,0.23987
2022_2023,R5,d0_b2,0,2,spec_p10,0.0609399
2022_2023,R5,d0_b2,0,2,spec_p50,0.265749
2022_2023,R5,d0_b2,0,2,spec_p90,0.683852
2022_2023,R5,d0_b2,0,2,glcm_asm,0.021282
2022_2023,R5,d0_b2,0,2,glcm_contrast,1.76774
2022_2023,R5,d0_b2,0,2,glcm_correlation,0.952642
2022_2023,R5,d0_b2,0,2,glcm_variance,18.6975
2022_2023,R5,d0_b2,0,2,glcm_idm,0.624961
2022_2023,R5,d0_b2,0,2,glcm_sum_average,13.8559
2022_2023,R5,d0_b2,0,2,glcm_sum_variance,183.362
2022_2023,R5,d0_b2,0,2,glcm_sum_entropy,3.3521
2022_2023,R5,d0_b2,0,2,glcm_entropy,4.27002
2022_2023,R5,d0_b2,0,2,glcm_diff_entropy,1.24999
2022_2023,R5,d0_b2,0,2,glcm_imc1,-0.425428
2022_2023,R5,d0_b2,0,2,glcm_imc2,0.948936
2022_2023,R5,d0_b2,0,2,glcm_mcc,0.958568
2022_2023,R5,d0_b2,0,2,glcm_dissimilarity,0.912453
2022_2023,R5,d0_b2,0,2,glcm_inertia,1.76774
2022_2023,R5,d0_b2,0,2,glcm_cluster_shade,-74.5367
2022_2023,R5,d0_b2,0,2,glcm_cluster_prominence,10215.2
2022_2023,R5,d0_b2,0,2,glcm_homogeneity,0.654356
2022_2023,R5,d0_b2,0,2,glcmw3_asm,0.42568
2022_2023,R5,d0_b2,0,2,glcmw3_contrast,0.494997
2022_2023,R5,d0_b2,0,2,glcmw3_entropy,1.10495
2022_2023,R5,d0_b2,0,2,glcmw3_correlation,0.489616
2022_2023,R5,d0_b2,0,2,glcmw3_homogeneity,0.801933
2022_2023,R5,d0_b2,0,2,glcmw5_asm,0.30625
2022_2023,R5,d0_b2,0,2,glcmw5_contrast,0.494731
2022_2023,R5,d0_b2,0,2,glcmw5_entropy,1.58627
2022_2023,R5,d0_b2,0,2,glcmw5_correlation,0.664498
2022_2023,R5,d0_b2,0,2,glcmw5_homogeneity,0.802109
2022_2023,R5,d0_b2,0,2,glcmw7_asm,0.249579
2022_2023,R5,d0_b2,0,2,glcmw7_contrast,0.494709
2022_2023,R5,d0_b2,0,2,glcmw7_entropy,1.87865
2022_2023,R5,d0_b2,0,2,glcmw7_correlation,0.747462
2022_2023,R5,d0_b2,0,2,glcmw7_homogeneity,0.802117
2022_2023,R5,d0_b2,0,2,rgb_glcm_asm,
2022_2023,R5,d0_b2,0,2,rgb_glcm_contrast,
2022_2023,R5,d0_b2,0,2,rgb_glcm_correlation,
2022_2023,R5,d0_b2,0,2,rgb_glcm_variance,
2022_2023,R5,d0_b2,0,2,rgb_glcm_idm,
2022_2023,R5,d0_b2,0,2,rgb_glcm_sum_average,
2022_2023,R5,d0_b2,0,2,rgb_glcm_sum_variance,
2022_2023,R5,d0_b2,0,2,rgb_glcm_sum_entropy,
2022_2023,R5,d0_b2,0,2,rgb_glcm_entropy,
2022_2023,R5,d0_b2,0,2,rgb_glcm_diff_entropy,
2022_2023,R5,d0_b2,0,2,rgb_glcm_imc1,
2022_2023,R5,d0_b2,0,2,rgb_glcm_imc2,
2022_2023,R5,d0_b2,0,2,rgb_glcm_mcc,
2022_2023,R5,d0_b2,0,2,rgb_glcm_dissimilarity,
2022_2023,R5,d0_b2,0,2,rgb_glcm_inertia,
2022_2023,R5,d0_b2,0,2,rgb_glcm_cluster_shade,
2022_2023,R5,d0_b2,0,2,rgb_glcm_cluster_prominence,
2022_2023,R5,d0_b2,0,2,rgb_glcm_homogeneity,
2022_2023,R5,d0_b2,0,2,rgb_glcmw3_asm,
2022_2023,R5,d0_b2,0,2,rgb_glcmw3_contrast,
2022_2023,R5,d0_b2,0,2,rgb_glcmw3_entropy,
2022_2023,R5,d0_b2,0,2,rgb_glcmw3_correlation,
2022_2023,R5,d0_b2,0,2,rgb_glcmw3_homogeneity,
2022_2023,R5,d0_b2,0,2,rgb_glcmw5_asm,
2022_2023,R5,d0_b2,0,2,rgb_glcmw5_contrast,
2022_2023,R5,d0_b2,0,2,rgb_glcmw5_entropy,
2022_2023,R5,d0_b2,0,2,rgb_glcmw5_correlation,
2022_2023,R5,d0_b2,0,2,rgb_glcmw5_homogeneity,
2022_2023,R5,d0_b2,0,2,rgb_glcmw7_asm,
2022_2023,R5,d0_b2,0,2,rgb_glcmw7_contrast,
2022_2023,R5,d0_b2,0,2,rgb_glcmw7_entropy,
2022_2023,R5,d0_b2,0,2,rgb_glcmw7_correlation,
2022_2023,R5,d0_b2,0,2,rgb_glcmw7_homogeneity,
2023_2024,R5,123,0,3,NDVI,0.601506
2023_2024,R5,123,0,3,GNDVI,0.191539
2023_2024,R5,123,0,3,NDRE,0.185158
2023_2024,R5,123,0,3,CIrededge,0.467935
2023_2024,R5,123,0,3,SAVI,0.495912
2023_2024,R5,123,0,3,EVI,1.10503
2023_2024,R5,123,0,3,VARI,0.673629
2023_2024,R5,123,0,3,TGI,0.244383
2023_2024,R5,123,0,3,spec_mean,0.313607
2023_2024,R5,123,0,3,spec_std,0.228723
2023_2024,R5,123,0,3,spec_p10,0.0746031
2023_2024,R5,123,0,3,spec_p50,0.243445
2023_2024,R5,123,0,3,spec_p90,0.667365
2023_2024,R5,123,0,3,glcm_asm,0.0247474
2023_2024,R5,123,0,3,glcm_contrast,1.19009
2023_2024,R5,123,0,3,glcm_correlation,0.96768
2023_2024,R5,123,0,3,glcm_variance,18.4111
2023_2024,R5,123,0,3,glcm_idm,0.694353
2023_2024,R5,123,0,3,glcm_sum_average,12.6827
2023_2024,R5,123,0,3,glcm_sum_variance,159.506
2023_2024,R5,123,0,3,glcm_sum_entropy,3.35256
2023_2024,R5,123,0,3,glcm_entropy,4.07954
2023_2024,R5,123,0,3,glcm_diff_entropy,1.09841
2023_2024,R5,123,0,3,glcm_imc1,-0.4994
2023_2024,R5,123,0,3,glcm_imc2,0.966342
2023_2024,R5,123,0,3,glcm_mcc,0.971922
2023_2024,R5,123,0,3,glcm_dissimilarity,0.704923
2023_2024,R5,123,0,3,glcm_inertia,1.19009
2023_2024,R5,123,0,3,glcm_cluster_shade,86.6842
2023_2024,R5,123,0,3,glcm_cluster_prominence,9789.23
2023_2024,R5,123,0,3,glcm_homogeneity,0.713575
2023_2024,R5,123,0,3,glcmw3_asm,0.505046
2023_2024,R5,123,0,3,glcmw3_contrast,0.361617
2023_2024,R5,123,0,3,glcmw3_entropy,0.924804
2023_2024,R5,123,0,3,glcmw3_correlation,0.4276
2023_2024,R5,123,0,3,glcmw3_homogeneity,0.842567
2023_2024,R5,123,0,3,glcmw5_asm,0.387601
2023_2024,R5,123,0,3,glcmw5_contrast,0.361599
2023_2024,R5,123,0,3,glcmw5_entropy,1.34135
2023_2024,R5,123,0,3,glcmw5_correlation,0.61539
2023_2024,R5,123,0,3,glcmw5_homogeneity,0.842596
2023_2024,R5,123,0,3,glcmw7_asm,0.328065
2023_2024,R5,123,0,3,glcmw7_contrast,0.361739
2023_2024,R5,123,0,3,glcmw7_entropy,1.60227
2023_2024,R5,123,0,3,glcmw7_correlation,0.709009
2023_2024,R5,123,0,3,glcmw7_homogeneity,0.842574
2023_2024,R5,123,0,3,rgb_glcm_asm,0.0248802
2023_2024,R5,123,0,3,rgb_glcm_contrast,1.90355
2023_2024,R5,123,0,3,rgb_glcm_correlation,0.939086
2023_2024,R5,123,0,3,rgb_glcm_variance,15.625
2023_2024,R5,123,0,3,rgb_glcm_idm,0.623303
2023_2024,R5,123,0,3,rgb_glcm_sum_average,10.8429
2023_2024,R5,123,0,3,rgb_glcm_sum_variance,117.807
2023_2024,R5,123,0,3,rgb_glcm_sum_entropy,3.27913
2023_2024,R5,123,0,3,rgb_glcm_entropy,4.20463
2023_2024,R5,123,0,3,rgb_glcm_diff_entropy,1.27884
2023_2024,R5,123,0,3,rgb_glcm_imc1,-0.409446
2023_2024,R5,123,0,3,rgb_glcm_imc2,0.940862
2023_2024,R5,123,0,3,rgb_glcm_mcc,0.947473
2023_2024,R5,123,0,3,rgb_glcm_dissimilarity,0.933968
2023_2024,R5,123,0,3,rgb_glcm_inertia,1.90355
2023_2024,R5,123,0,3,rgb_glcm_cluster_shade,199.417
2023_2024,R5,123,0,3,rgb_glcm_cluster_prominence,8632.09
2023_2024,R5,123,0,3,rgb_glcm_homogeneity,0.654071
2023_2024,R5,123,0,3,rgb_glcmw3_asm,0.422473
2023_2024,R5,123,0,3,rgb_glcmw3_contrast,0.526735
2023_2024,R5,123,0,3,rgb_glcmw3_entropy,1.12659
2023_2024,R5,123,0,3,rgb_glcmw3_correlation,0.459914
2023_2024,R5,123,0,3,rgb_glcmw3_homogeneity,0.798299
2023_2024,R5,123,0,3,rgb_glcmw5_asm,0.308773
2023_2024,R5,123,0,3,rgb_glcmw5_contrast,0.526673
2023_2024,R5,123,0,3,rgb_glcmw5_entropy,1.60367
2023_2024,R5,123,0,3,rgb_glcmw5_correlation,0.630373
2023_2024,R5,123,0,3,rgb_glcmw5_homogeneity,0.798324
2023_2024,R5,123,0,3,rgb_glcmw7_asm,0.256895
2023_2024,R5,123,0,3,rgb_glcmw7_contrast,0.526425
2023_2024,R5,123,0,3,rgb_glcmw7_entropy,1.87967
2023_2024,R5,123,0,3,rgb_glcmw7_correlation,0.714065
2023_2024,R5,123,0,3,rgb_glcmw7_homogeneity,0.798396
2022_2023,R5,d0_b3,0,3,NDVI,0.703883
2022_2023,R5,d0_b3,0,3,GNDVI,0.238406
2022_2023,R5,d0_b3,0,3,NDRE,0.24856
2022_2023,R5,d0_b3,0,3,CIrededge,0.700137
2022_2023,R5,d0_b3,0,3,SAVI,0.549573
2022_2023,R5,d0_b3,0,3,EVI,0.0360877
2022_2023,R5,d0_b3,0,3,VARI,1.83462
2022_2023,R5,d0_b3,0,3,TGI,0.174254
2022_2023,R5,d0_b3,0,3,spec_mean,0.307189
2022_2023,R5,d0_b3,0,3,spec_std,0.239989
2022_2023,R5,d0_b3,0,3,spec_p10,0.0523299
2022_2023,R5,d0_b3,0,3,spec_p50,0.240353
2022_2023,R5,d0_b3,0,3,spec_p90,0.669449
2022_2023,R5,d0_b3,0,3,glcm_asm,0.0223409
2022_2023,R5,d0_b3,0,3,glcm_contrast,1.80483
2022_2023,R5,d0_b3,0,3,glcm_correlation,0.953395
2022_2023,R5,d0_b3,0,3,glcm_variance,19.3764
2022_2023,R5,d0_b3,0,3,glcm_idm,0.630306
2022_2023,R5,d0_b3,0,3,glcm_sum_average,13.8728
2022_2023,R5,d0_b3,0,3,glcm_sum_variance,186.464
2022_2023,R5,d0_b3,0,3,glcm_sum_entropy,3.34874
2022_2023,R5,d0_b3,0,3,glcm_entropy,4.26809
2022_2023,R5,d0_b3,0,3,glcm_diff_entropy,1.25704
2022_2023,R5,d0_b3,0,3,glcm_imc1,-0.425503
2022_2023,R5,d0_b3,0,3,glcm_imc2,0.948901
2022_2023,R5,d0_b3,0,3,glcm_mcc,0.958077
2022_2023,R5,d0_b3,0,3,glcm_dissimilarity,0.907539
2022_2023,R5,d0_b3,0,3,glcm_inertia,1.80483
2022_2023,R5,d0_b3,0,3,glcm_cluster_shade,-82.7812
2022_2023,R5,d0_b3,0,3,glcm_cluster_prominence,10706.8
2022_2023,R5,d0_b3,0,3,glcm_homogeneity,0.659475
2022_2023,R5,d0_b3,0,3,glcmw3_asm,0.430833
2022_2023,R5,d0_b3,0,3,glcmw3_contrast,0.502929
2022_2023,R5,d0_b3,0,3,glcmw3_entropy,1.09645
2022_2023,R5,d0_b3,0,3,glcmw3_correlation,0.479515
2022_2023,R5,d0_b3,0,3,glcmw3_homogeneity,0.803622
2022_2023,R5,d0_b3,0,3,glcmw5_asm,0.310552
2022_2023,R5,d0_b3,0,3,glcmw5_contrast,0.50303
2022_2023,R5,d0_b3,0,3,glcmw5_entropy,1.57492
2022_2023,R5,d0_b3,0,3,glcmw5_correlation,0.661627
2022_2023,R5,d0_b3,0,3,glcmw5_homogeneity,0.803652
2022_2023,R5,d0_b3,0,3,glcmw7_asm,0.252457
2022_2023,R5,d0_b3,0,3,glcmw7_contrast,0.502948
2022_2023,R5,d0_b3,0,3,glcmw7_entropy,1.86585
2022_2023,R5,d0_b3,0,3,glcmw7_correlation,0.750205
2022_2023,R5,d0_b3,0,3,glcmw7_homogeneity,0.803695
2022_2023,R5,d0_b3,0,3,rgb_glcm_asm,
2022_2023,R5,d0_b3,0,3,rgb_glcm_contrast,
2022_2023,R5,d0_b3,0,3,rgb_glcm_correlation,
2022_2023,R5,d0_b3,0,3,rgb_glcm_variance,
2022_2023,R5,d0_b3,0,3,rgb_glcm_idm,
2022_2023,R5,d0_b3,0,3,rgb_glcm_sum_average,
2022_2023,R5,d0_b3,0,3,rgb_glcm_sum_variance,
2022_2023,R5,d0_b3,0,3,rgb_glcm_sum_entropy,
2022_2023,R5,d0_b3,0,3,rgb_glcm_entropy,
2022_2023,R5,d0_b3,0,3,rgb_glcm_diff_entropy,
2022_2023,R5,d0_b3,0,3,rgb_glcm_imc1,
2022_2023,R5,d0_b3,0,3,rgb_glcm_imc2,
2022_2023,R5,d0_b3,0,3,rgb_glcm_mcc,
2022_2023,R5,d0_b3,0,3,rgb_glcm_dissimilarity,
2022_2023,R5,d0_b3,0,3,rgb_glcm_inertia,
2022_2023,R5,d0_b3,0,3,rgb_glcm_cluster_shade,
2022_2023,R5,d0_b3,0,3,rgb_glcm_cluster_prominence,
2022_2023,R5,d0_b3,0,3,rgb_glcm_homogeneity,
2022_2023,R5,d0_b3,0,3,rgb_glcmw3_asm,
2022_2023,R5,d0_b3,0,3,rgb_glcmw3_contrast,
2022_2023,R5,d0_b3,0,3,rgb_glcmw3_entropy,
2022_2023,R5,d0_b3,0,3,rgb_glcmw3_correlation,
2022_2023,R5,d0_b3,0,3,rgb_glcmw3_homogeneity,
2022_2023,R5,d0_b3,0,3,rgb_glcmw5_asm,
2022_2023,R5,d0_b3,0,3,rgb_glcmw5_contrast,
2022_2023,R5,d0_b3,0,3,rgb_glcmw5_entropy,
2022_2023,R5,d0_b3,0,3,rgb_glcmw5_correlation,
2022_2023,R5,d0_b3,0,3,rgb_glcmw5_homogeneity,
2022_2023,R5,d0_b3,0,3,rgb_glcmw7_asm,
2022_2023,R5,d0_b3,0,3,rgb_glcmw7_contrast,
2022_2023,R5,d0_b3,0,3,rgb_glcmw7_entropy,
2022_2023,R5,d0_b3,0,3,rgb_glcmw7_correlation,
2022_2023,R5,d0_b3,0,3,rgb_glcmw7_homogeneity,
2023_2024,R5,132,0,4,NDVI,0.58792
2023_2024,R5,132,0,4,GNDVI,0.179292
2023_2024,R5,132,0,4,NDRE,0.179114
2023_2024,R5,132,0,4,CIrededge,0.445363
2023_2024,R5,132,0,4,SAVI,0.513757
2023_2024,R5,132,0,4,EVI,0.909498
2023_2024,R5,132,0,4,VARI,0.6599
2023_2024,R5,132,0,4,TGI,0.267112
2023_2024,R5,132,0,4,spec_mean,0.347176
2023_2024,R5,132,0,4,spec_std,0.229166
2023_2024,R5,132,0,4,spec_p10,0.0939889
2023_2024,R5,132,0,4,spec_p50,0.295598
2023_2024,R5,132,0,4,spec_p90,0.689497
2023_2024,R5,132,0,4,glcm_asm,0.0245604
2023_2024,R5,132,0,4,glcm_contrast,1.17035
2023_2024,R5,132,0,4,glcm_correlation,0.965318
2023_2024,R5,132,0,4,glcm_variance,16.8726
2023_2024,R5,132,0,4,glcm_idm,0.709559
2023_2024,R5,132,0,4,glcm_sum_average,13.513
2023_2024,R5,132,0,4,glcm_sum_variance,169.698
2023_2024,R5,132,0,4,glcm_sum_entropy,3.34549
2023_2024,R5,132,0,4,glcm_entropy,4.06337
2023_2024,R5,132,0,4,glcm_diff_entropy,1.08788
2023_2024,R5,132,0,4,glcm_imc1,-0.502268
2023_2024,R5,132,0,4,glcm_imc2,0.966682
2023_2024,R5,132,0,4,glcm_mcc,0.966883
2023_2024,R5,132,0,4,glcm_dissimilarity,0.674796
2023_2024,R5,132,0,4,glcm_inertia,1.17035
2023_2024,R5,132,0,4,glcm_cluster_shade,74.923
2023_2024,R5,132,0,4,glcm_cluster_prominence,8377.88
2023_2024,R5,132,0,4,glcm_homogeneity,0.728351
2023_2024,R5,132,0,4,glcmw3_asm,0.528664
2023_2024,R5,132,0,4,glcmw3_contrast,0.35104
2023_2024,R5,132,0,4,glcmw3_entropy,0.881195
2023_2024,R5,132,0,4,glcmw3_correlation,0.409854
2023_2024,R5,132,0,4,glcmw3_homogeneity,0.849833
2023_2024,R5,132,0,4,glcmw5_asm,0.414711
2023_2024,R5,132,0,4,glcmw5_contrast,0.350807
2023_2024,R5,132,0,4,glcmw5_entropy,1.28022
2023_2024,R5,132,0,4,glcmw5_correlation,0.595898
2023_2024,R5,132,0,4,glcmw5_homogeneity,0.849845
2023_2024,R5,132,0,4,glcmw7_asm,0.355897
2023_2024,R5,132,0,4,glcmw7_contrast,0.350555
2023_2024,R5,132,0,4,glcmw7_entropy,1.53037
2023_2024,R5,132,0,4,glcmw7_correlation,0.691635
2023_2024,R5,132,0,4,glcmw7_homogeneity,0.849875
2023_2024,R5,132,0,4,rgb_glcm_asm,0.0202468
2023_2024,R5,132,0,4,rgb_glcm_contrast,2.04826
2023_2024,R5,132,0,4,rgb_glcm_correlation,0.933218
2023_2024,R5,132,0,4,rgb_glcm_variance,15.3354
2023_2024,R5,132,0,4,rgb_glcm_idm,0.611473
2023_2024,R5,132,0,4,rgb_glcm_sum_average,11.944
2023_2024,R5,132,0,4,rgb_glcm_sum_variance,133.747
2023_2024,R5,132,0,4,rgb_glcm_sum_entropy,3.31535
2023_2024,R5,132,0,4,rgb_glcm_entropy,4.29465
2023_2024,R5,132,0,4,rgb_glcm_diff_entropy,1.30268
2023_2024,R5,132,0,4,rgb_glcm_imc1,-0.39008
2023_2024,R5,132,0,4,rgb_glcm_imc2,0.935529
2023_2024,R5,132,0,4,rgb_glcm_mcc,0.941257
2023_2024,R5,132,0,4,rgb_glcm_dissimilarity,0.973599
2023_2024,R5,132,0,4,rgb_glcm_inertia,2.04826
2023_2024,R5,132,0,4,rgb_glcm_cluster_shade,93.047
2023_2024,R5,132,0,4,rgb_glcm_cluster_prominence,7740.97
2023_2024,R5,132,0,4,rgb_glcm_homogeneity,0.643329
2023_2024,R5,132,0,4,rgb_glcmw3_asm,0.405247
2023_2024,R5,132,0,4,rgb_glcmw3_contrast,0.560237
2023_2024,R5,132,0,4,rgb_glcmw3_entropy,1.16508
2023_2024,R5,132,0,4,rgb_glcmw3_correlation,0.46733
2023_2024,R5,132,0,4,rgb_glcmw3_homogeneity,0.791626
2023_2024,R5,132,0,4,rgb_glcmw5_asm,0.288308
2023_2024,R5,132,0,4,rgb_glcmw5_contrast,0.560156
2023_2024,R5,132,0,4,rgb_glcmw5_entropy,1.65811
2023_2024,R5,132,0,4,rgb_glcmw5_correlation,0.642946
2023_2024,R5,132,0,4,rgb_glcmw5_homogeneity,0.791656
2023_2024,R5,132,0,4,rgb_glcmw7_asm,0.234987
2023_2024,R5,132,0,4,rgb_glcmw7_contrast,0.560185
2023_2024,R5,132,0,4,rgb_glcmw7_entropy,1.94068
2023_2024,R5,132,0,4,rgb_glcmw7_correlation,0.726436
2023_2024,R5,132,0,4,rgb_glcmw7_homogeneity,0.791662
2022_2023,R5,d0_b4,0,4,NDVI,0.658539
2022_2023,R5,d0_b4,0,4,GNDVI,0.223541
2022_2023,R5,d0_b4,0,4,NDRE,0.204559
2022_2023,R5,d0_b4,0,4,CIrededge,0.541983
2022_2023,R5,d0_b4,0,4,SAVI,0.515049
2022_2023,R5,d0_b4,0,4,EVI,-0.654745
2022_2023,R5,d0_b4,0,4,VARI,1.54118
2022_2023,R5,d0_b4,0,4,TGI,0.173698
2022_2023,R5,d0_b4,0,4,spec_mean,0.316813
2022_2023,R5,d0_b4,0,4,spec_std,0.238997
2022_2023,R5,d0_b4,0,4,spec_p10,0.0609801
2022_2023,R5,d0_b4,0,4,spec_p50,0.250483
2022_2023,R5,d0_b4,0,4,spec_p90,0.679592
2022_2023,R5,d0_b4,0,4,glcm_asm,0.0228961
2022_2023,R5,d0_b4,0,4,glcm_contrast,1.82451
2022_2023,R5,d0_b4,0,4,glcm_correlation,0.953211
2022_2023,R5,d0_b4,0,4,glcm_variance,19.4992
2022_2023,R5,d0_b4,0,4,glcm_idm,0.628143
2022_2023,R5,d0_b4,0,4,glcm_sum_average,13.4452
2022_2023,R5,d0_b4,0,4,glcm_sum_variance,178.243
2022_2023,R5,d0_b4,0,4,glcm_sum_entropy,3.34533
2022_2023,R5,d0_b4,0,4,glcm_entropy,4.26502
2022_2023,R5,d0_b4,0,4,glcm_diff_entropy,1.26179
2022_2023,R5,d0_b4,0,4,glcm_imc1,-0.425912
2022_2023,R5,d0_b4,0,4,glcm_imc2,0.948928
2022_2023,R5,d0_b4,0,4,glcm_mcc,0.958948
2022_2023,R5,d0_b4,0,4,glcm_dissimilarity,0.914501
2022_2023,R5,d0_b4,0,4,glcm_inertia,1.82451
2022_2023,R5,d0_b4,0,4,glcm_cluster_shade,-41.0814
2022_2023,R5,d0_b4,0,4,glcm_cluster_prominence,10672.4
2022_2023,R5,d0_b4,0,4,glcm_homogeneity,0.657766
2022_2023,R5,d0_b4,0,4,glcmw3_asm,0.43287
2022_2023,R5,d0_b4,0,4,glcmw3_contrast,0.504258
2022_2023,R5,d0_b4,0,4,glcmw3_entropy,1.09503
2022_2023,R5,d0_b4,0,4,glcmw3_correlation,0.478363
2022_2023,R5,d0_b4,0,4,glcmw3_homogeneity,0.802869
2022_2023,R5,d0_b4,0,4,glcmw5_asm,0.315127
2022_2023,R5,d0_b4,0,4,glcmw5_contrast,0.504227
2022_2023,R5,d0_b4,0,4,glcmw5_entropy,1.57212
2022_2023,R5,d0_b4,0,4,glcmw5_correlation,0.656315
2022_2023,R5,d0_b4,0,4,glcmw5_homogeneity,0.802984
2022_2023,R5,d0_b4,0,4,glcmw7_asm,0.258918
2022_2023,R5,d0_b4,0,4,glcmw7_contrast,0.504268
2022_2023,R5,d0_b4,0,4,glcmw7_entropy,1.86286
2022_2023,R5,d0_b4,0,4,glcmw7_correlation,0.744164
2022_2023,R5,d0_b4,0,4,glcmw7_homogeneity,0.802998
2022_2023,R5,d0_b4,0,4,rgb_glcm_asm,
2022_2023,R5,d0_b4,0,4,rgb_glcm_contrast,
2022_2023,R5,d0_b4,0,4,rgb_glcm_correlation,
2022_2023,R5,d0_b4,0,4,rgb_glcm_variance,
2022_2023,R5,d0_b4,0,4,rgb_glcm_idm,
2022_2023,R5,d0_b4,0,4,rgb_glcm_sum_average,
2022_2023,R5,d0_b4,0,4,rgb_glcm_sum_variance,
2022_2023,R5,d0_b4,0,4,rgb_glcm_sum_entropy,
2022_2023,R5,d0_b4,0,4,rgb_glcm_entropy,
2022_2023,R5,d0_b4,0,4,rgb_glcm_diff_entropy,
2022_2023,R5,d0_b4,0,4,rgb_glcm_imc1,
2022_2023,R5,d0_b4,0,4,rgb_glcm_imc2,
2022_2023,R5,d0_b4,0,4,rgb_glcm_mcc,
2022_2023,R5,d0_b4,0,4,rgb_glcm_dissimilarity,
2022_2023,R5,d0_b4,0,4,rgb_glcm_inertia,
2022_2023,R5,d0_b4,0,4,rgb_glcm_cluster_shade,
2022_2023,R5,d0_b4,0,4,rgb_glcm_cluster_prominence,
2022_2023,R5,d0_b4,0,4,rgb_glcm_homogeneity,
2022_2023,R5,d0_b4,0,4,rgb_glcmw3_asm,
2022_2023,R5,d0_b4,0,4,rgb_glcmw3_contrast,
2022_2023,R5,d0_b4,0,4,rgb_glcmw3_entropy,
2022_2023,R5,d0_b4,0,4,rgb_glcmw3_correlation,
2022_2023,R5,d0_b4,0,4,rgb_glcmw3_homogeneity,
2022_2023,R5,d0_b4,0,4,rgb_glcmw5_asm,
2022_2023,R5,d0_b4,0,4,rgb_glcmw5_contrast,
2022_2023,R5,d0_b4,0,4,rgb_glcmw5_entropy,
2022_2023,R5,d0_b4,0,4,rgb_glcmw5_correlation,
2022_2023,R5,d0_b4,0,4,rgb_glcmw5_homogeneity,
2022_2023,R5,d0_b4,0,4,rgb_glcmw7_asm,
2022_2023,R5,d0_b4,0,4,rgb_glcmw7_contrast,
2022_2023,R5,d0_b4,0,4,rgb_glcmw7_entropy,
2022_2023,R5,d0_b4,0,4,rgb_glcmw7_correlation,
2022_2023,R5,d0_b4,0,4,rgb_glcmw7_homogeneity,
2023_2024,R5,15,50,1,NDVI,0.619195
2023_2024,R5,15,50,1,GNDVI,0.199225
2023_2024,R5,15,50,1,NDRE,0.205363
2023_2024,R5,15,50,1,CIrededge,0.530634
2023_2024,R5,15,50,1,SAVI,0.517362
2023_2024,R5,15,50,1,EVI,0.998102
2023_2024,R5,15,50,1,VARI,0.731805
2023_2024,R5,15,50,1,TGI,0.235876
2023_2024,R5,15,50,1,spec_mean,0.319445
2023_2024,R5,15,50,1,spec_std,0.228559
2023_2024,R5,15,50,1,spec_p10,0.0803416
2023_2024,R5,15,50,1,spec_p50,0.250491
2023_2024,R5,15,50,1,spec_p90,0.670738
2023_2024,R5,15,50,1,glcm_asm,0.0238818
2023_2024,R5,15,50,1,glcm_contrast,1.03567
2023_2024,R5,15,50,1,glcm_correlation,0.97072
2023_2024,R5,15,50,1,glcm_variance,17.6859
2023_2024,R5,15,50,1,glcm_idm,0.69992
2023_2024,R5,15,50,1,glcm_sum_average,13.7046
2023_2024,R5,15,50,1,glcm_sum_variance,176.757
2023_2024,R5,15,50,1,glcm_sum_entropy,3.35817
2023_2024,R5,15,50,1,glcm_entropy,4.04895
2023_2024,R5,15,50,1,glcm_diff_entropy,1.04516
2023_2024,R5,15,50,1,glcm_imc1,-0.510437
2023_2024,R5,15,50,1,glcm_imc2,0.968322
2023_2024,R5,15,50,1,glcm_mcc,0.975322
2023_2024,R5,15,50,1,glcm_dissimilarity,0.671189
2023_2024,R5,15,50,1,glcm_inertia,1.03567
2023_2024,R5,15,50,1,glcm_cluster_shade,-40.1139
2023_2024,R5,15,50,1,glcm_cluster_prominence,9366.98
2023_2024,R5,15,50,1,glcm_homogeneity,0.716159
2023_2024,R5,15,50,1,glcmw3_asm,0.500797
2023_2024,R5,15,50,1,glcmw3_contrast,0.329834
2023_2024,R5,15,50,1,glcmw3_entropy,0.918016
2023_2024,R5,15,50,1,glcmw3_correlation,0.409235
2023_2024,R5,15,50,1,glcmw3_homogeneity,0.849006
2023_2024,R5,15,50,1,glcmw5_asm,0.379522
2023_2024,R5,15,50,1,glcmw5_contrast,0.32967
2023_2024,R5,15,50,1,glcmw5_entropy,1.32781
2023_2024,R5,15,50,1,glcmw5_correlation,0.604128
2023_2024,R5,15,50,1,glcmw5_homogeneity,0.849076
2023_2024,R5,15,50,1,glcmw7_asm,0.319689
2023_2024,R5,15,50,1,glcmw7_contrast,0.329693
2023_2024,R5,15,50,1,glcmw7_entropy,1.57874
2023_2024,R5,15,50,1,glcmw7_correlation,0.695646
2023_2024,R5,15,50,1,glcmw7_homogeneity,0.849066
2023_2024,R5,15,50,1,rgb_glcm_asm,0.0246948
2023_2024,R5,15,50,1,rgb_glcm_contrast,1.8462
2023_2024,R5,15,50,1,rgb_glcm_correlation,0.938381
2023_2024,R5,15,50,1,rgb_glcm_variance,14.9808
2023_2024,R5,15,50,1,rgb_glcm_idm,0.624431
2023_2024,R5,15,50,1,rgb_glcm_sum_average,10.4104
2023_2024,R5,15,50,1,rgb_glcm_sum_variance,109.155
2023_2024,R5,15,50,1,rgb_glcm_sum_entropy,3.2635
2023_2024,R5,15,50,1,rgb_glcm_entropy,4.17883
2023_2024,R5,15,50,1,rgb_glcm_diff_entropy,1.26611
2023_2024,R5,15,50,1,rgb_glcm_imc1,-0.407384
2023_2024,R5,15,50,1,rgb_glcm_imc2,0.939197
2023_2024,R5,15,50,1,rgb_glcm_mcc,0.942639
2023_2024,R5,15,50,1,rgb_glcm_dissimilarity,0.923713
2023_2024,R5,15,50,1,rgb_glcm_inertia,1.8462
2023_2024,R5,15,50,1,rgb_glcm_cluster_shade,243.114
2023_2024,R5,15,50,1,rgb_glcm_cluster_prominence,8524.41
2023_2024,R5,15,50,1,rgb_glcm_homogeneity,0.654415
2023_2024,R5,15,50,1,rgb_glcmw3_asm,0.421817
2023_2024,R5,15,50,1,rgb_glcmw3_contrast,0.512525
2023_2024,R5,15,50,1,rgb_glcmw3_entropy,1.12064
2023_2024,R5,15,50,1,rgb_glcmw3_correlation,0.462862
2023_2024,R5,15,50,1,rgb_glcmw3_homogeneity,0.800713
2023_2024,R5,15,50,1,rgb_glcmw5_asm,0.305712
2023_2024,R5,15,50,1,rgb_glcmw5_contrast,0.512397
2023_2024,R5,15,50,1,rgb_glcmw5_entropy,1.59711
2023_2024,R5,15,50,1,rgb_glcmw5_correlation,0.638546
2023_2024,R5,15,50,1,rgb_glcmw5_homogeneity,0.800749
2023_2024,R5,15,50,1,rgb_glcmw7_asm,0.252821
2023_2024,R5,15,50,1,rgb_glcmw7_contrast,0.512058
2023_2024,R5,15,50,1,rgb_glcmw7_entropy,1.87285
2023_2024,R5,15,50,1,rgb_glcmw7_correlation,0.724066
2023_2024,R5,15,50,1,rgb_glcmw7_homogeneity,0.800864
2022_2023,R5,d50_b1,50,1,NDVI,0.676004
2022_2023,R5,d50_b1,50,1,GNDVI,0.2142
2022_2023,R5,d50_b1,50,1,NDRE,0.213275
2022_2023,R5,d50_b1,50,1,CIrededge,190.76
2022_2023,R5,d50_b1,50,1,SAVI,0.531885
2022_2023,R5,d50_b1,50,1,EVI,-2.58986
2022_2023,R5,d50_b1,50,1,VARI,2.09168
2022_2023,R5,d50_b1,50,1,TGI,0.183207
2022_2023,R5,d50_b1,50,1,spec_mean,0.321855
2022_2023,R5,d50_b1,50,1,spec_std,0.242751
2022_2023,R5,d50_b1,50,1,spec_p10,0.0588695
2022_2023,R5,d50_b1,50,1,spec_p50,0.258941
2022_2023,R5,d50_b1,50,1,spec_p90,0.685315
2022_2023,R5,d50_b1,50,1,glcm_asm,0.0245611
2022_2023,R5,d50_b1,50,1,glcm_contrast,1.76863
2022_2023,R5,d50_b1,50,1,glcm_correlation,0.954169
2022_2023,R5,d50_b1,50,1,glcm_variance,19.2999
2022_2023,R5,d50_b1,50,1,glcm_idm,0.634019
2022_2023,R5,d50_b1,50,1,glcm_sum_average,13.8851
2022_2023,R5,d50_b1,50,1,glcm_sum_variance,187.311
2022_2023,R5,d50_b1,50,1,glcm_sum_entropy,3.32146
2022_2023,R5,d50_b1,50,1,glcm_entropy,4.2282
2022_2023,R5,d50_b1,50,1,glcm_diff_entropy,1.24886
2022_2023,R5,d50_b1,50,1,glcm_imc1,-0.427805
2022_2023,R5,d50_b1,50,1,glcm_imc2,0.948597
2022_2023,R5,d50_b1,50,1,glcm_mcc,0.960597
2022_2023,R5,d50_b1,50,1,glcm_dissimilarity,0.895392
2022_2023,R5,d50_b1,50,1,glcm_inertia,1.76863
2022_2023,R5,d50_b1,50,1,glcm_cluster_shade,-110.693
2022_2023,R5,d50_b1,50,1,glcm_cluster_prominence,10846.1
2022_2023,R5,d50_b1,50,1,glcm_homogeneity,0.662652
2022_2023,R5,d50_b1,50,1,glcmw3_asm,0.437659
2022_2023,R5,d50_b1,50,1,glcmw3_contrast,0.493592
2022_2023,R5,d50_b1,50,1,glcmw3_entropy,1.0824
2022_2023,R5,d50_b1,50,1,glcmw3_correlation,0.470072
2022_2023,R5,d50_b1,50,1,glcmw3_homogeneity,0.806812
2022_2023,R5,d50_b1,50,1,glcmw5_asm,0.319703
2022_2023,R5,d50_b1,50,1,glcmw5_contrast,0.493312
2022_2023,R5,d50_b1,50,1,glcmw5_entropy,1.55416
2022_2023,R5,d50_b1,50,1,glcmw5_correlation,0.646922
2022_2023,R5,d50_b1,50,1,glcmw5_homogeneity,0.806926
2022_2023,R5,d50_b1,50,1,glcmw7_asm,0.263994
2022_2023,R5,d50_b1,50,1,glcmw7_contrast,0.493191
2022_2023,R5,d50_b1,50,1,glcmw7_entropy,1.83835
2022_2023,R5,d50_b1,50,1,glcmw7_correlation,0.732162
2022_2023,R5,d50_b1,50,1,glcmw7_homogeneity,0.806977
2022_2023,R5,d50_b1,50,1,rgb_glcm_asm,
2022_2023,R5,d50_b1,50,1,rgb_glcm_contrast,
2022_2023,R5,d50_b1,50,1,rgb_glcm_correlation,
2022_2023,R5,d50_b1,50,1,rgb_glcm_variance,
2022_2023,R5,d50_b1,50,1,rgb_glcm_idm,
2022_2023,R5,d50_b1,50,1,rgb_glcm_sum_average,
2022_2023,R5,d50_b1,50,1,rgb_glcm_sum_variance,
2022_2023,R5,d50_b1,50,1,rgb_glcm_sum_entropy,
2022_2023,R5,d50_b1,50,1,rgb_glcm_entropy,
2022_2023,R5,d50_b1,50,1,rgb_glcm_diff_entropy,
2022_2023,R5,d50_b1,50,1,rgb_glcm_imc1,
2022_2023,R5,d50_b1,50,1,rgb_glcm_imc2,
2022_2023,R5,d50_b1,50,1,rgb_glcm_mcc,
2022_2023,R5,d50_b1,50,1,rgb_glcm_dissimilarity,
2022_2023,R5,d50_b1,50,1,rgb_glcm_inertia,
2022_2023,R5,d50_b1,50,1,rgb_glcm_cluster_shade,
2022_2023,R5,d50_b1,50,1,rgb_glcm_cluster_prominence,
2022_2023,R5,d50_b1,50,1,rgb_glcm_homogeneity,
2022_2023,R5,d50_b1,50,1,rgb_glcmw3_asm,
2022_2023,R5,d50_b1,50,1,rgb_glcmw3_contrast,
2022_2023,R5,d50_b1,50,1,rgb_glcmw3_entropy,
2022_2023,R5,d50_b1,50,1,rgb_glcmw3_correlation,
2022_2023,R5,d50_b1,50,1,rgb_glcmw3_homogeneity,
2022_2023,R5,d50_b1,50,1,rgb_glcmw5_asm,
2022_2023,R5,d50_b1,50,1,rgb_glcmw5_contrast,
2022_2023,R5,d50_b1,50,1,rgb_glcmw5_entropy,
2022_2023,R5,d50_b1,50,1,rgb_glcmw5_correlation,
2022_2023,R5,d50_b1,50,1,rgb_glcmw5_homogeneity,
2022_2023,R5,d50_b1,50,1,rgb_glcmw7_asm,
2022_2023,R5,d50_b1,50,1,rgb_glcmw7_contrast,
2022_2023,R5,d50_b1,50,1,rgb_glcmw7_entropy,
2022_2023,R5,d50_b1,50,1,rgb_glcmw7_correlation,
2022_2023,R5,d50_b1,50,1,rgb_glcmw7_homogeneity,
2023_2024,R5,118,50,2,NDVI,0.580991
2023_2024,R5,118,50,2,GNDVI,0.209646
2023_2024,R5,118,50,2,NDRE,0.170437
2023_2024,R5,118,50,2,CIrededge,0.420172
2023_2024,R5,118,50,2,SAVI,0.501347
2023_2024,R5,118,50,2,EVI,1.26739
2023_2024,R5,118,50,2,VARI,0.587805
2023_2024,R5,118,50,2,TGI,0.245328
2023_2024,R5,118,50,2,spec_mean,0.332311
2023_2024,R5,118,50,2,spec_std,0.233308
2023_2024,R5,118,50,2,spec_p10,0.0882362
2023_2024,R5,118,50,2,spec_p50,0.257387
2023_2024,R5,118,50,2,spec_p90,0.69534
2023_2024,R5,118,50,2,glcm_asm,0.0232786
2023_2024,R5,118,50,2,glcm_contrast,1.07265
2023_2024,R5,118,50,2,glcm_correlation,0.970084
2023_2024,R5,118,50,2,glcm_variance,17.9279
2023_2024,R5,118,50,2,glcm_idm,0.701825
2023_2024,R5,118,50,2,glcm_sum_average,13.9636
2023_2024,R5,118,50,2,glcm_sum_variance,182.977
2023_2024,R5,118,50,2,glcm_sum_entropy,3.36466
2023_2024,R5,118,50,2,glcm_entropy,4.06028
2023_2024,R5,118,50,2,glcm_diff_entropy,1.05858
2023_2024,R5,118,50,2,glcm_imc1,-0.508302
2023_2024,R5,118,50,2,glcm_imc2,0.968069
2023_2024,R5,118,50,2,glcm_mcc,0.97391
2023_2024,R5,118,50,2,glcm_dissimilarity,0.673861
2023_2024,R5,118,50,2,glcm_inertia,1.07265
2023_2024,R5,118,50,2,glcm_cluster_shade,-44.8262
2023_2024,R5,118,50,2,glcm_cluster_prominence,9224.52
2023_2024,R5,118,50,2,glcm_homogeneity,0.718632
2023_2024,R5,118,50,2,glcmw3_asm,0.502084
2023_2024,R5,118,50,2,glcmw3_contrast,0.339653
2023_2024,R5,118,50,2,glcmw3_entropy,0.917549
2023_2024,R5,118,50,2,glcmw3_correlation,0.417164
2023_2024,R5,118,50,2,glcmw3_homogeneity,0.847582
2023_2024,R5,118,50,2,glcmw5_asm,0.378897
2023_2024,R5,118,50,2,glcmw5_contrast,0.339504
2023_2024,R5,118,50,2,glcmw5_entropy,1.33131
2023_2024,R5,118,50,2,glcmw5_correlation,0.618141
2023_2024,R5,118,50,2,glcmw5_homogeneity,0.84766
2023_2024,R5,118,50,2,glcmw7_asm,0.3159
2023_2024,R5,118,50,2,glcmw7_contrast,0.339428
2023_2024,R5,118,50,2,glcmw7_entropy,1.58994
2023_2024,R5,118,50,2,glcmw7_correlation,0.712861
2023_2024,R5,118,50,2,glcmw7_homogeneity,0.847701
2023_2024,R5,118,50,2,rgb_glcm_asm,0.0209765
2023_2024,R5,118,50,2,rgb_glcm_contrast,1.95261
2023_2024,R5,118,50,2,rgb_glcm_correlation,0.934053
2023_2024,R5,118,50,2,rgb_glcm_variance,14.8044
2023_2024,R5,118,50,2,rgb_glcm_idm,0.611753
2023_2024,R5,118,50,2,rgb_glcm_sum_average,11.277
2023_2024,R5,118,50,2,rgb_glcm_sum_variance,120.874
2023_2024,R5,118,50,2,rgb_glcm_sum_entropy,3.30143
2023_2024,R5,118,50,2,rgb_glcm_entropy,4.25759
2023_2024,R5,118,50,2,rgb_glcm_diff_entropy,1.28689
2023_2024,R5,118,50,2,rgb_glcm_imc1,-0.395646
2023_2024,R5,118,50,2,rgb_glcm_imc2,0.936767
2023_2024,R5,118,50,2,rgb_glcm_mcc,0.940956
2023_2024,R5,118,50,2,rgb_glcm_dissimilarity,0.961348
2023_2024,R5,118,50,2,rgb_glcm_inertia,1.95261
2023_2024,R5,118,50,2,rgb_glcm_cluster_shade,176.378
2023_2024,R5,118,50,2,rgb_glcm_cluster_prominence,7915.18
2023_2024,R5,118,50,2,rgb_glcm_homogeneity,0.643282
2023_2024,R5,118,50,2,rgb_glcmw3_asm,0.402892
2023_2024,R5,118,50,2,rgb_glcmw3_contrast,0.540617
2023_2024,R5,118,50,2,rgb_glcmw3_entropy,1.16267
2023_2024,R5,118,50,2,rgb_glcmw3_correlation,0.470933
2023_2024,R5,118,50,2,rgb_glcmw3_homogeneity,0.792194
2023_2024,R5,118,50,2,rgb_glcmw5_asm,0.285016
2023_2024,R5,118,50,2,rgb_glcmw5_contrast,0.540546
2023_2024,R5,118,50,2,rgb_glcmw5_entropy,1.65551
2023_2024,R5,118,50,2,rgb_glcmw5_correlation,0.64413
2023_2024,R5,118,50,2,rgb_glcmw5_homogeneity,0.792188
2023_2024,R5,118,50,2,rgb_glcmw7_asm,0.231214
2023_2024,R5,118,50,2,rgb_glcmw7_contrast,0.540476
2023_2024,R5,118,50,2,rgb_glcmw7_entropy,1.93945
2023_2024,R5,118,50,2,rgb_glcmw7_correlation,0.726681
2023_2024,R5,118,50,2,rgb_glcmw7_homogeneity,0.792199
2022_2023,R5,d50_b2,50,2,NDVI,0.699797
2022_2023,R5,d50_b2,50,2,GNDVI,0.236941
2022_2023,R5,d50_b2,50,2,NDRE,0.25214
2022_2023,R5,d50_b2,50,2,CIrededge,0.718863
2022_2023,R5,d50_b2,50,2,SAVI,0.548966
2022_2023,R5,d50_b2,50,2,EVI,4.16239
2022_2023,R5,d50_b2,50,2,VARI,1.15563
2022_2023,R5,d50_b2,50,2,TGI,0.174624
2022_2023,R5,d50_b2,50,2,spec_mean,0.311868
2022_2023,R5,d50_b2,50,2,spec_std,0.2383
2022_2023,R5,d50_b2,50,2,spec_p10,0.0528551
2022_2023,R5,d50_b2,50,2,spec_p50,0.25022
2022_2023,R5,d50_b2,50,2,spec_p90,0.668253
2022_2023,R5,d50_b2,50,2,glcm_asm,0.0220481
2022_2023,R5,d50_b2,50,2,glcm_contrast,1.69512
2022_2023,R5,d50_b2,50,2,glcm_correlation,0.951888
2022_2023,R5,d50_b2,50,2,glcm_variance,17.6805
2022_2023,R5,d50_b2,50,2,glcm_idm,0.637005
2022_2023,R5,d50_b2,50,2,glcm_sum_average,14.0083
2022_2023,R5,d50_b2,50,2,glcm_sum_variance,183.411
2022_2023,R5,d50_b2,50,2,glcm_sum_entropy,3.33597
2022_2023,R5,d50_b2,50,2,glcm_entropy,4.23693
2022_2023,R5,d50_b2,50,2,glcm_diff_entropy,1.23121
2022_2023,R5,d50_b2,50,2,glcm_imc1,-0.427601
2022_2023,R5,d50_b2,50,2,glcm_imc2,0.948751
2022_2023,R5,d50_b2,50,2,glcm_mcc,0.958042
2022_2023,R5,d50_b2,50,2,glcm_dissimilarity,0.879618
2022_2023,R5,d50_b2,50,2,glcm_inertia,1.69512
2022_2023,R5,d50_b2,50,2,glcm_cluster_shade,-85.236
2022_2023,R5,d50_b2,50,2,glcm_cluster_prominence,9705.7
2022_2023,R5,d50_b2,50,2,glcm_homogeneity,0.664467
2022_2023,R5,d50_b2,50,2,glcmw3_asm,0.434316
2022_2023,R5,d50_b2,50,2,glcmw3_contrast,0.479157
2022_2023,R5,d50_b2,50,2,glcmw3_entropy,1.08481
2022_2023,R5,d50_b2,50,2,glcmw3_correlation,0.470422
2022_2023,R5,d50_b2,50,2,glcmw3_homogeneity,0.808208
2022_2023,R5,d50_b2,50,2,glcmw5_asm,0.312951
2022_2023,R5,d50_b2,50,2,glcmw5_contrast,0.478972
2022_2023,R5,d50_b2,50,2,glcmw5_entropy,1.55785
2022_2023,R5,d50_b2,50,2,glcmw5_correlation,0.655924
2022_2023,R5,d50_b2,50,2,glcmw5_homogeneity,0.808263
2022_2023,R5,d50_b2,50,2,glcmw7_asm,0.254198
2022_2023,R5,d50_b2,50,2,glcmw7_contrast,0.478842
2022_2023,R5,d50_b2,50,2,glcmw7_entropy,1.8452
2022_2023,R5,d50_b2,50,2,glcmw7_correlation,0.744017
2022_2023,R5,d50_b2,50,2,glcmw7_homogeneity,0.808297
2022_2023,R5,d50_b2,50,2,rgb_glcm_asm,
2022_2023,R5,d50_b2,50,2,rgb_glcm_contrast,
2022_2023,R5,d50_b2,50,2,rgb_glcm_correlation,
2022_2023,R5,d50_b2,50,2,rgb_glcm_variance,
2022_2023,R5,d50_b2,50,2,rgb_glcm_idm,
2022_2023,R5,d50_b2,50,2,rgb_glcm_sum_average,
2022_2023,R5,d50_b2,50,2,rgb_glcm_sum_variance,
2022_2023,R5,d50_b2,50,2,rgb_glcm_sum_entropy,
2022_2023,R5,d50_b2,50,2,rgb_glcm_entropy,
2022_2023,R5,d50_b2,50,2,rgb_glcm_diff_entropy,
2022_2023,R5,d50_b2,50,2,rgb_glcm_imc1,
2022_2023,R5,d50_b2,50,2,rgb_glcm_imc2,
2022_2023,R5,d50_b2,50,2,rgb_glcm_mcc,
2022_2023,R5,d50_b2,50,2,rgb_glcm_dissimilarity,
2022_2023,R5,d50_b2,50,2,rgb_glcm_inertia,
2022_2023,R5,d50_b2,50,2,rgb_glcm_cluster_shade,
2022_2023,R5,d50_b2,50,2,rgb_glcm_cluster_prominence,
2022_2023,R5,d50_b2,50,2,rgb_glcm_homogeneity,
2022_2023,R5,d50_b2,50,2,rgb_glcmw3_asm,
2022_2023,R5,d50_b2,50,2,rgb_glcmw3_contrast,
2022_2023,R5,d50_b2,50,2,rgb_glcmw3_entropy,
2022_2023,R5,d50_b2,50,2,rgb_glcmw3_correlation,
2022_2023,R5,d50_b2,50,2,rgb_glcmw3_homogeneity,
2022_2023,R5,d50_b2,50,2,rgb_glcmw5_asm,
2022_2023,R5,d50_b2,50,2,rgb_glcmw5_contrast,
2022_2023,R5,d50_b2,50,2,rgb_glcmw5_entropy,
2022_2023,R5,d50_b2,50,2,rgb_glcmw5_correlation,
2022_2023,R5,d50_b2,50,2,rgb_glcmw5_homogeneity,
2022_2023,R5,d50_b2,50,2,rgb_glcmw7_asm,
2022_2023,R5,d50_b2,50,2,rgb_glcmw7_contrast,
2022_2023,R5,d50_b2,50,2,rgb_glcmw7_entropy,
2022_2023,R5,d50_b2,50,2,rgb_glcmw7_correlation,
2022_2023,R5,d50_b2,50,2,rgb_glcmw7_homogeneity,
2023_2024,R5,126,50,3,NDVI,0.572842
2023_2024,R5,126,50,3,GNDVI,0.198372
2023_2024,R5,126,50,3,NDRE,0.171118
2023_2024,R5,126,50,3,CIrededge,0.421593
2023_2024,R5,126,50,3,SAVI,0.492822
2023_2024,R5,126,50,3,EVI,10.6985
2023_2024,R5,126,50,3,VARI,0.59333
2023_2024,R5,126,50,3,TGI,0.249683
2023_2024,R5,126,50,3,spec_mean,0.330604
2023_2024,R5,126,50,3,spec_std,0.231715
2023_2024,R5,126,50,3,spec_p10,0.0906186
2023_2024,R5,126,50,3,spec_p50,0.258246
2023_2024,R5,126,50,3,spec_p90,0.689185
2023_2024,R5,126,50,3,glcm_asm,0.0260939
2023_2024,R5,126,50,3,glcm_contrast,1.32254
2023_2024,R5,126,50,3,glcm_correlation,0.967133
2023_2024,R5,126,50,3,glcm_variance,20.1193
2023_2024,R5,126,50,3,glcm_idm,0.685185
2023_2024,R5,126,50,3,glcm_sum_average,12.516
2023_2024,R5,126,50,3,glcm_sum_variance,163.255
2023_2024,R5,126,50,3,glcm_sum_entropy,3.34533
2023_2024,R5,126,50,3,glcm_entropy,4.10819
2023_2024,R5,126,50,3,glcm_diff_entropy,1.13847
2023_2024,R5,126,50,3,glcm_imc1,-0.485962
2023_2024,R5,126,50,3,glcm_imc2,0.963556
2023_2024,R5,126,50,3,glcm_mcc,0.96949
2023_2024,R5,126,50,3,glcm_dissimilarity,0.741183
2023_2024,R5,126,50,3,glcm_inertia,1.32254
2023_2024,R5,126,50,3,glcm_cluster_shade,119.336
2023_2024,R5,126,50,3,glcm_cluster_prominence,11011.8
2023_2024,R5,126,50,3,glcm_homogeneity,0.706851
2023_2024,R5,126,50,3,glcmw3_asm,0.500231
2023_2024,R5,126,50,3,glcmw3_contrast,0.389577
2023_2024,R5,126,50,3,glcmw3_entropy,0.944313
2023_2024,R5,126,50,3,glcmw3_correlation,0.433262
2023_2024,R5,126,50,3,glcmw3_homogeneity,0.835891
2023_2024,R5,126,50,3,glcmw5_asm,0.385489
2023_2024,R5,126,50,3,glcmw5_contrast,0.389363
2023_2024,R5,126,50,3,glcmw5_entropy,1.3661
2023_2024,R5,126,50,3,glcmw5_correlation,0.615307
2023_2024,R5,126,50,3,glcmw5_homogeneity,0.835953
2023_2024,R5,126,50,3,glcmw7_asm,0.327346
2023_2024,R5,126,50,3,glcmw7_contrast,0.389199
2023_2024,R5,126,50,3,glcmw7_entropy,1.62958
2023_2024,R5,126,50,3,glcmw7_correlation,0.708296
2023_2024,R5,126,50,3,glcmw7_homogeneity,0.835999
2023_2024,R5,126,50,3,rgb_glcm_asm,0.0236208
2023_2024,R5,126,50,3,rgb_glcm_contrast,2.11297
2023_2024,R5,126,50,3,rgb_glcm_correlation,0.932566
2023_2024,R5,126,50,3,rgb_glcm_variance,15.667
2023_2024,R5,126,50,3,rgb_glcm_idm,0.608952
2023_2024,R5,126,50,3,rgb_glcm_sum_average,10.764
2023_2024,R5,126,50,3,rgb_glcm_sum_variance,116.533
2023_2024,R5,126,50,3,rgb_glcm_sum_entropy,3.28209
2023_2024,R5,126,50,3,rgb_glcm_entropy,4.25367
2023_2024,R5,126,50,3,rgb_glcm_diff_entropy,1.31794
2023_2024,R5,126,50,3,rgb_glcm_imc1,-0.389251
2023_2024,R5,126,50,3,rgb_glcm_imc2,0.93382
2023_2024,R5,126,50,3,rgb_glcm_mcc,0.94031
2023_2024,R5,126,50,3,rgb_glcm_dissimilarity,0.98816
2023_2024,R5,126,50,3,rgb_glcm_inertia,2.11297
2023_2024,R5,126,50,3,rgb_glcm_cluster_shade,202.009
2023_2024,R5,126,50,3,rgb_glcm_cluster_prominence,8560.75
2023_2024,R5,126,50,3,rgb_glcm_homogeneity,0.642007
2023_2024,R5,126,50,3,rgb_glcmw3_asm,0.409485
2023_2024,R5,126,50,3,rgb_glcmw3_contrast,0.574524
2023_2024,R5,126,50,3,rgb_glcmw3_entropy,1.16028
2023_2024,R5,126,50,3,rgb_glcmw3_correlation,0.470737
2023_2024,R5,126,50,3,rgb_glcmw3_homogeneity,0.789351
2023_2024,R5,126,50,3,rgb_glcmw5_asm,0.294891
2023_2024,R5,126,50,3,rgb_glcmw5_contrast,0.57423
2023_2024,R5,126,50,3,rgb_glcmw5_entropy,1.65142
2023_2024,R5,126,50,3,rgb_glcmw5_correlation,0.643219
2023_2024,R5,126,50,3,rgb_glcmw5_homogeneity,0.789499
2023_2024,R5,126,50,3,rgb_glcmw7_asm,0.242388
2023_2024,R5,126,50,3,rgb_glcmw7_contrast,0.574046
2023_2024,R5,126,50,3,rgb_glcmw7_entropy,1.93558
2023_2024,R5,126,50,3,rgb_glcmw7_correlation,0.728334
2023_2024,R5,126,50,3,rgb_glcmw7_homogeneity,0.789587
2022_2023,R5,d50_b3,50,3,NDVI,0.686523
2022_2023,R5,d50_b3,50,3,GNDVI,0.233093
2022_2023,R5,d50_b3,50,3,NDRE,0.220527
2022_2023,R5,d50_b3,50,3,CIrededge,0.593201
2022_2023,R5,d50_b3,50,3,SAVI,0.537262
2022_2023,R5,d50_b3,50,3,EVI,-0.148633
2022_2023,R5,d50_b3,50,3,VARI,2.29165
2022_2023,R5,d50_b3,50,3,TGI,0.175829
2022_2023,R5,d50_b3,50,3,spec_mean,0.313786
2022_2023,R5,d50_b3,50,3,spec_std,0.240434
2022_2023,R5,d50_b3,50,3,spec_p10,0.0563404
2022_2023,R5,d50_b3,50,3,spec_p50,0.246985
2022_2023,R5,d50_b3,50,3,spec_p90,0.675983
2022_2023,R5,d50_b3,50,3,glcm_asm,0.0214623
2022_2023,R5,d50_b3,50,3,glcm_contrast,1.81892
2022_2023,R5,d50_b3,50,3,glcm_correlation,0.951499
2022_2023,R5,d50_b3,50,3,glcm_variance,18.7429
2022_2023,R5,d50_b3,50,3,glcm_idm,0.629878
2022_2023,R5,d50_b3,50,3,glcm_sum_average,13.9104
2022_2023,R5,d50_b3,50,3,glcm_sum_variance,184.68
2022_2023,R5,d50_b3,50,3,glcm_sum_entropy,3.35107
2022_2023,R5,d50_b3,50,3,glcm_entropy,4.27512
2022_2023,R5,d50_b3,50,3,glcm_diff_entropy,1.2585
2022_2023,R5,d50_b3,50,3,glcm_imc1,-0.423428
2022_2023,R5,d50_b3,50,3,glcm_imc2,0.948351
2022_2023,R5,d50_b3,50,3,glcm_mcc,0.958026
2022_2023,R5,d50_b3,50,3,glcm_dissimilarity,0.909959
2022_2023,R5,d50_b3,50,3,glcm_inertia,1.81892
2022_2023,R5,d50_b3,50,3,glcm_cluster_shade,-83.4682
2022_2023,R5,d50_b3,50,3,glcm_cluster_prominence,10270.3
2022_2023,R5,d50_b3,50,3,glcm_homogeneity,0.658957
2022_2023,R5,d50_b3,50,3,glcmw3_asm,0.428929
2022_2023,R5,d50_b3,50,3,glcmw3_contrast,0.506405
2022_2023,R5,d50_b3,50,3,glcmw3_entropy,1.10034
2022_2023,R5,d50_b3,50,3,glcmw3_correlation,0.476634
2022_2023,R5,d50_b3,50,3,glcmw3_homogeneity,0.803318
2022_2023,R5,d50_b3,50,3,glcmw5_asm,0.3095
2022_2023,R5,d50_b3,50,3,glcmw5_contrast,0.506311
2022_2023,R5,d50_b3,50,3,glcmw5_entropy,1.57956
2022_2023,R5,d50_b3,50,3,glcmw5_correlation,0.654975
2022_2023,R5,d50_b3,50,3,glcmw5_homogeneity,0.803402
2022_2023,R5,d50_b3,50,3,glcmw7_asm,0.252705
2022_2023,R5,d50_b3,50,3,glcmw7_contrast,0.506515
2022_2023,R5,d50_b3,50,3,glcmw7_entropy,1.86927
2022_2023,R5,d50_b3,50,3,glcmw7_correlation,0.740481
2022_2023,R5,d50_b3,50,3,glcmw7_homogeneity,0.803374
2022_2023,R5,d50_b3,50,3,rgb_glcm_asm,
2022_2023,R5,d50_b3,50,3,rgb_glcm_contrast,
2022_2023,R5,d50_b3,50,3,rgb_glcm_correlation,
2022_2023,R5,d50_b3,50,3,rgb_glcm_variance,
2022_2023,R5,d50_b3,50,3,rgb_glcm_idm,
2022_2023,R5,d50_b3,50,3,rgb_glcm_sum_average,
2022_2023,R5,d50_b3,50,3,rgb_glcm_sum_variance,
2022_2023,R5,d50_b3,50,3,rgb_glcm_sum_entropy,
2022_2023,R5,d50_b3,50,3,rgb_glcm_entropy,
2022_2023,R5,d50_b3,50,3,rgb_glcm_diff_entropy,
2022_2023,R5,d50_b3,50,3,rgb_glcm_imc1,
2022_2023,R5,d50_b3,50,3,rgb_glcm_imc2,
2022_2023,R5,d50_b3,50,3,rgb_glcm_mcc,
2022_2023,R5,d50_b3,50,3,rgb_glcm_dissimilarity,
2022_2023,R5,d50_b3,50,3,rgb_glcm_inertia,
2022_2023,R5,d50_b3,50,3,rgb_glcm_cluster_shade,
2022_2023,R5,d50_b3,50,3,rgb_glcm_cluster_prominence,
2022_2023,R5,d50_b3,50,3,rgb_glcm_homogeneity,
2022_2023,R5,d50_b3,50,3,rgb_glcmw3_asm,
2022_2023,R5,d50_b3,50,3,rgb_glcmw3_contrast,
2022_2023,R5,d50_b3,50,3,rgb_glcmw3_entropy,
2022_2023,R5,d50_b3,50,3,rgb_glcmw3_correlation,
2022_2023,R5,d50_b3,50,3,rgb_glcmw3_homogeneity,
2022_2023,R5,d50_b3,50,3,rgb_glcmw5_asm,
2022_2023,R5,d50_b3,50,3,rgb_glcmw5_contrast,
2022_2023,R5,d50_b3,50,3,rgb_glcmw5_entropy,
2022_2023,R5,d50_b3,50,3,rgb_glcmw5_correlation,
2022_2023,R5,d50_b3,50,3,rgb_glcmw5_homogeneity,
2022_2023,R5,d50_b3,50,3,rgb_glcmw7_asm,
2022_2023,R5,d50_b3,50,3,rgb_glcmw7_contrast,
2022_2023,R5,d50_b3,50,3,rgb_glcmw7_entropy,
2022_2023,R5,d50_b3,50,3,rgb_glcmw7_correlation,
2022_2023,R5,d50_b3,50,3,rgb_glcmw7_homogeneity,
2023_2024,R5,131,50,4,NDVI,0.600671
2023_2024,R5,131,50,4,GNDVI,0.142576
2023_2024,R5,131,50,4,NDRE,0.180148
2023_2024,R5,131,50,4,CIrededge,72.8928
2023_2024,R5,131,50,4,SAVI,0.483893
2023_2024,R5,131,50,4,EVI,-1.09456
2023_2024,R5,131,50,4,VARI,0.699135
2023_2024,R5,131,50,4,TGI,0.264995
2023_2024,R5,131,50,4,spec_mean,0.300396
2023_2024,R5,131,50,4,spec_std,0.207788
2023_2024,R5,131,50,4,spec_p10,0.0849672
2023_2024,R5,131,50,4,spec_p50,0.252201
2023_2024,R5,131,50,4,spec_p90,0.593938
2023_2024,R5,131,50,4,glcm_asm,0.0412772
2023_2024,R5,131,50,4,glcm_contrast,0.860051
2023_2024,R5,131,50,4,glcm_correlation,0.964679
2023_2024,R5,131,50,4,glcm_variance,12.1749
2023_2024,R5,131,50,4,glcm_idm,0.77513
2023_2024,R5,131,50,4,glcm_sum_average,10.6797
2023_2024,R5,131,50,4,glcm_sum_variance,104.718
2023_2024,R5,131,50,4,glcm_sum_entropy,3.13787
2023_2024,R5,131,50,4,glcm_entropy,3.68019
2023_2024,R5,131,50,4,glcm_diff_entropy,0.938467
2023_2024,R5,131,50,4,glcm_imc1,-0.550684
2023_2024,R5,131,50,4,glcm_imc2,0.969013
2023_2024,R5,131,50,4,glcm_mcc,0.965542
2023_2024,R5,131,50,4,glcm_dissimilarity,0.512297
2023_2024,R5,131,50,4,glcm_inertia,0.860051
2023_2024,R5,131,50,4,glcm_cluster_shade,233.822
2023_2024,R5,131,50,4,glcm_cluster_prominence,7232.65
2023_2024,R5,131,50,4,glcm_homogeneity,0.7855
2023_2024,R5,131,50,4,glcmw3_asm,0.601138
2023_2024,R5,131,50,4,glcmw3_contrast,0.276507
2023_2024,R5,131,50,4,glcmw3_entropy,0.719446
2023_2024,R5,131,50,4,glcmw3_correlation,0.326706
2023_2024,R5,131,50,4,glcmw3_homogeneity,0.884024
2023_2024,R5,131,50,4,glcmw5_asm,0.484013
2023_2024,R5,131,50,4,glcmw5_contrast,0.276275
2023_2024,R5,131,50,4,glcmw5_entropy,1.06115
2023_2024,R5,131,50,4,glcmw5_correlation,0.544489
2023_2024,R5,131,50,4,glcmw5_homogeneity,0.884012
2023_2024,R5,131,50,4,glcmw7_asm,0.417805
2023_2024,R5,131,50,4,glcmw7_contrast,0.275912
2023_2024,R5,131,50,4,glcmw7_entropy,1.27998
2023_2024,R5,131,50,4,glcmw7_correlation,0.660873
2023_2024,R5,131,50,4,glcmw7_homogeneity,0.884035
2023_2024,R5,131,50,4,rgb_glcm_asm,0.0234476
2023_2024,R5,131,50,4,rgb_glcm_contrast,2.05912
2023_2024,R5,131,50,4,rgb_glcm_correlation,0.934848
2023_2024,R5,131,50,4,rgb_glcm_variance,15.8025
2023_2024,R5,131,50,4,rgb_glcm_idm,0.612042
2023_2024,R5,131,50,4,rgb_glcm_sum_average,10.8344
2023_2024,R5,131,50,4,rgb_glcm_sum_variance,118.053
2023_2024,R5,131,50,4,rgb_glcm_sum_entropy,3.29103
2023_2024,R5,131,50,4,rgb_glcm_entropy,4.25049
2023_2024,R5,131,50,4,rgb_glcm_diff_entropy,1.30596
2023_2024,R5,131,50,4,rgb_glcm_imc1,-0.395676
2023_2024,R5,131,50,4,rgb_glcm_imc2,0.936551
2023_2024,R5,131,50,4,rgb_glcm_mcc,0.942211
2023_2024,R5,131,50,4,rgb_glcm_dissimilarity,0.974422
2023_2024,R5,131,50,4,rgb_glcm_inertia,2.05912
2023_2024,R5,131,50,4,rgb_glcm_cluster_shade,217.296
2023_2024,R5,131,50,4,rgb_glcm_cluster_prominence,8825.68
2023_2024,R5,131,50,4,rgb_glcm_homogeneity,0.644176
2023_2024,R5,131,50,4,rgb_glcmw3_asm,0.409009
2023_2024,R5,131,50,4,rgb_glcmw3_contrast,0.561695
2023_2024,R5,131,50,4,rgb_glcmw3_entropy,1.1584
2023_2024,R5,131,50,4,rgb_glcmw3_correlation,0.47542
2023_2024,R5,131,50,4,rgb_glcmw3_homogeneity,0.791874
2023_2024,R5,131,50,4,rgb_glcmw5_asm,0.294099
2023_2024,R5,131,50,4,rgb_glcmw5_contrast,0.561161
2023_2024,R5,131,50,4,rgb_glcmw5_entropy,1.64934
2023_2024,R5,131,50,4,rgb_glcmw5_correlation,0.645717
2023_2024,R5,131,50,4,rgb_glcmw5_homogeneity,0.791964
2023_2024,R5,131,50,4,rgb_glcmw7_asm,0.24243
2023_2024,R5,131,50,4,rgb_glcmw7_contrast,0.561084
2023_2024,R5,131,50,4,rgb_glcmw7_entropy,1.93207
2023_2024,R5,131,50,4,rgb_glcmw7_correlation,0.727878
2023_2024,R5,131,50,4,rgb_glcmw7_homogeneity,0.791952
2022_2023,R5,d50_b4,50,4,NDVI,0.682624
2022_2023,R5,d50_b4,50,4,GNDVI,0.227385
2022_2023,R5,d50_b4,50,4,NDRE,0.213698
2022_2023,R5,d50_b4,50,4,CIrededge,0.568454
2022_2023,R5,d50_b4,50,4,SAVI,0.531241
2022_2023,R5,d50_b4,50,4,EVI,-3.15265
2022_2023,R5,d50_b4,50,4,VARI,1.86576
2022_2023,R5,d50_b4,50,4,TGI,0.18411
2022_2023,R5,d50_b4,50,4,spec_mean,0.310922
2022_2023,R5,d50_b4,50,4,spec_std,0.241156
2022_2023,R5,d50_b4,50,4,spec_p10,0.0558133
2022_2023,R5,d50_b4,50,4,spec_p50,0.240747
2022_2023,R5,d50_b4,50,4,spec_p90,0.680441
2022_2023,R5,d50_b4,50,4,glcm_asm,0.0213575
2022_2023,R5,d50_b4,50,4,glcm_contrast,1.9479
2022_2023,R5,d50_b4,50,4,glcm_correlation,0.949766
2022_2023,R5,d50_b4,50,4,glcm_variance,19.4074
2022_2023,R5,d50_b4,50,4,glcm_idm,0.619096
2022_2023,R5,d50_b4,50,4,glcm_sum_average,13.5974
2022_2023,R5,d50_b4,50,4,glcm_sum_variance,180.729
2022_2023,R5,d50_b4,50,4,glcm_sum_entropy,3.35663
2022_2023,R5,d50_b4,50,4,glcm_entropy,4.3074
2022_2023,R5,d50_b4,50,4,glcm_diff_entropy,1.28675
2022_2023,R5,d50_b4,50,4,glcm_imc1,-0.413882
2022_2023,R5,d50_b4,50,4,glcm_imc2,0.945692
2022_2023,R5,d50_b4,50,4,glcm_mcc,0.954338
2022_2023,R5,d50_b4,50,4,glcm_dissimilarity,0.947892
2022_2023,R5,d50_b4,50,4,glcm_inertia,1.9479
2022_2023,R5,d50_b4,50,4,glcm_cluster_shade,-44.2066
2022_2023,R5,d50_b4,50,4,glcm_cluster_prominence,10603.2
2022_2023,R5,d50_b4,50,4,glcm_homogeneity,0.650191
2022_2023,R5,d50_b4,50,4,glcmw3_asm,0.420266
2022_2023,R5,d50_b4,50,4,glcmw3_contrast,0.534119
2022_2023,R5,d50_b4,50,4,glcmw3_entropy,1.12344
2022_2023,R5,d50_b4,50,4,glcmw3_correlation,0.495215
2022_2023,R5,d50_b4,50,4,glcmw3_homogeneity,0.797129
2022_2023,R5,d50_b4,50,4,glcmw5_asm,0.299804
2022_2023,R5,d50_b4,50,4,glcmw5_contrast,0.534098
2022_2023,R5,d50_b4,50,4,glcmw5_entropy,1.61665
2022_2023,R5,d50_b4,50,4,glcmw5_correlation,0.675342
2022_2023,R5,d50_b4,50,4,glcmw5_homogeneity,0.797186
2022_2023,R5,d50_b4,50,4,glcmw7_asm,0.242504
2022_2023,R5,d50_b4,50,4,glcmw7_contrast,0.534108
2022_2023,R5,d50_b4,50,4,glcmw7_entropy,1.91836
2022_2023,R5,d50_b4,50,4,glcmw7_correlation,0.760557
2022_2023,R5,d50_b4,50,4,glcmw7_homogeneity,0.797163
2022_2023,R5,d50_b4,50,4,rgb_glcm_asm,
2022_2023,R5,d50_b4,50,4,rgb_glcm_contrast,
2022_2023,R5,d50_b4,50,4,rgb_glcm_correlation,
2022_2023,R5,d50_b4,50,4,rgb_glcm_variance,
2022_2023,R5,d50_b4,50,4,rgb_glcm_idm,
2022_2023,R5,d50_b4,50,4,rgb_glcm_sum_average,
2022_2023,R5,d50_b4,50,4,rgb_glcm_sum_variance,
2022_2023,R5,d50_b4,50,4,rgb_glcm_sum_entropy,
2022_2023,R5,d50_b4,50,4,rgb_glcm_entropy,
2022_2023,R5,d50_b4,50,4,rgb_glcm_diff_entropy,
2022_2023,R5,d50_b4,50,4,rgb_glcm_imc1,
2022_2023,R5,d50_b4,50,4,rgb_glcm_imc2,
2022_2023,R5,d50_b4,50,4,rgb_glcm_mcc,
2022_2023,R5,d50_b4,50,4,rgb_glcm_dissimilarity,
2022_2023,R5,d50_b4,50,4,rgb_glcm_inertia,
2022_2023,R5,d50_b4,50,4,rgb_glcm_cluster_shade,
2022_2023,R5,d50_b4,50,4,rgb_glcm_cluster_prominence,
2022_2023,R5,d50_b4,50,4,rgb_glcm_homogeneity,
2022_2023,R5,d50_b4,50,4,rgb_glcmw3_asm,
2022_2023,R5,d50_b4,50,4,rgb_glcmw3_contrast,
2022_2023,R5,d50_b4,50,4,rgb_glcmw3_entropy,
2022_2023,R5,d50_b4,50,4,rgb_glcmw3_correlation,
2022_2023,R5,d50_b4,50,4,rgb_glcmw3_homogeneity,
2022_2023,R5,d50_b4,50,4,rgb_glcmw5_asm,
2022_2023,R5,d50_b4,50,4,rgb_glcmw5_contrast,
2022_2023,R5,d50_b4,50,4,rgb_glcmw5_entropy,
2022_2023,R5,d50_b4,50,4,rgb_glcmw5_correlation,
2022_2023,R5,d50_b4,50,4,rgb_glcmw5_homogeneity,
2022_2023,R5,d50_b4,50,4,rgb_glcmw7_asm,
2022_2023,R5,d50_b4,50,4,rgb_glcmw7_contrast,
2022_2023,R5,d50_b4,50,4,rgb_glcmw7_entropy,
2022_2023,R5,d50_b4,50,4,rgb_glcmw7_correlation,
2022_2023,R5,d50_b4,50,4,rgb_glcmw7_homogeneity,
2023_2024,R5,43,100,1,NDVI,0.650834
2023_2024,R5,43,100,1,GNDVI,0.231241
2023_2024,R5,43,100,1,NDRE,0.224468
2023_2024,R5,43,100,1,CIrededge,0.600223
2023_2024,R5,43,100,1,SAVI,0.553515
2023_2024,R5,43,100,1,EVI,0.464799
2023_2024,R5,43,100,1,VARI,0.760388
2023_2024,R5,43,100,1,TGI,0.230306
2023_2024,R5,43,100,1,spec_mean,0.323397
2023_2024,R5,43,100,1,spec_std,0.232941
2023_2024,R5,43,100,1,spec_p10,0.0745313
2023_2024,R5,43,100,1,spec_p50,0.257225
2023_2024,R5,43,100,1,spec_p90,0.679371
2023_2024,R5,43,100,1,glcm_asm,0.0230044
2023_2024,R5,43,100,1,glcm_contrast,1.05003
2023_2024,R5,43,100,1,glcm_correlation,0.968494
2023_2024,R5,43,100,1,glcm_variance,16.664
2023_2024,R5,43,100,1,glcm_idm,0.695857
2023_2024,R5,43,100,1,glcm_sum_average,14.9958
2023_2024,R5,43,100,1,glcm_sum_variance,201.281
2023_2024,R5,43,100,1,glcm_sum_entropy,3.3478
2023_2024,R5,43,100,1,glcm_entropy,4.0539
2023_2024,R5,43,100,1,glcm_diff_entropy,1.04928
2023_2024,R5,43,100,1,glcm_imc1,-0.497742
2023_2024,R5,43,100,1,glcm_imc2,0.965334
2023_2024,R5,43,100,1,glcm_mcc,0.97498
2023_2024,R5,43,100,1,glcm_dissimilarity,0.680384
2023_2024,R5,43,100,1,glcm_inertia,1.05003
2023_2024,R5,43,100,1,glcm_cluster_shade,-160.326
2023_2024,R5,43,100,1,glcm_cluster_prominence,9080.68
2023_2024,R5,43,100,1,glcm_homogeneity,0.712301
2023_2024,R5,43,100,1,glcmw3_asm,0.492048
2023_2024,R5,43,100,1,glcmw3_contrast,0.336242
2023_2024,R5,43,100,1,glcmw3_entropy,0.936843
2023_2024,R5,43,100,1,glcmw3_correlation,0.41243
2023_2024,R5,43,100,1,glcmw3_homogeneity,0.845984
2023_2024,R5,43,100,1,glcmw5_asm,0.368967
2023_2024,R5,43,100,1,glcmw5_contrast,0.336326
2023_2024,R5,43,100,1,glcmw5_entropy,1.35338
2023_2024,R5,43,100,1,glcmw5_correlation,0.611499
2023_2024,R5,43,100,1,glcmw5_homogeneity,0.845947
2023_2024,R5,43,100,1,glcmw7_asm,0.307791
2023_2024,R5,43,100,1,glcmw7_contrast,0.336394
2023_2024,R5,43,100,1,glcmw7_entropy,1.60657
2023_2024,R5,43,100,1,glcmw7_correlation,0.705446
2023_2024,R5,43,100,1,glcmw7_homogeneity,0.845876
2023_2024,R5,43,100,1,rgb_glcm_asm,0.0204662
2023_2024,R5,43,100,1,rgb_glcm_contrast,1.93879
2023_2024,R5,43,100,1,rgb_glcm_correlation,0.933578
2023_2024,R5,43,100,1,rgb_glcm_variance,14.5946
2023_2024,R5,43,100,1,rgb_glcm_idm,0.610952
2023_2024,R5,43,100,1,rgb_glcm_sum_average,11.1577
2023_2024,R5,43,100,1,rgb_glcm_sum_variance,118.174
2023_2024,R5,43,100,1,rgb_glcm_sum_entropy,3.30056
2023_2024,R5,43,100,1,rgb_glcm_entropy,4.25588
2023_2024,R5,43,100,1,rgb_glcm_diff_entropy,1.28272
2023_2024,R5,43,100,1,rgb_glcm_imc1,-0.392533
2023_2024,R5,43,100,1,rgb_glcm_imc2,0.935353
2023_2024,R5,43,100,1,rgb_glcm_mcc,0.938141
2023_2024,R5,43,100,1,rgb_glcm_dissimilarity,0.959816
2023_2024,R5,43,100,1,rgb_glcm_inertia,1.93879
2023_2024,R5,43,100,1,rgb_glcm_cluster_shade,189.465
2023_2024,R5,43,100,1,rgb_glcm_cluster_prominence,7782.71
2023_2024,R5,43,100,1,rgb_glcm_homogeneity,0.642417
2023_2024,R5,43,100,1,rgb_glcmw3_asm,0.398182
2023_2024,R5,43,100,1,rgb_glcmw3_contrast,0.539405
2023_2024,R5,43,100,1,rgb_glcmw3_entropy,1.17012
2023_2024,R5,43,100,1,rgb_glcmw3_correlation,0.47116
2023_2024,R5,43,100,1,rgb_glcmw3_homogeneity,0.79172
2023_2024,R5,43,100,1,rgb_glcmw5_asm,0.280171
2023_2024,R5,43,100,1,rgb_glcmw5_contrast,0.539235
2023_2024,R5,43,100,1,rgb_glcmw5_entropy,1.6607
2023_2024,R5,43,100,1,rgb_glcmw5_correlation,0.64658
2023_2024,R5,43,100,1,rgb_glcmw5_homogeneity,0.791772
2023_2024,R5,43,100,1,rgb_glcmw7_asm,0.227296
2023_2024,R5,43,100,1,rgb_glcmw7_contrast,0.539015
2023_2024,R5,43,100,1,rgb_glcmw7_entropy,1.93987
2023_2024,R5,43,100,1,rgb_glcmw7_correlation,0.728792
2023_2024,R5,43,100,1,rgb_glcmw7_homogeneity,0.791829
2022_2023,R5,d100_b1,100,1,NDVI,0.697083
2022_2023,R5,d100_b1,100,1,GNDVI,0.228845
2022_2023,R5,d100_b1,100,1,NDRE,0.228798
2022_2023,R5,d100_b1,100,1,CIrededge,42.4467
2022_2023,R5,d100_b1,100,1,SAVI,0.55247
2022_2023,R5,d100_b1,100,1,EVI,-0.060455
2022_2023,R5,d100_b1,100,1,VARI,1.11274
2022_2023,R5,d100_b1,100,1,TGI,0.18981
2022_2023,R5,d100_b1,100,1,spec_mean,0.319997
2022_2023,R5,d100_b1,100,1,spec_std,0.24355
2022_2023,R5,d100_b1,100,1,spec_p10,0.0574715
2022_2023,R5,d100_b1,100,1,spec_p50,0.253186
2022_2023,R5,d100_b1,100,1,spec_p90,0.687561
2022_2023,R5,d100_b1,100,1,glcm_asm,0.0213765
2022_2023,R5,d100_b1,100,1,glcm_contrast,1.89554
2022_2023,R5,d100_b1,100,1,glcm_correlation,0.950028
2022_2023,R5,d100_b1,100,1,glcm_variance,18.965
2022_2023,R5,d100_b1,100,1,glcm_idm,0.621214
2022_2023,R5,d100_b1,100,1,glcm_sum_average,14.2128
2022_2023,R5,d100_b1,100,1,glcm_sum_variance,192.143
2022_2023,R5,d100_b1,100,1,glcm_sum_entropy,3.34561
2022_2023,R5,d100_b1,100,1,glcm_entropy,4.28844
2022_2023,R5,d100_b1,100,1,glcm_diff_entropy,1.27572
2022_2023,R5,d100_b1,100,1,glcm_imc1,-0.414945
2022_2023,R5,d100_b1,100,1,glcm_imc2,0.945571
2022_2023,R5,d100_b1,100,1,glcm_mcc,0.955917
2022_2023,R5,d100_b1,100,1,glcm_dissimilarity,0.936535
2022_2023,R5,d100_b1,100,1,glcm_inertia,1.89554
2022_2023,R5,d100_b1,100,1,glcm_cluster_shade,-126.811
2022_2023,R5,d100_b1,100,1,glcm_cluster_prominence,10479.6
2022_2023,R5,d100_b1,100,1,glcm_homogeneity,0.651652
2022_2023,R5,d100_b1,100,1,glcmw3_asm,0.419841
2022_2023,R5,d100_b1,100,1,glcmw3_contrast,0.521074
2022_2023,R5,d100_b1,100,1,glcmw3_entropy,1.12365
2022_2023,R5,d100_b1,100,1,glcmw3_correlation,0.484668
2022_2023,R5,d100_b1,100,1,glcmw3_homogeneity,0.798628
2022_2023,R5,d100_b1,100,1,glcmw5_asm,0.301011
2022_2023,R5,d100_b1,100,1,glcmw5_contrast,0.520765
2022_2023,R5,d100_b1,100,1,glcmw5_entropy,1.61082
2022_2023,R5,d100_b1,100,1,glcmw5_correlation,0.660893
2022_2023,R5,d100_b1,100,1,glcmw5_homogeneity,0.798758
2022_2023,R5,d100_b1,100,1,glcmw7_asm,0.245551
2022_2023,R5,d100_b1,100,1,glcmw7_contrast,0.520502
2022_2023,R5,d100_b1,100,1,glcmw7_entropy,1.90293
2022_2023,R5,d100_b1,100,1,glcmw7_correlation,0.743793
2022_2023,R5,d100_b1,100,1,glcmw7_homogeneity,0.798845
2022_2023,R5,d100_b1,100,1,rgb_glcm_asm,
2022_2023,R5,d100_b1,100,1,rgb_glcm_contrast,
2022_2023,R5,d100_b1,100,1,rgb_glcm_correlation,
2022_2023,R5,d100_b1,100,1,rgb_glcm_variance,
2022_2023,R5,d100_b1,100,1,rgb_glcm_idm,
2022_2023,R5,d100_b1,100,1,rgb_glcm_sum_average,
2022_2023,R5,d100_b1,100,1,rgb_glcm_sum_variance,
2022_2023,R5,d100_b1,100,1,rgb_glcm_sum_entropy,
2022_2023,R5,d100_b1,100,1,rgb_glcm_entropy,
2022_2023,R5,d100_b1,100,1,rgb_glcm_diff_entropy,
2022_2023,R5,d100_b1,100,1,rgb_glcm_imc1,
2022_2023,R5,d100_b1,100,1,rgb_glcm_imc2,
2022_2023,R5,d100_b1,100,1,rgb_glcm_mcc,
2022_2023,R5,d100_b1,100,1,rgb_glcm_dissimilarity,
2022_2023,R5,d100_b1,100,1,rgb_glcm_inertia,
2022_2023,R5,d100_b1,100,1,rgb_glcm_cluster_shade,
2022_2023,R5,d100_b1,100,1,rgb_glcm_cluster_prominence,
2022_2023,R5,d100_b1,100,1,rgb_glcm_homogeneity,
2022_2023,R5,d100_b1,100,1,rgb_glcmw3_asm,
2022_2023,R5,d100_b1,100,1,rgb_glcmw3_contrast,
2022_2023,R5,d100_b1,100,1,rgb_glcmw3_entropy,
2022_2023,R5,d100_b1,100,1,rgb_glcmw3_correlation,
2022_2023,R5,d100_b1,100,1,rgb_glcmw3_homogeneity,
2022_2023,R5,d100_b1,100,1,rgb_glcmw5_asm,
2022_2023,R5,d100_b1,100,1,rgb_glcmw5_contrast,
2022_2023,R5,d100_b1,100,1,rgb_glcmw5_entropy,
2022_2023,R5,d100_b1,100,1,rgb_glcmw5_correlation,
2022_2023,R5,d100_b1,100,1,rgb_glcmw5_homogeneity,
2022_2023,R5,d100_b1,100,1,rgb_glcmw7_asm,
2022_2023,R5,d100_b1,100,1,rgb_glcmw7_contrast,
2022_2023,R5,d100_b1,100,1,rgb_glcmw7_entropy,
2022_2023,R5,d100_b1,100,1,rgb_glcmw7_correlation,
2022_2023,R5,d100_b1,100,1,rgb_glcmw7_homogeneity,
2023_2024,R5,117,100,2,NDVI,0.646301
2023_2024,R5,117,100,2,GNDVI,0.216445
2023_2024,R5,117,100,2,NDRE,0.204589
2023_2024,R5,117,100,2,CIrededge,0.536241
2023_2024,R5,117,100,2,SAVI,0.543044
2023_2024,R5,117,100,2,EVI,0.336954
2023_2024,R5,117,100,2,VARI,0.733604
2023_2024,R5,117,100,2,TGI,0.253274
2023_2024,R5,117,100,2,spec_mean,0.323375
2023_2024,R5,117,100,2,spec_std,0.236835
2023_2024,R5,117,100,2,spec_p10,0.0694463
2023_2024,R5,117,100,2,spec_p50,0.255681
2023_2024,R5,117,100,2,spec_p90,0.685278
2023_2024,R5,117,100,2,glcm_asm,0.0223014
2023_2024,R5,117,100,2,glcm_contrast,1.13148
2023_2024,R5,117,100,2,glcm_correlation,0.966276
2023_2024,R5,117,100,2,glcm_variance,16.7756
2023_2024,R5,117,100,2,glcm_idm,0.689961
2023_2024,R5,117,100,2,glcm_sum_average,14.4092
2023_2024,R5,117,100,2,glcm_sum_variance,188.107
2023_2024,R5,117,100,2,glcm_sum_entropy,3.35766
2023_2024,R5,117,100,2,glcm_entropy,4.09201
2023_2024,R5,117,100,2,glcm_diff_entropy,1.07931
2023_2024,R5,117,100,2,glcm_imc1,-0.490372
2023_2024,R5,117,100,2,glcm_imc2,0.964334
2023_2024,R5,117,100,2,glcm_mcc,0.971186
2023_2024,R5,117,100,2,glcm_dissimilarity,0.703536
2023_2024,R5,117,100,2,glcm_inertia,1.13148
2023_2024,R5,117,100,2,glcm_cluster_shade,-97.2171
2023_2024,R5,117,100,2,glcm_cluster_prominence,8812.85
2023_2024,R5,117,100,2,glcm_homogeneity,0.708216
2023_2024,R5,117,100,2,glcmw3_asm,0.484814
2023_2024,R5,117,100,2,glcmw3_contrast,0.355431
2023_2024,R5,117,100,2,glcmw3_entropy,0.955335
2023_2024,R5,117,100,2,glcmw3_correlation,0.43296
2023_2024,R5,117,100,2,glcmw3_homogeneity,0.840333
2023_2024,R5,117,100,2,glcmw5_asm,0.360907
2023_2024,R5,117,100,2,glcmw5_contrast,0.35541
2023_2024,R5,117,100,2,glcmw5_entropy,1.38233
2023_2024,R5,117,100,2,glcmw5_correlation,0.630028
2023_2024,R5,117,100,2,glcmw5_homogeneity,0.840341
2023_2024,R5,117,100,2,glcmw7_asm,0.299228
2023_2024,R5,117,100,2,glcmw7_contrast,0.355493
2023_2024,R5,117,100,2,glcmw7_entropy,1.64469
2023_2024,R5,117,100,2,glcmw7_correlation,0.720307
2023_2024,R5,117,100,2,glcmw7_homogeneity,0.840295
2023_2024,R5,117,100,2,rgb_glcm_asm,0.02215
2023_2024,R5,117,100,2,rgb_glcm_contrast,1.94169
2023_2024,R5,117,100,2,rgb_glcm_correlation,0.935225
2023_2024,R5,117,100,2,rgb_glcm_variance,14.988
2023_2024,R5,117,100,2,rgb_glcm_idm,0.615876
2023_2024,R5,117,100,2,rgb_glcm_sum_average,11.1421
2023_2024,R5,117,100,2,rgb_glcm_sum_variance,119.641
2023_2024,R5,117,100,2,rgb_glcm_sum_entropy,3.29158
2023_2024,R5,117,100,2,rgb_glcm_entropy,4.23664
2023_2024,R5,117,100,2,rgb_glcm_diff_entropy,1.28488
2023_2024,R5,117,100,2,rgb_glcm_imc1,-0.400447
2023_2024,R5,117,100,2,rgb_glcm_imc2,0.938148
2023_2024,R5,117,100,2,rgb_glcm_mcc,0.943529
2023_2024,R5,117,100,2,rgb_glcm_dissimilarity,0.952022
2023_2024,R5,117,100,2,rgb_glcm_inertia,1.94169
2023_2024,R5,117,100,2,rgb_glcm_cluster_shade,173.745
2023_2024,R5,117,100,2,rgb_glcm_cluster_prominence,8009.27
2023_2024,R5,117,100,2,rgb_glcm_homogeneity,0.647127
2023_2024,R5,117,100,2,rgb_glcmw3_asm,0.406358
2023_2024,R5,117,100,2,rgb_glcmw3_contrast,0.538403
2023_2024,R5,117,100,2,rgb_glcmw3_entropy,1.15866
2023_2024,R5,117,100,2,rgb_glcmw3_correlation,0.466772
2023_2024,R5,117,100,2,rgb_glcmw3_homogeneity,0.793261
2023_2024,R5,117,100,2,rgb_glcmw5_asm,0.290911
2023_2024,R5,117,100,2,rgb_glcmw5_contrast,0.538455
2023_2024,R5,117,100,2,rgb_glcmw5_entropy,1.64641
2023_2024,R5,117,100,2,rgb_glcmw5_correlation,0.636825
2023_2024,R5,117,100,2,rgb_glcmw5_homogeneity,0.793249
2023_2024,R5,117,100,2,rgb_glcmw7_asm,0.238897
2023_2024,R5,117,100,2,rgb_glcmw7_contrast,0.538434
2023_2024,R5,117,100,2,rgb_glcmw7_entropy,1.9261
2023_2024,R5,117,100,2,rgb_glcmw7_correlation,0.718722
2023_2024,R5,117,100,2,rgb_glcmw7_homogeneity,0.793244
2022_2023,R5,d100_b2,100,2,NDVI,0.669589
2022_2023,R5,d100_b2,100,2,GNDVI,0.215305
2022_2023,R5,d100_b2,100,2,NDRE,0.215469
2022_2023,R5,d100_b2,100,2,CIrededge,0.575036
2022_2023,R5,d100_b2,100,2,SAVI,0.519964
2022_2023,R5,d100_b2,100,2,EVI,-2.26462
2022_2023,R5,d100_b2,100,2,VARI,1.0153
2022_2023,R5,d100_b2,100,2,TGI,0.171374
2022_2023,R5,d100_b2,100,2,spec_mean,0.310422
2022_2023,R5,d100_b2,100,2,spec_std,0.235482
2022_2023,R5,d100_b2,100,2,spec_p10,0.0569624
2022_2023,R5,d100_b2,100,2,spec_p50,0.248387
2022_2023,R5,d100_b2,100,2,spec_p90,0.663114
2022_2023,R5,d100_b2,100,2,glcm_asm,0.0215782
2022_2023,R5,d100_b2,100,2,glcm_contrast,1.72431
2022_2023,R5,d100_b2,100,2,glcm_correlation,0.95286
2022_2023,R5,d100_b2,100,2,glcm_variance,18.2934
2022_2023,R5,d100_b2,100,2,glcm_idm,0.634964
2022_2023,R5,d100_b2,100,2,glcm_sum_average,13.5516
2022_2023,R5,d100_b2,100,2,glcm_sum_variance,175.622
2022_2023,R5,d100_b2,100,2,glcm_sum_entropy,3.35434
2022_2023,R5,d100_b2,100,2,glcm_entropy,4.26046
2022_2023,R5,d100_b2,100,2,glcm_diff_entropy,1.23817
2022_2023,R5,d100_b2,100,2,glcm_imc1,-0.429561
2022_2023,R5,d100_b2,100,2,glcm_imc2,0.950142
2022_2023,R5,d100_b2,100,2,glcm_mcc,0.957677
2022_2023,R5,d100_b2,100,2,glcm_dissimilarity,0.887287
2022_2023,R5,d100_b2,100,2,glcm_inertia,1.72431
2022_2023,R5,d100_b2,100,2,glcm_cluster_shade,-33.8199
2022_2023,R5,d100_b2,100,2,glcm_cluster_prominence,9939.63
2022_2023,R5,d100_b2,100,2,glcm_homogeneity,0.662881
2022_2023,R5,d100_b2,100,2,glcmw3_asm,0.434059
2022_2023,R5,d100_b2,100,2,glcmw3_contrast,0.485078
2022_2023,R5,d100_b2,100,2,glcmw3_entropy,1.08501
2022_2023,R5,d100_b2,100,2,glcmw3_correlation,0.47598
2022_2023,R5,d100_b2,100,2,glcmw3_homogeneity,0.807393
2022_2023,R5,d100_b2,100,2,glcmw5_asm,0.31339
2022_2023,R5,d100_b2,100,2,glcmw5_contrast,0.484714
2022_2023,R5,d100_b2,100,2,glcmw5_entropy,1.55968
2022_2023,R5,d100_b2,100,2,glcmw5_correlation,0.658385
2022_2023,R5,d100_b2,100,2,glcmw5_homogeneity,0.807536
2022_2023,R5,d100_b2,100,2,glcmw7_asm,0.255212
2022_2023,R5,d100_b2,100,2,glcmw7_contrast,0.484618
2022_2023,R5,d100_b2,100,2,glcmw7_entropy,1.84965
2022_2023,R5,d100_b2,100,2,glcmw7_correlation,0.746388
2022_2023,R5,d100_b2,100,2,glcmw7_homogeneity,0.807587
2022_2023,R5,d100_b2,100,2,rgb_glcm_asm,
2022_2023,R5,d100_b2,100,2,rgb_glcm_contrast,
2022_2023,R5,d100_b2,100,2,rgb_glcm_correlation,
2022_2023,R5,d100_b2,100,2,rgb_glcm_variance,
2022_2023,R5,d100_b2,100,2,rgb_glcm_idm,
2022_2023,R5,d100_b2,100,2,rgb_glcm_sum_average,
2022_2023,R5,d100_b2,100,2,rgb_glcm_sum_variance,
2022_2023,R5,d100_b2,100,2,rgb_glcm_sum_entropy,
2022_2023,R5,d100_b2,100,2,rgb_glcm_entropy,
2022_2023,R5,d100_b2,100,2,rgb_glcm_diff_entropy,
2022_2023,R5,d100_b2,100,2,rgb_glcm_imc1,
2022_2023,R5,d100_b2,100,2,rgb_glcm_imc2,
2022_2023,R5,d100_b2,100,2,rgb_glcm_mcc,
2022_2023,R5,d100_b2,100,2,rgb_glcm_dissimilarity,
2022_2023,R5,d100_b2,100,2,rgb_glcm_inertia,
2022_2023,R5,d100_b2,100,2,rgb_glcm_cluster_shade,
2022_2023,R5,d100_b2,100,2,rgb_glcm_cluster_prominence,
2022_2023,R5,d100_b2,100,2,rgb_glcm_homogeneity,
2022_2023,R5,d100_b2,100,2,rgb_glcmw3_asm,
2022_2023,R5,d100_b2,100,2,rgb_glcmw3_contrast,
2022_2023,R5,d100_b2,100,2,rgb_glcmw3_entropy,
2022_2023,R5,d100_b2,100,2,rgb_glcmw3_correlation,
2022_2023,R5,d100_b2,100,2,rgb_glcmw3_homogeneity,
2022_2023,R5,d100_b2,100,2,rgb_glcmw5_asm,
2022_2023,R5,d100_b2,100,2,rgb_glcmw5_contrast,
2022_2023,R5,d100_b2,100,2,rgb_glcmw5_entropy,
2022_2023,R5,d100_b2,100,2,rgb_glcmw5_correlation,
2022_2023,R5,d100_b2,100,2,rgb_glcmw5_homogeneity,
2022_2023,R5,d100_b2,100,2,rgb_glcmw7_asm,
2022_2023,R5,d100_b2,100,2,rgb_glcmw7_contrast,
2022_2023,R5,d100_b2,100,2,rgb_glcmw7_entropy,
2022_2023,R5,d100_b2,100,2,rgb_glcmw7_correlation,
2022_2023,R5,d100_b2,100,2,rgb_glcmw7_homogeneity,
2023_2024,R5,122,100,3,NDVI,0.601153
2023_2024,R5,122,100,3,GNDVI,0.211239
2023_2024,R5,122,100,3,NDRE,0.191041
2023_2024,R5,122,100,3,CIrededge,0.484104
2023_2024,R5,122,100,3,SAVI,0.518892
2023_2024,R5,122,100,3,EVI,-17.6376
2023_2024,R5,122,100,3,VARI,0.656039
2023_2024,R5,122,100,3,TGI,0.245779
2023_2024,R5,122,100,3,spec_mean,0.334183
2023_2024,R5,122,100,3,spec_std,0.231574
2023_2024,R5,122,100,3,spec_p10,0.0848401
2023_2024,R5,122,100,3,spec_p50,0.270788
2023_2024,R5,122,100,3,spec_p90,0.688271
2023_2024,R5,122,100,3,glcm_asm,0.0225664
2023_2024,R5,122,100,3,glcm_contrast,1.19636
2023_2024,R5,122,100,3,glcm_correlation,0.967074
2023_2024,R5,122,100,3,glcm_variance,18.1676
2023_2024,R5,122,100,3,glcm_idm,0.693986
2023_2024,R5,122,100,3,glcm_sum_average,13.704
2023_2024,R5,122,100,3,glcm_sum_variance,178.252
2023_2024,R5,122,100,3,glcm_sum_entropy,3.37058
2023_2024,R5,122,100,3,glcm_entropy,4.11247
2023_2024,R5,122,100,3,glcm_diff_entropy,1.10073
2023_2024,R5,122,100,3,glcm_imc1,-0.494531
2023_2024,R5,122,100,3,glcm_imc2,0.965876
2023_2024,R5,122,100,3,glcm_mcc,0.970255
2023_2024,R5,122,100,3,glcm_dissimilarity,0.706601
2023_2024,R5,122,100,3,glcm_inertia,1.19636
2023_2024,R5,122,100,3,glcm_cluster_shade,6.80745
2023_2024,R5,122,100,3,glcm_cluster_prominence,9447.43
2023_2024,R5,122,100,3,glcm_homogeneity,0.713424
2023_2024,R5,122,100,3,glcmw3_asm,0.501361
2023_2024,R5,122,100,3,glcmw3_contrast,0.363675
2023_2024,R5,122,100,3,glcmw3_entropy,0.932583
2023_2024,R5,122,100,3,glcmw3_correlation,0.428684
2023_2024,R5,122,100,3,glcmw3_homogeneity,0.841124
2023_2024,R5,122,100,3,glcmw5_asm,0.383223
2023_2024,R5,122,100,3,glcmw5_contrast,0.363672
2023_2024,R5,122,100,3,glcmw5_entropy,1.35138
2023_2024,R5,122,100,3,glcmw5_correlation,0.6183
2023_2024,R5,122,100,3,glcmw5_homogeneity,0.841116
2023_2024,R5,122,100,3,glcmw7_asm,0.323905
2023_2024,R5,122,100,3,glcmw7_contrast,0.363574
2023_2024,R5,122,100,3,glcmw7_entropy,1.6126
2023_2024,R5,122,100,3,glcmw7_correlation,0.710519
2023_2024,R5,122,100,3,glcmw7_homogeneity,0.841136
2023_2024,R5,122,100,3,rgb_glcm_asm,0.0229604
2023_2024,R5,122,100,3,rgb_glcm_contrast,2.00098
2023_2024,R5,122,100,3,rgb_glcm_correlation,0.934925
2023_2024,R5,122,100,3,rgb_glcm_variance,15.3745
2023_2024,R5,122,100,3,rgb_glcm_idm,0.616518
2023_2024,R5,122,100,3,rgb_glcm_sum_average,11.0036
2023_2024,R5,122,100,3,rgb_glcm_sum_variance,119.037
2023_2024,R5,122,100,3,rgb_glcm_sum_entropy,3.28741
2023_2024,R5,122,100,3,rgb_glcm_entropy,4.23472
2023_2024,R5,122,100,3,rgb_glcm_diff_entropy,1.29549
2023_2024,R5,122,100,3,rgb_glcm_imc1,-0.398793
2023_2024,R5,122,100,3,rgb_glcm_imc2,0.937383
2023_2024,R5,122,100,3,rgb_glcm_mcc,0.943547
2023_2024,R5,122,100,3,rgb_glcm_dissimilarity,0.958647
2023_2024,R5,122,100,3,rgb_glcm_inertia,2.00098
2023_2024,R5,122,100,3,rgb_glcm_cluster_shade,171.751
2023_2024,R5,122,100,3,rgb_glcm_cluster_prominence,8079.92
2023_2024,R5,122,100,3,rgb_glcm_homogeneity,0.648006
2023_2024,R5,122,100,3,rgb_glcmw3_asm,0.411803
2023_2024,R5,122,100,3,rgb_glcmw3_contrast,0.549949
2023_2024,R5,122,100,3,rgb_glcmw3_entropy,1.14984
2023_2024,R5,122,100,3,rgb_glcmw3_correlation,0.469682
2023_2024,R5,122,100,3,rgb_glcmw3_homogeneity,0.793948
2023_2024,R5,122,100,3,rgb_glcmw5_asm,0.297079
2023_2024,R5,122,100,3,rgb_glcmw5_contrast,0.549554
2023_2024,R5,122,100,3,rgb_glcmw5_entropy,1.63499
2023_2024,R5,122,100,3,rgb_glcmw5_correlation,0.641031
2023_2024,R5,122,100,3,rgb_glcmw5_homogeneity,0.794058
2023_2024,R5,122,100,3,rgb_glcmw7_asm,0.245073
2023_2024,R5,122,100,3,rgb_glcmw7_contrast,0.549419
2023_2024,R5,122,100,3,rgb_glcmw7_entropy,1.91514
2023_2024,R5,122,100,3,rgb_glcmw7_correlation,0.723526
2023_2024,R5,122,100,3,rgb_glcmw7_homogeneity,0.794079
2022_2023,R5,d100_b3,100,3,NDVI,0.710438
2022_2023,R5,d100_b3,100,3,GNDVI,0.245612
2022_2023,R5,d100_b3,100,3,NDRE,0.248394
2022_2023,R5,d100_b3,100,3,CIrededge,0.694843
2022_2023,R5,d100_b3,100,3,SAVI,0.556445
2022_2023,R5,d100_b3,100,3,EVI,0.588363
2022_2023,R5,d100_b3,100,3,VARI,-2.14475
2022_2023,R5,d100_b3,100,3,TGI,0.178486
2022_2023,R5,d100_b3,100,3,spec_mean,0.306932
2022_2023,R5,d100_b3,100,3,spec_std,0.241052
2022_2023,R5,d100_b3,100,3,spec_p10,0.0524607
2022_2023,R5,d100_b3,100,3,spec_p50,0.238675
2022_2023,R5,d100_b3,100,3,spec_p90,0.673584
2022_2023,R5,d100_b3,100,3,glcm_asm,0.0223562
2022_2023,R5,d100_b3,100,3,glcm_contrast,1.85624
2022_2023,R5,d100_b3,100,3,glcm_correlation,0.950638
2022_2023,R5,d100_b3,100,3,glcm_variance,18.7915
2022_2023,R5,d100_b3,100,3,glcm_idm,0.629922
2022_2023,R5,d100_b3,100,3,glcm_sum_average,14.1389
2022_2023,R5,d100_b3,100,3,glcm_sum_variance,190.022
2022_2023,R5,d100_b3,100,3,glcm_sum_entropy,3.33749
2022_2023,R5,d100_b3,100,3,glcm_entropy,4.26643
2022_2023,R5,d100_b3,100,3,glcm_diff_entropy,1.26408
2022_2023,R5,d100_b3,100,3,glcm_imc1,-0.420005
2022_2023,R5,d100_b3,100,3,glcm_imc2,0.946803
2022_2023,R5,d100_b3,100,3,glcm_mcc,0.957599
2022_2023,R5,d100_b3,100,3,glcm_dissimilarity,0.914604
2022_2023,R5,d100_b3,100,3,glcm_inertia,1.85624
2022_2023,R5,d100_b3,100,3,glcm_cluster_shade,-122.774
2022_2023,R5,d100_b3,100,3,glcm_cluster_prominence,10403.2
2022_2023,R5,d100_b3,100,3,glcm_homogeneity,0.659002
2022_2023,R5,d100_b3,100,3,glcmw3_asm,0.428479
2022_2023,R5,d100_b3,100,3,glcmw3_contrast,0.515341
2022_2023,R5,d100_b3,100,3,glcmw3_entropy,1.10411
2022_2023,R5,d100_b3,100,3,glcmw3_correlation,0.47079
2022_2023,R5,d100_b3,100,3,glcmw3_homogeneity,0.803393
2022_2023,R5,d100_b3,100,3,glcmw5_asm,0.30964
2022_2023,R5,d100_b3,100,3,glcmw5_contrast,0.515304
2022_2023,R5,d100_b3,100,3,glcmw5_entropy,1.5831
2022_2023,R5,d100_b3,100,3,glcmw5_correlation,0.650776
2022_2023,R5,d100_b3,100,3,glcmw5_homogeneity,0.803459
2022_2023,R5,d100_b3,100,3,glcmw7_asm,0.253321
2022_2023,R5,d100_b3,100,3,glcmw7_contrast,0.515401
2022_2023,R5,d100_b3,100,3,glcmw7_entropy,1.87142
2022_2023,R5,d100_b3,100,3,glcmw7_correlation,0.735863
2022_2023,R5,d100_b3,100,3,glcmw7_homogeneity,0.80345
2022_2023,R5,d100_b3,100,3,rgb_glcm_asm,
2022_2023,R5,d100_b3,100,3,rgb_glcm_contrast,
2022_2023,R5,d100_b3,100,3,rgb_glcm_correlation,
2022_2023,R5,d100_b3,100,3,rgb_glcm_variance,
2022_2023,R5,d100_b3,100,3,rgb_glcm_idm,
2022_2023,R5,d100_b3,100,3,rgb_glcm_sum_average,
2022_2023,R5,d100_b3,100,3,rgb_glcm_sum_variance,
2022_2023,R5,d100_b3,100,3,rgb_glcm_sum_entropy,
2022_2023,R5,d100_b3,100,3,rgb_glcm_entropy,
2022_2023,R5,d100_b3,100,3,rgb_glcm_diff_entropy,
2022_2023,R5,d100_b3,100,3,rgb_glcm_imc1,
2022_2023,R5,d100_b3,100,3,rgb_glcm_imc2,
2022_2023,R5,d100_b3,100,3,rgb_glcm_mcc,
2022_2023,R5,d100_b3,100,3,rgb_glcm_dissimilarity,
2022_2023,R5,d100_b3,100,3,rgb_glcm_inertia,
2022_2023,R5,d100_b3,100,3,rgb_glcm_cluster_shade,
2022_2023,R5,d100_b3,100,3,rgb_glcm_cluster_prominence,
2022_2023,R5,d100_b3,100,3,rgb_glcm_homogeneity,
2022_2023,R5,d100_b3,100,3,rgb_glcmw3_asm,
2022_2023,R5,d100_b3,100,3,rgb_glcmw3_contrast,
2022_2023,R5,d100_b3,100,3,rgb_glcmw3_entropy,
2022_2023,R5,d100_b3,100,3,rgb_glcmw3_correlation,
2022_2023,R5,d100_b3,100,3,rgb_glcmw3_homogeneity,
2022_2023,R5,d100_b3,100,3,rgb_glcmw5_asm,
2022_2023,R5,d100_b3,100,3,rgb_glcmw5_contrast,
2022_2023,R5,d100_b3,100,3,rgb_glcmw5_entropy,
2022_2023,R5,d100_b3,100,3,rgb_glcmw5_correlation,
2022_2023,R5,d100_b3,100,3,rgb_glcmw5_homogeneity,
2022_2023,R5,d100_b3,100,3,rgb_glcmw7_asm,
2022_2023,R5,d100_b3,100,3,rgb_glcmw7_contrast,
2022_2023,R5,d100_b3,100,3,rgb_glcmw7_entropy,
2022_2023,R5,d100_b3,100,3,rgb_glcmw7_correlation,
2022_2023,R5,d100_b3,100,3,rgb_glcmw7_homogeneity,
2023_2024,R5,130,100,4,NDVI,0.659513
2023_2024,R5,130,100,4,GNDVI,0.175993
2023_2024,R5,130,100,4,NDRE,0.220459
2023_2024,R5,130,100,4,CIrededge,5.70361
2023_2024,R5,130,100,4,SAVI,0.53359
2023_2024,R5,130,100,4,EVI,0.0322666
2023_2024,R5,130,100,4,VARI,0.837095
2023_2024,R5,130,100,4,TGI,0.257473
2023_2024,R5,130,100,4,spec_mean,0.309297
2023_2024,R5,130,100,4,spec_std,0.235441
2023_2024,R5,130,100,4,spec_p10,0.0611854
2023_2024,R5,130,100,4,spec_p50,0.239066
2023_2024,R5,130,100,4,spec_p90,0.672133
2023_2024,R5,130,100,4,glcm_asm,0.022214
2023_2024,R5,130,100,4,glcm_contrast,1.19657
2023_2024,R5,130,100,4,glcm_correlation,0.96521
2023_2024,R5,130,100,4,glcm_variance,17.197
2023_2024,R5,130,100,4,glcm_idm,0.689029
2023_2024,R5,130,100,4,glcm_sum_average,14.4034
2023_2024,R5,130,100,4,glcm_sum_variance,189.527
2023_2024,R5,130,100,4,glcm_sum_entropy,3.36092
2023_2024,R5,130,100,4,glcm_entropy,4.11197
2023_2024,R5,130,100,4,glcm_diff_entropy,1.09742
2023_2024,R5,130,100,4,glcm_imc1,-0.486336
2023_2024,R5,130,100,4,glcm_imc2,0.963745
2023_2024,R5,130,100,4,glcm_mcc,0.970857
2023_2024,R5,130,100,4,glcm_dissimilarity,0.714402
2023_2024,R5,130,100,4,glcm_inertia,1.19657
2023_2024,R5,130,100,4,glcm_cluster_shade,-95.827
2023_2024,R5,130,100,4,glcm_cluster_prominence,9087.57
2023_2024,R5,130,100,4,glcm_homogeneity,0.707899
2023_2024,R5,130,100,4,glcmw3_asm,0.488513
2023_2024,R5,130,100,4,glcmw3_contrast,0.368831
2023_2024,R5,130,100,4,glcmw3_entropy,0.953014
2023_2024,R5,130,100,4,glcmw3_correlation,0.434572
2023_2024,R5,130,100,4,glcmw3_homogeneity,0.83975
2023_2024,R5,130,100,4,glcmw5_asm,0.3656
2023_2024,R5,130,100,4,glcmw5_contrast,0.368882
2023_2024,R5,130,100,4,glcmw5_entropy,1.38314
2023_2024,R5,130,100,4,glcmw5_correlation,0.631359
2023_2024,R5,130,100,4,glcmw5_homogeneity,0.839733
2023_2024,R5,130,100,4,glcmw7_asm,0.303807
2023_2024,R5,130,100,4,glcmw7_contrast,0.368981
2023_2024,R5,130,100,4,glcmw7_entropy,1.65103
2023_2024,R5,130,100,4,glcmw7_correlation,0.722711
2023_2024,R5,130,100,4,glcmw7_homogeneity,0.839698
2023_2024,R5,130,100,4,rgb_glcm_asm,0.0211035
2023_2024,R5,130,100,4,rgb_glcm_contrast,1.90942
2023_2024,R5,130,100,4,rgb_glcm_correlation,0.937207
2023_2024,R5,130,100,4,rgb_glcm_variance,15.2041
2023_2024,R5,130,100,4,rgb_glcm_idm,0.621146
2023_2024,R5,130,100,4,rgb_glcm_sum_average,11.6341
2023_2024,R5,130,100,4,rgb_glcm_sum_variance,128.112
2023_2024,R5,130,100,4,rgb_glcm_sum_entropy,3.31515
2023_2024,R5,130,100,4,rgb_glcm_entropy,4.25092
2023_2024,R5,130,100,4,rgb_glcm_diff_entropy,1.27711
2023_2024,R5,130,100,4,rgb_glcm_imc1,-0.407961
2023_2024,R5,130,100,4,rgb_glcm_imc2,0.941701
2023_2024,R5,130,100,4,rgb_glcm_mcc,0.947765
2023_2024,R5,130,100,4,rgb_glcm_dissimilarity,0.93781
2023_2024,R5,130,100,4,rgb_glcm_inertia,1.90942
2023_2024,R5,130,100,4,rgb_glcm_cluster_shade,152.746
2023_2024,R5,130,100,4,rgb_glcm_cluster_prominence,7961.5
2023_2024,R5,130,100,4,rgb_glcm_homogeneity,0.651484
2023_2024,R5,130,100,4,rgb_glcmw3_asm,0.407995
2023_2024,R5,130,100,4,rgb_glcmw3_contrast,0.535629
2023_2024,R5,130,100,4,rgb_glcmw3_entropy,1.15212
2023_2024,R5,130,100,4,rgb_glcmw3_correlation,0.46908
2023_2024,R5,130,100,4,rgb_glcmw3_homogeneity,0.794595
2023_2024,R5,130,100,4,rgb_glcmw5_asm,0.292579
2023_2024,R5,130,100,4,rgb_glcmw5_contrast,0.535401
2023_2024,R5,130,100,4,rgb_glcmw5_entropy,1.6368
2023_2024,R5,130,100,4,rgb_glcmw5_correlation,0.641646
2023_2024,R5,130,100,4,rgb_glcmw5_homogeneity,0.794689
2023_2024,R5,130,100,4,rgb_glcmw7_asm,0.240617
2023_2024,R5,130,100,4,rgb_glcmw7_contrast,0.535339
2023_2024,R5,130,100,4,rgb_glcmw7_entropy,1.9169
2023_2024,R5,130,100,4,rgb_glcmw7_correlation,0.723788
2023_2024,R5,130,100,4,rgb_glcmw7_homogeneity,0.794705
2022_2023,R5,d100_b4,100,4,NDVI,0.723152
2022_2023,R5,d100_b4,100,4,GNDVI,0.244323
2022_2023,R5,d100_b4,100,4,NDRE,0.253293
2022_2023,R5,d100_b4,100,4,CIrededge,0.711843
2022_2023,R5,d100_b4,100,4,SAVI,0.577118
2022_2023,R5,d100_b4,100,4,EVI,0.735964
2022_2023,R5,d100_b4,100,4,VARI,1.12778
2022_2023,R5,d100_b4,100,4,TGI,0.190634
2022_2023,R5,d100_b4,100,4,spec_mean,0.314046
2022_2023,R5,d100_b4,100,4,spec_std,0.244105
2022_2023,R5,d100_b4,100,4,spec_p10,0.053223
2022_2023,R5,d100_b4,100,4,spec_p50,0.248125
2022_2023,R5,d100_b4,100,4,spec_p90,0.683956
2022_2023,R5,d100_b4,100,4,glcm_asm,0.0222249
2022_2023,R5,d100_b4,100,4,glcm_contrast,1.78052
2022_2023,R5,d100_b4,100,4,glcm_correlation,0.950924
2022_2023,R5,d100_b4,100,4,glcm_variance,18.1776
2022_2023,R5,d100_b4,100,4,glcm_idm,0.632966
2022_2023,R5,d100_b4,100,4,glcm_sum_average,14.6848
2022_2023,R5,d100_b4,100,4,glcm_sum_variance,200.071
2022_2023,R5,d100_b4,100,4,glcm_sum_entropy,3.32689
2022_2023,R5,d100_b4,100,4,glcm_entropy,4.24643
2022_2023,R5,d100_b4,100,4,glcm_diff_entropy,1.2495
2022_2023,R5,d100_b4,100,4,glcm_imc1,-0.420791
2022_2023,R5,d100_b4,100,4,glcm_imc2,0.946511
2022_2023,R5,d100_b4,100,4,glcm_mcc,0.958591
2022_2023,R5,d100_b4,100,4,glcm_dissimilarity,0.898778
2022_2023,R5,d100_b4,100,4,glcm_inertia,1.78052
2022_2023,R5,d100_b4,100,4,glcm_cluster_shade,-174.119
2022_2023,R5,d100_b4,100,4,glcm_cluster_prominence,10302.5
2022_2023,R5,d100_b4,100,4,glcm_homogeneity,0.661305
2022_2023,R5,d100_b4,100,4,glcmw3_asm,0.428304
2022_2023,R5,d100_b4,100,4,glcmw3_contrast,0.497179
2022_2023,R5,d100_b4,100,4,glcmw3_entropy,1.09963
2022_2023,R5,d100_b4,100,4,glcmw3_correlation,0.468375
2022_2023,R5,d100_b4,100,4,glcmw3_homogeneity,0.805434
2022_2023,R5,d100_b4,100,4,glcmw5_asm,0.308397
2022_2023,R5,d100_b4,100,4,glcmw5_contrast,0.4971
2022_2023,R5,d100_b4,100,4,glcmw5_entropy,1.5758
2022_2023,R5,d100_b4,100,4,glcmw5_correlation,0.648263
2022_2023,R5,d100_b4,100,4,glcmw5_homogeneity,0.805481
2022_2023,R5,d100_b4,100,4,glcmw7_asm,0.251981
2022_2023,R5,d100_b4,100,4,glcmw7_contrast,0.496914
2022_2023,R5,d100_b4,100,4,glcmw7_entropy,1.85999
2022_2023,R5,d100_b4,100,4,glcmw7_correlation,0.733351
2022_2023,R5,d100_b4,100,4,glcmw7_homogeneity,0.805565
2022_2023,R5,d100_b4,100,4,rgb_glcm_asm,
2022_2023,R5,d100_b4,100,4,rgb_glcm_contrast,
2022_2023,R5,d100_b4,100,4,rgb_glcm_correlation,
2022_2023,R5,d100_b4,100,4,rgb_glcm_variance,
2022_2023,R5,d100_b4,100,4,rgb_glcm_idm,
2022_2023,R5,d100_b4,100,4,rgb_glcm_sum_average,
2022_2023,R5,d100_b4,100,4,rgb_glcm_sum_variance,
2022_2023,R5,d100_b4,100,4,rgb_glcm_sum_entropy,
2022_2023,R5,d100_b4,100,4,rgb_glcm_entropy,
2022_2023,R5,d100_b4,100,4,rgb_glcm_diff_entropy,
2022_2023,R5,d100_b4,100,4,rgb_glcm_imc1,
2022_2023,R5,d100_b4,100,4,rgb_glcm_imc2,
2022_2023,R5,d100_b4,100,4,rgb_glcm_mcc,
2022_2023,R5,d100_b4,100,4,rgb_glcm_dissimilarity,
2022_2023,R5,d100_b4,100,4,rgb_glcm_inertia,
2022_2023,R5,d100_b4,100,4,rgb_glcm_cluster_shade,
2022_2023,R5,d100_b4,100,4,rgb_glcm_cluster_prominence,
2022_2023,R5,d100_b4,100,4,rgb_glcm_homogeneity,
2022_2023,R5,d100_b4,100,4,rgb_glcmw3_asm,
2022_2023,R5,d100_b4,100,4,rgb_glcmw3_contrast,
2022_2023,R5,d100_b4,100,4,rgb_glcmw3_entropy,
2022_2023,R5,d100_b4,100,4,rgb_glcmw3_correlation,
2022_2023,R5,d100_b4,100,4,rgb_glcmw3_homogeneity,
2022_2023,R5,d100_b4,100,4,rgb_glcmw5_asm,
2022_2023,R5,d100_b4,100,4,rgb_glcmw5_contrast,
2022_2023,R5,d100_b4,100,4,rgb_glcmw5_entropy,
2022_2023,R5,d100_b4,100,4,rgb_glcmw5_correlation,
2022_2023,R5,d100_b4,100,4,rgb_glcmw5_homogeneity,
2022_2023,R5,d100_b4,100,4,rgb_glcmw7_asm,
2022_2023,R5,d100_b4,100,4,rgb_glcmw7_contrast,
2022_2023,R5,d100_b4,100,4,rgb_glcmw7_entropy,
2022_2023,R5,d100_b4,100,4,rgb_glcmw7_correlation,
2022_2023,R5,d100_b4,100,4,rgb_glcmw7_homogeneity,
2023_2024,R5,57,200,1,NDVI,0.616528
2023_2024,R5,57,200,1,GNDVI,0.270285
2023_2024,R5,57,200,1,NDRE,0.224338
2023_2024,R5,57,200,1,CIrededge,0.599103
2023_2024,R5,57,200,1,SAVI,0.514348
2023_2024,R5,57,200,1,EVI,0.556028
2023_2024,R5,57,200,1,VARI,0.647275
2023_2024,R5,57,200,1,TGI,0.192867
2023_2024,R5,57,200,1,spec_mean,0.303023
2023_2024,R5,57,200,1,spec_std,0.226121
2023_2024,R5,57,200,1,spec_p10,0.0733961
2023_2024,R5,57,200,1,spec_p50,0.231576
2023_2024,R5,57,200,1,spec_p90,0.658599
2023_2024,R5,57,200,1,glcm_asm,0.025062
2023_2024,R5,57,200,1,glcm_contrast,1.05174
2023_2024,R5,57,200,1,glcm_correlation,0.971966
2023_2024,R5,57,200,1,glcm_variance,18.7583
2023_2024,R5,57,200,1,glcm_idm,0.705528
2023_2024,R5,57,200,1,glcm_sum_average,13.4832
2023_2024,R5,57,200,1,glcm_sum_variance,176.604
2023_2024,R5,57,200,1,glcm_sum_entropy,3.35289
2023_2024,R5,57,200,1,glcm_entropy,4.04214
2023_2024,R5,57,200,1,glcm_diff_entropy,1.05208
2023_2024,R5,57,200,1,glcm_imc1,-0.512397
2023_2024,R5,57,200,1,glcm_imc2,0.968631
2023_2024,R5,57,200,1,glcm_mcc,0.975623
2023_2024,R5,57,200,1,glcm_dissimilarity,0.664123
2023_2024,R5,57,200,1,glcm_inertia,1.05174
2023_2024,R5,57,200,1,glcm_cluster_shade,-25.4133
2023_2024,R5,57,200,1,glcm_cluster_prominence,9940.48
2023_2024,R5,57,200,1,glcm_homogeneity,0.722147
2023_2024,R5,57,200,1,glcmw3_asm,0.509692
2023_2024,R5,57,200,1,glcmw3_contrast,0.332702
2023_2024,R5,57,200,1,glcmw3_entropy,0.905228
2023_2024,R5,57,200,1,glcmw3_correlation,0.406841
2023_2024,R5,57,200,1,glcmw3_homogeneity,0.849779
2023_2024,R5,57,200,1,glcmw5_asm,0.389892
2023_2024,R5,57,200,1,glcmw5_contrast,0.332559
2023_2024,R5,57,200,1,glcmw5_entropy,1.30998
2023_2024,R5,57,200,1,glcmw5_correlation,0.602423
2023_2024,R5,57,200,1,glcmw5_homogeneity,0.84984
2023_2024,R5,57,200,1,glcmw7_asm,0.329517
2023_2024,R5,57,200,1,glcmw7_contrast,0.332586
2023_2024,R5,57,200,1,glcmw7_entropy,1.55972
2023_2024,R5,57,200,1,glcmw7_correlation,0.696919
2023_2024,R5,57,200,1,glcmw7_homogeneity,0.84983
2023_2024,R5,57,200,1,rgb_glcm_asm,0.029191
2023_2024,R5,57,200,1,rgb_glcm_contrast,1.78794
2023_2024,R5,57,200,1,rgb_glcm_correlation,0.940972
2023_2024,R5,57,200,1,rgb_glcm_variance,15.1449
2023_2024,R5,57,200,1,rgb_glcm_idm,0.634087
2023_2024,R5,57,200,1,rgb_glcm_sum_average,9.62376
2023_2024,R5,57,200,1,rgb_glcm_sum_variance,99.7763
2023_2024,R5,57,200,1,rgb_glcm_sum_entropy,3.22185
2023_2024,R5,57,200,1,rgb_glcm_entropy,4.10413
2023_2024,R5,57,200,1,rgb_glcm_diff_entropy,1.25227
2023_2024,R5,57,200,1,rgb_glcm_imc1,-0.412842
2023_2024,R5,57,200,1,rgb_glcm_imc2,0.939024
2023_2024,R5,57,200,1,rgb_glcm_mcc,0.943971
2023_2024,R5,57,200,1,rgb_glcm_dissimilarity,0.897442
2023_2024,R5,57,200,1,rgb_glcm_inertia,1.78794
2023_2024,R5,57,200,1,rgb_glcm_cluster_shade,307.899
2023_2024,R5,57,200,1,rgb_glcm_cluster_prominence,9241.48
2023_2024,R5,57,200,1,rgb_glcm_homogeneity,0.66282
2023_2024,R5,57,200,1,rgb_glcmw3_asm,0.436553
2023_2024,R5,57,200,1,rgb_glcmw3_contrast,0.499921
2023_2024,R5,57,200,1,rgb_glcmw3_entropy,1.08964
2023_2024,R5,57,200,1,rgb_glcmw3_correlation,0.45239
2023_2024,R5,57,200,1,rgb_glcmw3_homogeneity,0.806246
2023_2024,R5,57,200,1,rgb_glcmw5_asm,0.320632
2023_2024,R5,57,200,1,rgb_glcmw5_contrast,0.499527
2023_2024,R5,57,200,1,rgb_glcmw5_entropy,1.55329
2023_2024,R5,57,200,1,rgb_glcmw5_correlation,0.631609
2023_2024,R5,57,200,1,rgb_glcmw5_homogeneity,0.806381
2023_2024,R5,57,200,1,rgb_glcmw7_asm,0.266763
2023_2024,R5,57,200,1,rgb_glcmw7_contrast,0.499112
2023_2024,R5,57,200,1,rgb_glcmw7_entropy,1.82035
2023_2024,R5,57,200,1,rgb_glcmw7_correlation,0.718578
2023_2024,R5,57,200,1,rgb_glcmw7_homogeneity,0.806501
2022_2023,R5,d200_b1,200,1,NDVI,0.728347
2022_2023,R5,d200_b1,200,1,GNDVI,0.249355
2022_2023,R5,d200_b1,200,1,NDRE,0.269734
2022_2023,R5,d200_b1,200,1,CIrededge,0.783336
2022_2023,R5,d200_b1,200,1,SAVI,0.576221
2022_2023,R5,d200_b1,200,1,EVI,8.17348
2022_2023,R5,d200_b1,200,1,VARI,1.55654
2022_2023,R5,d200_b1,200,1,TGI,0.189133
2022_2023,R5,d200_b1,200,1,spec_mean,0.309714
2022_2023,R5,d200_b1,200,1,spec_std,0.243078
2022_2023,R5,d200_b1,200,1,spec_p10,0.0491255
2022_2023,R5,d200_b1,200,1,spec_p50,0.244737
2022_2023,R5,d200_b1,200,1,spec_p90,0.677835
2022_2023,R5,d200_b1,200,1,glcm_asm,0.0225967
2022_2023,R5,d200_b1,200,1,glcm_contrast,1.83222
2022_2023,R5,d200_b1,200,1,glcm_correlation,0.94956
2022_2023,R5,d200_b1,200,1,glcm_variance,18.1491
2022_2023,R5,d200_b1,200,1,glcm_idm,0.630011
2022_2023,R5,d200_b1,200,1,glcm_sum_average,14.5475
2022_2023,R5,d200_b1,200,1,glcm_sum_variance,196.863
2022_2023,R5,d200_b1,200,1,glcm_sum_entropy,3.32158
2022_2023,R5,d200_b1,200,1,glcm_entropy,4.25277
2022_2023,R5,d200_b1,200,1,glcm_diff_entropy,1.2608
2022_2023,R5,d200_b1,200,1,glcm_imc1,-0.417339
2022_2023,R5,d200_b1,200,1,glcm_imc2,0.945379
2022_2023,R5,d200_b1,200,1,glcm_mcc,0.958349
2022_2023,R5,d200_b1,200,1,glcm_dissimilarity,0.911172
2022_2023,R5,d200_b1,200,1,glcm_inertia,1.83222
2022_2023,R5,d200_b1,200,1,glcm_cluster_shade,-168.433
2022_2023,R5,d200_b1,200,1,glcm_cluster_prominence,10232.7
2022_2023,R5,d200_b1,200,1,glcm_homogeneity,0.659239
2022_2023,R5,d200_b1,200,1,glcmw3_asm,0.425832
2022_2023,R5,d200_b1,200,1,glcmw3_contrast,0.508753
2022_2023,R5,d200_b1,200,1,glcmw3_entropy,1.10966
2022_2023,R5,d200_b1,200,1,glcmw3_correlation,0.468809
2022_2023,R5,d200_b1,200,1,glcmw3_homogeneity,0.803007
2022_2023,R5,d200_b1,200,1,glcmw5_asm,0.307441
2022_2023,R5,d200_b1,200,1,glcmw5_contrast,0.508484
2022_2023,R5,d200_b1,200,1,glcmw5_entropy,1.5891
2022_2023,R5,d200_b1,200,1,glcmw5_correlation,0.645171
2022_2023,R5,d200_b1,200,1,glcmw5_homogeneity,0.803104
2022_2023,R5,d200_b1,200,1,glcmw7_asm,0.252091
2022_2023,R5,d200_b1,200,1,glcmw7_contrast,0.508354
2022_2023,R5,d200_b1,200,1,glcmw7_entropy,1.87516
2022_2023,R5,d200_b1,200,1,glcmw7_correlation,0.728591
2022_2023,R5,d200_b1,200,1,glcmw7_homogeneity,0.803135
2022_2023,R5,d200_b1,200,1,rgb_glcm_asm,
2022_2023,R5,d200_b1,200,1,rgb_glcm_contrast,
2022_2023,R5,d200_b1,200,1,rgb_glcm_correlation,
2022_2023,R5,d200_b1,200,1,rgb_glcm_variance,
2022_2023,R5,d200_b1,200,1,rgb_glcm_idm,
2022_2023,R5,d200_b1,200,1,rgb_glcm_sum_average,
2022_2023,R5,d200_b1,200,1,rgb_glcm_sum_variance,
2022_2023,R5,d200_b1,200,1,rgb_glcm_sum_entropy,
2022_2023,R5,d200_b1,200,1,rgb_glcm_entropy,
2022_2023,R5,d200_b1,200,1,rgb_glcm_diff_entropy,
2022_2023,R5,d200_b1,200,1,rgb_glcm_imc1,
2022_2023,R5,d200_b1,200,1,rgb_glcm_imc2,
2022_2023,R5,d200_b1,200,1,rgb_glcm_mcc,
2022_2023,R5,d200_b1,200,1,rgb_glcm_dissimilarity,
2022_2023,R5,d200_b1,200,1,rgb_glcm_inertia,
2022_2023,R5,d200_b1,200,1,rgb_glcm_cluster_shade,
2022_2023,R5,d200_b1,200,1,rgb_glcm_cluster_prominence,
2022_2023,R5,d200_b1,200,1,rgb_glcm_homogeneity,
2022_2023,R5,d200_b1,200,1,rgb_glcmw3_asm,
2022_2023,R5,d200_b1,200,1,rgb_glcmw3_contrast,
2022_2023,R5,d200_b1,200,1,rgb_glcmw3_entropy,
2022_2023,R5,d200_b1,200,1,rgb_glcmw3_correlation,
2022_2023,R5,d200_b1,200,1,rgb_glcmw3_homogeneity,
2022_2023,R5,d200_b1,200,1,rgb_glcmw5_asm,
2022_2023,R5,d200_b1,200,1,rgb_glcmw5_contrast,
2022_2023,R5,d200_b1,200,1,rgb_glcmw5_entropy,
2022_2023,R5,d200_b1,200,1,rgb_glcmw5_correlation,
2022_2023,R5,d200_b1,200,1,rgb_glcmw5_homogeneity,
2022_2023,R5,d200_b1,200,1,rgb_glcmw7_asm,
2022_2023,R5,d200_b1,200,1,rgb_glcmw7_contrast,
2022_2023,R5,d200_b1,200,1,rgb_glcmw7_entropy,
2022_2023,R5,d200_b1,200,1,rgb_glcmw7_correlation,
2022_2023,R5,d200_b1,200,1,rgb_glcmw7_homogeneity,
2023_2024,R5,116,200,2,NDVI,0.677456
2023_2024,R5,116,200,2,GNDVI,0.278552
2023_2024,R5,116,200,2,NDRE,0.263204
2023_2024,R5,116,200,2,CIrededge,0.750951
2023_2024,R5,116,200,2,SAVI,0.58202
2023_2024,R5,116,200,2,EVI,-0.0588139
2023_2024,R5,116,200,2,VARI,0.79188
2023_2024,R5,116,200,2,TGI,0.222989
2023_2024,R5,116,200,2,spec_mean,0.321835
2023_2024,R5,116,200,2,spec_std,0.237282
2023_2024,R5,116,200,2,spec_p10,0.0673751
2023_2024,R5,116,200,2,spec_p50,0.257131
2023_2024,R5,116,200,2,spec_p90,0.692531
2023_2024,R5,116,200,2,glcm_asm,0.0240328
2023_2024,R5,116,200,2,glcm_contrast,1.06754
2023_2024,R5,116,200,2,glcm_correlation,0.969308
2023_2024,R5,116,200,2,glcm_variance,17.391
2023_2024,R5,116,200,2,glcm_idm,0.70209
2023_2024,R5,116,200,2,glcm_sum_average,14.9265
2023_2024,R5,116,200,2,glcm_sum_variance,202.675
2023_2024,R5,116,200,2,glcm_sum_entropy,3.34296
2023_2024,R5,116,200,2,glcm_entropy,4.04916
2023_2024,R5,116,200,2,glcm_diff_entropy,1.05848
2023_2024,R5,116,200,2,glcm_imc1,-0.50251
2023_2024,R5,116,200,2,glcm_imc2,0.966417
2023_2024,R5,116,200,2,glcm_mcc,0.974143
2023_2024,R5,116,200,2,glcm_dissimilarity,0.672927
2023_2024,R5,116,200,2,glcm_inertia,1.06754
2023_2024,R5,116,200,2,glcm_cluster_shade,-164.184
2023_2024,R5,116,200,2,glcm_cluster_prominence,9620.8
2023_2024,R5,116,200,2,glcm_homogeneity,0.719093
2023_2024,R5,116,200,2,glcmw3_asm,0.500155
2023_2024,R5,116,200,2,glcmw3_contrast,0.337766
2023_2024,R5,116,200,2,glcmw3_entropy,0.922734
2023_2024,R5,116,200,2,glcmw3_correlation,0.42273
2023_2024,R5,116,200,2,glcmw3_homogeneity,0.847122
2023_2024,R5,116,200,2,glcmw5_asm,0.376726
2023_2024,R5,116,200,2,glcmw5_contrast,0.33797
2023_2024,R5,116,200,2,glcmw5_entropy,1.34071
2023_2024,R5,116,200,2,glcmw5_correlation,0.62073
2023_2024,R5,116,200,2,glcmw5_homogeneity,0.847043
2023_2024,R5,116,200,2,glcmw7_asm,0.314579
2023_2024,R5,116,200,2,glcmw7_contrast,0.338172
2023_2024,R5,116,200,2,glcmw7_entropy,1.6002
2023_2024,R5,116,200,2,glcmw7_correlation,0.712175
2023_2024,R5,116,200,2,glcmw7_homogeneity,0.846977
2023_2024,R5,116,200,2,rgb_glcm_asm,0.0263673
2023_2024,R5,116,200,2,rgb_glcm_contrast,1.79434
2023_2024,R5,116,200,2,rgb_glcm_correlation,0.943935
2023_2024,R5,116,200,2,rgb_glcm_variance,16.0024
2023_2024,R5,116,200,2,rgb_glcm_idm,0.632145
2023_2024,R5,116,200,2,rgb_glcm_sum_average,10.3683
2023_2024,R5,116,200,2,rgb_glcm_sum_variance,112.644
2023_2024,R5,116,200,2,rgb_glcm_sum_entropy,3.26699
2023_2024,R5,116,200,2,rgb_glcm_entropy,4.16127
2023_2024,R5,116,200,2,rgb_glcm_diff_entropy,1.25139
2023_2024,R5,116,200,2,rgb_glcm_imc1,-0.417378
2023_2024,R5,116,200,2,rgb_glcm_imc2,0.94267
2023_2024,R5,116,200,2,rgb_glcm_mcc,0.94712
2023_2024,R5,116,200,2,rgb_glcm_dissimilarity,0.900896
2023_2024,R5,116,200,2,rgb_glcm_inertia,1.79434
2023_2024,R5,116,200,2,rgb_glcm_cluster_shade,257.086
2023_2024,R5,116,200,2,rgb_glcm_cluster_prominence,9112.95
2023_2024,R5,116,200,2,rgb_glcm_homogeneity,0.660745
2023_2024,R5,116,200,2,rgb_glcmw3_asm,0.427774
2023_2024,R5,116,200,2,rgb_glcmw3_contrast,0.502482
2023_2024,R5,116,200,2,rgb_glcmw3_entropy,1.10888
2023_2024,R5,116,200,2,rgb_glcmw3_correlation,0.452939
2023_2024,R5,116,200,2,rgb_glcmw3_homogeneity,0.804706
2023_2024,R5,116,200,2,rgb_glcmw5_asm,0.311975
2023_2024,R5,116,200,2,rgb_glcmw5_contrast,0.502541
2023_2024,R5,116,200,2,rgb_glcmw5_entropy,1.57864
2023_2024,R5,116,200,2,rgb_glcmw5_correlation,0.629536
2023_2024,R5,116,200,2,rgb_glcmw5_homogeneity,0.804706
2023_2024,R5,116,200,2,rgb_glcmw7_asm,0.258609
2023_2024,R5,116,200,2,rgb_glcmw7_contrast,0.502648
2023_2024,R5,116,200,2,rgb_glcmw7_entropy,1.84872
2023_2024,R5,116,200,2,rgb_glcmw7_correlation,0.715153
2023_2024,R5,116,200,2,rgb_glcmw7_homogeneity,0.804701
2022_2023,R5,d200_b2,200,2,NDVI,0.703003
2022_2023,R5,d200_b2,200,2,GNDVI,0.248182
2022_2023,R5,d200_b2,200,2,NDRE,0.255515
2022_2023,R5,d200_b2,200,2,CIrededge,0.724023
2022_2023,R5,d200_b2,200,2,SAVI,0.55102
2022_2023,R5,d200_b2,200,2,EVI,0.28796
2022_2023,R5,d200_b2,200,2,VARI,2.15472
2022_2023,R5,d200_b2,200,2,TGI,0.165704
2022_2023,R5,d200_b2,200,2,spec_mean,0.307429
2022_2023,R5,d200_b2,200,2,spec_std,0.237702
2022_2023,R5,d200_b2,200,2,spec_p10,0.0525218
2022_2023,R5,d200_b2,200,2,spec_p50,0.244363
2022_2023,R5,d200_b2,200,2,spec_p90,0.660352
2022_2023,R5,d200_b2,200,2,glcm_asm,0.0226368
2022_2023,R5,d200_b2,200,2,glcm_contrast,1.73469
2022_2023,R5,d200_b2,200,2,glcm_correlation,0.953042
2022_2023,R5,d200_b2,200,2,glcm_variance,18.4547
2022_2023,R5,d200_b2,200,2,glcm_idm,0.638338
2022_2023,R5,d200_b2,200,2,glcm_sum_average,14.0106
2022_2023,R5,d200_b2,200,2,glcm_sum_variance,185.969
2022_2023,R5,d200_b2,200,2,glcm_sum_entropy,3.34005
2022_2023,R5,d200_b2,200,2,glcm_entropy,4.24437
2022_2023,R5,d200_b2,200,2,glcm_diff_entropy,1.2391
2022_2023,R5,d200_b2,200,2,glcm_imc1,-0.430245
2022_2023,R5,d200_b2,200,2,glcm_imc2,0.949867
2022_2023,R5,d200_b2,200,2,glcm_mcc,0.959713
2022_2023,R5,d200_b2,200,2,glcm_dissimilarity,0.882558
2022_2023,R5,d200_b2,200,2,glcm_inertia,1.73469
2022_2023,R5,d200_b2,200,2,glcm_cluster_shade,-97.3661
2022_2023,R5,d200_b2,200,2,glcm_cluster_prominence,10219.2
2022_2023,R5,d200_b2,200,2,glcm_homogeneity,0.66609
2022_2023,R5,d200_b2,200,2,glcmw3_asm,0.435529
2022_2023,R5,d200_b2,200,2,glcmw3_contrast,0.487145
2022_2023,R5,d200_b2,200,2,glcmw3_entropy,1.0845
2022_2023,R5,d200_b2,200,2,glcmw3_correlation,0.463092
2022_2023,R5,d200_b2,200,2,glcmw3_homogeneity,0.808146
2022_2023,R5,d200_b2,200,2,glcmw5_asm,0.316951
2022_2023,R5,d200_b2,200,2,glcmw5_contrast,0.486811
2022_2023,R5,d200_b2,200,2,glcmw5_entropy,1.55279
2022_2023,R5,d200_b2,200,2,glcmw5_correlation,0.643066
2022_2023,R5,d200_b2,200,2,glcmw5_homogeneity,0.808271
2022_2023,R5,d200_b2,200,2,glcmw7_asm,0.260525
2022_2023,R5,d200_b2,200,2,glcmw7_contrast,0.486738
2022_2023,R5,d200_b2,200,2,glcmw7_entropy,1.83348
2022_2023,R5,d200_b2,200,2,glcmw7_correlation,0.73
2022_2023,R5,d200_b2,200,2,glcmw7_homogeneity,0.808293
2022_2023,R5,d200_b2,200,2,rgb_glcm_asm,
2022_2023,R5,d200_b2,200,2,rgb_glcm_contrast,
2022_2023,R5,d200_b2,200,2,rgb_glcm_correlation,
2022_2023,R5,d200_b2,200,2,rgb_glcm_variance,
2022_2023,R5,d200_b2,200,2,rgb_glcm_idm,
2022_2023,R5,d200_b2,200,2,rgb_glcm_sum_average,
2022_2023,R5,d200_b2,200,2,rgb_glcm_sum_variance,
2022_2023,R5,d200_b2,200,2,rgb_glcm_sum_entropy,
2022_2023,R5,d200_b2,200,2,rgb_glcm_entropy,
2022_2023,R5,d200_b2,200,2,rgb_glcm_diff_entropy,
2022_2023,R5,d200_b2,200,2,rgb_glcm_imc1,
2022_2023,R5,d200_b2,200,2,rgb_glcm_imc2,
2022_2023,R5,d200_b2,200,2,rgb_glcm_mcc,
2022_2023,R5,d200_b2,200,2,rgb_glcm_dissimilarity,
2022_2023,R5,d200_b2,200,2,rgb_glcm_inertia,
2022_2023,R5,d200_b2,200,2,rgb_glcm_cluster_shade,
2022_2023,R5,d200_b2,200,2,rgb_glcm_cluster_prominence,
2022_2023,R5,d200_b2,200,2,rgb_glcm_homogeneity,
2022_2023,R5,d200_b2,200,2,rgb_glcmw3_asm,
2022_2023,R5,d200_b2,200,2,rgb_glcmw3_contrast,
2022_2023,R5,d200_b2,200,2,rgb_glcmw3_entropy,
2022_2023,R5,d200_b2,200,2,rgb_glcmw3_correlation,
2022_2023,R5,d200_b2,200,2,rgb_glcmw3_homogeneity,
2022_2023,R5,d200_b2,200,2,rgb_glcmw5_asm,
2022_2023,R5,d200_b2,200,2,rgb_glcmw5_contrast,
2022_2023,R5,d200_b2,200,2,rgb_glcmw5_entropy,
2022_2023,R5,d200_b2,200,2,rgb_glcmw5_correlation,
2022_2023,R5,d200_b2,200,2,rgb_glcmw5_homogeneity,
2022_2023,R5,d200_b2,200,2,rgb_glcmw7_asm,
2022_2023,R5,d200_b2,200,2,rgb_glcmw7_contrast,
2022_2023,R5,d200_b2,200,2,rgb_glcmw7_entropy,
2022_2023,R5,d200_b2,200,2,rgb_glcmw7_correlation,
2022_2023,R5,d200_b2,200,2,rgb_glcmw7_homogeneity,
2023_2024,R5,121,200,3,NDVI,0.676554
2023_2024,R5,121,200,3,GNDVI,0.274618
2023_2024,R5,121,200,3,NDRE,0.260082
2023_2024,R5,121,200,3,CIrededge,0.74649
2023_2024,R5,121,200,3,SAVI,0.559396
2023_2024,R5,121,200,3,EVI,1.17886
2023_2024,R5,121,200,3,VARI,0.770953
2023_2024,R5,121,200,3,TGI,0.213409
2023_2024,R5,121,200,3,spec_mean,0.301181
2023_2024,R5,121,200,3,spec_std,0.2336
2023_2024,R5,121,200,3,spec_p10,0.0593771
2023_2024,R5,121,200,3,spec_p50,0.23149
2023_2024,R5,121,200,3,spec_p90,0.66562
2023_2024,R5,121,200,3,glcm_asm,0.0248564
2023_2024,R5,121,200,3,glcm_contrast,0.941156
2023_2024,R5,121,200,3,glcm_correlation,0.971636
2023_2024,R5,121,200,3,glcm_variance,16.5904
2023_2024,R5,121,200,3,glcm_idm,0.718222
2023_2024,R5,121,200,3,glcm_sum_average,14.8103
2023_2024,R5,121,200,3,glcm_sum_variance,197.069
2023_2024,R5,121,200,3,glcm_sum_entropy,3.33652
2023_2024,R5,121,200,3,glcm_entropy,3.98994
2023_2024,R5,121,200,3,glcm_diff_entropy,1.00963
2023_2024,R5,121,200,3,glcm_imc1,-0.51967
2023_2024,R5,121,200,3,glcm_imc2,0.96916
2023_2024,R5,121,200,3,glcm_mcc,0.977554
2023_2024,R5,121,200,3,glcm_dissimilarity,0.625077
2023_2024,R5,121,200,3,glcm_inertia,0.941156
2023_2024,R5,121,200,3,glcm_cluster_shade,-147.348
2023_2024,R5,121,200,3,glcm_cluster_prominence,8921.12
2023_2024,R5,121,200,3,glcm_homogeneity,0.732275
2023_2024,R5,121,200,3,glcmw3_asm,0.514087
2023_2024,R5,121,200,3,glcmw3_contrast,0.311912
2023_2024,R5,121,200,3,glcmw3_entropy,0.887425
2023_2024,R5,121,200,3,glcmw3_correlation,0.393433
2023_2024,R5,121,200,3,glcmw3_homogeneity,0.85624
2023_2024,R5,121,200,3,glcmw5_asm,0.390249
2023_2024,R5,121,200,3,glcmw5_contrast,0.311938
2023_2024,R5,121,200,3,glcmw5_entropy,1.2869
2023_2024,R5,121,200,3,glcmw5_correlation,0.600317
2023_2024,R5,121,200,3,glcmw5_homogeneity,0.856227
2023_2024,R5,121,200,3,glcmw7_asm,0.327112
2023_2024,R5,121,200,3,glcmw7_contrast,0.312005
2023_2024,R5,121,200,3,glcmw7_entropy,1.53297
2023_2024,R5,121,200,3,glcmw7_correlation,0.698432
2023_2024,R5,121,200,3,glcmw7_homogeneity,0.856189
2023_2024,R5,121,200,3,rgb_glcm_asm,0.0273839
2023_2024,R5,121,200,3,rgb_glcm_contrast,1.88715
2023_2024,R5,121,200,3,rgb_glcm_correlation,0.938388
2023_2024,R5,121,200,3,rgb_glcm_variance,15.3147
2023_2024,R5,121,200,3,rgb_glcm_idm,0.629469
2023_2024,R5,121,200,3,rgb_glcm_sum_average,10.0126
2023_2024,R5,121,200,3,rgb_glcm_sum_variance,105.198
2023_2024,R5,121,200,3,rgb_glcm_sum_entropy,3.24302
2023_2024,R5,121,200,3,rgb_glcm_entropy,4.14475
2023_2024,R5,121,200,3,rgb_glcm_diff_entropy,1.27279
2023_2024,R5,121,200,3,rgb_glcm_imc1,-0.409583
2023_2024,R5,121,200,3,rgb_glcm_imc2,0.939006
2023_2024,R5,121,200,3,rgb_glcm_mcc,0.943632
2023_2024,R5,121,200,3,rgb_glcm_dissimilarity,0.9194
2023_2024,R5,121,200,3,rgb_glcm_inertia,1.88715
2023_2024,R5,121,200,3,rgb_glcm_cluster_shade,268.809
2023_2024,R5,121,200,3,rgb_glcm_cluster_prominence,8795.74
2023_2024,R5,121,200,3,rgb_glcm_homogeneity,0.659373
2023_2024,R5,121,200,3,rgb_glcmw3_asm,0.427987
2023_2024,R5,121,200,3,rgb_glcmw3_contrast,0.520646
2023_2024,R5,121,200,3,rgb_glcmw3_entropy,1.11289
2023_2024,R5,121,200,3,rgb_glcmw3_correlation,0.45854
2023_2024,R5,121,200,3,rgb_glcmw3_homogeneity,0.801503
2023_2024,R5,121,200,3,rgb_glcmw5_asm,0.313455
2023_2024,R5,121,200,3,rgb_glcmw5_contrast,0.5204
2023_2024,R5,121,200,3,rgb_glcmw5_entropy,1.58569
2023_2024,R5,121,200,3,rgb_glcmw5_correlation,0.633757
2023_2024,R5,121,200,3,rgb_glcmw5_homogeneity,0.801573
2023_2024,R5,121,200,3,rgb_glcmw7_asm,0.260244
2023_2024,R5,121,200,3,rgb_glcmw7_contrast,0.52045
2023_2024,R5,121,200,3,rgb_glcmw7_entropy,1.86067
2023_2024,R5,121,200,3,rgb_glcmw7_correlation,0.720007
2023_2024,R5,121,200,3,rgb_glcmw7_homogeneity,0.801541
2022_2023,R5,d200_b3,200,3,NDVI,0.727023
2022_2023,R5,d200_b3,200,3,GNDVI,0.253389
2022_2023,R5,d200_b3,200,3,NDRE,0.266355
2022_2023,R5,d200_b3,200,3,CIrededge,0.763284
2022_2023,R5,d200_b3,200,3,SAVI,0.576738
2022_2023,R5,d200_b3,200,3,EVI,1.89314
2022_2023,R5,d200_b3,200,3,VARI,1.57885
2022_2023,R5,d200_b3,200,3,TGI,0.182597
2022_2023,R5,d200_b3,200,3,spec_mean,0.308262
2022_2023,R5,d200_b3,200,3,spec_std,0.240052
2022_2023,R5,d200_b3,200,3,spec_p10,0.0529449
2022_2023,R5,d200_b3,200,3,spec_p50,0.243578
2022_2023,R5,d200_b3,200,3,spec_p90,0.669082
2022_2023,R5,d200_b3,200,3,glcm_asm,0.0199975
2022_2023,R5,d200_b3,200,3,glcm_contrast,1.9369
2022_2023,R5,d200_b3,200,3,glcm_correlation,0.946112
2022_2023,R5,d200_b3,200,3,glcm_variance,17.9753
2022_2023,R5,d200_b3,200,3,glcm_idm,0.618029
2022_2023,R5,d200_b3,200,3,glcm_sum_average,14.4062
2022_2023,R5,d200_b3,200,3,glcm_sum_variance,192.212
2022_2023,R5,d200_b3,200,3,glcm_sum_entropy,3.35013
2022_2023,R5,d200_b3,200,3,glcm_entropy,4.31116
2022_2023,R5,d200_b3,200,3,glcm_diff_entropy,1.28256
2022_2023,R5,d200_b3,200,3,glcm_imc1,-0.406782
2022_2023,R5,d200_b3,200,3,glcm_imc2,0.943016
2022_2023,R5,d200_b3,200,3,glcm_mcc,0.951694
2022_2023,R5,d200_b3,200,3,glcm_dissimilarity,0.947328
2022_2023,R5,d200_b3,200,3,glcm_inertia,1.9369
2022_2023,R5,d200_b3,200,3,glcm_cluster_shade,-125.741
2022_2023,R5,d200_b3,200,3,glcm_cluster_prominence,9923.95
2022_2023,R5,d200_b3,200,3,glcm_homogeneity,0.648874
2022_2023,R5,d200_b3,200,3,glcmw3_asm,0.414178
2022_2023,R5,d200_b3,200,3,glcmw3_contrast,0.530517
2022_2023,R5,d200_b3,200,3,glcmw3_entropy,1.13334
2022_2023,R5,d200_b3,200,3,glcmw3_correlation,0.486965
2022_2023,R5,d200_b3,200,3,glcmw3_homogeneity,0.797375
2022_2023,R5,d200_b3,200,3,glcmw5_asm,0.293083
2022_2023,R5,d200_b3,200,3,glcmw5_contrast,0.530404
2022_2023,R5,d200_b3,200,3,glcmw5_entropy,1.62558
2022_2023,R5,d200_b3,200,3,glcmw5_correlation,0.666568
2022_2023,R5,d200_b3,200,3,glcmw5_homogeneity,0.797413
2022_2023,R5,d200_b3,200,3,glcmw7_asm,0.23605
2022_2023,R5,d200_b3,200,3,glcmw7_contrast,0.530289
2022_2023,R5,d200_b3,200,3,glcmw7_entropy,1.92026
2022_2023,R5,d200_b3,200,3,glcmw7_correlation,0.74987
2022_2023,R5,d200_b3,200,3,glcmw7_homogeneity,0.797429
2022_2023,R5,d200_b3,200,3,rgb_glcm_asm,
2022_2023,R5,d200_b3,200,3,rgb_glcm_contrast,
2022_2023,R5,d200_b3,200,3,rgb_glcm_correlation,
2022_2023,R5,d200_b3,200,3,rgb_glcm_variance,
2022_2023,R5,d200_b3,200,3,rgb_glcm_idm,
2022_2023,R5,d200_b3,200,3,rgb_glcm_sum_average,
2022_2023,R5,d200_b3,200,3,rgb_glcm_sum_variance,
2022_2023,R5,d200_b3,200,3,rgb_glcm_sum_entropy,
2022_2023,R5,d200_b3,200,3,rgb_glcm_entropy,
2022_2023,R5,d200_b3,200,3,rgb_glcm_diff_entropy,
2022_2023,R5,d200_b3,200,3,rgb_glcm_imc1,
2022_2023,R5,d200_b3,200,3,rgb_glcm_imc2,
2022_2023,R5,d200_b3,200,3,rgb_glcm_mcc,
2022_2023,R5,d200_b3,200,3,rgb_glcm_dissimilarity,
2022_2023,R5,d200_b3,200,3,rgb_glcm_inertia,
2022_2023,R5,d200_b3,200,3,rgb_glcm_cluster_shade,
2022_2023,R5,d200_b3,200,3,rgb_glcm_cluster_prominence,
2022_2023,R5,d200_b3,200,3,rgb_glcm_homogeneity,
2022_2023,R5,d200_b3,200,3,rgb_glcmw3_asm,
2022_2023,R5,d200_b3,200,3,rgb_glcmw3_contrast,
2022_2023,R5,d200_b3,200,3,rgb_glcmw3_entropy,
2022_2023,R5,d200_b3,200,3,rgb_glcmw3_correlation,
2022_2023,R5,d200_b3,200,3,rgb_glcmw3_homogeneity,
2022_2023,R5,d200_b3,200,3,rgb_glcmw5_asm,
2022_2023,R5,d200_b3,200,3,rgb_glcmw5_contrast,
2022_2023,R5,d200_b3,200,3,rgb_glcmw5_entropy,
2022_2023,R5,d200_b3,200,3,rgb_glcmw5_correlation,
2022_2023,R5,d200_b3,200,3,rgb_glcmw5_homogeneity,
2022_2023,R5,d200_b3,200,3,rgb_glcmw7_asm,
2022_2023,R5,d200_b3,200,3,rgb_glcmw7_contrast,
2022_2023,R5,d200_b3,200,3,rgb_glcmw7_entropy,
2022_2023,R5,d200_b3,200,3,rgb_glcmw7_correlation,
2022_2023,R5,d200_b3,200,3,rgb_glcmw7_homogeneity,
2023_2024,R5,133,200,4,NDVI,0.683758
2023_2024,R5,133,200,4,GNDVI,0.31845
2023_2024,R5,133,200,4,NDRE,0.264272
2023_2024,R5,133,200,4,CIrededge,0.755111
2023_2024,R5,133,200,4,SAVI,0.597169
2023_2024,R5,133,200,4,EVI,1.5864
2023_2024,R5,133,200,4,VARI,0.684149
2023_2024,R5,133,200,4,TGI,0.217562
2023_2024,R5,133,200,4,spec_mean,0.319748
2023_2024,R5,133,200,4,spec_std,0.242516
2023_2024,R5,133,200,4,spec_p10,0.0632294
2023_2024,R5,133,200,4,spec_p50,0.251898
2023_2024,R5,133,200,4,spec_p90,0.711027
2023_2024,R5,133,200,4,glcm_asm,0.025101
2023_2024,R5,133,200,4,glcm_contrast,1.01116
2023_2024,R5,133,200,4,glcm_correlation,0.971818
2023_2024,R5,133,200,4,glcm_variance,17.9399
2023_2024,R5,133,200,4,glcm_idm,0.713964
2023_2024,R5,133,200,4,glcm_sum_average,15.4657
2023_2024,R5,133,200,4,glcm_sum_variance,217.842
2023_2024,R5,133,200,4,glcm_sum_entropy,3.33751
2023_2024,R5,133,200,4,glcm_entropy,4.01449
2023_2024,R5,133,200,4,glcm_diff_entropy,1.037
2023_2024,R5,133,200,4,glcm_imc1,-0.512664
2023_2024,R5,133,200,4,glcm_imc2,0.968081
2023_2024,R5,133,200,4,glcm_mcc,0.975681
2023_2024,R5,133,200,4,glcm_dissimilarity,0.643547
2023_2024,R5,133,200,4,glcm_inertia,1.01116
2023_2024,R5,133,200,4,glcm_cluster_shade,-210.957
2023_2024,R5,133,200,4,glcm_cluster_prominence,9933.91
2023_2024,R5,133,200,4,glcm_homogeneity,0.729569
2023_2024,R5,133,200,4,glcmw3_asm,0.516226
2023_2024,R5,133,200,4,glcmw3_contrast,0.324094
2023_2024,R5,133,200,4,glcmw3_entropy,0.889856
2023_2024,R5,133,200,4,glcmw3_correlation,0.400661
2023_2024,R5,133,200,4,glcmw3_homogeneity,0.854056
2023_2024,R5,133,200,4,glcmw5_asm,0.395289
2023_2024,R5,133,200,4,glcmw5_contrast,0.324172
2023_2024,R5,133,200,4,glcmw5_entropy,1.29214
2023_2024,R5,133,200,4,glcmw5_correlation,0.600132
2023_2024,R5,133,200,4,glcmw5_homogeneity,0.854004
2023_2024,R5,133,200,4,glcmw7_asm,0.333917
2023_2024,R5,133,200,4,glcmw7_contrast,0.324164
2023_2024,R5,133,200,4,glcmw7_entropy,1.54166
2023_2024,R5,133,200,4,glcmw7_correlation,0.695393
2023_2024,R5,133,200,4,glcmw7_homogeneity,0.853978
2023_2024,R5,133,200,4,rgb_glcm_asm,0.0252716
2023_2024,R5,133,200,4,rgb_glcm_contrast,1.77682
2023_2024,R5,133,200,4,rgb_glcm_correlation,0.942981
2023_2024,R5,133,200,4,rgb_glcm_variance,15.5808
2023_2024,R5,133,200,4,rgb_glcm_idm,0.636272
2023_2024,R5,133,200,4,rgb_glcm_sum_average,10.649
2023_2024,R5,133,200,4,rgb_glcm_sum_variance,114.914
2023_2024,R5,133,200,4,rgb_glcm_sum_entropy,3.27554
2023_2024,R5,133,200,4,rgb_glcm_entropy,4.16457
2023_2024,R5,133,200,4,rgb_glcm_diff_entropy,1.24727
2023_2024,R5,133,200,4,rgb_glcm_imc1,-0.420999
2023_2024,R5,133,200,4,rgb_glcm_imc2,0.944178
2023_2024,R5,133,200,4,rgb_glcm_mcc,0.948462
2023_2024,R5,133,200,4,rgb_glcm_dissimilarity,0.891048
2023_2024,R5,133,200,4,rgb_glcm_inertia,1.77682
2023_2024,R5,133,200,4,rgb_glcm_cluster_shade,222.01
2023_2024,R5,133,200,4,rgb_glcm_cluster_prominence,8552.19
2023_2024,R5,133,200,4,rgb_glcm_homogeneity,0.664391
2023_2024,R5,133,200,4,rgb_glcmw3_asm,0.433089
2023_2024,R5,133,200,4,rgb_glcmw3_contrast,0.498614
2023_2024,R5,133,200,4,rgb_glcmw3_entropy,1.09837
2023_2024,R5,133,200,4,rgb_glcmw3_correlation,0.442844
2023_2024,R5,133,200,4,rgb_glcmw3_homogeneity,0.80686
2023_2024,R5,133,200,4,rgb_glcmw5_asm,0.319232
2023_2024,R5,133,200,4,rgb_glcmw5_contrast,0.498481
2023_2024,R5,133,200,4,rgb_glcmw5_entropy,1.56023
2023_2024,R5,133,200,4,rgb_glcmw5_correlation,0.618731
2023_2024,R5,133,200,4,rgb_glcmw5_homogeneity,0.806887
2023_2024,R5,133,200,4,rgb_glcmw7_asm,0.266973
2023_2024,R5,133,200,4,rgb_glcmw7_contrast,0.498481
2023_2024,R5,133,200,4,rgb_glcmw7_entropy,1.82631
2023_2024,R5,133,200,4,rgb_glcmw7_correlation,0.70565
2023_2024,R5,133,200,4,rgb_glcmw7_homogeneity,0.806901
2022_2023,R5,d200_b4,200,4,NDVI,0.775861
2022_2023,R5,d200_b4,200,4,GNDVI,0.291591
2022_2023,R5,d200_b4,200,4,NDRE,0.331358
2022_2023,R5,d200_b4,200,4,CIrededge,1.05687
2022_2023,R5,d200_b4,200,4,SAVI,0.618708
2022_2023,R5,d200_b4,200,4,EVI,2.54747
2022_2023,R5,d200_b4,200,4,VARI,7.23523
2022_2023,R5,d200_b4,200,4,TGI,0.182566
2022_2023,R5,d200_b4,200,4,spec_mean,0.297991
2022_2023,R5,d200_b4,200,4,spec_std,0.24197
2022_2023,R5,d200_b4,200,4,spec_p10,0.0445153
2022_2023,R5,d200_b4,200,4,spec_p50,0.230555
2022_2023,R5,d200_b4,200,4,spec_p90,0.669551
2022_2023,R5,d200_b4,200,4,glcm_asm,0.0209819
2022_2023,R5,d200_b4,200,4,glcm_contrast,1.56357
2022_2023,R5,d200_b4,200,4,glcm_correlation,0.953248
2022_2023,R5,d200_b4,200,4,glcm_variance,16.7283
2022_2023,R5,d200_b4,200,4,glcm_idm,0.647394
2022_2023,R5,d200_b4,200,4,glcm_sum_average,15.0034
2022_2023,R5,d200_b4,200,4,glcm_sum_variance,201.521
2022_2023,R5,d200_b4,200,4,glcm_sum_entropy,3.33657
2022_2023,R5,d200_b4,200,4,glcm_entropy,4.20966
2022_2023,R5,d200_b4,200,4,glcm_diff_entropy,1.19879
2022_2023,R5,d200_b4,200,4,glcm_imc1,-0.435351
2022_2023,R5,d200_b4,200,4,glcm_imc2,0.95063
2022_2023,R5,d200_b4,200,4,glcm_mcc,0.95891
2022_2023,R5,d200_b4,200,4,glcm_dissimilarity,0.841804
2022_2023,R5,d200_b4,200,4,glcm_inertia,1.56357
2022_2023,R5,d200_b4,200,4,glcm_cluster_shade,-166.256
2022_2023,R5,d200_b4,200,4,glcm_cluster_prominence,9264.55
2022_2023,R5,d200_b4,200,4,glcm_homogeneity,0.672787
2022_2023,R5,d200_b4,200,4,glcmw3_asm,0.437059
2022_2023,R5,d200_b4,200,4,glcmw3_contrast,0.450635
2022_2023,R5,d200_b4,200,4,glcmw3_entropy,1.06988
2022_2023,R5,d200_b4,200,4,glcmw3_correlation,0.47076
2022_2023,R5,d200_b4,200,4,glcmw3_homogeneity,0.814645
2022_2023,R5,d200_b4,200,4,glcmw5_asm,0.312413
2022_2023,R5,d200_b4,200,4,glcmw5_contrast,0.450672
2022_2023,R5,d200_b4,200,4,glcmw5_entropy,1.5402
2022_2023,R5,d200_b4,200,4,glcmw5_correlation,0.662234
2022_2023,R5,d200_b4,200,4,glcmw5_homogeneity,0.814658
2022_2023,R5,d200_b4,200,4,glcmw7_asm,0.252103
2022_2023,R5,d200_b4,200,4,glcmw7_contrast,0.45065
2022_2023,R5,d200_b4,200,4,glcmw7_entropy,1.82598
2022_2023,R5,d200_b4,200,4,glcmw7_correlation,0.749382
2022_2023,R5,d200_b4,200,4,glcmw7_homogeneity,0.814654
2022_2023,R5,d200_b4,200,4,rgb_glcm_asm,
2022_2023,R5,d200_b4,200,4,rgb_glcm_contrast,
2022_2023,R5,d200_b4,200,4,rgb_glcm_correlation,
2022_2023,R5,d200_b4,200,4,rgb_glcm_variance,
2022_2023,R5,d200_b4,200,4,rgb_glcm_idm,
2022_2023,R5,d200_b4,200,4,rgb_glcm_sum_average,
2022_2023,R5,d200_b4,200,4,rgb_glcm_sum_variance,
2022_2023,R5,d200_b4,200,4,rgb_glcm_sum_entropy,
2022_2023,R5,d200_b4,200,4,rgb_glcm_entropy,
2022_2023,R5,d200_b4,200,4,rgb_glcm_diff_entropy,
2022_2023,R5,d200_b4,200,4,rgb_glcm_imc1,
2022_2023,R5,d200_b4,200,4,rgb_glcm_imc2,
2022_2023,R5,d200_b4,200,4,rgb_glcm_mcc,
2022_2023,R5,d200_b4,200,4,rgb_glcm_dissimilarity,
2022_2023,R5,d200_b4,200,4,rgb_glcm_inertia,
2022_2023,R5,d200_b4,200,4,rgb_glcm_cluster_shade,
2022_2023,R5,d200_b4,200,4,rgb_glcm_cluster_prominence,
2022_2023,R5,d200_b4,200,4,rgb_glcm_homogeneity,
2022_2023,R5,d200_b4,200,4,rgb_glcmw3_asm,
2022_2023,R5,d200_b4,200,4,rgb_glcmw3_contrast,
2022_2023,R5,d200_b4,200,4,rgb_glcmw3_entropy,
2022_2023,R5,d200_b4,200,4,rgb_glcmw3_correlation,
2022_2023,R5,d200_b4,200,4,rgb_glcmw3_homogeneity,
2022_2023,R5,d200_b4,200,4,rgb_glcmw5_asm,
2022_2023,R5,d200_b4,200,4,rgb_glcmw5_contrast,
2022_2023,R5,d200_b4,200,4,rgb_glcmw5_entropy,
2022_2023,R5,d200_b4,200,4,rgb_glcmw5_correlation,
2022_2023,R5,d200_b4,200,4,rgb_glcmw5_homogeneity,
2022_2023,R5,d200_b4,200,4,rgb_glcmw7_asm,
2022_2023,R5,d200_b4,200,4,rgb_glcmw7_contrast,
2022_2023,R5,d200_b4,200,4,rgb_glcmw7_entropy,
2022_2023,R5,d200_b4,200,4,rgb_glcmw7_correlation,
2022_2023,R5,d200_b4,200,4,rgb_glcmw7_homogeneity,
2023_2024,R5,71,300,1,NDVI,0.703867
2023_2024,R5,71,300,1,GNDVI,0.262345
2023_2024,R5,71,300,1,NDRE,0.29667
2023_2024,R5,71,300,1,CIrededge,0.893955
2023_2024,R5,71,300,1,SAVI,0.586012
2023_2024,R5,71,300,1,EVI,1.36429
2023_2024,R5,71,300,1,VARI,0.938541
2023_2024,R5,71,300,1,TGI,0.214986
2023_2024,R5,71,300,1,spec_mean,0.299391
2023_2024,R5,71,300,1,spec_std,0.232319
2023_2024,R5,71,300,1,spec_p10,0.0616779
2023_2024,R5,71,300,1,spec_p50,0.229148
2023_2024,R5,71,300,1,spec_p90,0.670395
2023_2024,R5,71,300,1,glcm_asm,0.0253766
2023_2024,R5,71,300,1,glcm_contrast,1.01915
2023_2024,R5,71,300,1,glcm_correlation,0.971718
2023_2024,R5,71,300,1,glcm_variance,18.0176
2023_2024,R5,71,300,1,glcm_idm,0.704876
2023_2024,R5,71,300,1,glcm_sum_average,14.157
2023_2024,R5,71,300,1,glcm_sum_variance,188.132
2023_2024,R5,71,300,1,glcm_sum_entropy,3.33659
2023_2024,R5,71,300,1,glcm_entropy,4.02196
2023_2024,R5,71,300,1,glcm_diff_entropy,1.03868
2023_2024,R5,71,300,1,glcm_imc1,-0.509605
2023_2024,R5,71,300,1,glcm_imc2,0.967522
2023_2024,R5,71,300,1,glcm_mcc,0.976056
2023_2024,R5,71,300,1,glcm_dissimilarity,0.659973
2023_2024,R5,71,300,1,glcm_inertia,1.01915
2023_2024,R5,71,300,1,glcm_cluster_shade,-123.259
2023_2024,R5,71,300,1,glcm_cluster_prominence,9796.64
2023_2024,R5,71,300,1,glcm_homogeneity,0.720612
2023_2024,R5,71,300,1,glcmw3_asm,0.504378
2023_2024,R5,71,300,1,glcmw3_contrast,0.327965
2023_2024,R5,71,300,1,glcmw3_entropy,0.913186
2023_2024,R5,71,300,1,glcmw3_correlation,0.409513
2023_2024,R5,71,300,1,glcmw3_homogeneity,0.850981
2023_2024,R5,71,300,1,glcmw5_asm,0.380572
2023_2024,R5,71,300,1,glcmw5_contrast,0.32796
2023_2024,R5,71,300,1,glcmw5_entropy,1.32563
2023_2024,R5,71,300,1,glcmw5_correlation,0.614058
2023_2024,R5,71,300,1,glcmw5_homogeneity,0.851004
2023_2024,R5,71,300,1,glcmw7_asm,0.317956
2023_2024,R5,71,300,1,glcmw7_contrast,0.328037
2023_2024,R5,71,300,1,glcmw7_entropy,1.58032
2023_2024,R5,71,300,1,glcmw7_correlation,0.709519
2023_2024,R5,71,300,1,glcmw7_homogeneity,0.850992
2023_2024,R5,71,300,1,rgb_glcm_asm,0.0284154
2023_2024,R5,71,300,1,rgb_glcm_contrast,2.00118
2023_2024,R5,71,300,1,rgb_glcm_correlation,0.93378
2023_2024,R5,71,300,1,rgb_glcm_variance,15.1102
2023_2024,R5,71,300,1,rgb_glcm_idm,0.616098
2023_2024,R5,71,300,1,rgb_glcm_sum_average,9.53482
2023_2024,R5,71,300,1,rgb_glcm_sum_variance,98.3575
2023_2024,R5,71,300,1,rgb_glcm_sum_entropy,3.21676
2023_2024,R5,71,300,1,rgb_glcm_entropy,4.14737
2023_2024,R5,71,300,1,rgb_glcm_diff_entropy,1.29728
2023_2024,R5,71,300,1,rgb_glcm_imc1,-0.392507
2023_2024,R5,71,300,1,rgb_glcm_imc2,0.931694
2023_2024,R5,71,300,1,rgb_glcm_mcc,0.936704
2023_2024,R5,71,300,1,rgb_glcm_dissimilarity,0.959678
2023_2024,R5,71,300,1,rgb_glcm_inertia,2.00118
2023_2024,R5,71,300,1,rgb_glcm_cluster_shade,311.882
2023_2024,R5,71,300,1,rgb_glcm_cluster_prominence,9209.75
2023_2024,R5,71,300,1,rgb_glcm_homogeneity,0.648075
2023_2024,R5,71,300,1,rgb_glcmw3_asm,0.417226
2023_2024,R5,71,300,1,rgb_glcmw3_contrast,0.544551
2023_2024,R5,71,300,1,rgb_glcmw3_entropy,1.14072
2023_2024,R5,71,300,1,rgb_glcmw3_correlation,0.475551
2023_2024,R5,71,300,1,rgb_glcmw3_homogeneity,0.794779
2023_2024,R5,71,300,1,rgb_glcmw5_asm,0.301761
2023_2024,R5,71,300,1,rgb_glcmw5_contrast,0.544233
2023_2024,R5,71,300,1,rgb_glcmw5_entropy,1.62629
2023_2024,R5,71,300,1,rgb_glcmw5_correlation,0.652358
2023_2024,R5,71,300,1,rgb_glcmw5_homogeneity,0.794825
2023_2024,R5,71,300,1,rgb_glcmw7_asm,0.248084
2023_2024,R5,71,300,1,rgb_glcmw7_contrast,0.544098
2023_2024,R5,71,300,1,rgb_glcmw7_entropy,1.90788
2023_2024,R5,71,300,1,rgb_glcmw7_correlation,0.739901
2023_2024,R5,71,300,1,rgb_glcmw7_homogeneity,0.794883
2022_2023,R5,d300_b1,300,1,NDVI,0.737987
2022_2023,R5,d300_b1,300,1,GNDVI,0.255425
2022_2023,R5,d300_b1,300,1,NDRE,0.295253
2022_2023,R5,d300_b1,300,1,CIrededge,0.88623
2022_2023,R5,d300_b1,300,1,SAVI,0.578514
2022_2023,R5,d300_b1,300,1,EVI,0.977399
2022_2023,R5,d300_b1,300,1,VARI,1.47435
2022_2023,R5,d300_b1,300,1,TGI,0.181164
2022_2023,R5,d300_b1,300,1,spec_mean,0.30046
2022_2023,R5,d300_b1,300,1,spec_std,0.241097
2022_2023,R5,d300_b1,300,1,spec_p10,0.047069
2022_2023,R5,d300_b1,300,1,spec_p50,0.231593
2022_2023,R5,d300_b1,300,1,spec_p90,0.667956
2022_2023,R5,d300_b1,300,1,glcm_asm,0.0230758
2022_2023,R5,d300_b1,300,1,glcm_contrast,1.75663
2022_2023,R5,d300_b1,300,1,glcm_correlation,0.952296
2022_2023,R5,d300_b1,300,1,glcm_variance,18.4226
2022_2023,R5,d300_b1,300,1,glcm_idm,0.634141
2022_2023,R5,d300_b1,300,1,glcm_sum_average,14.3562
2022_2023,R5,d300_b1,300,1,glcm_sum_variance,193.675
2022_2023,R5,d300_b1,300,1,glcm_sum_entropy,3.32406
2022_2023,R5,d300_b1,300,1,glcm_entropy,4.23655
2022_2023,R5,d300_b1,300,1,glcm_diff_entropy,1.24507
2022_2023,R5,d300_b1,300,1,glcm_imc1,-0.424712
2022_2023,R5,d300_b1,300,1,glcm_imc2,0.947713
2022_2023,R5,d300_b1,300,1,glcm_mcc,0.960116
2022_2023,R5,d300_b1,300,1,glcm_dissimilarity,0.893324
2022_2023,R5,d300_b1,300,1,glcm_inertia,1.75663
2022_2023,R5,d300_b1,300,1,glcm_cluster_shade,-152.123
2022_2023,R5,d300_b1,300,1,glcm_cluster_prominence,10307
2022_2023,R5,d300_b1,300,1,glcm_homogeneity,0.662402
2022_2023,R5,d300_b1,300,1,glcmw3_asm,0.432356
2022_2023,R5,d300_b1,300,1,glcmw3_contrast,0.490959
2022_2023,R5,d300_b1,300,1,glcmw3_entropy,1.09375
2022_2023,R5,d300_b1,300,1,glcmw3_correlation,0.46099
2022_2023,R5,d300_b1,300,1,glcmw3_homogeneity,0.807049
2022_2023,R5,d300_b1,300,1,glcmw5_asm,0.313237
2022_2023,R5,d300_b1,300,1,glcmw5_contrast,0.490811
2022_2023,R5,d300_b1,300,1,glcmw5_entropy,1.56676
2022_2023,R5,d300_b1,300,1,glcmw5_correlation,0.641635
2022_2023,R5,d300_b1,300,1,glcmw5_homogeneity,0.807116
2022_2023,R5,d300_b1,300,1,glcmw7_asm,0.257106
2022_2023,R5,d300_b1,300,1,glcmw7_contrast,0.490784
2022_2023,R5,d300_b1,300,1,glcmw7_entropy,1.84902
2022_2023,R5,d300_b1,300,1,glcmw7_correlation,0.727718
2022_2023,R5,d300_b1,300,1,glcmw7_homogeneity,0.807137
2022_2023,R5,d300_b1,300,1,rgb_glcm_asm,
2022_2023,R5,d300_b1,300,1,rgb_glcm_contrast,
2022_2023,R5,d300_b1,300,1,rgb_glcm_correlation,
2022_2023,R5,d300_b1,300,1,rgb_glcm_variance,
2022_2023,R5,d300_b1,300,1,rgb_glcm_idm,
2022_2023,R5,d300_b1,300,1,rgb_glcm_sum_average,
2022_2023,R5,d300_b1,300,1,rgb_glcm_sum_variance,
2022_2023,R5,d300_b1,300,1,rgb_glcm_sum_entropy,
2022_2023,R5,d300_b1,300,1,rgb_glcm_entropy,
2022_2023,R5,d300_b1,300,1,rgb_glcm_diff_entropy,
2022_2023,R5,d300_b1,300,1,rgb_glcm_imc1,
2022_2023,R5,d300_b1,300,1,rgb_glcm_imc2,
2022_2023,R5,d300_b1,300,1,rgb_glcm_mcc,
2022_2023,R5,d300_b1,300,1,rgb_glcm_dissimilarity,
2022_2023,R5,d300_b1,300,1,rgb_glcm_inertia,
2022_2023,R5,d300_b1,300,1,rgb_glcm_cluster_shade,
2022_2023,R5,d300_b1,300,1,rgb_glcm_cluster_prominence,
2022_2023,R5,d300_b1,300,1,rgb_glcm_homogeneity,
2022_2023,R5,d300_b1,300,1,rgb_glcmw3_asm,
2022_2023,R5,d300_b1,300,1,rgb_glcmw3_contrast,
2022_2023,R5,d300_b1,300,1,rgb_glcmw3_entropy,
2022_2023,R5,d300_b1,300,1,rgb_glcmw3_correlation,
2022_2023,R5,d300_b1,300,1,rgb_glcmw3_homogeneity,
2022_2023,R5,d300_b1,300,1,rgb_glcmw5_asm,
2022_2023,R5,d300_b1,300,1,rgb_glcmw5_contrast,
2022_2023,R5,d300_b1,300,1,rgb_glcmw5_entropy,
2022_2023,R5,d300_b1,300,1,rgb_glcmw5_correlation,
2022_2023,R5,d300_b1,300,1,rgb_glcmw5_homogeneity,
2022_2023,R5,d300_b1,300,1,rgb_glcmw7_asm,
2022_2023,R5,d300_b1,300,1,rgb_glcmw7_contrast,
2022_2023,R5,d300_b1,300,1,rgb_glcmw7_entropy,
2022_2023,R5,d300_b1,300,1,rgb_glcmw7_correlation,
2022_2023,R5,d300_b1,300,1,rgb_glcmw7_homogeneity,
2023_2024,R5,114,300,2,NDVI,0.719042
2023_2024,R5,114,300,2,GNDVI,0.288185
2023_2024,R5,114,300,2,NDRE,0.305574
2023_2024,R5,114,300,2,CIrededge,0.954018
2023_2024,R5,114,300,2,SAVI,0.597097
2023_2024,R5,114,300,2,EVI,1.65456
2023_2024,R5,114,300,2,VARI,0.973713
2023_2024,R5,114,300,2,TGI,0.214708
2023_2024,R5,114,300,2,spec_mean,0.305191
2023_2024,R5,114,300,2,spec_std,0.23827
2023_2024,R5,114,300,2,spec_p10,0.0518071
2023_2024,R5,114,300,2,spec_p50,0.240752
2023_2024,R5,114,300,2,spec_p90,0.677572
2023_2024,R5,114,300,2,glcm_asm,0.0259551
2023_2024,R5,114,300,2,glcm_contrast,0.903038
2023_2024,R5,114,300,2,glcm_correlation,0.969705
2023_2024,R5,114,300,2,glcm_variance,14.9043
2023_2024,R5,114,300,2,glcm_idm,0.719097
2023_2024,R5,114,300,2,glcm_sum_average,15.7923
2023_2024,R5,114,300,2,glcm_sum_variance,214.575
2023_2024,R5,114,300,2,glcm_sum_entropy,3.30782
2023_2024,R5,114,300,2,glcm_entropy,3.95444
2023_2024,R5,114,300,2,glcm_diff_entropy,0.994432
2023_2024,R5,114,300,2,glcm_imc1,-0.513867
2023_2024,R5,114,300,2,glcm_imc2,0.966998
2023_2024,R5,114,300,2,glcm_mcc,0.976183
2023_2024,R5,114,300,2,glcm_dissimilarity,0.617603
2023_2024,R5,114,300,2,glcm_inertia,0.903038
2023_2024,R5,114,300,2,glcm_cluster_shade,-190.815
2023_2024,R5,114,300,2,glcm_cluster_prominence,8308.87
2023_2024,R5,114,300,2,glcm_homogeneity,0.732412
2023_2024,R5,114,300,2,glcmw3_asm,0.518032
2023_2024,R5,114,300,2,glcmw3_contrast,0.301653
2023_2024,R5,114,300,2,glcmw3_entropy,0.876611
2023_2024,R5,114,300,2,glcmw3_correlation,0.390729
2023_2024,R5,114,300,2,glcmw3_homogeneity,0.859162
2023_2024,R5,114,300,2,glcmw5_asm,0.394087
2023_2024,R5,114,300,2,glcmw5_contrast,0.301748
2023_2024,R5,114,300,2,glcmw5_entropy,1.27297
2023_2024,R5,114,300,2,glcmw5_correlation,0.59827
2023_2024,R5,114,300,2,glcmw5_homogeneity,0.859126
2023_2024,R5,114,300,2,glcmw7_asm,0.331021
2023_2024,R5,114,300,2,glcmw7_contrast,0.301763
2023_2024,R5,114,300,2,glcmw7_entropy,1.51682
2023_2024,R5,114,300,2,glcmw7_correlation,0.695742
2023_2024,R5,114,300,2,glcmw7_homogeneity,0.859099
2023_2024,R5,114,300,2,rgb_glcm_asm,0.0265966
2023_2024,R5,114,300,2,rgb_glcm_contrast,1.89426
2023_2024,R5,114,300,2,rgb_glcm_correlation,0.940415
2023_2024,R5,114,300,2,rgb_glcm_variance,15.8955
2023_2024,R5,114,300,2,rgb_glcm_idm,0.628294
2023_2024,R5,114,300,2,rgb_glcm_sum_average,10.2191
2023_2024,R5,114,300,2,rgb_glcm_sum_variance,110.13
2023_2024,R5,114,300,2,rgb_glcm_sum_entropy,3.25904
2023_2024,R5,114,300,2,rgb_glcm_entropy,4.16843
2023_2024,R5,114,300,2,rgb_glcm_diff_entropy,1.27338
2023_2024,R5,114,300,2,rgb_glcm_imc1,-0.409642
2023_2024,R5,114,300,2,rgb_glcm_imc2,0.939794
2023_2024,R5,114,300,2,rgb_glcm_mcc,0.944392
2023_2024,R5,114,300,2,rgb_glcm_dissimilarity,0.922479
2023_2024,R5,114,300,2,rgb_glcm_inertia,1.89426
2023_2024,R5,114,300,2,rgb_glcm_cluster_shade,264.942
2023_2024,R5,114,300,2,rgb_glcm_cluster_prominence,9025.81
2023_2024,R5,114,300,2,rgb_glcm_homogeneity,0.65807
2023_2024,R5,114,300,2,rgb_glcmw3_asm,0.428396
2023_2024,R5,114,300,2,rgb_glcmw3_contrast,0.52112
2023_2024,R5,114,300,2,rgb_glcmw3_entropy,1.11069
2023_2024,R5,114,300,2,rgb_glcmw3_correlation,0.452197
2023_2024,R5,114,300,2,rgb_glcmw3_homogeneity,0.802194
2023_2024,R5,114,300,2,rgb_glcmw5_asm,0.314595
2023_2024,R5,114,300,2,rgb_glcmw5_contrast,0.521072
2023_2024,R5,114,300,2,rgb_glcmw5_entropy,1.57893
2023_2024,R5,114,300,2,rgb_glcmw5_correlation,0.625172
2023_2024,R5,114,300,2,rgb_glcmw5_homogeneity,0.802217
2023_2024,R5,114,300,2,rgb_glcmw7_asm,0.262179
2023_2024,R5,114,300,2,rgb_glcmw7_contrast,0.520987
2023_2024,R5,114,300,2,rgb_glcmw7_entropy,1.84833
2023_2024,R5,114,300,2,rgb_glcmw7_correlation,0.711783
2023_2024,R5,114,300,2,rgb_glcmw7_homogeneity,0.802218
2022_2023,R5,d300_b2,300,2,NDVI,0.761196
2022_2023,R5,d300_b2,300,2,GNDVI,0.282084
2022_2023,R5,d300_b2,300,2,NDRE,0.313518
2022_2023,R5,d300_b2,300,2,CIrededge,0.97408
2022_2023,R5,d300_b2,300,2,SAVI,0.620013
2022_2023,R5,d300_b2,300,2,EVI,0.413242
2022_2023,R5,d300_b2,300,2,VARI,0.906517
2022_2023,R5,d300_b2,300,2,TGI,0.183108
2022_2023,R5,d300_b2,300,2,spec_mean,0.313006
2022_2023,R5,d300_b2,300,2,spec_std,0.246156
2022_2023,R5,d300_b2,300,2,spec_p10,0.0507838
2022_2023,R5,d300_b2,300,2,spec_p50,0.248532
2022_2023,R5,d300_b2,300,2,spec_p90,0.689917
2022_2023,R5,d300_b2,300,2,glcm_asm,0.0203202
2022_2023,R5,d300_b2,300,2,glcm_contrast,1.80643
2022_2023,R5,d300_b2,300,2,glcm_correlation,0.946762
2022_2023,R5,d300_b2,300,2,glcm_variance,17.0023
2022_2023,R5,d300_b2,300,2,glcm_idm,0.624261
2022_2023,R5,d300_b2,300,2,glcm_sum_average,15.5648
2022_2023,R5,d300_b2,300,2,glcm_sum_variance,216.38
2022_2023,R5,d300_b2,300,2,glcm_sum_entropy,3.32191
2022_2023,R5,d300_b2,300,2,glcm_entropy,4.26055
2022_2023,R5,d300_b2,300,2,glcm_diff_entropy,1.25479
2022_2023,R5,d300_b2,300,2,glcm_imc1,-0.408624
2022_2023,R5,d300_b2,300,2,glcm_imc2,0.942207
2022_2023,R5,d300_b2,300,2,glcm_mcc,0.956627
2022_2023,R5,d300_b2,300,2,glcm_dissimilarity,0.917868
2022_2023,R5,d300_b2,300,2,glcm_inertia,1.80643
2022_2023,R5,d300_b2,300,2,glcm_cluster_shade,-223.873
2022_2023,R5,d300_b2,300,2,glcm_cluster_prominence,9868.61
2022_2023,R5,d300_b2,300,2,glcm_homogeneity,0.653428
2022_2023,R5,d300_b2,300,2,glcmw3_asm,0.414152
2022_2023,R5,d300_b2,300,2,glcmw3_contrast,0.506027
2022_2023,R5,d300_b2,300,2,glcmw3_entropy,1.13
2022_2023,R5,d300_b2,300,2,glcmw3_correlation,0.478333
2022_2023,R5,d300_b2,300,2,glcmw3_homogeneity,0.800483
2022_2023,R5,d300_b2,300,2,glcmw5_asm,0.293562
2022_2023,R5,d300_b2,300,2,glcmw5_contrast,0.505948
2022_2023,R5,d300_b2,300,2,glcmw5_entropy,1.61541
2022_2023,R5,d300_b2,300,2,glcmw5_correlation,0.657106
2022_2023,R5,d300_b2,300,2,glcmw5_homogeneity,0.800543
2022_2023,R5,d300_b2,300,2,glcmw7_asm,0.237651
2022_2023,R5,d300_b2,300,2,glcmw7_contrast,0.505902
2022_2023,R5,d300_b2,300,2,glcmw7_entropy,1.90304
2022_2023,R5,d300_b2,300,2,glcmw7_correlation,0.73838
2022_2023,R5,d300_b2,300,2,glcmw7_homogeneity,0.800569
2022_2023,R5,d300_b2,300,2,rgb_glcm_asm,
2022_2023,R5,d300_b2,300,2,rgb_glcm_contrast,
2022_2023,R5,d300_b2,300,2,rgb_glcm_correlation,
2022_2023,R5,d300_b2,300,2,rgb_glcm_variance,
2022_2023,R5,d300_b2,300,2,rgb_glcm_idm,
2022_2023,R5,d300_b2,300,2,rgb_glcm_sum_average,
2022_2023,R5,d300_b2,300,2,rgb_glcm_sum_variance,
2022_2023,R5,d300_b2,300,2,rgb_glcm_sum_entropy,
2022_2023,R5,d300_b2,300,2,rgb_glcm_entropy,
2022_2023,R5,d300_b2,300,2,rgb_glcm_diff_entropy,
2022_2023,R5,d300_b2,300,2,rgb_glcm_imc1,
2022_2023,R5,d300_b2,300,2,rgb_glcm_imc2,
2022_2023,R5,d300_b2,300,2,rgb_glcm_mcc,
2022_2023,R5,d300_b2,300,2,rgb_glcm_dissimilarity,
2022_2023,R5,d300_b2,300,2,rgb_glcm_inertia,
2022_2023,R5,d300_b2,300,2,rgb_glcm_cluster_shade,
2022_2023,R5,d300_b2,300,2,rgb_glcm_cluster_prominence,
2022_2023,R5,d300_b2,300,2,rgb_glcm_homogeneity,
2022_2023,R5,d300_b2,300,2,rgb_glcmw3_asm,
2022_2023,R5,d300_b2,300,2,rgb_glcmw3_contrast,
2022_2023,R5,d300_b2,300,2,rgb_glcmw3_entropy,
2022_2023,R5,d300_b2,300,2,rgb_glcmw3_correlation,
2022_2023,R5,d300_b2,300,2,rgb_glcmw3_homogeneity,
2022_2023,R5,d300_b2,300,2,rgb_glcmw5_asm,
2022_2023,R5,d300_b2,300,2,rgb_glcmw5_contrast,
2022_2023,R5,d300_b2,300,2,rgb_glcmw5_entropy,
2022_2023,R5,d300_b2,300,2,rgb_glcmw5_correlation,
2022_2023,R5,d300_b2,300,2,rgb_glcmw5_homogeneity,
2022_2023,R5,d300_b2,300,2,rgb_glcmw7_asm,
2022_2023,R5,d300_b2,300,2,rgb_glcmw7_contrast,
2022_2023,R5,d300_b2,300,2,rgb_glcmw7_entropy,
2022_2023,R5,d300_b2,300,2,rgb_glcmw7_correlation,
2022_2023,R5,d300_b2,300,2,rgb_glcmw7_homogeneity,
2023_2024,R5,125,300,3,NDVI,0.65733
2023_2024,R5,125,300,3,GNDVI,0.265222
2023_2024,R5,125,300,3,NDRE,0.254029
2023_2024,R5,125,300,3,CIrededge,0.712568
2023_2024,R5,125,300,3,SAVI,0.562428
2023_2024,R5,125,300,3,EVI,1.09678
2023_2024,R5,125,300,3,VARI,0.764031
2023_2024,R5,125,300,3,TGI,0.215508
2023_2024,R5,125,300,3,spec_mean,0.31282
2023_2024,R5,125,300,3,spec_std,0.228354
2023_2024,R5,125,300,3,spec_p10,0.0743202
2023_2024,R5,125,300,3,spec_p50,0.251584
2023_2024,R5,125,300,3,spec_p90,0.677117
2023_2024,R5,125,300,3,glcm_asm,0.0263054
2023_2024,R5,125,300,3,glcm_contrast,1.08347
2023_2024,R5,125,300,3,glcm_correlation,0.970512
2023_2024,R5,125,300,3,glcm_variance,18.3712
2023_2024,R5,125,300,3,glcm_idm,0.714098
2023_2024,R5,125,300,3,glcm_sum_average,13.593
2023_2024,R5,125,300,3,glcm_sum_variance,177.746
2023_2024,R5,125,300,3,glcm_sum_entropy,3.32929
2023_2024,R5,125,300,3,glcm_entropy,4.0213
2023_2024,R5,125,300,3,glcm_diff_entropy,1.06111
2023_2024,R5,125,300,3,glcm_imc1,-0.512072
2023_2024,R5,125,300,3,glcm_imc2,0.968093
2023_2024,R5,125,300,3,glcm_mcc,0.974148
2023_2024,R5,125,300,3,glcm_dissimilarity,0.654427
2023_2024,R5,125,300,3,glcm_inertia,1.08347
2023_2024,R5,125,300,3,glcm_cluster_shade,-53.275
2023_2024,R5,125,300,3,glcm_cluster_prominence,9567.24
2023_2024,R5,125,300,3,glcm_homogeneity,0.731062
2023_2024,R5,125,300,3,glcmw3_asm,0.530663
2023_2024,R5,125,300,3,glcmw3_contrast,0.33342
2023_2024,R5,125,300,3,glcmw3_entropy,0.869792
2023_2024,R5,125,300,3,glcmw3_correlation,0.401295
2023_2024,R5,125,300,3,glcmw3_homogeneity,0.854296
2023_2024,R5,125,300,3,glcmw5_asm,0.414681
2023_2024,R5,125,300,3,glcmw5_contrast,0.333493
2023_2024,R5,125,300,3,glcmw5_entropy,1.26525
2023_2024,R5,125,300,3,glcmw5_correlation,0.592413
2023_2024,R5,125,300,3,glcmw5_homogeneity,0.854293
2023_2024,R5,125,300,3,glcmw7_asm,0.354928
2023_2024,R5,125,300,3,glcmw7_contrast,0.333351
2023_2024,R5,125,300,3,glcmw7_entropy,1.51336
2023_2024,R5,125,300,3,glcmw7_correlation,0.684631
2023_2024,R5,125,300,3,glcmw7_homogeneity,0.854308
2023_2024,R5,125,300,3,rgb_glcm_asm,0.0305318
2023_2024,R5,125,300,3,rgb_glcm_contrast,2.00734
2023_2024,R5,125,300,3,rgb_glcm_correlation,0.935704
2023_2024,R5,125,300,3,rgb_glcm_variance,15.6101
2023_2024,R5,125,300,3,rgb_glcm_idm,0.624884
2023_2024,R5,125,300,3,rgb_glcm_sum_average,9.66409
2023_2024,R5,125,300,3,rgb_glcm_sum_variance,101.999
2023_2024,R5,125,300,3,rgb_glcm_sum_entropy,3.2169
2023_2024,R5,125,300,3,rgb_glcm_entropy,4.13949
2023_2024,R5,125,300,3,rgb_glcm_diff_entropy,1.29593
2023_2024,R5,125,300,3,rgb_glcm_imc1,-0.400012
2023_2024,R5,125,300,3,rgb_glcm_imc2,0.934768
2023_2024,R5,125,300,3,rgb_glcm_mcc,0.940183
2023_2024,R5,125,300,3,rgb_glcm_dissimilarity,0.943906
2023_2024,R5,125,300,3,rgb_glcm_inertia,2.00734
2023_2024,R5,125,300,3,rgb_glcm_cluster_shade,296.453
2023_2024,R5,125,300,3,rgb_glcm_cluster_prominence,9306.03
2023_2024,R5,125,300,3,rgb_glcm_homogeneity,0.656048
2023_2024,R5,125,300,3,rgb_glcmw3_asm,0.427148
2023_2024,R5,125,300,3,rgb_glcmw3_contrast,0.547862
2023_2024,R5,125,300,3,rgb_glcmw3_entropy,1.12108
2023_2024,R5,125,300,3,rgb_glcmw3_correlation,0.460631
2023_2024,R5,125,300,3,rgb_glcmw3_homogeneity,0.79878
2023_2024,R5,125,300,3,rgb_glcmw5_asm,0.313395
2023_2024,R5,125,300,3,rgb_glcmw5_contrast,0.547561
2023_2024,R5,125,300,3,rgb_glcmw5_entropy,1.59875
2023_2024,R5,125,300,3,rgb_glcmw5_correlation,0.634022
2023_2024,R5,125,300,3,rgb_glcmw5_homogeneity,0.798819
2023_2024,R5,125,300,3,rgb_glcmw7_asm,0.260909
2023_2024,R5,125,300,3,rgb_glcmw7_contrast,0.54753
2023_2024,R5,125,300,3,rgb_glcmw7_entropy,1.87398
2023_2024,R5,125,300,3,rgb_glcmw7_correlation,0.72212
2023_2024,R5,125,300,3,rgb_glcmw7_homogeneity,0.798801
2022_2023,R5,d300_b3,300,3,NDVI,0.75054
2022_2023,R5,d300_b3,300,3,GNDVI,0.269144
2022_2023,R5,d300_b3,300,3,NDRE,0.320452
2022_2023,R5,d300_b3,300,3,CIrededge,1.00752
2022_2023,R5,d300_b3,300,3,SAVI,0.59691
2022_2023,R5,d300_b3,300,3,EVI,0.895987
2022_2023,R5,d300_b3,300,3,VARI,1.33479
2022_2023,R5,d300_b3,300,3,TGI,0.169766
2022_2023,R5,d300_b3,300,3,spec_mean,0.298143
2022_2023,R5,d300_b3,300,3,spec_std,0.23616
2022_2023,R5,d300_b3,300,3,spec_p10,0.0495551
2022_2023,R5,d300_b3,300,3,spec_p50,0.232763
2022_2023,R5,d300_b3,300,3,spec_p90,0.657178
2022_2023,R5,d300_b3,300,3,glcm_asm,0.0202306
2022_2023,R5,d300_b3,300,3,glcm_contrast,1.76836
2022_2023,R5,d300_b3,300,3,glcm_correlation,0.947706
2022_2023,R5,d300_b3,300,3,glcm_variance,16.9071
2022_2023,R5,d300_b3,300,3,glcm_idm,0.630983
2022_2023,R5,d300_b3,300,3,glcm_sum_average,14.508
2022_2023,R5,d300_b3,300,3,glcm_sum_variance,190.58
2022_2023,R5,d300_b3,300,3,glcm_sum_entropy,3.3405
2022_2023,R5,d300_b3,300,3,glcm_entropy,4.26873
2022_2023,R5,d300_b3,300,3,glcm_diff_entropy,1.24685
2022_2023,R5,d300_b3,300,3,glcm_imc1,-0.416472
2022_2023,R5,d300_b3,300,3,glcm_imc2,0.945574
2022_2023,R5,d300_b3,300,3,glcm_mcc,0.95487
2022_2023,R5,d300_b3,300,3,glcm_dissimilarity,0.900386
2022_2023,R5,d300_b3,300,3,glcm_inertia,1.76836
2022_2023,R5,d300_b3,300,3,glcm_cluster_shade,-130.427
2022_2023,R5,d300_b3,300,3,glcm_cluster_prominence,9208.99
2022_2023,R5,d300_b3,300,3,glcm_homogeneity,0.659349
2022_2023,R5,d300_b3,300,3,glcmw3_asm,0.421619
2022_2023,R5,d300_b3,300,3,glcmw3_contrast,0.496469
2022_2023,R5,d300_b3,300,3,glcmw3_entropy,1.11281
2022_2023,R5,d300_b3,300,3,glcmw3_correlation,0.47102
2022_2023,R5,d300_b3,300,3,glcmw3_homogeneity,0.804176
2022_2023,R5,d300_b3,300,3,glcmw5_asm,0.299723
2022_2023,R5,d300_b3,300,3,glcmw5_contrast,0.496629
2022_2023,R5,d300_b3,300,3,glcmw5_entropy,1.59404
2022_2023,R5,d300_b3,300,3,glcmw5_correlation,0.655397
2022_2023,R5,d300_b3,300,3,glcmw5_homogeneity,0.804156
2022_2023,R5,d300_b3,300,3,glcmw7_asm,0.241844
2022_2023,R5,d300_b3,300,3,glcmw7_contrast,0.496656
2022_2023,R5,d300_b3,300,3,glcmw7_entropy,1.8823
2022_2023,R5,d300_b3,300,3,glcmw7_correlation,0.741379
2022_2023,R5,d300_b3,300,3,glcmw7_homogeneity,0.804137
2022_2023,R5,d300_b3,300,3,rgb_glcm_asm,
2022_2023,R5,d300_b3,300,3,rgb_glcm_contrast,
2022_2023,R5,d300_b3,300,3,rgb_glcm_correlation,
2022_2023,R5,d300_b3,300,3,rgb_glcm_variance,
2022_2023,R5,d300_b3,300,3,rgb_glcm_idm,
2022_2023,R5,d300_b3,300,3,rgb_glcm_sum_average,
2022_2023,R5,d300_b3,300,3,rgb_glcm_sum_variance,
2022_2023,R5,d300_b3,300,3,rgb_glcm_sum_entropy,
2022_2023,R5,d300_b3,300,3,rgb_glcm_entropy,
2022_2023,R5,d300_b3,300,3,rgb_glcm_diff_entropy,
2022_2023,R5,d300_b3,300,3,rgb_glcm_imc1,
2022_2023,R5,d300_b3,300,3,rgb_glcm_imc2,
2022_2023,R5,d300_b3,300,3,rgb_glcm_mcc,
2022_2023,R5,d300_b3,300,3,rgb_glcm_dissimilarity,
2022_2023,R5,d300_b3,300,3,rgb_glcm_inertia,
2022_2023,R5,d300_b3,300,3,rgb_glcm_cluster_shade,
2022_2023,R5,d300_b3,300,3,rgb_glcm_cluster_prominence,
2022_2023,R5,d300_b3,300,3,rgb_glcm_homogeneity,
2022_2023,R5,d300_b3,300,3,rgb_glcmw3_asm,
2022_2023,R5,d300_b3,300,3,rgb_glcmw3_contrast,
2022_2023,R5,d300_b3,300,3,rgb_glcmw3_entropy,
2022_2023,R5,d300_b3,300,3,rgb_glcmw3_correlation,
2022_2023,R5,d300_b3,300,3,rgb_glcmw3_homogeneity,
2022_2023,R5,d300_b3,300,3,rgb_glcmw5_asm,
2022_2023,R5,d300_b3,300,3,rgb_glcmw5_contrast,
2022_2023,R5,d300_b3,300,3,rgb_glcmw5_entropy,
2022_2023,R5,d300_b3,300,3,rgb_glcmw5_correlation,
2022_2023,R5,d300_b3,300,3,rgb_glcmw5_homogeneity,
2022_2023,R5,d300_b3,300,3,rgb_glcmw7_asm,
2022_2023,R5,d300_b3,300,3,rgb_glcmw7_contrast,
2022_2023,R5,d300_b3,300,3,rgb_glcmw7_entropy,
2022_2023,R5,d300_b3,300,3,rgb_glcmw7_correlation,
2022_2023,R5,d300_b3,300,3,rgb_glcmw7_homogeneity,
2023_2024,R5,127,300,4,NDVI,0.670319
2023_2024,R5,127,300,4,GNDVI,0.280277
2023_2024,R5,127,300,4,NDRE,0.259195
2023_2024,R5,127,300,4,CIrededge,0.740667
2023_2024,R5,127,300,4,SAVI,0.558307
2023_2024,R5,127,300,4,EVI,1.23982
2023_2024,R5,127,300,4,VARI,0.772513
2023_2024,R5,127,300,4,TGI,0.205574
2023_2024,R5,127,300,4,spec_mean,0.302844
2023_2024,R5,127,300,4,spec_std,0.228719
2023_2024,R5,127,300,4,spec_p10,0.0617271
2023_2024,R5,127,300,4,spec_p50,0.238363
2023_2024,R5,127,300,4,spec_p90,0.654782
2023_2024,R5,127,300,4,glcm_asm,0.0235233
2023_2024,R5,127,300,4,glcm_contrast,0.991332
2023_2024,R5,127,300,4,glcm_correlation,0.969957
2023_2024,R5,127,300,4,glcm_variance,16.4983
2023_2024,R5,127,300,4,glcm_idm,0.703301
2023_2024,R5,127,300,4,glcm_sum_average,14.1777
2023_2024,R5,127,300,4,glcm_sum_variance,182.147
2023_2024,R5,127,300,4,glcm_sum_entropy,3.35433
2023_2024,R5,127,300,4,glcm_entropy,4.0381
2023_2024,R5,127,300,4,glcm_diff_entropy,1.02861
2023_2024,R5,127,300,4,glcm_imc1,-0.508604
2023_2024,R5,127,300,4,glcm_imc2,0.967646
2023_2024,R5,127,300,4,glcm_mcc,0.97396
2023_2024,R5,127,300,4,glcm_dissimilarity,0.65848
2023_2024,R5,127,300,4,glcm_inertia,0.991332
2023_2024,R5,127,300,4,glcm_cluster_shade,-72.2371
2023_2024,R5,127,300,4,glcm_cluster_prominence,8789.65
2023_2024,R5,127,300,4,glcm_homogeneity,0.718658
2023_2024,R5,127,300,4,glcmw3_asm,0.501531
2023_2024,R5,127,300,4,glcmw3_contrast,0.322056
2023_2024,R5,127,300,4,glcmw3_entropy,0.915363
2023_2024,R5,127,300,4,glcmw3_correlation,0.406681
2023_2024,R5,127,300,4,glcmw3_homogeneity,0.850796
2023_2024,R5,127,300,4,glcmw5_asm,0.378312
2023_2024,R5,127,300,4,glcmw5_contrast,0.322016
2023_2024,R5,127,300,4,glcmw5_entropy,1.32416
2023_2024,R5,127,300,4,glcmw5_correlation,0.609649
2023_2024,R5,127,300,4,glcmw5_homogeneity,0.850817
2023_2024,R5,127,300,4,glcmw7_asm,0.316015
2023_2024,R5,127,300,4,glcmw7_contrast,0.322063
2023_2024,R5,127,300,4,glcmw7_entropy,1.57574
2023_2024,R5,127,300,4,glcmw7_correlation,0.707201
2023_2024,R5,127,300,4,glcmw7_homogeneity,0.850778
2023_2024,R5,127,300,4,rgb_glcm_asm,0.0273064
2023_2024,R5,127,300,4,rgb_glcm_contrast,1.90644
2023_2024,R5,127,300,4,rgb_glcm_correlation,0.937637
2023_2024,R5,127,300,4,rgb_glcm_variance,15.285
2023_2024,R5,127,300,4,rgb_glcm_idm,0.628931
2023_2024,R5,127,300,4,rgb_glcm_sum_average,9.81651
2023_2024,R5,127,300,4,rgb_glcm_sum_variance,102.526
2023_2024,R5,127,300,4,rgb_glcm_sum_entropy,3.2368
2023_2024,R5,127,300,4,rgb_glcm_entropy,4.14354
2023_2024,R5,127,300,4,rgb_glcm_diff_entropy,1.27226
2023_2024,R5,127,300,4,rgb_glcm_imc1,-0.40364
2023_2024,R5,127,300,4,rgb_glcm_imc2,0.936471
2023_2024,R5,127,300,4,rgb_glcm_mcc,0.941256
2023_2024,R5,127,300,4,rgb_glcm_dissimilarity,0.922
2023_2024,R5,127,300,4,rgb_glcm_inertia,1.90644
2023_2024,R5,127,300,4,rgb_glcm_cluster_shade,288.165
2023_2024,R5,127,300,4,rgb_glcm_cluster_prominence,8974.44
2023_2024,R5,127,300,4,rgb_glcm_homogeneity,0.658168
2023_2024,R5,127,300,4,rgb_glcmw3_asm,0.430336
2023_2024,R5,127,300,4,rgb_glcmw3_contrast,0.526983
2023_2024,R5,127,300,4,rgb_glcmw3_entropy,1.10715
2023_2024,R5,127,300,4,rgb_glcmw3_correlation,0.448001
2023_2024,R5,127,300,4,rgb_glcmw3_homogeneity,0.80275
2023_2024,R5,127,300,4,rgb_glcmw5_asm,0.314955
2023_2024,R5,127,300,4,rgb_glcmw5_contrast,0.526939
2023_2024,R5,127,300,4,rgb_glcmw5_entropy,1.57546
2023_2024,R5,127,300,4,rgb_glcmw5_correlation,0.628336
2023_2024,R5,127,300,4,rgb_glcmw5_homogeneity,0.802734
2023_2024,R5,127,300,4,rgb_glcmw7_asm,0.260463
2023_2024,R5,127,300,4,rgb_glcmw7_contrast,0.527129
2023_2024,R5,127,300,4,rgb_glcmw7_entropy,1.84773
2023_2024,R5,127,300,4,rgb_glcmw7_correlation,0.718977
2023_2024,R5,127,300,4,rgb_glcmw7_homogeneity,0.802649
2022_2023,R5,d300_b4,300,4,NDVI,0.779093
2022_2023,R5,d300_b4,300,4,GNDVI,0.278351
2022_2023,R5,d300_b4,300,4,NDRE,0.337571
2022_2023,R5,d300_b4,300,4,CIrededge,1.07795
2022_2023,R5,d300_b4,300,4,SAVI,0.615616
2022_2023,R5,d300_b4,300,4,EVI,-1.2052
2022_2023,R5,d300_b4,300,4,VARI,0.567324
2022_2023,R5,d300_b4,300,4,TGI,0.181939
2022_2023,R5,d300_b4,300,4,spec_mean,0.295805
2022_2023,R5,d300_b4,300,4,spec_std,0.241933
2022_2023,R5,d300_b4,300,4,spec_p10,0.0466067
2022_2023,R5,d300_b4,300,4,spec_p50,0.223072
2022_2023,R5,d300_b4,300,4,spec_p90,0.667761
2022_2023,R5,d300_b4,300,4,glcm_asm,0.0211797
2022_2023,R5,d300_b4,300,4,glcm_contrast,1.7734
2022_2023,R5,d300_b4,300,4,glcm_correlation,0.948352
2022_2023,R5,d300_b4,300,4,glcm_variance,17.1699
2022_2023,R5,d300_b4,300,4,glcm_idm,0.633444
2022_2023,R5,d300_b4,300,4,glcm_sum_average,14.6318
2022_2023,R5,d300_b4,300,4,glcm_sum_variance,194.577
2022_2023,R5,d300_b4,300,4,glcm_sum_entropy,3.33341
2022_2023,R5,d300_b4,300,4,glcm_entropy,4.25725
2022_2023,R5,d300_b4,300,4,glcm_diff_entropy,1.24753
2022_2023,R5,d300_b4,300,4,glcm_imc1,-0.418643
2022_2023,R5,d300_b4,300,4,glcm_imc2,0.946038
2022_2023,R5,d300_b4,300,4,glcm_mcc,0.955747
2022_2023,R5,d300_b4,300,4,glcm_dissimilarity,0.896835
2022_2023,R5,d300_b4,300,4,glcm_inertia,1.7734
2022_2023,R5,d300_b4,300,4,glcm_cluster_shade,-143.356
2022_2023,R5,d300_b4,300,4,glcm_cluster_prominence,9557.92
2022_2023,R5,d300_b4,300,4,glcm_homogeneity,0.661636
2022_2023,R5,d300_b4,300,4,glcmw3_asm,0.425876
2022_2023,R5,d300_b4,300,4,glcmw3_contrast,0.495894
2022_2023,R5,d300_b4,300,4,glcmw3_entropy,1.10338
2022_2023,R5,d300_b4,300,4,glcmw3_correlation,0.480251
2022_2023,R5,d300_b4,300,4,glcmw3_homogeneity,0.805852
2022_2023,R5,d300_b4,300,4,glcmw5_asm,0.30305
2022_2023,R5,d300_b4,300,4,glcmw5_contrast,0.495953
2022_2023,R5,d300_b4,300,4,glcmw5_entropy,1.58759
2022_2023,R5,d300_b4,300,4,glcmw5_correlation,0.665537
2022_2023,R5,d300_b4,300,4,glcmw5_homogeneity,0.805852
2022_2023,R5,d300_b4,300,4,glcmw7_asm,0.244278
2022_2023,R5,d300_b4,300,4,glcmw7_contrast,0.495917
2022_2023,R5,d300_b4,300,4,glcmw7_entropy,1.88159
2022_2023,R5,d300_b4,300,4,glcmw7_correlation,0.750296
2022_2023,R5,d300_b4,300,4,glcmw7_homogeneity,0.805854
2022_2023,R5,d300_b4,300,4,rgb_glcm_asm,
2022_2023,R5,d300_b4,300,4,rgb_glcm_contrast,
2022_2023,R5,d300_b4,300,4,rgb_glcm_correlation,
2022_2023,R5,d300_b4,300,4,rgb_glcm_variance,
2022_2023,R5,d300_b4,300,4,rgb_glcm_idm,
2022_2023,R5,d300_b4,300,4,rgb_glcm_sum_average,
2022_2023,R5,d300_b4,300,4,rgb_glcm_sum_variance,
2022_2023,R5,d300_b4,300,4,rgb_glcm_sum_entropy,
2022_2023,R5,d300_b4,300,4,rgb_glcm_entropy,
2022_2023,R5,d300_b4,300,4,rgb_glcm_diff_entropy,
2022_2023,R5,d300_b4,300,4,rgb_glcm_imc1,
2022_2023,R5,d300_b4,300,4,rgb_glcm_imc2,
2022_2023,R5,d300_b4,300,4,rgb_glcm_mcc,
2022_2023,R5,d300_b4,300,4,rgb_glcm_dissimilarity,
2022_2023,R5,d300_b4,300,4,rgb_glcm_inertia,
2022_2023,R5,d300_b4,300,4,rgb_glcm_cluster_shade,
2022_2023,R5,d300_b4,300,4,rgb_glcm_cluster_prominence,
2022_2023,R5,d300_b4,300,4,rgb_glcm_homogeneity,
2022_2023,R5,d300_b4,300,4,rgb_glcmw3_asm,
2022_2023,R5,d300_b4,300,4,rgb_glcmw3_contrast,
2022_2023,R5,d300_b4,300,4,rgb_glcmw3_entropy,
2022_2023,R5,d300_b4,300,4,rgb_glcmw3_correlation,
2022_2023,R5,d300_b4,300,4,rgb_glcmw3_homogeneity,
2022_2023,R5,d300_b4,300,4,rgb_glcmw5_asm,
2022_2023,R5,d300_b4,300,4,rgb_glcmw5_contrast,
2022_2023,R5,d300_b4,300,4,rgb_glcmw5_entropy,
2022_2023,R5,d300_b4,300,4,rgb_glcmw5_correlation,
2022_2023,R5,d300_b4,300,4,rgb_glcmw5_homogeneity,
2022_2023,R5,d300_b4,300,4,rgb_glcmw7_asm,
2022_2023,R5,d300_b4,300,4,rgb_glcmw7_contrast,
2022_2023,R5,d300_b4,300,4,rgb_glcmw7_entropy,
2022_2023,R5,d300_b4,300,4,rgb_glcmw7_correlation,
2022_2023,R5,d300_b4,300,4,rgb_glcmw7_homogeneity,
2023_2024,R5,85,400,1,NDVI,0.690103
2023_2024,R5,85,400,1,GNDVI,0.315334
2023_2024,R5,85,400,1,NDRE,0.293007
2023_2024,R5,85,400,1,CIrededge,0.869848
2023_2024,R5,85,400,1,SAVI,0.581102
2023_2024,R5,85,400,1,EVI,-4.56333
2023_2024,R5,85,400,1,VARI,0.800482
2023_2024,R5,85,400,1,TGI,0.18263
2023_2024,R5,85,400,1,spec_mean,0.291606
2023_2024,R5,85,400,1,spec_std,0.224848
2023_2024,R5,85,400,1,spec_p10,0.0650788
2023_2024,R5,85,400,1,spec_p50,0.222848
2023_2024,R5,85,400,1,spec_p90,0.650143
2023_2024,R5,85,400,1,glcm_asm,0.0236504
2023_2024,R5,85,400,1,glcm_contrast,1.0478
2023_2024,R5,85,400,1,glcm_correlation,0.969652
2023_2024,R5,85,400,1,glcm_variance,17.2634
2023_2024,R5,85,400,1,glcm_idm,0.696958
2023_2024,R5,85,400,1,glcm_sum_average,14.2373
2023_2024,R5,85,400,1,glcm_sum_variance,186.537
2023_2024,R5,85,400,1,glcm_sum_entropy,3.3501
2023_2024,R5,85,400,1,glcm_entropy,4.05102
2023_2024,R5,85,400,1,glcm_diff_entropy,1.04747
2023_2024,R5,85,400,1,glcm_imc1,-0.502107
2023_2024,R5,85,400,1,glcm_imc2,0.966361
2023_2024,R5,85,400,1,glcm_mcc,0.973807
2023_2024,R5,85,400,1,glcm_dissimilarity,0.67795
2023_2024,R5,85,400,1,glcm_inertia,1.0478
2023_2024,R5,85,400,1,glcm_cluster_shade,-106.742
2023_2024,R5,85,400,1,glcm_cluster_prominence,9182.83
2023_2024,R5,85,400,1,glcm_homogeneity,0.713178
2023_2024,R5,85,400,1,glcmw3_asm,0.492605
2023_2024,R5,85,400,1,glcmw3_contrast,0.335964
2023_2024,R5,85,400,1,glcmw3_entropy,0.933471
2023_2024,R5,85,400,1,glcmw3_correlation,0.418393
2023_2024,R5,85,400,1,glcmw3_homogeneity,0.846717
2023_2024,R5,85,400,1,glcmw5_asm,0.367159
2023_2024,R5,85,400,1,glcmw5_contrast,0.336022
2023_2024,R5,85,400,1,glcmw5_entropy,1.35268
2023_2024,R5,85,400,1,glcmw5_correlation,0.621271
2023_2024,R5,85,400,1,glcmw5_homogeneity,0.846712
2023_2024,R5,85,400,1,glcmw7_asm,0.304343
2023_2024,R5,85,400,1,glcmw7_contrast,0.336021
2023_2024,R5,85,400,1,glcmw7_entropy,1.61054
2023_2024,R5,85,400,1,glcmw7_correlation,0.713775
2023_2024,R5,85,400,1,glcmw7_homogeneity,0.846693
2023_2024,R5,85,400,1,rgb_glcm_asm,0.0263538
2023_2024,R5,85,400,1,rgb_glcm_contrast,1.96922
2023_2024,R5,85,400,1,rgb_glcm_correlation,0.930722
2023_2024,R5,85,400,1,rgb_glcm_variance,14.2125
2023_2024,R5,85,400,1,rgb_glcm_idm,0.612443
2023_2024,R5,85,400,1,rgb_glcm_sum_average,9.55653
2023_2024,R5,85,400,1,rgb_glcm_sum_variance,95.1222
2023_2024,R5,85,400,1,rgb_glcm_sum_entropy,3.21291
2023_2024,R5,85,400,1,rgb_glcm_entropy,4.15487
2023_2024,R5,85,400,1,rgb_glcm_diff_entropy,1.29254
2023_2024,R5,85,400,1,rgb_glcm_imc1,-0.384785
2023_2024,R5,85,400,1,rgb_glcm_imc2,0.928372
2023_2024,R5,85,400,1,rgb_glcm_mcc,0.932373
2023_2024,R5,85,400,1,rgb_glcm_dissimilarity,0.962436
2023_2024,R5,85,400,1,rgb_glcm_inertia,1.96922
2023_2024,R5,85,400,1,rgb_glcm_cluster_shade,293.798
2023_2024,R5,85,400,1,rgb_glcm_cluster_prominence,8632.83
2023_2024,R5,85,400,1,rgb_glcm_homogeneity,0.644724
2023_2024,R5,85,400,1,rgb_glcmw3_asm,0.410656
2023_2024,R5,85,400,1,rgb_glcmw3_contrast,0.538541
2023_2024,R5,85,400,1,rgb_glcmw3_entropy,1.15112
2023_2024,R5,85,400,1,rgb_glcmw3_correlation,0.46657
2023_2024,R5,85,400,1,rgb_glcmw3_homogeneity,0.794449
2023_2024,R5,85,400,1,rgb_glcmw5_asm,0.295212
2023_2024,R5,85,400,1,rgb_glcmw5_contrast,0.538276
2023_2024,R5,85,400,1,rgb_glcmw5_entropy,1.63503
2023_2024,R5,85,400,1,rgb_glcmw5_correlation,0.639942
2023_2024,R5,85,400,1,rgb_glcmw5_homogeneity,0.794541
2023_2024,R5,85,400,1,rgb_glcmw7_asm,0.243166
2023_2024,R5,85,400,1,rgb_glcmw7_contrast,0.538001
2023_2024,R5,85,400,1,rgb_glcmw7_entropy,1.90949
2023_2024,R5,85,400,1,rgb_glcmw7_correlation,0.72425
2023_2024,R5,85,400,1,rgb_glcmw7_homogeneity,0.794616
2022_2023,R5,d400_b1,400,1,NDVI,0.759021
2022_2023,R5,d400_b1,400,1,GNDVI,0.276843
2022_2023,R5,d400_b1,400,1,NDRE,0.335092
2022_2023,R5,d400_b1,400,1,CIrededge,1.07492
2022_2023,R5,d400_b1,400,1,SAVI,0.602188
2022_2023,R5,d400_b1,400,1,EVI,-0.10523
2022_2023,R5,d400_b1,400,1,VARI,1.39154
2022_2023,R5,d400_b1,400,1,TGI,0.174764
2022_2023,R5,d400_b1,400,1,spec_mean,0.299238
2022_2023,R5,d400_b1,400,1,spec_std,0.241913
2022_2023,R5,d400_b1,400,1,spec_p10,0.0477556
2022_2023,R5,d400_b1,400,1,spec_p50,0.229341
2022_2023,R5,d400_b1,400,1,spec_p90,0.671951
2022_2023,R5,d400_b1,400,1,glcm_asm,0.0216571
2022_2023,R5,d400_b1,400,1,glcm_contrast,1.71026
2022_2023,R5,d400_b1,400,1,glcm_correlation,0.951752
2022_2023,R5,d400_b1,400,1,glcm_variance,17.7289
2022_2023,R5,d400_b1,400,1,glcm_idm,0.63982
2022_2023,R5,d400_b1,400,1,glcm_sum_average,14.735
2022_2023,R5,d400_b1,400,1,glcm_sum_variance,199.196
2022_2023,R5,d400_b1,400,1,glcm_sum_entropy,3.33382
2022_2023,R5,d400_b1,400,1,glcm_entropy,4.23722
2022_2023,R5,d400_b1,400,1,glcm_diff_entropy,1.23198
2022_2023,R5,d400_b1,400,1,glcm_imc1,-0.426961
2022_2023,R5,d400_b1,400,1,glcm_imc2,0.948499
2022_2023,R5,d400_b1,400,1,glcm_mcc,0.959896
2022_2023,R5,d400_b1,400,1,glcm_dissimilarity,0.875593
2022_2023,R5,d400_b1,400,1,glcm_inertia,1.71026
2022_2023,R5,d400_b1,400,1,glcm_cluster_shade,-166.304
2022_2023,R5,d400_b1,400,1,glcm_cluster_prominence,9988.51
2022_2023,R5,d400_b1,400,1,glcm_homogeneity,0.666961
2022_2023,R5,d400_b1,400,1,glcmw3_asm,0.433346
2022_2023,R5,d400_b1,400,1,glcmw3_contrast,0.482441
2022_2023,R5,d400_b1,400,1,glcmw3_entropy,1.08764
2022_2023,R5,d400_b1,400,1,glcmw3_correlation,0.455743
2022_2023,R5,d400_b1,400,1,glcmw3_homogeneity,0.809472
2022_2023,R5,d400_b1,400,1,glcmw5_asm,0.313584
2022_2023,R5,d400_b1,400,1,glcmw5_contrast,0.482382
2022_2023,R5,d400_b1,400,1,glcmw5_entropy,1.5565
2022_2023,R5,d400_b1,400,1,glcmw5_correlation,0.639184
2022_2023,R5,d400_b1,400,1,glcmw5_homogeneity,0.809513
2022_2023,R5,d400_b1,400,1,glcmw7_asm,0.256637
2022_2023,R5,d400_b1,400,1,glcmw7_contrast,0.482384
2022_2023,R5,d400_b1,400,1,glcmw7_entropy,1.83529
2022_2023,R5,d400_b1,400,1,glcmw7_correlation,0.727666
2022_2023,R5,d400_b1,400,1,glcmw7_homogeneity,0.809542
2022_2023,R5,d400_b1,400,1,rgb_glcm_asm,
2022_2023,R5,d400_b1,400,1,rgb_glcm_contrast,
2022_2023,R5,d400_b1,400,1,rgb_glcm_correlation,
2022_2023,R5,d400_b1,400,1,rgb_glcm_variance,
2022_2023,R5,d400_b1,400,1,rgb_glcm_idm,
2022_2023,R5,d400_b1,400,1,rgb_glcm_sum_average,
2022_2023,R5,d400_b1,400,1,rgb_glcm_sum_variance,
2022_2023,R5,d400_b1,400,1,rgb_glcm_sum_entropy,
2022_2023,R5,d400_b1,400,1,rgb_glcm_entropy,
2022_2023,R5,d400_b1,400,1,rgb_glcm_diff_entropy,
2022_2023,R5,d400_b1,400,1,rgb_glcm_imc1,
2022_2023,R5,d400_b1,400,1,rgb_glcm_imc2,
2022_2023,R5,d400_b1,400,1,rgb_glcm_mcc,
2022_2023,R5,d400_b1,400,1,rgb_glcm_dissimilarity,
2022_2023,R5,d400_b1,400,1,rgb_glcm_inertia,
2022_2023,R5,d400_b1,400,1,rgb_glcm_cluster_shade,
2022_2023,R5,d400_b1,400,1,rgb_glcm_cluster_prominence,
2022_2023,R5,d400_b1,400,1,rgb_glcm_homogeneity,
2022_2023,R5,d400_b1,400,1,rgb_glcmw3_asm,
2022_2023,R5,d400_b1,400,1,rgb_glcmw3_contrast,
2022_2023,R5,d400_b1,400,1,rgb_glcmw3_entropy,
2022_2023,R5,d400_b1,400,1,rgb_glcmw3_correlation,
2022_2023,R5,d400_b1,400,1,rgb_glcmw3_homogeneity,
2022_2023,R5,d400_b1,400,1,rgb_glcmw5_asm,
2022_2023,R5,d400_b1,400,1,rgb_glcmw5_contrast,
2022_2023,R5,d400_b1,400,1,rgb_glcmw5_entropy,
2022_2023,R5,d400_b1,400,1,rgb_glcmw5_correlation,
2022_2023,R5,d400_b1,400,1,rgb_glcmw5_homogeneity,
2022_2023,R5,d400_b1,400,1,rgb_glcmw7_asm,
2022_2023,R5,d400_b1,400,1,rgb_glcmw7_contrast,
2022_2023,R5,d400_b1,400,1,rgb_glcmw7_entropy,
2022_2023,R5,d400_b1,400,1,rgb_glcmw7_correlation,
2022_2023,R5,d400_b1,400,1,rgb_glcmw7_homogeneity,
2023_2024,R5,113,400,2,NDVI,0.679728
2023_2024,R5,113,400,2,GNDVI,0.252711
2023_2024,R5,113,400,2,NDRE,0.263482
2023_2024,R5,113,400,2,CIrededge,0.760387
2023_2024,R5,113,400,2,SAVI,0.568207
2023_2024,R5,113,400,2,EVI,2.16689
2023_2024,R5,113,400,2,VARI,0.848143
2023_2024,R5,113,400,2,TGI,0.220324
2023_2024,R5,113,400,2,spec_mean,0.316122
2023_2024,R5,113,400,2,spec_std,0.231494
2023_2024,R5,113,400,2,spec_p10,0.0680488
2023_2024,R5,113,400,2,spec_p50,0.253859
2023_2024,R5,113,400,2,spec_p90,0.671834
2023_2024,R5,113,400,2,glcm_asm,0.0204224
2023_2024,R5,113,400,2,glcm_contrast,1.1842
2023_2024,R5,113,400,2,glcm_correlation,0.963359
2023_2024,R5,113,400,2,glcm_variance,16.1595
2023_2024,R5,113,400,2,glcm_idm,0.67329
2023_2024,R5,113,400,2,glcm_sum_average,14.4213
2023_2024,R5,113,400,2,glcm_sum_variance,185.532
2023_2024,R5,113,400,2,glcm_sum_entropy,3.3724
2023_2024,R5,113,400,2,glcm_entropy,4.14081
2023_2024,R5,113,400,2,glcm_diff_entropy,1.09283
2023_2024,R5,113,400,2,glcm_imc1,-0.475019
2023_2024,R5,113,400,2,glcm_imc2,0.961353
2023_2024,R5,113,400,2,glcm_mcc,0.966025
2023_2024,R5,113,400,2,glcm_dissimilarity,0.74005
2023_2024,R5,113,400,2,glcm_inertia,1.1842
2023_2024,R5,113,400,2,glcm_cluster_shade,-66.7226
2023_2024,R5,113,400,2,glcm_cluster_prominence,8421.72
2023_2024,R5,113,400,2,glcm_homogeneity,0.692613
2023_2024,R5,113,400,2,glcmw3_asm,0.45956
2023_2024,R5,113,400,2,glcmw3_contrast,0.37022
2023_2024,R5,113,400,2,glcmw3_entropy,1.00453
2023_2024,R5,113,400,2,glcmw3_correlation,0.452048
2023_2024,R5,113,400,2,glcmw3_homogeneity,0.83296
2023_2024,R5,113,400,2,glcmw5_asm,0.331369
2023_2024,R5,113,400,2,glcmw5_contrast,0.370349
2023_2024,R5,113,400,2,glcmw5_entropy,1.45266
2023_2024,R5,113,400,2,glcmw5_correlation,0.654399
2023_2024,R5,113,400,2,glcmw5_homogeneity,0.83289
2023_2024,R5,113,400,2,glcmw7_asm,0.267776
2023_2024,R5,113,400,2,glcmw7_contrast,0.370445
2023_2024,R5,113,400,2,glcmw7_entropy,1.7278
2023_2024,R5,113,400,2,glcmw7_correlation,0.745911
2023_2024,R5,113,400,2,glcmw7_homogeneity,0.832827
2023_2024,R5,113,400,2,rgb_glcm_asm,0.0277975
2023_2024,R5,113,400,2,rgb_glcm_contrast,1.84268
2023_2024,R5,113,400,2,rgb_glcm_correlation,0.94215
2023_2024,R5,113,400,2,rgb_glcm_variance,15.9263
2023_2024,R5,113,400,2,rgb_glcm_idm,0.628609
2023_2024,R5,113,400,2,rgb_glcm_sum_average,9.8351
2023_2024,R5,113,400,2,rgb_glcm_sum_variance,105.313
2023_2024,R5,113,400,2,rgb_glcm_sum_entropy,3.24341
2023_2024,R5,113,400,2,rgb_glcm_entropy,4.14236
2023_2024,R5,113,400,2,rgb_glcm_diff_entropy,1.26061
2023_2024,R5,113,400,2,rgb_glcm_imc1,-0.408702
2023_2024,R5,113,400,2,rgb_glcm_imc2,0.938564
2023_2024,R5,113,400,2,rgb_glcm_mcc,0.944209
2023_2024,R5,113,400,2,rgb_glcm_dissimilarity,0.913761
2023_2024,R5,113,400,2,rgb_glcm_inertia,1.84268
2023_2024,R5,113,400,2,rgb_glcm_cluster_shade,312.761
2023_2024,R5,113,400,2,rgb_glcm_cluster_prominence,9552.76
2023_2024,R5,113,400,2,rgb_glcm_homogeneity,0.657629
2023_2024,R5,113,400,2,rgb_glcmw3_asm,0.428654
2023_2024,R5,113,400,2,rgb_glcmw3_contrast,0.511708
2023_2024,R5,113,400,2,rgb_glcmw3_entropy,1.1055
2023_2024,R5,113,400,2,rgb_glcmw3_correlation,0.454168
2023_2024,R5,113,400,2,rgb_glcmw3_homogeneity,0.803683
2023_2024,R5,113,400,2,rgb_glcmw5_asm,0.312379
2023_2024,R5,113,400,2,rgb_glcmw5_contrast,0.511895
2023_2024,R5,113,400,2,rgb_glcmw5_entropy,1.57394
2023_2024,R5,113,400,2,rgb_glcmw5_correlation,0.633408
2023_2024,R5,113,400,2,rgb_glcmw5_homogeneity,0.803632
2023_2024,R5,113,400,2,rgb_glcmw7_asm,0.257579
2023_2024,R5,113,400,2,rgb_glcmw7_contrast,0.511973
2023_2024,R5,113,400,2,rgb_glcmw7_entropy,1.84696
2023_2024,R5,113,400,2,rgb_glcmw7_correlation,0.723909
2023_2024,R5,113,400,2,rgb_glcmw7_homogeneity,0.803631
2022_2023,R5,d400_b2,400,2,NDVI,0.750327
2022_2023,R5,d400_b2,400,2,GNDVI,0.270213
2022_2023,R5,d400_b2,400,2,NDRE,0.314017
2022_2023,R5,d400_b2,400,2,CIrededge,0.97393
2022_2023,R5,d400_b2,400,2,SAVI,0.599083
2022_2023,R5,d400_b2,400,2,EVI,-1.88912
2022_2023,R5,d400_b2,400,2,VARI,1.24196
2022_2023,R5,d400_b2,400,2,TGI,0.1739
2022_2023,R5,d400_b2,400,2,spec_mean,0.302952
2022_2023,R5,d400_b2,400,2,spec_std,0.240547
2022_2023,R5,d400_b2,400,2,spec_p10,0.0492662
2022_2023,R5,d400_b2,400,2,spec_p50,0.237723
2022_2023,R5,d400_b2,400,2,spec_p90,0.669531
2022_2023,R5,d400_b2,400,2,glcm_asm,0.0207674
2022_2023,R5,d400_b2,400,2,glcm_contrast,1.72678
2022_2023,R5,d400_b2,400,2,glcm_correlation,0.949952
2022_2023,R5,d400_b2,400,2,glcm_variance,17.271
2022_2023,R5,d400_b2,400,2,glcm_idm,0.633347
2022_2023,R5,d400_b2,400,2,glcm_sum_average,14.7957
2022_2023,R5,d400_b2,400,2,glcm_sum_variance,198.701
2022_2023,R5,d400_b2,400,2,glcm_sum_entropy,3.33674
2022_2023,R5,d400_b2,400,2,glcm_entropy,4.2525
2022_2023,R5,d400_b2,400,2,glcm_diff_entropy,1.23762
2022_2023,R5,d400_b2,400,2,glcm_imc1,-0.42162
2022_2023,R5,d400_b2,400,2,glcm_imc2,0.946986
2022_2023,R5,d400_b2,400,2,glcm_mcc,0.958646
2022_2023,R5,d400_b2,400,2,glcm_dissimilarity,0.890072
2022_2023,R5,d400_b2,400,2,glcm_inertia,1.72678
2022_2023,R5,d400_b2,400,2,glcm_cluster_shade,-157.791
2022_2023,R5,d400_b2,400,2,glcm_cluster_prominence,9659.66
2022_2023,R5,d400_b2,400,2,glcm_homogeneity,0.66128
2022_2023,R5,d400_b2,400,2,glcmw3_asm,0.426634
2022_2023,R5,d400_b2,400,2,glcmw3_contrast,0.484488
2022_2023,R5,d400_b2,400,2,glcmw3_entropy,1.1018
2022_2023,R5,d400_b2,400,2,glcmw3_correlation,0.464704
2022_2023,R5,d400_b2,400,2,glcmw3_homogeneity,0.806543
2022_2023,R5,d400_b2,400,2,glcmw5_asm,0.306085
2022_2023,R5,d400_b2,400,2,glcmw5_contrast,0.484433
2022_2023,R5,d400_b2,400,2,glcmw5_entropy,1.57733
2022_2023,R5,d400_b2,400,2,glcmw5_correlation,0.647346
2022_2023,R5,d400_b2,400,2,glcmw5_homogeneity,0.806576
2022_2023,R5,d400_b2,400,2,glcmw7_asm,0.249263
2022_2023,R5,d400_b2,400,2,glcmw7_contrast,0.48444
2022_2023,R5,d400_b2,400,2,glcmw7_entropy,1.86001
2022_2023,R5,d400_b2,400,2,glcmw7_correlation,0.733652
2022_2023,R5,d400_b2,400,2,glcmw7_homogeneity,0.80659
2022_2023,R5,d400_b2,400,2,rgb_glcm_asm,
2022_2023,R5,d400_b2,400,2,rgb_glcm_contrast,
2022_2023,R5,d400_b2,400,2,rgb_glcm_correlation,
2022_2023,R5,d400_b2,400,2,rgb_glcm_variance,
2022_2023,R5,d400_b2,400,2,rgb_glcm_idm,
2022_2023,R5,d400_b2,400,2,rgb_glcm_sum_average,
2022_2023,R5,d400_b2,400,2,rgb_glcm_sum_variance,
2022_2023,R5,d400_b2,400,2,rgb_glcm_sum_entropy,
2022_2023,R5,d400_b2,400,2,rgb_glcm_entropy,
2022_2023,R5,d400_b2,400,2,rgb_glcm_diff_entropy,
2022_2023,R5,d400_b2,400,2,rgb_glcm_imc1,
2022_2023,R5,d400_b2,400,2,rgb_glcm_imc2,
2022_2023,R5,d400_b2,400,2,rgb_glcm_mcc,
2022_2023,R5,d400_b2,400,2,rgb_glcm_dissimilarity,
2022_2023,R5,d400_b2,400,2,rgb_glcm_inertia,
2022_2023,R5,d400_b2,400,2,rgb_glcm_cluster_shade,
2022_2023,R5,d400_b2,400,2,rgb_glcm_cluster_prominence,
2022_2023,R5,d400_b2,400,2,rgb_glcm_homogeneity,
2022_2023,R5,d400_b2,400,2,rgb_glcmw3_asm,
2022_2023,R5,d400_b2,400,2,rgb_glcmw3_contrast,
2022_2023,R5,d400_b2,400,2,rgb_glcmw3_entropy,
2022_2023,R5,d400_b2,400,2,rgb_glcmw3_correlation,
2022_2023,R5,d400_b2,400,2,rgb_glcmw3_homogeneity,
2022_2023,R5,d400_b2,400,2,rgb_glcmw5_asm,
2022_2023,R5,d400_b2,400,2,rgb_glcmw5_contrast,
2022_2023,R5,d400_b2,400,2,rgb_glcmw5_entropy,
2022_2023,R5,d400_b2,400,2,rgb_glcmw5_correlation,
2022_2023,R5,d400_b2,400,2,rgb_glcmw5_homogeneity,
2022_2023,R5,d400_b2,400,2,rgb_glcmw7_asm,
2022_2023,R5,d400_b2,400,2,rgb_glcmw7_contrast,
2022_2023,R5,d400_b2,400,2,rgb_glcmw7_entropy,
2022_2023,R5,d400_b2,400,2,rgb_glcmw7_correlation,
2022_2023,R5,d400_b2,400,2,rgb_glcmw7_homogeneity,
2023_2024,R5,124,400,3,NDVI,0.733355
2023_2024,R5,124,400,3,GNDVI,0.280513
2023_2024,R5,124,400,3,NDRE,0.312031
2023_2024,R5,124,400,3,CIrededge,0.987715
2023_2024,R5,124,400,3,SAVI,0.592801
2023_2024,R5,124,400,3,EVI,2.25989
2023_2024,R5,124,400,3,VARI,1.00065
2023_2024,R5,124,400,3,TGI,0.208568
2023_2024,R5,124,400,3,spec_mean,0.285675
2023_2024,R5,124,400,3,spec_std,0.236416
2023_2024,R5,124,400,3,spec_p10,0.0479919
2023_2024,R5,124,400,3,spec_p50,0.211326
2023_2024,R5,124,400,3,spec_p90,0.66532
2023_2024,R5,124,400,3,glcm_asm,0.0243
2023_2024,R5,124,400,3,glcm_contrast,0.984421
2023_2024,R5,124,400,3,glcm_correlation,0.972695
2023_2024,R5,124,400,3,glcm_variance,18.0264
2023_2024,R5,124,400,3,glcm_idm,0.711407
2023_2024,R5,124,400,3,glcm_sum_average,14.8698
2023_2024,R5,124,400,3,glcm_sum_variance,203.737
2023_2024,R5,124,400,3,glcm_sum_entropy,3.35389
2023_2024,R5,124,400,3,glcm_entropy,4.0259
2023_2024,R5,124,400,3,glcm_diff_entropy,1.02583
2023_2024,R5,124,400,3,glcm_imc1,-0.515322
2023_2024,R5,124,400,3,glcm_imc2,0.968952
2023_2024,R5,124,400,3,glcm_mcc,0.976273
2023_2024,R5,124,400,3,glcm_dissimilarity,0.643586
2023_2024,R5,124,400,3,glcm_inertia,0.984421
2023_2024,R5,124,400,3,glcm_cluster_shade,-162.248
2023_2024,R5,124,400,3,glcm_cluster_prominence,9926.03
2023_2024,R5,124,400,3,glcm_homogeneity,0.726283
2023_2024,R5,124,400,3,glcmw3_asm,0.512583
2023_2024,R5,124,400,3,glcmw3_contrast,0.318536
2023_2024,R5,124,400,3,glcmw3_entropy,0.894754
2023_2024,R5,124,400,3,glcmw3_correlation,0.399324
2023_2024,R5,124,400,3,glcmw3_homogeneity,0.854412
2023_2024,R5,124,400,3,glcmw5_asm,0.389602
2023_2024,R5,124,400,3,glcmw5_contrast,0.318586
2023_2024,R5,124,400,3,glcmw5_entropy,1.29873
2023_2024,R5,124,400,3,glcmw5_correlation,0.603457
2023_2024,R5,124,400,3,glcmw5_homogeneity,0.854372
2023_2024,R5,124,400,3,glcmw7_asm,0.326735
2023_2024,R5,124,400,3,glcmw7_contrast,0.318518
2023_2024,R5,124,400,3,glcmw7_entropy,1.54816
2023_2024,R5,124,400,3,glcmw7_correlation,0.699347
2023_2024,R5,124,400,3,glcmw7_homogeneity,0.85437
2023_2024,R5,124,400,3,rgb_glcm_asm,0.0295729
2023_2024,R5,124,400,3,rgb_glcm_contrast,1.86081
2023_2024,R5,124,400,3,rgb_glcm_correlation,0.937233
2023_2024,R5,124,400,3,rgb_glcm_variance,14.8231
2023_2024,R5,124,400,3,rgb_glcm_idm,0.628165
2023_2024,R5,124,400,3,rgb_glcm_sum_average,9.56416
2023_2024,R5,124,400,3,rgb_glcm_sum_variance,97.7996
2023_2024,R5,124,400,3,rgb_glcm_sum_entropy,3.21058
2023_2024,R5,124,400,3,rgb_glcm_entropy,4.10802
2023_2024,R5,124,400,3,rgb_glcm_diff_entropy,1.26854
2023_2024,R5,124,400,3,rgb_glcm_imc1,-0.406597
2023_2024,R5,124,400,3,rgb_glcm_imc2,0.936546
2023_2024,R5,124,400,3,rgb_glcm_mcc,0.941346
2023_2024,R5,124,400,3,rgb_glcm_dissimilarity,0.918305
2023_2024,R5,124,400,3,rgb_glcm_inertia,1.86081
2023_2024,R5,124,400,3,rgb_glcm_cluster_shade,297.599
2023_2024,R5,124,400,3,rgb_glcm_cluster_prominence,9017.89
2023_2024,R5,124,400,3,rgb_glcm_homogeneity,0.658147
2023_2024,R5,124,400,3,rgb_glcmw3_asm,0.429644
2023_2024,R5,124,400,3,rgb_glcmw3_contrast,0.514734
2023_2024,R5,124,400,3,rgb_glcmw3_entropy,1.11043
2023_2024,R5,124,400,3,rgb_glcmw3_correlation,0.45087
2023_2024,R5,124,400,3,rgb_glcmw3_homogeneity,0.801917
2023_2024,R5,124,400,3,rgb_glcmw5_asm,0.31597
2023_2024,R5,124,400,3,rgb_glcmw5_contrast,0.51473
2023_2024,R5,124,400,3,rgb_glcmw5_entropy,1.5789
2023_2024,R5,124,400,3,rgb_glcmw5_correlation,0.62515
2023_2024,R5,124,400,3,rgb_glcmw5_homogeneity,0.801895
2023_2024,R5,124,400,3,rgb_glcmw7_asm,0.263376
2023_2024,R5,124,400,3,rgb_glcmw7_contrast,0.514457
2023_2024,R5,124,400,3,rgb_glcmw7_entropy,1.84829
2023_2024,R5,124,400,3,rgb_glcmw7_correlation,0.71408
2023_2024,R5,124,400,3,rgb_glcmw7_homogeneity,0.801946
2022_2023,R5,d400_b3,400,3,NDVI,0.751647
2022_2023,R5,d400_b3,400,3,GNDVI,0.270036
2022_2023,R5,d400_b3,400,3,NDRE,0.305348
2022_2023,R5,d400_b3,400,3,CIrededge,0.93799
2022_2023,R5,d400_b3,400,3,SAVI,0.595837
2022_2023,R5,d400_b3,400,3,EVI,0.470553
2022_2023,R5,d400_b3,400,3,VARI,1.7669
2022_2023,R5,d400_b3,400,3,TGI,0.174822
2022_2023,R5,d400_b3,400,3,spec_mean,0.301843
2022_2023,R5,d400_b3,400,3,spec_std,0.241183
2022_2023,R5,d400_b3,400,3,spec_p10,0.0487146
2022_2023,R5,d400_b3,400,3,spec_p50,0.234412
2022_2023,R5,d400_b3,400,3,spec_p90,0.671798
2022_2023,R5,d400_b3,400,3,glcm_asm,0.0216063
2022_2023,R5,d400_b3,400,3,glcm_contrast,1.87123
2022_2023,R5,d400_b3,400,3,glcm_correlation,0.949046
2022_2023,R5,d400_b3,400,3,glcm_variance,18.3596
2022_2023,R5,d400_b3,400,3,glcm_idm,0.626093
2022_2023,R5,d400_b3,400,3,glcm_sum_average,14.7468
2022_2023,R5,d400_b3,400,3,glcm_sum_variance,201.952
2022_2023,R5,d400_b3,400,3,glcm_sum_entropy,3.32824
2022_2023,R5,d400_b3,400,3,glcm_entropy,4.268
2022_2023,R5,d400_b3,400,3,glcm_diff_entropy,1.26891
2022_2023,R5,d400_b3,400,3,glcm_imc1,-0.413256
2022_2023,R5,d400_b3,400,3,glcm_imc2,0.944297
2022_2023,R5,d400_b3,400,3,glcm_mcc,0.957166
2022_2023,R5,d400_b3,400,3,glcm_dissimilarity,0.923643
2022_2023,R5,d400_b3,400,3,glcm_inertia,1.87123
2022_2023,R5,d400_b3,400,3,glcm_cluster_shade,-189.589
2022_2023,R5,d400_b3,400,3,glcm_cluster_prominence,10393.4
2022_2023,R5,d400_b3,400,3,glcm_homogeneity,0.655792
2022_2023,R5,d400_b3,400,3,glcmw3_asm,0.420315
2022_2023,R5,d400_b3,400,3,glcmw3_contrast,0.517126
2022_2023,R5,d400_b3,400,3,glcmw3_entropy,1.12207
2022_2023,R5,d400_b3,400,3,glcmw3_correlation,0.467492
2022_2023,R5,d400_b3,400,3,glcmw3_homogeneity,0.800883
2022_2023,R5,d400_b3,400,3,glcmw5_asm,0.30244
2022_2023,R5,d400_b3,400,3,glcmw5_contrast,0.516854
2022_2023,R5,d400_b3,400,3,glcmw5_entropy,1.60233
2022_2023,R5,d400_b3,400,3,glcmw5_correlation,0.643154
2022_2023,R5,d400_b3,400,3,glcmw5_homogeneity,0.800973
2022_2023,R5,d400_b3,400,3,glcmw7_asm,0.247809
2022_2023,R5,d400_b3,400,3,glcmw7_contrast,0.516911
2022_2023,R5,d400_b3,400,3,glcmw7_entropy,1.88513
2022_2023,R5,d400_b3,400,3,glcmw7_correlation,0.727257
2022_2023,R5,d400_b3,400,3,glcmw7_homogeneity,0.800963
2022_2023,R5,d400_b3,400,3,rgb_glcm_asm,
2022_2023,R5,d400_b3,400,3,rgb_glcm_contrast,
2022_2023,R5,d400_b3,400,3,rgb_glcm_correlation,
2022_2023,R5,d400_b3,400,3,rgb_glcm_variance,
2022_2023,R5,d400_b3,400,3,rgb_glcm_idm,
2022_2023,R5,d400_b3,400,3,rgb_glcm_sum_average,
2022_2023,R5,d400_b3,400,3,rgb_glcm_sum_variance,
2022_2023,R5,d400_b3,400,3,rgb_glcm_sum_entropy,
2022_2023,R5,d400_b3,400,3,rgb_glcm_entropy,
2022_2023,R5,d400_b3,400,3,rgb_glcm_diff_entropy,
2022_2023,R5,d400_b3,400,3,rgb_glcm_imc1,
2022_2023,R5,d400_b3,400,3,rgb_glcm_imc2,
2022_2023,R5,d400_b3,400,3,rgb_glcm_mcc,
2022_2023,R5,d400_b3,400,3,rgb_glcm_dissimilarity,
2022_2023,R5,d400_b3,400,3,rgb_glcm_inertia,
2022_2023,R5,d400_b3,400,3,rgb_glcm_cluster_shade,
2022_2023,R5,d400_b3,400,3,rgb_glcm_cluster_prominence,
2022_2023,R5,d400_b3,400,3,rgb_glcm_homogeneity,
2022_2023,R5,d400_b3,400,3,rgb_glcmw3_asm,
2022_2023,R5,d400_b3,400,3,rgb_glcmw3_contrast,
2022_2023,R5,d400_b3,400,3,rgb_glcmw3_entropy,
2022_2023,R5,d400_b3,400,3,rgb_glcmw3_correlation,
2022_2023,R5,d400_b3,400,3,rgb_glcmw3_homogeneity,
2022_2023,R5,d400_b3,400,3,rgb_glcmw5_asm,
2022_2023,R5,d400_b3,400,3,rgb_glcmw5_contrast,
2022_2023,R5,d400_b3,400,3,rgb_glcmw5_entropy,
2022_2023,R5,d400_b3,400,3,rgb_glcmw5_correlation,
2022_2023,R5,d400_b3,400,3,rgb_glcmw5_homogeneity,
2022_2023,R5,d400_b3,400,3,rgb_glcmw7_asm,
2022_2023,R5,d400_b3,400,3,rgb_glcmw7_contrast,
2022_2023,R5,d400_b3,400,3,rgb_glcmw7_entropy,
2022_2023,R5,d400_b3,400,3,rgb_glcmw7_correlation,
2022_2023,R5,d400_b3,400,3,rgb_glcmw7_homogeneity,
2023_2024,R5,128,400,4,NDVI,0.691443
2023_2024,R5,128,400,4,GNDVI,0.255833
2023_2024,R5,128,400,4,NDRE,0.281491
2023_2024,R5,128,400,4,CIrededge,0.835677
2023_2024,R5,128,400,4,SAVI,0.572542
2023_2024,R5,128,400,4,EVI,2.74014
2023_2024,R5,128,400,4,VARI,0.90062
2023_2024,R5,128,400,4,TGI,0.216823
2023_2024,R5,128,400,4,spec_mean,0.298814
2023_2024,R5,128,400,4,spec_std,0.230554
2023_2024,R5,128,400,4,spec_p10,0.0627109
2023_2024,R5,128,400,4,spec_p50,0.228086
2023_2024,R5,128,400,4,spec_p90,0.664705
2023_2024,R5,128,400,4,glcm_asm,0.0256961
2023_2024,R5,128,400,4,glcm_contrast,1.0055
2023_2024,R5,128,400,4,glcm_correlation,0.972548
2023_2024,R5,128,400,4,glcm_variance,18.3141
2023_2024,R5,128,400,4,glcm_idm,0.710503
2023_2024,R5,128,400,4,glcm_sum_average,13.8086
2023_2024,R5,128,400,4,glcm_sum_variance,181.798
2023_2024,R5,128,400,4,glcm_sum_entropy,3.34215
2023_2024,R5,128,400,4,glcm_entropy,4.01911
2023_2024,R5,128,400,4,glcm_diff_entropy,1.03511
2023_2024,R5,128,400,4,glcm_imc1,-0.515114
2023_2024,R5,128,400,4,glcm_imc2,0.968755
2023_2024,R5,128,400,4,glcm_mcc,0.976433
2023_2024,R5,128,400,4,glcm_dissimilarity,0.64848
2023_2024,R5,128,400,4,glcm_inertia,1.0055
2023_2024,R5,128,400,4,glcm_cluster_shade,-79.4688
2023_2024,R5,128,400,4,glcm_cluster_prominence,9880.79
2023_2024,R5,128,400,4,glcm_homogeneity,0.726071
2023_2024,R5,128,400,4,glcmw3_asm,0.51757
2023_2024,R5,128,400,4,glcmw3_contrast,0.321969
2023_2024,R5,128,400,4,glcmw3_entropy,0.88895
2023_2024,R5,128,400,4,glcmw3_correlation,0.400678
2023_2024,R5,128,400,4,glcmw3_homogeneity,0.85386
2023_2024,R5,128,400,4,glcmw5_asm,0.397569
2023_2024,R5,128,400,4,glcmw5_contrast,0.321802
2023_2024,R5,128,400,4,glcmw5_entropy,1.29014
2023_2024,R5,128,400,4,glcmw5_correlation,0.598465
2023_2024,R5,128,400,4,glcmw5_homogeneity,0.853935
2023_2024,R5,128,400,4,glcmw7_asm,0.336662
2023_2024,R5,128,400,4,glcmw7_contrast,0.321765
2023_2024,R5,128,400,4,glcmw7_entropy,1.53761
2023_2024,R5,128,400,4,glcmw7_correlation,0.693633
2023_2024,R5,128,400,4,glcmw7_homogeneity,0.853932
2023_2024,R5,128,400,4,rgb_glcm_asm,0.0315289
2023_2024,R5,128,400,4,rgb_glcm_contrast,2.00638
2023_2024,R5,128,400,4,rgb_glcm_correlation,0.93622
2023_2024,R5,128,400,4,rgb_glcm_variance,15.7289
2023_2024,R5,128,400,4,rgb_glcm_idm,0.620388
2023_2024,R5,128,400,4,rgb_glcm_sum_average,9.56599
2023_2024,R5,128,400,4,rgb_glcm_sum_variance,101.318
2023_2024,R5,128,400,4,rgb_glcm_sum_entropy,3.20925
2023_2024,R5,128,400,4,rgb_glcm_entropy,4.12915
2023_2024,R5,128,400,4,rgb_glcm_diff_entropy,1.29647
2023_2024,R5,128,400,4,rgb_glcm_imc1,-0.399839
2023_2024,R5,128,400,4,rgb_glcm_imc2,0.934342
2023_2024,R5,128,400,4,rgb_glcm_mcc,0.941078
2023_2024,R5,128,400,4,rgb_glcm_dissimilarity,0.951984
2023_2024,R5,128,400,4,rgb_glcm_inertia,2.00638
2023_2024,R5,128,400,4,rgb_glcm_cluster_shade,303.071
2023_2024,R5,128,400,4,rgb_glcm_cluster_prominence,9423.51
2023_2024,R5,128,400,4,rgb_glcm_homogeneity,0.651875
2023_2024,R5,128,400,4,rgb_glcmw3_asm,0.428845
2023_2024,R5,128,400,4,rgb_glcmw3_contrast,0.546684
2023_2024,R5,128,400,4,rgb_glcmw3_entropy,1.12022
2023_2024,R5,128,400,4,rgb_glcmw3_correlation,0.463717
2023_2024,R5,128,400,4,rgb_glcmw3_homogeneity,0.797877
2023_2024,R5,128,400,4,rgb_glcmw5_asm,0.314647
2023_2024,R5,128,400,4,rgb_glcmw5_contrast,0.54688
2023_2024,R5,128,400,4,rgb_glcmw5_entropy,1.59985
2023_2024,R5,128,400,4,rgb_glcmw5_correlation,0.640868
2023_2024,R5,128,400,4,rgb_glcmw5_homogeneity,0.797843
2023_2024,R5,128,400,4,rgb_glcmw7_asm,0.261039
2023_2024,R5,128,400,4,rgb_glcmw7_contrast,0.546904
2023_2024,R5,128,400,4,rgb_glcmw7_entropy,1.8793
2023_2024,R5,128,400,4,rgb_glcmw7_correlation,0.73053
2023_2024,R5,128,400,4,rgb_glcmw7_homogeneity,0.797814
2022_2023,R5,d400_b4,400,4,NDVI,0.785892
2022_2023,R5,d400_b4,400,4,GNDVI,0.297924
2022_2023,R5,d400_b4,400,4,NDRE,0.347641
2022_2023,R5,d400_b4,400,4,CIrededge,1.13481
2022_2023,R5,d400_b4,400,4,SAVI,0.631438
2022_2023,R5,d400_b4,400,4,EVI,9.12138
2022_2023,R5,d400_b4,400,4,VARI,4.95043
2022_2023,R5,d400_b4,400,4,TGI,0.183233
2022_2023,R5,d400_b4,400,4,spec_mean,0.298929
2022_2023,R5,d400_b4,400,4,spec_std,0.244698
2022_2023,R5,d400_b4,400,4,spec_p10,0.0451841
2022_2023,R5,d400_b4,400,4,spec_p50,0.229687
2022_2023,R5,d400_b4,400,4,spec_p90,0.678688
2022_2023,R5,d400_b4,400,4,glcm_asm,0.0199472
2022_2023,R5,d400_b4,400,4,glcm_contrast,1.82203
2022_2023,R5,d400_b4,400,4,glcm_correlation,0.945797
2022_2023,R5,d400_b4,400,4,glcm_variance,16.7982
2022_2023,R5,d400_b4,400,4,glcm_idm,0.623511
2022_2023,R5,d400_b4,400,4,glcm_sum_average,15.319
2022_2023,R5,d400_b4,400,4,glcm_sum_variance,209.697
2022_2023,R5,d400_b4,400,4,glcm_sum_entropy,3.32664
2022_2023,R5,d400_b4,400,4,glcm_entropy,4.27052
2022_2023,R5,d400_b4,400,4,glcm_diff_entropy,1.25899
2022_2023,R5,d400_b4,400,4,glcm_imc1,-0.407254
2022_2023,R5,d400_b4,400,4,glcm_imc2,0.942006
2022_2023,R5,d400_b4,400,4,glcm_mcc,0.954833
2022_2023,R5,d400_b4,400,4,glcm_dissimilarity,0.921724
2022_2023,R5,d400_b4,400,4,glcm_inertia,1.82203
2022_2023,R5,d400_b4,400,4,glcm_cluster_shade,-196.147
2022_2023,R5,d400_b4,400,4,glcm_cluster_prominence,9520.01
2022_2023,R5,d400_b4,400,4,glcm_homogeneity,0.653043
2022_2023,R5,d400_b4,400,4,glcmw3_asm,0.410318
2022_2023,R5,d400_b4,400,4,glcmw3_contrast,0.509825
2022_2023,R5,d400_b4,400,4,glcmw3_entropy,1.13785
2022_2023,R5,d400_b4,400,4,glcmw3_correlation,0.485702
2022_2023,R5,d400_b4,400,4,glcmw3_homogeneity,0.799305
2022_2023,R5,d400_b4,400,4,glcmw5_asm,0.287669
2022_2023,R5,d400_b4,400,4,glcmw5_contrast,0.509932
2022_2023,R5,d400_b4,400,4,glcmw5_entropy,1.63101
2022_2023,R5,d400_b4,400,4,glcmw5_correlation,0.665721
2022_2023,R5,d400_b4,400,4,glcmw5_homogeneity,0.799284
2022_2023,R5,d400_b4,400,4,glcmw7_asm,0.231135
2022_2023,R5,d400_b4,400,4,glcmw7_contrast,0.509797
2022_2023,R5,d400_b4,400,4,glcmw7_entropy,1.92298
2022_2023,R5,d400_b4,400,4,glcmw7_correlation,0.745983
2022_2023,R5,d400_b4,400,4,glcmw7_homogeneity,0.799331
2022_2023,R5,d400_b4,400,4,rgb_glcm_asm,
2022_2023,R5,d400_b4,400,4,rgb_glcm_contrast,
2022_2023,R5,d400_b4,400,4,rgb_glcm_correlation,
2022_2023,R5,d400_b4,400,4,rgb_glcm_variance,
2022_2023,R5,d400_b4,400,4,rgb_glcm_idm,
2022_2023,R5,d400_b4,400,4,rgb_glcm_sum_average,
2022_2023,R5,d400_b4,400,4,rgb_glcm_sum_variance,
2022_2023,R5,d400_b4,400,4,rgb_glcm_sum_entropy,
2022_2023,R5,d400_b4,400,4,rgb_glcm_entropy,
2022_2023,R5,d400_b4,400,4,rgb_glcm_diff_entropy,
2022_2023,R5,d400_b4,400,4,rgb_glcm_imc1,
2022_2023,R5,d400_b4,400,4,rgb_glcm_imc2,
2022_2023,R5,d400_b4,400,4,rgb_glcm_mcc,
2022_2023,R5,d400_b4,400,4,rgb_glcm_dissimilarity,
2022_2023,R5,d400_b4,400,4,rgb_glcm_inertia,
2022_2023,R5,d400_b4,400,4,rgb_glcm_cluster_shade,
2022_2023,R5,d400_b4,400,4,rgb_glcm_cluster_prominence,
2022_2023,R5,d400_b4,400,4,rgb_glcm_homogeneity,
2022_2023,R5,d400_b4,400,4,rgb_glcmw3_asm,
2022_2023,R5,d400_b4,400,4,rgb_glcmw3_contrast,
2022_2023,R5,d400_b4,400,4,rgb_glcmw3_entropy,
2022_2023,R5,d400_b4,400,4,rgb_glcmw3_correlation,
2022_2023,R5,d400_b4,400,4,rgb_glcmw3_homogeneity,
2022_2023,R5,d400_b4,400,4,rgb_glcmw5_asm,
2022_2023,R5,d400_b4,400,4,rgb_glcmw5_contrast,
2022_2023,R5,d400_b4,400,4,rgb_glcmw5_entropy,
2022_2023,R5,d400_b4,400,4,rgb_glcmw5_correlation,
2022_2023,R5,d400_b4,400,4,rgb_glcmw5_homogeneity,
2022_2023,R5,d400_b4,400,4,rgb_glcmw7_asm,
2022_2023,R5,d400_b4,400,4,rgb_glcmw7_contrast,
2022_2023,R5,d400_b4,400,4,rgb_glcmw7_entropy,
2022_2023,R5,d400_b4,400,4,rgb_glcmw7_correlation,
2022_2023,R5,d400_b4,400,4,rgb_glcmw7_homogeneity,
