asset_id,relative_path,season,domain,acquisition_date,stage,sample_id,asset_group,status,quarantine_reason,size_bytes,sha256
placeholder-txt,PLACEHOLDER.txt,,,,,,PLACEHOLDER,usable,,218,0b9623abe1882e539038965ce050a65bdf29577e31bbd189c026728c1a3f392a
quarantine-safra-2023-2024-orthomosaics-rgb-zero-2023-2024-tif,quarantine/safra_2023_2024/orthomosaics/RGB_zero_2023_2024.tif,safra_2023_2024,orthomosaics,,,,quarantine/safra_2023_2024/orthomosaics/RGB_zero_2023_2024,quarantined,GeoTIFF com offset de IFD inválido; tifffile não abre a série.,575668224,458543d0ac7a946ee6a26f71c36b5ff94bf2a644c98de4824ed6ec8a21177079
quarantine-safra-2025-2026-hyperspectral-2025-12-12-19s-bil-hdr,quarantine/safra_2025_2026/hyperspectral/2025-12-12/19S.bil.hdr,safra_2025_2026,hyperspectral,2025-12-12,,19S,quarantine/safra_2025_2026/hyperspectral/2025-12-12/19S,quarantined,Header ENVI órfão; o arquivo .bil correspondente está ausente.,2819,531cb0568946f50fe324b843872a6f548d4405fa5c037b9be6d422abeb9482a3
quarantine-safra-2025-2026-hyperspectral-2025-12-12-20m-bil,quarantine/safra_2025_2026/hyperspectral/2025-12-12/20M.bil,safra_2025_2026,hyperspectral,2025-12-12,,20M,quarantine/safra_2025_2026/hyperspectral/2025-12-12/20M,quarantined,Cubo ENVI sem o header .bil.hdr obrigatório.,270000000,05abc25e65cd0500d200e31fdedba52d08ab76b18914e4d3fd4bd61b2085a938
quarantine-safra-2025-2026-hyperspectral-2025-12-12-5s-bil,quarantine/safra_2025_2026/hyperspectral/2025-12-12/5S.bil,safra_2025_2026,hyperspectral,2025-12-12,,5S,quarantine/safra_2025_2026/hyperspectral/2025-12-12/5S,quarantined,Cubo ENVI sem o header .bil.hdr obrigatório.,270000000,bba184c59ba12cb9ddadaceb094125f97192cf4bb8523969f81e64aba7b3ffcb
raw-safra-2022-2023-design-croqui-experimento-milho-eea-ufrgs-safra-2022-2023-pdf,raw/safra_2022_2023/design/Croqui experimento Milho EEA-UFRGS safra 2022_2023.pdf,safra_2022_2023,design,,,,raw/safra_2022_2023/design/Croqui experimento Milho EEA-UFRGS safra 2022_2023,usable,,139479,550a714ad4ee04f9f9f402343821df7649bd9fa074488254c17b245dfbf71aff
raw-safra-2022-2023-field-tabela-tabulada-dos-dados-xlsx,raw/safra_2022_2023/field/Tabela tabulada dos dados.xlsx,safra_2022_2023,field,,,,raw/safra_2022_2023/field/Tabela tabulada dos dados,usable,,115864,aafe62ee059c1954657658e0fe7a35202231e41535426380bd3d7f26203e3197
raw-safra-2022-2023-field-parametros-2223-normalizado-xlsx,raw/safra_2022_2023/field/parametros_2223_normalizado.xlsx,safra_2022_2023,field,,,,raw/safra_2022_2023/field/parametros_2223_normalizado,usable,,18683,b41bf6ca9cbb6e636a094b334c9bf1a8a8a4b5874fc0d797626be860b328f918
raw-safra-2022-2023-geometry-shape-parcelas-2223-cpg,raw/safra_2022_2023/geometry/Shape_parcelas_2223.cpg,safra_2022_2023,geometry,,,,raw/safra_2022_2023/geometry/Shape_parcelas_2223,usable,,5,3ad3031f5503a4404af825262ee8232cc04d4ea6683d42c5dd0a2f2a27ac9824
raw-safra-2022-2023-geometry-shape-parcelas-2223-dbf,raw/safra_2022_2023/geometry/Shape_parcelas_2223.dbf,safra_2022_2023,geometry,,,,raw/safra_2022_2023/geometry/Shape_parcelas_2223,usable,,2610,f6c287f356e9c38912139aa6afe2ef8ed81168c4ed7910045272e7c943f8914e
raw-safra-2022-2023-geometry-shape-parcelas-2223-prj,raw/safra_2022_2023/geometry/Shape_parcelas_2223.prj,safra_2022_2023,geometry,,,,raw/safra_2022_2023/geometry/Shape_parcelas_2223,usable,,421,16894fbc07750e86cb6903f542a5a64bcb7b3500af4c9cf1bbecdeea4a46945c
raw-safra-2022-2023-geometry-shape-parcelas-2223-qmd,raw/safra_2022_2023/geometry/Shape_parcelas_2223.qmd,safra_2022_2023,geometry,,,,raw/safra_2022_2023/geometry/Shape_parcelas_2223,usable,,1051,80aa275551f92f98c382e6e4b63626ade8d6a841a88f0fb58506283e87c9621b
raw-safra-2022-2023-geometry-shape-parcelas-2223-shp,raw/safra_2022_2023/geometry/Shape_parcelas_2223.shp,safra_2022_2023,geometry,,,,raw/safra_2022_2023/geometry/Shape_parcelas_2223,usable,,6628,8263fb80e2e9d4e6ae1393aba836ab42740d340c28e4f9ee91df7c961f666637
raw-safra-2022-2023-geometry-shape-parcelas-2223-shx,raw/safra_2022_2023/geometry/Shape_parcelas_2223.shx,safra_2022_2023,geometry,,,,raw/safra_2022_2023/geometry/Shape_parcelas_2223,usable,,484,05cd5c2ade71d8474e064c39baef82a45234a393e82d64e95a6a3739293712a9
raw-safra-2022-2023-geometry-integrado-shape-2223-integrado-gpkg,raw/safra_2022_2023/geometry/integrado/shape_2223_integrado.gpkg,safra_2022_2023,geometry,,,,raw/safra_2022_2023/geometry/integrado/shape_2223_integrado,usable,,57344,d0f5bcccb7b682e716a9d59657c2a5b7821b401acef82ac87fbfbaedc67dafdb
raw-safra-2022-2023-orthomosaics-rgb-r2-2022-2023-tif,raw/safra_2022_2023/orthomosaics/RGB_R2_2022_2023.tif,safra_2022_2023,orthomosaics,,R2,,raw/safra_2022_2023/orthomosaics/RGB_R2_2022_2023,usable,,909925238,cb4320e441445a9040704b8a7571be191b44a84aae41c70980977c5ae97482b3
raw-safra-2022-2023-orthomosaics-rgb-r5-2022-2023-tif,raw/safra_2022_2023/orthomosaics/RGB_R5_2022_2023.tif,safra_2022_2023,orthomosaics,,R5,,raw/safra_2022_2023/orthomosaics/RGB_R5_2022_2023,usable,,908352342,dc82bd3b337cdc7c2f1d3c87de5905a36c68e9a0c1229893804b70e4808e25a4
raw-safra-2022-2023-orthomosaics-rgb-v11-2022-2023-tif,raw/safra_2022_2023/orthomosaics/RGB_v11_2022_2023.tif,safra_2022_2023,orthomosaics,,V11,,raw/safra_2022_2023/orthomosaics/RGB_v11_2022_2023,usable,,828527870,47ac0bdf69921549b0053bdc647b81f256a0e74e2c03c255cc200af31195fdb2
raw-safra-2022-2023-orthomosaics-rgb-v18-2022-2023-tif,raw/safra_2022_2023/orthomosaics/RGB_v18_2022_2023.tif,safra_2022_2023,orthomosaics,,V18,,raw/safra_2022_2023/orthomosaics/RGB_v18_2022_2023,usable,,799429294,a2bf8a601e550c61b6fb56bebff69eaf4e455674d8b1643113ebadd095c72c5e
raw-safra-2022-2023-orthomosaics-rrenir-r2-2022-2023-tif,raw/safra_2022_2023/orthomosaics/RRENIR_R2_2022_2023.tif,safra_2022_2023,orthomosaics,,R2,,raw/safra_2022_2023/orthomosaics/RRENIR_R2_2022_2023,usable,,908352342,eb3caaad042a37151cdd739615312b9385696c63282a7e9c58ff7147aea59224
raw-safra-2022-2023-orthomosaics-rrenir-r5-2022-2023-tif,raw/safra_2022_2023/orthomosaics/RRENIR_R5_2022_2023.tif,safra_2022_2023,orthomosaics,,R5,,raw/safra_2022_2023/orthomosaics/RRENIR_R5_2022_2023,usable,,925654198,f4a51365c8f112fa8445386c04b86b8b10125ca855a00e4187ace331cc023c64
raw-safra-2022-2023-orthomosaics-rrenir-v11-2022-2023-tif,raw/safra_2022_2023/orthomosaics/RRENIR_v11_2022_2023.tif,safra_2022_2023,orthomosaics,,V11,,raw/safra_2022_2023/orthomosaics/RRENIR_v11_2022_2023,usable,,850548414,6b7d69f911995c5603671c23bf0aeffbba4df265ca0cec1a8c800403a983e293
raw-safra-2022-2023-orthomosaics-rrenir-v18-2022-2023-tif,raw/safra_2022_2023/orthomosaics/RRENIR_v18_2022_2023.tif,safra_2022_2023,orthomosaics,,V18,,raw/safra_2022_2023/orthomosaics/RRENIR_v18_2022_2023,usable,,882399558,3213ffd4dd6cdb3729054ea4c881cfd3351390958b7258e6bd7c7af397d46d5b
raw-safra-2022-2023-orthomosaics-rrenir-v8-2022-2023-tif,raw/safra_2022_2023/orthomosaics/RRENIR_v8_2022_2023.tif,safra_2022_2023,orthomosaics,,V8,,raw/safra_2022_2023/orthomosaics/RRENIR_v8_2022_2023,usable,,869816390,62cbc5f2941dd69d4241af418fbe6ea2da37b5fc113878fc346270406b45d1d1
raw-safra-2022-2023-orthomosaics-rgb-v8-2022-2023-tif,raw/safra_2022_2023/orthomosaics/rgb_v8_2022_2023.tif,safra_2022_2023,orthomosaics,,V8,,raw/safra_2022_2023/orthomosaics/rgb_v8_2022_2023,usable,,2159045804,bcf503c8ad1aadfc5abf0d9e136236ed0eb845956233396f1f79f9776fcde2be
raw-safra-2022-2023-orthomosaics-rgb-zero-2022-2023-tif,raw/safra_2022_2023/orthomosaics/rgb_zero_2022_2023.tif,safra_2022_2023,orthomosaics,,,,raw/safra_2022_2023/orthomosaics/rgb_zero_2022_2023,usable,,1371598724,49ff2b5d8327a4d83d2ef4bb2d59148158e8651ebc5937b7a665de7c0f5e1d15
raw-safra-2023-2024-design-croqui-milho-23-24-eea-ufrgs-xlsx,raw/safra_2023_2024/design/Croqui Milho 23-24 EEA-UFRGS.xlsx,safra_2023_2024,design,,,,raw/safra_2023_2024/design/Croqui Milho 23-24 EEA-UFRGS,usable,,20480,7829bb98a833b80153961fb070dafe89ea2a80f59d71aefff6fb747e01747157
raw-safra-2023-2024-field-tabela-milho-2023-2024-xlsx,raw/safra_2023_2024/field/Tabela_milho_2023_2024.xlsx,safra_2023_2024,field,,,,raw/safra_2023_2024/field/Tabela_milho_2023_2024,usable,,117163,3110d7ab018a85ebbcb9f6bb235b56e0fb03bf5b3ea4e6aeaabb2e7eb06b5ef0
raw-safra-2023-2024-field-parametros-2324-normalizado-xlsx,raw/safra_2023_2024/field/parametros_2324_normalizado.xlsx,safra_2023_2024,field,,,,raw/safra_2023_2024/field/parametros_2324_normalizado,usable,,20003,52787667bc466576dd8a381db6d636af9064c3171fe1eb6c1b9b8f5be27b4544
raw-safra-2023-2024-geometry-shape-parcelas23-24-cpg,raw/safra_2023_2024/geometry/Shape_parcelas23_24.cpg,safra_2023_2024,geometry,,,,raw/safra_2023_2024/geometry/Shape_parcelas23_24,usable,,5,3ad3031f5503a4404af825262ee8232cc04d4ea6683d42c5dd0a2f2a27ac9824
raw-safra-2023-2024-geometry-shape-parcelas23-24-dbf,raw/safra_2023_2024/geometry/Shape_parcelas23_24.dbf,safra_2023_2024,geometry,,,,raw/safra_2023_2024/geometry/Shape_parcelas23_24,usable,,6970,c3c37c351d999f470ad1fe7201312a9c13b2486786035f22aa8b101e7cddbc3e
raw-safra-2023-2024-geometry-shape-parcelas23-24-prj,raw/safra_2023_2024/geometry/Shape_parcelas23_24.prj,safra_2023_2024,geometry,,,,raw/safra_2023_2024/geometry/Shape_parcelas23_24,usable,,418,a3d1b490a699db5cddf330374056fb77fa8a80a8b70cde74421fd12281d8be00
raw-safra-2023-2024-geometry-shape-parcelas23-24-qmd,raw/safra_2023_2024/geometry/Shape_parcelas23_24.qmd,safra_2023_2024,geometry,,,,raw/safra_2023_2024/geometry/Shape_parcelas23_24,usable,,3640,247d32c63fd66b46b3b60fea3c1a90965710a18e33b396da3009e7ca16abb9ca
raw-safra-2023-2024-geometry-shape-parcelas23-24-shp,raw/safra_2023_2024/geometry/Shape_parcelas23_24.shp,safra_2023_2024,geometry,,,,raw/safra_2023_2024/geometry/Shape_parcelas23_24,usable,,3364,f671ce6f92805c3d6464b0a492b97c634a3bac7515d41f3a3d794c8fd1251ceb
raw-safra-2023-2024-geometry-shape-parcelas23-24-shx,raw/safra_2023_2024/geometry/Shape_parcelas23_24.shx,safra_2023_2024,geometry,,,,raw/safra_2023_2024/geometry/Shape_parcelas23_24,usable,,292,e62b9c2bed775d663e7f60e76d10e51b92fd241be47dd845b057fbb7189a8072
raw-safra-2023-2024-geometry-integrado-shape-2324-integrado-gpkg,raw/safra_2023_2024/geometry/integrado/shape_2324_integrado.gpkg,safra_2023_2024,geometry,,,,raw/safra_2023_2024/geometry/integrado/shape_2324_integrado,usable,,57344,7808f55797035f53407b8f66067d21744e2fbf5601561cd7c8e9cdee8c76a6a3
raw-safra-2023-2024-orthomosaics-rrenir-r2-2023-2024-tif,raw/safra_2023_2024/orthomosaics/RRENIR_R2_2023_2024.tif,safra_2023_2024,orthomosaics,,R2,,raw/safra_2023_2024/orthomosaics/RRENIR_R2_2023_2024,usable,,167517624,f26e6454edd582e97c932865d230e31f40c241129feef58b927f250b3ee8f36b
raw-safra-2023-2024-orthomosaics-rrenir-r5-2023-2024-tif,raw/safra_2023_2024/orthomosaics/RRENIR_R5_2023_2024.tif,safra_2023_2024,orthomosaics,,R5,,raw/safra_2023_2024/orthomosaics/RRENIR_R5_2023_2024,usable,,167517624,6d05d78a4fc38e19ea2a3fa0f884feda6175d0e3882798225d261e67e62ebb9b
raw-safra-2023-2024-orthomosaics-rrenir-v13-2023-2024-tif,raw/safra_2023_2024/orthomosaics/RRENIR_v13_2023_2024.tif,safra_2023_2024,orthomosaics,,V13,,raw/safra_2023_2024/orthomosaics/RRENIR_v13_2023_2024,usable,,167517624,be6e9ae368b18c3d8e36fc956c7eabfa55be7aebb7f7dbd808e8e29760b791b0
raw-safra-2023-2024-orthomosaics-rrenir-v6-2023-2024-tif,raw/safra_2023_2024/orthomosaics/RRENIR_v6_2023_2024.tif,safra_2023_2024,orthomosaics,,V6,,raw/safra_2023_2024/orthomosaics/RRENIR_v6_2023_2024,usable,,167517624,fda6863e4c53b583856e7dd6b03f244040c2f0bce861632c199dd799c8e32aab
raw-safra-2023-2024-orthomosaics-rrenir-v8-2023-2024-tif,raw/safra_2023_2024/orthomosaics/RRENIR_v8_2023_2024.tif,safra_2023_2024,orthomosaics,,V8,,raw/safra_2023_2024/orthomosaics/RRENIR_v8_2023_2024,usable,,548945606,0f1a8b952ac74c55cde82cfd7256be809e387b3fe66d4399a5b1bf1c9f988941
raw-safra-2025-2026-design-croqui-milho-25-26-jpeg,raw/safra_2025_2026/design/croqui milho 25-26.jpeg,safra_2025_2026,design,,,,raw/safra_2025_2026/design/croqui milho 25-26,usable,,85989,f70b04bb744c73f7d58cf580e7464947f253a1ec77347d3ab3f7e2609841d896
raw-safra-2025-2026-external-results-coleta-1-predi-o-coef-png,raw/safra_2025_2026/external_results/Coleta 1/Predição/Coef.png,safra_2025_2026,external_results,,,,raw/safra_2025_2026/external_results/Coleta 1/Predição/Coef,usable,,43405,ee01a0dddce4356c5eaa58c52f3ce54f943feb386250eaf151d33887528c04e0
raw-safra-2025-2026-external-results-coleta-1-predi-o-coleta-1-txt,raw/safra_2025_2026/external_results/Coleta 1/Predição/Coleta 1.txt,safra_2025_2026,external_results,,,,raw/safra_2025_2026/external_results/Coleta 1/Predição/Coleta 1,usable,,9436,c6d43b30a72e253d6d2fc67a40effeb148dd7253942fe8f481990fe5edcef80e
raw-safra-2025-2026-external-results-coleta-1-predi-o-evolu-o-do-r-2-png,raw/safra_2025_2026/external_results/Coleta 1/Predição/Evolução do R^2.png,safra_2025_2026,external_results,,,,raw/safra_2025_2026/external_results/Coleta 1/Predição/Evolução do R^2,usable,,64704,8feb68c6dff99ac32b12af4e777a23cbb08e66e7b8f5faa8ec8d322e5359fc5e
raw-safra-2025-2026-external-results-coleta-1-predi-o-histogramas-m-tricas-png,raw/safra_2025_2026/external_results/Coleta 1/Predição/Histogramas Métricas.png,safra_2025_2026,external_results,,,,raw/safra_2025_2026/external_results/Coleta 1/Predição/Histogramas Métricas,usable,,207930,c875d41535941073c266ea54dbe679af01c1fff5cb573470627bf25f4303436f
raw-safra-2025-2026-external-results-coleta-1-predi-o-m-tricas-qtd-bandas-png,raw/safra_2025_2026/external_results/Coleta 1/Predição/Métricas Qtd Bandas.png,safra_2025_2026,external_results,,,,raw/safra_2025_2026/external_results/Coleta 1/Predição/Métricas Qtd Bandas,usable,,134227,42df96c43aa65fb0ad37d3b540e5d77b57e61fa7b65b87d834b47aaa1d26f027
raw-safra-2025-2026-external-results-coleta-1-predi-o-predi-o-png,raw/safra_2025_2026/external_results/Coleta 1/Predição/Predição.png,safra_2025_2026,external_results,,,,raw/safra_2025_2026/external_results/Coleta 1/Predição/Predição,usable,,58504,3b4bfc2263152b2ae83cc99fa088ed4de6752350dce0b81149e12f00b4ec33b6
raw-safra-2025-2026-external-results-coleta-1-predi-o-resultados-bandas-png,raw/safra_2025_2026/external_results/Coleta 1/Predição/Resultados Bandas.png,safra_2025_2026,external_results,,,,raw/safra_2025_2026/external_results/Coleta 1/Predição/Resultados Bandas,usable,,158590,226fd1cc71a1eebf3e9e1050973efa176765a5e4b21ca89bedac6494d1fb893c
raw-safra-2025-2026-external-results-coleta-1-predi-o-vip-png,raw/safra_2025_2026/external_results/Coleta 1/Predição/VIP.png,safra_2025_2026,external_results,,,,raw/safra_2025_2026/external_results/Coleta 1/Predição/VIP,usable,,37819,506c4c179dd24a438b9ea8ab04717d9a1d39778d0f23d9d9f642939454d37ed1
raw-safra-2025-2026-external-results-coleta-1-predi-o-violin-png,raw/safra_2025_2026/external_results/Coleta 1/Predição/Violin.png,safra_2025_2026,external_results,,,,raw/safra_2025_2026/external_results/Coleta 1/Predição/Violin,usable,,191397,0f17ed6ec5dab4c437b85ba6d87043dd5b4987c523388189abfa7fa18f7160f6
raw-safra-2025-2026-external-results-coleta-1-tratamentos-dif-tratamentos-png,raw/safra_2025_2026/external_results/Coleta 1/Tratamentos/Dif Tratamentos.png,safra_2025_2026,external_results,,,,raw/safra_2025_2026/external_results/Coleta 1/Tratamentos/Dif Tratamentos,usable,,119525,c6182c87a9f1b62138d384d3a8e885360add4cd07851357b6736407fe3b9719e
raw-safra-2025-2026-external-results-coleta-1-tratamentos-m-dia-interv-clorofila-png,raw/safra_2025_2026/external_results/Coleta 1/Tratamentos/Média Interv Clorofila.png,safra_2025_2026,external_results,,,,raw/safra_2025_2026/external_results/Coleta 1/Tratamentos/Média Interv Clorofila,usable,,69486,0b1a06553b864627c13d639e923775f47e2a7968072378fc871d68ff84d59a7f
raw-safra-2025-2026-external-results-coleta-1-tratamentos-teor-de-clorofila-png,raw/safra_2025_2026/external_results/Coleta 1/Tratamentos/Teor de Clorofila.png,safra_2025_2026,external_results,,,,raw/safra_2025_2026/external_results/Coleta 1/Tratamentos/Teor de Clorofila,usable,,43089,1e11268998befc3071d6940841ad6ac28f46cc9a3332355cf1bb47d96be28586
raw-safra-2025-2026-external-results-coleta-1-tratamentos-tukey111-png,raw/safra_2025_2026/external_results/Coleta 1/Tratamentos/Tukey111.png,safra_2025_2026,external_results,,,,raw/safra_2025_2026/external_results/Coleta 1/Tratamentos/Tukey111,usable,,69905,bd1a245e2c90fedb708e68bc3e8606eb4bf048a384ad18676bded411952cf5d7
raw-safra-2025-2026-external-results-coleta-2-predi-o-coleta-2-txt,raw/safra_2025_2026/external_results/Coleta 2/Predição/Coleta 2.txt,safra_2025_2026,external_results,,,,raw/safra_2025_2026/external_results/Coleta 2/Predição/Coleta 2,usable,,9687,04ab1377307e6c76d4c41a85cee716a2d1b9fe19d5ada5ad0b11d6491cde8814
raw-safra-2025-2026-external-results-coleta-2-predi-o-m-tricas-qtd-bandas-png,raw/safra_2025_2026/external_results/Coleta 2/Predição/Métricas Qtd Bandas.png,safra_2025_2026,external_results,,,,raw/safra_2025_2026/external_results/Coleta 2/Predição/Métricas Qtd Bandas,usable,,125771,14411e9cb9811aa18edfeca23b54540974b219aae954de11ea96f75594f48d9d
raw-safra-2025-2026-external-results-coleta-2-predi-o-resultados-bandas-png,raw/safra_2025_2026/external_results/Coleta 2/Predição/Resultados Bandas.png,safra_2025_2026,external_results,,,,raw/safra_2025_2026/external_results/Coleta 2/Predição/Resultados Bandas,usable,,182190,a182331de7a953943bad6f5afac2472257c2344e6260de99631b21de2fa2a4da
raw-safra-2025-2026-external-results-coleta-2-predi-o-coefs-png,raw/safra_2025_2026/external_results/Coleta 2/Predição/coefs.png,safra_2025_2026,external_results,,,,raw/safra_2025_2026/external_results/Coleta 2/Predição/coefs,usable,,37342,72ba770b22f39c4f85fc49308c3cc210a6d99be88465d1f7c45dc9672653c23a
raw-safra-2025-2026-external-results-coleta-2-predi-o-evolucao-r2-png,raw/safra_2025_2026/external_results/Coleta 2/Predição/evolucao_r2.png,safra_2025_2026,external_results,,,,raw/safra_2025_2026/external_results/Coleta 2/Predição/evolucao_r2,usable,,50233,218fc2f2932e63e14170a99148585fa5430549f52b04d34a2881c52fdd603811
raw-safra-2025-2026-external-results-coleta-2-predi-o-histogramas-metricas-png,raw/safra_2025_2026/external_results/Coleta 2/Predição/histogramas_metricas.png,safra_2025_2026,external_results,,,,raw/safra_2025_2026/external_results/Coleta 2/Predição/histogramas_metricas,usable,,154719,2dd0668300dc2ec503b29e1536a0c29a611891baaea5a4ed69a73992da1b74db
raw-safra-2025-2026-external-results-coleta-2-predi-o-metricas-qnt-bandas-png,raw/safra_2025_2026/external_results/Coleta 2/Predição/metricas_qnt_bandas.png,safra_2025_2026,external_results,,,,raw/safra_2025_2026/external_results/Coleta 2/Predição/metricas_qnt_bandas,usable,,92502,8a978bda407f67e3630cc30a8921ebf0c4b96811b785c421a83db16f0e0ae0b8
raw-safra-2025-2026-external-results-coleta-2-predi-o-predicao-png,raw/safra_2025_2026/external_results/Coleta 2/Predição/predicao.png,safra_2025_2026,external_results,,,,raw/safra_2025_2026/external_results/Coleta 2/Predição/predicao,usable,,48654,cb061c31b8ddf32dcb59e4386d46e854bb71b05f15b126bb56433ac0ae471139
raw-safra-2025-2026-external-results-coleta-2-predi-o-resultados-bandas-png,raw/safra_2025_2026/external_results/Coleta 2/Predição/resultados_bandas.png,safra_2025_2026,external_results,,,,raw/safra_2025_2026/external_results/Coleta 2/Predição/resultados_bandas,usable,,128194,8a2179580798fc8674ba7645986440df183bb3c648630a7a830256bce46120da
raw-safra-2025-2026-external-results-coleta-2-predi-o-violin-png,raw/safra_2025_2026/external_results/Coleta 2/Predição/violin.png,safra_2025_2026,external_results,,,,raw/safra_2025_2026/external_results/Coleta 2/Predição/violin,usable,,151476,f55791871b48c7ea8c06161e5692a27e9a2c0606bbc6371c37656141cc30eb48
raw-safra-2025-2026-external-results-coleta-2-predi-o-vip-bandas-png,raw/safra_2025_2026/external_results/Coleta 2/Predição/vip_bandas.png,safra_2025_2026,external_results,,,,raw/safra_2025_2026/external_results/Coleta 2/Predição/vip_bandas,usable,,32256,54487dbb91b9d7a1b925a3bd56a62f5a6d0096d020309267fd578949860e0672
raw-safra-2025-2026-field-planilha-voos-regulares-com-sensor-xlsx,raw/safra_2025_2026/field/PLANILHA_VOOS REGULARES_COM SENSOR.xlsx,safra_2025_2026,field,,,,raw/safra_2025_2026/field/PLANILHA_VOOS REGULARES_COM SENSOR,usable,,116030,e14af21d7c345fcfc0fc661a15788b6f75380b7e43b019200574799bebd5fb73
raw-safra-2025-2026-geometry-parecelas-milho-cpg,raw/safra_2025_2026/geometry/parecelas_milho.cpg,safra_2025_2026,geometry,,,,raw/safra_2025_2026/geometry/parecelas_milho,usable,,5,3ad3031f5503a4404af825262ee8232cc04d4ea6683d42c5dd0a2f2a27ac9824
raw-safra-2025-2026-geometry-parecelas-milho-dbf,raw/safra_2025_2026/geometry/parecelas_milho.dbf,safra_2025_2026,geometry,,,,raw/safra_2025_2026/geometry/parecelas_milho,usable,,506,5afb483f24346e6df3dea67c20cf755ea4a04bd7c1469691651a4fc28b170021
raw-safra-2025-2026-geometry-parecelas-milho-prj,raw/safra_2025_2026/geometry/parecelas_milho.prj,safra_2025_2026,geometry,,,,raw/safra_2025_2026/geometry/parecelas_milho,usable,,418,a3d1b490a699db5cddf330374056fb77fa8a80a8b70cde74421fd12281d8be00
raw-safra-2025-2026-geometry-parecelas-milho-shp,raw/safra_2025_2026/geometry/parecelas_milho.shp,safra_2025_2026,geometry,,,,raw/safra_2025_2026/geometry/parecelas_milho,usable,,6148,791d3bcf6934b38efdfe80b825096ca97ded8ef380cf5c51ce5bc0cb4f3d8665
raw-safra-2025-2026-geometry-parecelas-milho-shx,raw/safra_2025_2026/geometry/parecelas_milho.shx,safra_2025_2026,geometry,,,,raw/safra_2025_2026/geometry/parecelas_milho,usable,,420,400dcf1bae4610a36066fdb6a981444f455f7993a689d832acc0a14305900001
raw-safra-2025-2026-hyperspectral-2025-12-12-10m-rgb-tiff,raw/safra_2025_2026/hyperspectral/2025-12-12/10M-RGB.tiff,safra_2025_2026,hyperspectral,2025-12-12,,10M,raw/safra_2025_2026/hyperspectral/2025-12-12/10M-RGB,usable,,1350140,c4072c22ec6b3f992a8ebcee31c2b19d84661cb5a300ed22af68a6ffc55b7eb8
raw-safra-2025-2026-hyperspectral-2025-12-12-10m-bil,raw/safra_2025_2026/hyperspectral/2025-12-12/10M.bil,safra_2025_2026,hyperspectral,2025-12-12,,10M,raw/safra_2025_2026/hyperspectral/2025-12-12/10M,usable,,270000000,36076fb85ef5c627af8a994bf4b6de1ee633d84caa47beaf75680987df796056
raw-safra-2025-2026-hyperspectral-2025-12-12-10m-bil-hdr,raw/safra_2025_2026/hyperspectral/2025-12-12/10M.bil.hdr,safra_2025_2026,hyperspectral,2025-12-12,,10M,raw/safra_2025_2026/hyperspectral/2025-12-12/10M,usable,,2819,a071767ec4118eb6e3dcc9eac9a2750a48043f7cd3a50b7deea625b46fd07bb2
raw-safra-2025-2026-hyperspectral-2025-12-12-10s-rgb-tiff,raw/safra_2025_2026/hyperspectral/2025-12-12/10S-RGB.tiff,safra_2025_2026,hyperspectral,2025-12-12,,10S,raw/safra_2025_2026/hyperspectral/2025-12-12/10S-RGB,usable,,1350140,eee7e016b3758c777b994008e95291fb6be54edc9189db5a05bdc2660135c97a
raw-safra-2025-2026-hyperspectral-2025-12-12-10s-bil,raw/safra_2025_2026/hyperspectral/2025-12-12/10S.bil,safra_2025_2026,hyperspectral,2025-12-12,,10S,raw/safra_2025_2026/hyperspectral/2025-12-12/10S,usable,,270000000,799078147301cec6811e4ac72562bd5f1fd8247fa32a39be2b36ffe0bba8ec59
raw-safra-2025-2026-hyperspectral-2025-12-12-10s-bil-hdr,raw/safra_2025_2026/hyperspectral/2025-12-12/10S.bil.hdr,safra_2025_2026,hyperspectral,2025-12-12,,10S,raw/safra_2025_2026/hyperspectral/2025-12-12/10S,usable,,2819,f6ad33c33202853f57048f3b518922f6eb844b30d025916c40393cd8caa14a93
raw-safra-2025-2026-hyperspectral-2025-12-12-11m-rgb-tiff,raw/safra_2025_2026/hyperspectral/2025-12-12/11M-RGB.tiff,safra_2025_2026,hyperspectral,2025-12-12,,11M,raw/safra_2025_2026/hyperspectral/2025-12-12/11M-RGB,usable,,1350140,b045d56d2040dbcd008c216a928df87b9b620228b8965935740fc081f18154cc
raw-safra-2025-2026-hyperspectral-2025-12-12-11m-bil,raw/safra_2025_2026/hyperspectral/2025-12-12/11M.bil,safra_2025_2026,hyperspectral,2025-12-12,,11M,raw/safra_2025_2026/hyperspectral/2025-12-12/11M,usable,,270000000,186e3fe1ff8fe3637f4017506909c30c61a666e477ef3dab373cc34cd759ae64
raw-safra-2025-2026-hyperspectral-2025-12-12-11m-bil-hdr,raw/safra_2025_2026/hyperspectral/2025-12-12/11M.bil.hdr,safra_2025_2026,hyperspectral,2025-12-12,,11M,raw/safra_2025_2026/hyperspectral/2025-12-12/11M,usable,,2819,e7e81117d132d56626eff0915b27a1982f953c7c11f3e1e71efdb595b8fb2003
raw-safra-2025-2026-hyperspectral-2025-12-12-11s-rgb-tiff,raw/safra_2025_2026/hyperspectral/2025-12-12/11S-RGB.tiff,safra_2025_2026,hyperspectral,2025-12-12,,11S,raw/safra_2025_2026/hyperspectral/2025-12-12/11S-RGB,usable,,1350140,8b45932acc7c0659ca072a966fe832ce07c94d08cf7862772b0c23c88f2d202b
raw-safra-2025-2026-hyperspectral-2025-12-12-11s-bil,raw/safra_2025_2026/hyperspectral/2025-12-12/11S.bil,safra_2025_2026,hyperspectral,2025-12-12,,11S,raw/safra_2025_2026/hyperspectral/2025-12-12/11S,usable,,270000000,7a59433aadf37631ce15c6226007ebc92328dc9129354bdf84e58b53d5acfc4c
raw-safra-2025-2026-hyperspectral-2025-12-12-11s-bil-hdr,raw/safra_2025_2026/hyperspectral/2025-12-12/11S.bil.hdr,safra_2025_2026,hyperspectral,2025-12-12,,11S,raw/safra_2025_2026/hyperspectral/2025-12-12/11S,usable,,2819,36214dc7b89b61b713373123e05434b5977047f63984f1248afeec1a617678c3
raw-safra-2025-2026-hyperspectral-2025-12-12-12m-rgb-tiff,raw/safra_2025_2026/hyperspectral/2025-12-12/12M-RGB.tiff,safra_2025_2026,hyperspectral,2025-12-12,,12M,raw/safra_2025_2026/hyperspectral/2025-12-12/12M-RGB,usable,,1350140,cb4e6fef3b01dc03e76c7d27b7228b09a9788405170b30aa8ced2ceb1f11b779
raw-safra-2025-2026-hyperspectral-2025-12-12-12m-bil,raw/safra_2025_2026/hyperspectral/2025-12-12/12M.bil,safra_2025_2026,hyperspectral,2025-12-12,,12M,raw/safra_2025_2026/hyperspectral/2025-12-12/12M,usable,,270000000,4f2a7672e52fdd51cd40edb40f0235fe6a52632f73149f082ea1092cb01ff3d1
raw-safra-2025-2026-hyperspectral-2025-12-12-12m-bil-hdr,raw/safra_2025_2026/hyperspectral/2025-12-12/12M.bil.hdr,safra_2025_2026,hyperspectral,2025-12-12,,12M,raw/safra_2025_2026/hyperspectral/2025-12-12/12M,usable,,2819,bcc5420569a476b89f0300bb5bf36861f98192f0ca3f638f56d976f73c45db29
raw-safra-2025-2026-hyperspectral-2025-12-12-12s-rgb-tiff,raw/safra_2025_2026/hyperspectral/2025-12-12/12S-RGB.tiff,safra_2025_2026,hyperspectral,2025-12-12,,12S,raw/safra_2025_2026/hyperspectral/2025-12-12/12S-RGB,usable,,1350140,ed478423ca536af617a46b9aed488e788e8cc6427c67e3b5aa5d13b0934069cb
raw-safra-2025-2026-hyperspectral-2025-12-12-12s-bil,raw/safra_2025_2026/hyperspectral/2025-12-12/12S.bil,safra_2025_2026,hyperspectral,2025-12-12,,12S,raw/safra_2025_2026/hyperspectral/2025-12-12/12S,usable,,270000000,51c170acac87c8f99312e7cf69e05e7e31db0c4601c2845ee67db1e50ea66884
raw-safra-2025-2026-hyperspectral-2025-12-12-12s-bil-hdr,raw/safra_2025_2026/hyperspectral/2025-12-12/12S.bil.hdr,safra_2025_2026,hyperspectral,2025-12-12,,12S,raw/safra_2025_2026/hyperspectral/2025-12-12/12S,usable,,2819,a17664459d2348fbe30634bd4efe0f1bc6bbacd6de9de8ee12baad06aafbb1e3
raw-safra-2025-2026-hyperspectral-2025-12-12-13m-rgb-tiff,raw/safra_2025_2026/hyperspectral/2025-12-12/13M-RGB.tiff,safra_2025_2026,hyperspectral,2025-12-12,,13M,raw/safra_2025_2026/hyperspectral/2025-12-12/13M-RGB,usable,,1350140,f138592748a33beae0044a6241af569995b2a139da9e067854961fb9f56f8dc8
raw-safra-2025-2026-hyperspectral-2025-12-12-13m-bil,raw/safra_2025_2026/hyperspectral/2025-12-12/13M.bil,safra_2025_2026,hyperspectral,2025-12-12,,13M,raw/safra_2025_2026/hyperspectral/2025-12-12/13M,usable,,270000000,edd4c1c6cbafc3fa2fd58ce91d72425310f22af3d84cce5b02c5f4f1949f9878
raw-safra-2025-2026-hyperspectral-2025-12-12-13m-bil-hdr,raw/safra_2025_2026/hyperspectral/2025-12-12/13M.bil.hdr,safra_2025_2026,hyperspectral,2025-12-12,,13M,raw/safra_2025_2026/hyperspectral/2025-12-12/13M,usable,,2819,94a2636ab6df63fa167bf1c95b627a1ae73f81184323ec6bf51312a88945704b
raw-safra-2025-2026-hyperspectral-2025-12-12-13s-rgb-tiff,raw/safra_2025_2026/hyperspectral/2025-12-12/13S-RGB.tiff,safra_2025_2026,hyperspectral,2025-12-12,,13S,raw/safra_2025_2026/hyperspectral/2025-12-12/13S-RGB,usable,,1350140,340dcf65685b8d00aa532e48632cc17d5ea41f8efa430af4e22ae26d733065bf
raw-safra-2025-2026-hyperspectral-2025-12-12-13s-bil,raw/safra_2025_2026/hyperspectral/2025-12-12/13S.bil,safra_2025_2026,hyperspectral,2025-12-12,,13S,raw/safra_2025_2026/hyperspectral/2025-12-12/13S,usable,,270000000,6ef6bf38e31de71d333ef81e714929fd2e6d1a2190c0434acff708a1cf9e6e46
raw-safra-2025-2026-hyperspectral-2025-12-12-13s-bil-hdr,raw/safra_2025_2026/hyperspectral/2025-12-12/13S.bil.hdr,safra_2025_2026,hyperspectral,2025-12-12,,13S,raw/safra_2025_2026/hyperspectral/2025-12-12/13S,usable,,2819,b97e13b748b0f2a1a4a27dd032d97694789cfab5535a0328faadd16fb4c7fdc5
raw-safra-2025-2026-hyperspectral-2025-12-12-14m-rgb-tiff,raw/safra_2025_2026/hyperspectral/2025-12-12/14M-RGB.tiff,safra_2025_2026,hyperspectral,2025-12-12,,14M,raw/safra_2025_2026/hyperspectral/2025-12-12/14M-RGB,usable,,1350140,7fec928a329a21c2ff8548b57751a7a096f67acadfbf59b157932a5293cb4148
raw-safra-2025-2026-hyperspectral-2025-12-12-14m-bil,raw/safra_2025_2026/hyperspectral/2025-12-12/14M.bil,safra_2025_2026,hyperspectral,2025-12-12,,14M,raw/safra_2025_2026/hyperspectral/2025-12-12/14M,usable,,270000000,f84e608fecb55ba36abd78fb304c3e7d1765712233f8295fd604e6e88db372fe
raw-safra-2025-2026-hyperspectral-2025-12-12-14m-bil-hdr,raw/safra_2025_2026/hyperspectral/2025-12-12/14M.bil.hdr,safra_2025_2026,hyperspectral,2025-12-12,,14M,raw/safra_2025_2026/hyperspectral/2025-12-12/14M,usable,,2819,2b7c85aecaa727383e2722df4dd779b86c0b44cc2ef4750d272f9e01ed4755a9
raw-safra-2025-2026-hyperspectral-2025-12-12-14s-rgb-tiff,raw/safra_2025_2026/hyperspectral/2025-12-12/14S-RGB.tiff,safra_2025_2026,hyperspectral,2025-12-12,,14S,raw/safra_2025_2026/hyperspectral/2025-12-12/14S-RGB,usable,,1350140,f7753c0b76075648ca07d4153a7f9caa66570d42e7aa184a3418204c1dde2532
raw-safra-2025-2026-hyperspectral-2025-12-12-14s-bil,raw/safra_2025_2026/hyperspectral/2025-12-12/14S.bil,safra_2025_2026,hyperspectral,2025-12-12,,14S,raw/safra_2025_2026/hyperspectral/2025-12-12/14S,usable,,270000000,4f15b48920e6bd18905b81bc6281de92ab084f01964be13d77b860e787a49c10
raw-safra-2025-2026-hyperspectral-2025-12-12-14s-bil-hdr,raw/safra_2025_2026/hyperspectral/2025-12-12/14S.bil.hdr,safra_2025_2026,hyperspectral,2025-12-12,,14S,raw/safra_2025_2026/hyperspectral/2025-12-12/14S,usable,,2819,95b8d7d6254c26890a887b2bf19a62adf25516c4d0119f1c0fddbd0c2c412cbe
raw-safra-2025-2026-hyperspectral-2025-12-12-15m-rgb-tiff,raw/safra_2025_2026/hyperspectral/2025-12-12/15M-RGB.tiff,safra_2025_2026,hyperspectral,2025-12-12,,15M,raw/safra_2025_2026/hyperspectral/2025-12-12/15M-RGB,usable,,1350140,1aecd5f59ed9a7f4d7bf7e6f5ab217eef8087674297b920b129f253fb30a93a7
raw-safra-2025-2026-hyperspectral-2025-12-12-15m-bil,raw/safra_2025_2026/hyperspectral/2025-12-12/15M.bil,safra_2025_2026,hyperspectral,2025-12-12,,15M,raw/safra_2025_2026/hyperspectral/2025-12-12/15M,usable,,270000000,4364eda85d2cdb73beef1eb71bda65b2f2a535d573225ad4db067db57214c543
raw-safra-2025-2026-hyperspectral-2025-12-12-15m-bil-hdr,raw/safra_2025_2026/hyperspectral/2025-12-12/15M.bil.hdr,safra_2025_2026,hyperspectral,2025-12-12,,15M,raw/safra_2025_2026/hyperspectral/2025-12-12/15M,usable,,2819,d18487b749e012eed80a12c4ecc0b64b1be62e4aa57ed6f1262447b9c16c1328
raw-safra-2025-2026-hyperspectral-2025-12-12-15s-rgb-tiff,raw/safra_2025_2026/hyperspectral/2025-12-12/15S-RGB.tiff,safra_2025_2026,hyperspectral,2025-12-12,,15S,raw/safra_2025_2026/hyperspectral/2025-12-12/15S-RGB,usable,,1350140,3afc0f85d18bebca19ca95a8680ce3382b8b9e0f5a24066d8d0cf3eb8abd28d2
raw-safra-2025-2026-hyperspectral-2025-12-12-15s-bil,raw/safra_2025_2026/hyperspectral/2025-12-12/15S.bil,safra_2025_2026,hyperspectral,2025-12-12,,15S,raw/safra_2025_2026/hyperspectral/2025-12-12/15S,usable,,270000000,0ab312c95273d10b36b98da9da3ebdfe0c6743f2a4c3cdb0a99401963475dfab
raw-safra-2025-2026-hyperspectral-2025-12-12-15s-bil-hdr,raw/safra_2025_2026/hyperspectral/2025-12-12/15S.bil.hdr,safra_2025_2026,hyperspectral,2025-12-12,,15S,raw/safra_2025_2026/hyperspectral/2025-12-12/15S,usable,,2819,ce12d7c4f8a02e50b2c6541c06dc7e769f345ac712fa70f9264d8e4246ff88be
raw-safra-2025-2026-hyperspectral-2025-12-12-16m-rgb-tiff,raw/safra_2025_2026/hyperspectral/2025-12-12/16M-RGB.tiff,safra_2025_2026,hyperspectral,2025-12-12,,16M,raw/safra_2025_2026/hyperspectral/2025-12-12/16M-RGB,usable,,1350140,7157d324a5bc562c5947e43d34517ee924cac6138fee0900eaf8cea68031605a
raw-safra-2025-2026-hyperspectral-2025-12-12-16m-bil,raw/safra_2025_2026/hyperspectral/2025-12-12/16M.bil,safra_2025_2026,hyperspectral,2025-12-12,,16M,raw/safra_2025_2026/hyperspectral/2025-12-12/16M,usable,,270000000,4b7b53618b565dabb569825c9663ab34cd8ba5b2cda7e0c60f163383d79d2b5e
raw-safra-2025-2026-hyperspectral-2025-12-12-16m-bil-hdr,raw/safra_2025_2026/hyperspectral/2025-12-12/16M.bil.hdr,safra_2025_2026,hyperspectral,2025-12-12,,16M,raw/safra_2025_2026/hyperspectral/2025-12-12/16M,usable,,2819,060d308283e72ec12be8d3dbaedff38fe972a6ce76b636f4c77f2d65d7059cc6
raw-safra-2025-2026-hyperspectral-2025-12-12-16s-rgb-tiff,raw/safra_2025_2026/hyperspectral/2025-12-12/16S-RGB.tiff,safra_2025_2026,hyperspectral,2025-12-12,,16S,raw/safra_2025_2026/hyperspectral/2025-12-12/16S-RGB,usable,,1350140,9ea70a732ed6c94bf725ab051191f0973c2da22af361d02f08c7fcab0b9efc67
raw-safra-2025-2026-hyperspectral-2025-12-12-16s-bil,raw/safra_2025_2026/hyperspectral/2025-12-12/16S.bil,safra_2025_2026,hyperspectral,2025-12-12,,16S,raw/safra_2025_2026/hyperspectral/2025-12-12/16S,usable,,270000000,fdf3c73c8781919f28a58f27c90a5ef04942485f3aa486f240ebd519ae74ebf3
raw-safra-2025-2026-hyperspectral-2025-12-12-16s-bil-hdr,raw/safra_2025_2026/hyperspectral/2025-12-12/16S.bil.hdr,safra_2025_2026,hyperspectral,2025-12-12,,16S,raw/safra_2025_2026/hyperspectral/2025-12-12/16S,usable,,2819,83ef7060c8593e4c99bf67dd59c6356f5ae7c5d1a7503a941ad3ab2dc87ddb26
raw-safra-2025-2026-hyperspectral-2025-12-12-17m-rgb-tiff,raw/safra_2025_2026/hyperspectral/2025-12-12/17M-RGB.tiff,safra_2025_2026,hyperspectral,2025-12-12,,17M,raw/safra_2025_2026/hyperspectral/2025-12-12/17M-RGB,usable,,1350140,740f08355a575fe0bda1671c2bb18586a2e0284d81a442fb03c6c5fbf008d9fb
raw-safra-2025-2026-hyperspectral-2025-12-12-17m-bil,raw/safra_2025_2026/hyperspectral/2025-12-12/17M.bil,safra_2025_2026,hyperspectral,2025-12-12,,17M,raw/safra_2025_2026/hyperspectral/2025-12-12/17M,usable,,270000000,2e57a131006ffcb58988b3751046736a2ee9858cab3fcce17857fd43fc858bf5
raw-safra-2025-2026-hyperspectral-2025-12-12-17m-bil-hdr,raw/safra_2025_2026/hyperspectral/2025-12-12/17M.bil.hdr,safra_2025_2026,hyperspectral,2025-12-12,,17M,raw/safra_2025_2026/hyperspectral/2025-12-12/17M,usable,,2819,495c3aacf348c5b0aabb34fcbbbf66a5e85995166fd33843a9bb63102cf63b2f
raw-safra-2025-2026-hyperspectral-2025-12-12-17s-rgb-tiff,raw/safra_2025_2026/hyperspectral/2025-12-12/17S-RGB.tiff,safra_2025_2026,hyperspectral,2025-12-12,,17S,raw/safra_2025_2026/hyperspectral/2025-12-12/17S-RGB,usable,,1350140,cfc26eb1b7660669cf03eb8560e55e5c5d59661df7e7a5648504da20a77bbba3
raw-safra-2025-2026-hyperspectral-2025-12-12-17s-bil,raw/safra_2025_2026/hyperspectral/2025-12-12/17S.bil,safra_2025_2026,hyperspectral,2025-12-12,,17S,raw/safra_2025_2026/hyperspectral/2025-12-12/17S,usable,,270000000,69dd7c569f382566d092365d372740ca60a4c8b3a5c0211c699d467e3571e414
raw-safra-2025-2026-hyperspectral-2025-12-12-17s-bil-hdr,raw/safra_2025_2026/hyperspectral/2025-12-12/17S.bil.hdr,safra_2025_2026,hyperspectral,2025-12-12,,17S,raw/safra_2025_2026/hyperspectral/2025-12-12/17S,usable,,2819,eeecf9797133cd5ba032c53c143a7aa4389af94c63927ca7f96734fc44d22619
raw-safra-2025-2026-hyperspectral-2025-12-12-18m-rgb-tiff,raw/safra_2025_2026/hyperspectral/2025-12-12/18M-RGB.tiff,safra_2025_2026,hyperspectral,2025-12-12,,18M,raw/safra_2025_2026/hyperspectral/2025-12-12/18M-RGB,usable,,1350140,3c9c2c1c96748ac628f7e8652f746da0d13a531c7b5f00d9e718476ea59510f8
raw-safra-2025-2026-hyperspectral-2025-12-12-18m-bil,raw/safra_2025_2026/hyperspectral/2025-12-12/18M.bil,safra_2025_2026,hyperspectral,2025-12-12,,18M,raw/safra_2025_2026/hyperspectral/2025-12-12/18M,usable,,270000000,d3b7d823e8435beaf25134b0aaebb5088dbe98234b07565548ff678523a00262
raw-safra-2025-2026-hyperspectral-2025-12-12-18m-bil-hdr,raw/safra_2025_2026/hyperspectral/2025-12-12/18M.bil.hdr,safra_2025_2026,hyperspectral,2025-12-12,,18M,raw/safra_2025_2026/hyperspectral/2025-12-12/18M,usable,,2819,58d55ad897c817161e40eca7f8c877afd7bac38999a2e79aeaa7dbec34ede462
raw-safra-2025-2026-hyperspectral-2025-12-12-18s-rgb-tiff,raw/safra_2025_2026/hyperspectral/2025-12-12/18S-RGB.tiff,safra_2025_2026,hyperspectral,2025-12-12,,18S,raw/safra_2025_2026/hyperspectral/2025-12-12/18S-RGB,usable,,1350140,589bb34b9a81d178751ff3d7d47891f02dbe83166e2971f01f0b14624dd772f5
raw-safra-2025-2026-hyperspectral-2025-12-12-18s-bil,raw/safra_2025_2026/hyperspectral/2025-12-12/18S.bil,safra_2025_2026,hyperspectral,2025-12-12,,18S,raw/safra_2025_2026/hyperspectral/2025-12-12/18S,usable,,270000000,93784ea45ff962c6afc0f374b69b28a819aa87272f5aa4e9e84d51aebeb9dac5
raw-safra-2025-2026-hyperspectral-2025-12-12-18s-bil-hdr,raw/safra_2025_2026/hyperspectral/2025-12-12/18S.bil.hdr,safra_2025_2026,hyperspectral,2025-12-12,,18S,raw/safra_2025_2026/hyperspectral/2025-12-12/18S,usable,,2819,455873bdd2e2a24a100b036575e2e099a326eb805fef910d060f8042d090545e
raw-safra-2025-2026-hyperspectral-2025-12-12-19m-rgb-tiff,raw/safra_2025_2026/hyperspectral/2025-12-12/19M-RGB.tiff,safra_2025_2026,hyperspectral,2025-12-12,,19M,raw/safra_2025_2026/hyperspectral/2025-12-12/19M-RGB,usable,,1350140,ae98102ce7c41f0c3c072ae5c6ce18a4431257f2dac5fcfcc5ee5cded7b0b39e
raw-safra-2025-2026-hyperspectral-2025-12-12-19m-bil,raw/safra_2025_2026/hyperspectral/2025-12-12/19M.bil,safra_2025_2026,hyperspectral,2025-12-12,,19M,raw/safra_2025_2026/hyperspectral/2025-12-12/19M,usable,,270000000,667c4346a7cdefd4b5dd285b2deeb59a0ab672dd39e19d58470db06aa6624e2e
raw-safra-2025-2026-hyperspectral-2025-12-12-19m-bil-hdr,raw/safra_2025_2026/hyperspectral/2025-12-12/19M.bil.hdr,safra_2025_2026,hyperspectral,2025-12-12,,19M,raw/safra_2025_2026/hyperspectral/2025-12-12/19M,usable,,2819,cbe7b9e543b6593c60903f07bb9fc377756eea44353d7cbecf9a86b92f3f444d
raw-safra-2025-2026-hyperspectral-2025-12-12-19s-rgb-tiff,raw/safra_2025_2026/hyperspectral/2025-12-12/19S-RGB.tiff,safra_2025_2026,hyperspectral,2025-12-12,,19S,raw/safra_2025_2026/hyperspectral/2025-12-12/19S-RGB,usable,,1350140,5e8f3ef040c28c4d106bf8970f8ffaaa27749fa91ec0ef02466f6f95d9de68fe
raw-safra-2025-2026-hyperspectral-2025-12-12-1m-rgb-tiff,raw/safra_2025_2026/hyperspectral/2025-12-12/1M-RGB.tiff,safra_2025_2026,hyperspectral,2025-12-12,,1M,raw/safra_2025_2026/hyperspectral/2025-12-12/1M-RGB,usable,,1350140,ec3f6ac7d38931da991607b85873586b6fc23da0d6ef0e1215066988c56f155d
raw-safra-2025-2026-hyperspectral-2025-12-12-1m-bil,raw/safra_2025_2026/hyperspectral/2025-12-12/1M.bil,safra_2025_2026,hyperspectral,2025-12-12,,1M,raw/safra_2025_2026/hyperspectral/2025-12-12/1M,usable,,270000000,70a11299a90c7474a8b899dad4ad361cd9308d7b1ca2adf1eba4ed498b34c7a7
raw-safra-2025-2026-hyperspectral-2025-12-12-1m-bil-hdr,raw/safra_2025_2026/hyperspectral/2025-12-12/1M.bil.hdr,safra_2025_2026,hyperspectral,2025-12-12,,1M,raw/safra_2025_2026/hyperspectral/2025-12-12/1M,usable,,2818,744ec5beb0c4da6b16a4c597a625b7def14ff80e2d4d17c82c410fff27d79156
raw-safra-2025-2026-hyperspectral-2025-12-12-1s-rgb-tiff,raw/safra_2025_2026/hyperspectral/2025-12-12/1S- RGB.tiff,safra_2025_2026,hyperspectral,2025-12-12,,1S,raw/safra_2025_2026/hyperspectral/2025-12-12/1S- RGB,usable,,1350140,99fbc7cefa0765aa120fdefa99ed9cd5fc2b2b9b4865d24a45093a3dd7e79155
raw-safra-2025-2026-hyperspectral-2025-12-12-1s-bil,raw/safra_2025_2026/hyperspectral/2025-12-12/1S.bil,safra_2025_2026,hyperspectral,2025-12-12,,1S,raw/safra_2025_2026/hyperspectral/2025-12-12/1S,usable,,270000000,e5a7edcf31abdefa8456039f3b53b5edbd8ee9bdbdba63c866a186874075e987
raw-safra-2025-2026-hyperspectral-2025-12-12-1s-bil-hdr,raw/safra_2025_2026/hyperspectral/2025-12-12/1S.bil.hdr,safra_2025_2026,hyperspectral,2025-12-12,,1S,raw/safra_2025_2026/hyperspectral/2025-12-12/1S,usable,,2818,439b5df30e55875991a5251eaefc71d82c84b6094e409eee0e01ffc44968c9fa
raw-safra-2025-2026-hyperspectral-2025-12-12-20m-rgb-tiff,raw/safra_2025_2026/hyperspectral/2025-12-12/20M-RGB.tiff,safra_2025_2026,hyperspectral,2025-12-12,,20M,raw/safra_2025_2026/hyperspectral/2025-12-12/20M-RGB,usable,,1350140,61c8022ac37d41711cd9a701876cd5a454f4308ac9da6481c5a7480a8f98f7b6
raw-safra-2025-2026-hyperspectral-2025-12-12-20s-rgb-tiff,raw/safra_2025_2026/hyperspectral/2025-12-12/20S-RGB.tiff,safra_2025_2026,hyperspectral,2025-12-12,,20S,raw/safra_2025_2026/hyperspectral/2025-12-12/20S-RGB,usable,,1350140,ffea0e8f58805fa7691e312938e50434a395d7f55a2f4e8ab8d230e2ea47a2a5
raw-safra-2025-2026-hyperspectral-2025-12-12-20s-bil,raw/safra_2025_2026/hyperspectral/2025-12-12/20S.bil,safra_2025_2026,hyperspectral,2025-12-12,,20S,raw/safra_2025_2026/hyperspectral/2025-12-12/20S,usable,,270000000,0d9f5abcfbef6debe311817172569c599d1c254fd25e6d00c2505fed2578d485
raw-safra-2025-2026-hyperspectral-2025-12-12-20s-bil-hdr,raw/safra_2025_2026/hyperspectral/2025-12-12/20S.bil.hdr,safra_2025_2026,hyperspectral,2025-12-12,,20S,raw/safra_2025_2026/hyperspectral/2025-12-12/20S,usable,,2819,dc57d9d751ede52b7af6fb92d99255a012971986254cbdadfc706d8f559c98a4
raw-safra-2025-2026-hyperspectral-2025-12-12-21m-rgb-tiff,raw/safra_2025_2026/hyperspectral/2025-12-12/21M-RGB.tiff,safra_2025_2026,hyperspectral,2025-12-12,,21M,raw/safra_2025_2026/hyperspectral/2025-12-12/21M-RGB,usable,,1350140,476a4414eb31f04c2f8bfe52b327a5289c64a4ea889784baf3fcb323c36f8d58
raw-safra-2025-2026-hyperspectral-2025-12-12-21m-bil,raw/safra_2025_2026/hyperspectral/2025-12-12/21M.bil,safra_2025_2026,hyperspectral,2025-12-12,,21M,raw/safra_2025_2026/hyperspectral/2025-12-12/21M,usable,,270000000,4e417bdd25d0b84cc076c3d6e7ac480f756068e9376395568184be51586c353d
raw-safra-2025-2026-hyperspectral-2025-12-12-21m-bil-hdr,raw/safra_2025_2026/hyperspectral/2025-12-12/21M.bil.hdr,safra_2025_2026,hyperspectral,2025-12-12,,21M,raw/safra_2025_2026/hyperspectral/2025-12-12/21M,usable,,2819,4bfbafb3ddaa16d0be45a2d8e2349d151ba4801fc38ebf191762dfbe3ff17ab1
raw-safra-2025-2026-hyperspectral-2025-12-12-21s-rgb-tiff,raw/safra_2025_2026/hyperspectral/2025-12-12/21S-RGB.tiff,safra_2025_2026,hyperspectral,2025-12-12,,21S,raw/safra_2025_2026/hyperspectral/2025-12-12/21S-RGB,usable,,1350140,2c9c8c0d3fbed4639a6d3a6d26b2276b6a83db385157a1ec9cbc4fa5f2af9635
raw-safra-2025-2026-hyperspectral-2025-12-12-21s-bil,raw/safra_2025_2026/hyperspectral/2025-12-12/21S.bil,safra_2025_2026,hyperspectral,2025-12-12,,21S,raw/safra_2025_2026/hyperspectral/2025-12-12/21S,usable,,270000000,371fabc8cc7836455363c4a7ac5f1aadb42ce31a32aa48ed8fbf7b7442207502
raw-safra-2025-2026-hyperspectral-2025-12-12-21s-bil-hdr,raw/safra_2025_2026/hyperspectral/2025-12-12/21S.bil.hdr,safra_2025_2026,hyperspectral,2025-12-12,,21S,raw/safra_2025_2026/hyperspectral/2025-12-12/21S,usable,,2819,6a45f8d69838b47a7b8f014f035089fdad65038ae52e9c107b078af833cff0b8
raw-safra-2025-2026-hyperspectral-2025-12-12-22m-rgb-tiff,raw/safra_2025_2026/hyperspectral/2025-12-12/22M-RGB.tiff,safra_2025_2026,hyperspectral,2025-12-12,,22M,raw/safra_2025_2026/hyperspectral/2025-12-12/22M-RGB,usable,,1350140,292f221971ea28d31b9ec5c1acb570f23b4e2458d09f62bcf7093cc5a4baa3b9
raw-safra-2025-2026-hyperspectral-2025-12-12-22m-bil,raw/safra_2025_2026/hyperspectral/2025-12-12/22M.bil,safra_2025_2026,hyperspectral,2025-12-12,,22M,raw/safra_2025_2026/hyperspectral/2025-12-12/22M,usable,,270000000,28aada9eda577249cb9e3a647824cff7529c004c36cc58164272d108e7dbf6f9
raw-safra-2025-2026-hyperspectral-2025-12-12-22m-bil-hdr,raw/safra_2025_2026/hyperspectral/2025-12-12/22M.bil.hdr,safra_2025_2026,hyperspectral,2025-12-12,,22M,raw/safra_2025_2026/hyperspectral/2025-12-12/22M,usable,,2819,5b59dfa567fe518035ef3a5aa589227bdd0b27827b11e500678168b85fffed9b
raw-safra-2025-2026-hyperspectral-2025-12-12-22s-rgb-tiff,raw/safra_2025_2026/hyperspectral/2025-12-12/22S-RGB.tiff,safra_2025_2026,hyperspectral,2025-12-12,,22S,raw/safra_2025_2026/hyperspectral/2025-12-12/22S-RGB,usable,,1350140,746622a7e592c6bbb7a04731031133e962e1dc74fc2b2b6809574e2af12e8166
raw-safra-2025-2026-hyperspectral-2025-12-12-22s-bil,raw/safra_2025_2026/hyperspectral/2025-12-12/22S.bil,safra_2025_2026,hyperspectral,2025-12-12,,22S,raw/safra_2025_2026/hyperspectral/2025-12-12/22S,usable,,270000000,cb1d48a6e2a38c82cb5ea4e7da4ac4c5806f0880183e1b2400d2108f94940b03
raw-safra-2025-2026-hyperspectral-2025-12-12-22s-bil-hdr,raw/safra_2025_2026/hyperspectral/2025-12-12/22S.bil.hdr,safra_2025_2026,hyperspectral,2025-12-12,,22S,raw/safra_2025_2026/hyperspectral/2025-12-12/22S,usable,,2819,2aed5960a7b5fb9093600ecf5907ac87e6b16349df9849912eefc32a0558bb5c
raw-safra-2025-2026-hyperspectral-2025-12-12-23m-rgb-tiff,raw/safra_2025_2026/hyperspectral/2025-12-12/23M-RGB.tiff,safra_2025_2026,hyperspectral,2025-12-12,,23M,raw/safra_2025_2026/hyperspectral/2025-12-12/23M-RGB,usable,,1350140,fc47e97347b4fe5666fbc7841ddfd4366426845f6a10d2220b73ad17e1306ee3
raw-safra-2025-2026-hyperspectral-2025-12-12-23m-bil,raw/safra_2025_2026/hyperspectral/2025-12-12/23M.bil,safra_2025_2026,hyperspectral,2025-12-12,,23M,raw/safra_2025_2026/hyperspectral/2025-12-12/23M,usable,,270000000,14b593d3fdd580df70d5348524c1664cd59cdcea973ef48dd695cb847abe849a
raw-safra-2025-2026-hyperspectral-2025-12-12-23m-bil-hdr,raw/safra_2025_2026/hyperspectral/2025-12-12/23M.bil.hdr,safra_2025_2026,hyperspectral,2025-12-12,,23M,raw/safra_2025_2026/hyperspectral/2025-12-12/23M,usable,,2819,bd7f30ed1d2f8ce970a198e1fd31c8bda987a086a2fe95e7af61a8bdc1c0af02
raw-safra-2025-2026-hyperspectral-2025-12-12-23s-rgb-tiff,raw/safra_2025_2026/hyperspectral/2025-12-12/23S-RGB.tiff,safra_2025_2026,hyperspectral,2025-12-12,,23S,raw/safra_2025_2026/hyperspectral/2025-12-12/23S-RGB,usable,,1350140,140c908f0c96210c4b0137a3d82b4be8e074bb8eb019f70780e4a60fb31a1221
raw-safra-2025-2026-hyperspectral-2025-12-12-23s-bil,raw/safra_2025_2026/hyperspectral/2025-12-12/23S.bil,safra_2025_2026,hyperspectral,2025-12-12,,23S,raw/safra_2025_2026/hyperspectral/2025-12-12/23S,usable,,270000000,cee5c12e9bbecbb9dde360b75db4b37e766c2ce9340e01cca4084e0b9204ebf7
raw-safra-2025-2026-hyperspectral-2025-12-12-23s-bil-hdr,raw/safra_2025_2026/hyperspectral/2025-12-12/23S.bil.hdr,safra_2025_2026,hyperspectral,2025-12-12,,23S,raw/safra_2025_2026/hyperspectral/2025-12-12/23S,usable,,2819,3e8180533296c68077f4c7b7d07c7518d803e479a08f802ed506070b12c6f695
raw-safra-2025-2026-hyperspectral-2025-12-12-24m-rgb-tiff,raw/safra_2025_2026/hyperspectral/2025-12-12/24M-RGB.tiff,safra_2025_2026,hyperspectral,2025-12-12,,24M,raw/safra_2025_2026/hyperspectral/2025-12-12/24M-RGB,usable,,1350140,34282ad0d5309a590306f974edc8951ac11adbebfd1444097c30b153aadacb9a
raw-safra-2025-2026-hyperspectral-2025-12-12-24m-bil,raw/safra_2025_2026/hyperspectral/2025-12-12/24M.bil,safra_2025_2026,hyperspectral,2025-12-12,,24M,raw/safra_2025_2026/hyperspectral/2025-12-12/24M,usable,,270000000,1cf3b9743082c6a64bded1a5a94e5d2fee9b85332d6bc3c6d265cbc795928684
raw-safra-2025-2026-hyperspectral-2025-12-12-24m-bil-hdr,raw/safra_2025_2026/hyperspectral/2025-12-12/24M.bil.hdr,safra_2025_2026,hyperspectral,2025-12-12,,24M,raw/safra_2025_2026/hyperspectral/2025-12-12/24M,usable,,2819,b9d415726f15a106a8678dfbc0d869bf63eb30a807266c9d35babbc81d2bff6f
raw-safra-2025-2026-hyperspectral-2025-12-12-24s-rgb-tiff,raw/safra_2025_2026/hyperspectral/2025-12-12/24S-RGB.tiff,safra_2025_2026,hyperspectral,2025-12-12,,24S,raw/safra_2025_2026/hyperspectral/2025-12-12/24S-RGB,usable,,1350140,56171527ed8a286b6cc27023b495bf1b2b12cad0265c418375823df6cf373a21
raw-safra-2025-2026-hyperspectral-2025-12-12-24s-bil,raw/safra_2025_2026/hyperspectral/2025-12-12/24S.bil,safra_2025_2026,hyperspectral,2025-12-12,,24S,raw/safra_2025_2026/hyperspectral/2025-12-12/24S,usable,,270000000,65cbd9d24cff1550bd19ffc321f19ec8a3d7a405dd486e0f09322802d0e0b603
raw-safra-2025-2026-hyperspectral-2025-12-12-24s-bil-hdr,raw/safra_2025_2026/hyperspectral/2025-12-12/24S.bil.hdr,safra_2025_2026,hyperspectral,2025-12-12,,24S,raw/safra_2025_2026/hyperspectral/2025-12-12/24S,usable,,2819,75b1822f7790c9e586895f491b1b51cd39f09c12a4162cda6f6e09044e822e9e
raw-safra-2025-2026-hyperspectral-2025-12-12-25m-rgb-tiff,raw/safra_2025_2026/hyperspectral/2025-12-12/25M-RGB.tiff,safra_2025_2026,hyperspectral,2025-12-12,,25M,raw/safra_2025_2026/hyperspectral/2025-12-12/25M-RGB,usable,,1350140,53553a1f57e7f074817702e657c2ad681a51a72344bcc6a87879c6a345c1146e
raw-safra-2025-2026-hyperspectral-2025-12-12-25m-bil,raw/safra_2025_2026/hyperspectral/2025-12-12/25M.bil,safra_2025_2026,hyperspectral,2025-12-12,,25M,raw/safra_2025_2026/hyperspectral/2025-12-12/25M,usable,,270000000,03386d6b01d085e26a57e04995640bd72e1b9c7957183ab86a27c37905e899cd
raw-safra-2025-2026-hyperspectral-2025-12-12-25m-bil-hdr,raw/safra_2025_2026/hyperspectral/2025-12-12/25M.bil.hdr,safra_2025_2026,hyperspectral,2025-12-12,,25M,raw/safra_2025_2026/hyperspectral/2025-12-12/25M,usable,,2819,bade5d021cf88f0a2915f90ebd1d417eeea4053b91f346de30d09d76852155f5
raw-safra-2025-2026-hyperspectral-2025-12-12-25s-rgb-tiff,raw/safra_2025_2026/hyperspectral/2025-12-12/25S-RGB.tiff,safra_2025_2026,hyperspectral,2025-12-12,,25S,raw/safra_2025_2026/hyperspectral/2025-12-12/25S-RGB,usable,,1350140,7fff94dd5cf48c59387a3d7611bae845185eedec9637e7663755be23f2d5ed3b
raw-safra-2025-2026-hyperspectral-2025-12-12-25s-bil,raw/safra_2025_2026/hyperspectral/2025-12-12/25S.bil,safra_2025_2026,hyperspectral,2025-12-12,,25S,raw/safra_2025_2026/hyperspectral/2025-12-12/25S,usable,,270000000,15ff9167c80be1365ff34c812661658e367bf1eb3cd0e7c1faad7bc556c7fcd3
raw-safra-2025-2026-hyperspectral-2025-12-12-25s-bil-hdr,raw/safra_2025_2026/hyperspectral/2025-12-12/25S.bil.hdr,safra_2025_2026,hyperspectral,2025-12-12,,25S,raw/safra_2025_2026/hyperspectral/2025-12-12/25S,usable,,2819,3eb9cb6cddf508dea26e2ee601697b841b93adc81e72aab263ead7db83669183
raw-safra-2025-2026-hyperspectral-2025-12-12-26m-rgb-tiff,raw/safra_2025_2026/hyperspectral/2025-12-12/26M-RGB.tiff,safra_2025_2026,hyperspectral,2025-12-12,,26M,raw/safra_2025_2026/hyperspectral/2025-12-12/26M-RGB,usable,,1350140,46da0b52458c04e5d533f0c692a8c1ff88fe8be6d9e8c9954189bea09ee25fbe
raw-safra-2025-2026-hyperspectral-2025-12-12-26m-bil,raw/safra_2025_2026/hyperspectral/2025-12-12/26M.bil,safra_2025_2026,hyperspectral,2025-12-12,,26M,raw/safra_2025_2026/hyperspectral/2025-12-12/26M,usable,,270000000,3b05d66dd9edf096da0f90c7886f1dab4c64e88e9a982dace03fb47bee1b3306
raw-safra-2025-2026-hyperspectral-2025-12-12-26m-bil-hdr,raw/safra_2025_2026/hyperspectral/2025-12-12/26M.bil.hdr,safra_2025_2026,hyperspectral,2025-12-12,,26M,raw/safra_2025_2026/hyperspectral/2025-12-12/26M,usable,,2819,7edbd03aff8beac13b1796f280fd6f0e53a0d854a8c62fbb1f9259c583efd374
raw-safra-2025-2026-hyperspectral-2025-12-12-26s-rgb-tiff,raw/safra_2025_2026/hyperspectral/2025-12-12/26S-RGB.tiff,safra_2025_2026,hyperspectral,2025-12-12,,26S,raw/safra_2025_2026/hyperspectral/2025-12-12/26S-RGB,usable,,1350140,03af68baacd064ba5382b87d0120b3ada95c223a4db16761f879445f14af2912
raw-safra-2025-2026-hyperspectral-2025-12-12-26s-bil,raw/safra_2025_2026/hyperspectral/2025-12-12/26S.bil,safra_2025_2026,hyperspectral,2025-12-12,,26S,raw/safra_2025_2026/hyperspectral/2025-12-12/26S,usable,,270000000,a67ea429dd5c17d1cbdd508986b9c3e375a8d520a8cce96758e280af49918048
raw-safra-2025-2026-hyperspectral-2025-12-12-26s-bil-hdr,raw/safra_2025_2026/hyperspectral/2025-12-12/26S.bil.hdr,safra_2025_2026,hyperspectral,2025-12-12,,26S,raw/safra_2025_2026/hyperspectral/2025-12-12/26S,usable,,2819,25ba1f7a9bf7a13dacf1510b72d484bb5ee45b72a7ba08f115a4be3688bcabde
raw-safra-2025-2026-hyperspectral-2025-12-12-27m-rgb-tiff,raw/safra_2025_2026/hyperspectral/2025-12-12/27M-RGB.tiff,safra_2025_2026,hyperspectral,2025-12-12,,27M,raw/safra_2025_2026/hyperspectral/2025-12-12/27M-RGB,usable,,1350140,5a541db42a6f2bdabac097c6354557a3bc2577f0176b0b5f2bf27325ab92318d
raw-safra-2025-2026-hyperspectral-2025-12-12-27m-bil,raw/safra_2025_2026/hyperspectral/2025-12-12/27M.bil,safra_2025_2026,hyperspectral,2025-12-12,,27M,raw/safra_2025_2026/hyperspectral/2025-12-12/27M,usable,,270000000,eae5eb9c2d516a167875f18579e272688cd5ffc1b0d43ebab782f7e9d2e797ba
raw-safra-2025-2026-hyperspectral-2025-12-12-27m-bil-hdr,raw/safra_2025_2026/hyperspectral/2025-12-12/27M.bil.hdr,safra_2025_2026,hyperspectral,2025-12-12,,27M,raw/safra_2025_2026/hyperspectral/2025-12-12/27M,usable,,2819,4355fb84424209d134b73f388974d8794ebbeb8b8a565bc8e48801e6ff0c0168
raw-safra-2025-2026-hyperspectral-2025-12-12-27s-rgb-tiff,raw/safra_2025_2026/hyperspectral/2025-12-12/27S-RGB.tiff,safra_2025_2026,hyperspectral,2025-12-12,,27S,raw/safra_2025_2026/hyperspectral/2025-12-12/27S-RGB,usable,,1350140,222dd60b3b9f84be27ba951b65a1852837d19e28d5ad0eb3f1bfcdb67bdb7fb9
raw-safra-2025-2026-hyperspectral-2025-12-12-27s-bil,raw/safra_2025_2026/hyperspectral/2025-12-12/27S.bil,safra_2025_2026,hyperspectral,2025-12-12,,27S,raw/safra_2025_2026/hyperspectral/2025-12-12/27S,usable,,270000000,4f21b86035bd9ab68be53ee03d3ac66625d040eaa038c8b6a26b9d2674ade636
raw-safra-2025-2026-hyperspectral-2025-12-12-27s-bil-hdr,raw/safra_2025_2026/hyperspectral/2025-12-12/27S.bil.hdr,safra_2025_2026,hyperspectral,2025-12-12,,27S,raw/safra_2025_2026/hyperspectral/2025-12-12/27S,usable,,2819,b0cbbb09d28798a86fffae2c6f87e3cc28fa2033a31e01a9085d3727975bc435
raw-safra-2025-2026-hyperspectral-2025-12-12-28m-rgb-tiff,raw/safra_2025_2026/hyperspectral/2025-12-12/28M-RGB.tiff,safra_2025_2026,hyperspectral,2025-12-12,,28M,raw/safra_2025_2026/hyperspectral/2025-12-12/28M-RGB,usable,,1350140,00bbaafca3de805b67f6ea225f4cb9901778517166deef6556f5303ef7d125d1
raw-safra-2025-2026-hyperspectral-2025-12-12-28m-bil,raw/safra_2025_2026/hyperspectral/2025-12-12/28M.bil,safra_2025_2026,hyperspectral,2025-12-12,,28M,raw/safra_2025_2026/hyperspectral/2025-12-12/28M,usable,,270000000,a743a3ee1501ac708a1da6ae9639f5a53e743a56fc76eb5c5ed778b9a39ed5db
raw-safra-2025-2026-hyperspectral-2025-12-12-28m-bil-hdr,raw/safra_2025_2026/hyperspectral/2025-12-12/28M.bil.hdr,safra_2025_2026,hyperspectral,2025-12-12,,28M,raw/safra_2025_2026/hyperspectral/2025-12-12/28M,usable,,2819,9aad3b1758bf29075e257b87a048f9cefdb28570e09b1663cab9ee065e92ed77
raw-safra-2025-2026-hyperspectral-2025-12-12-28s-rgb-tiff,raw/safra_2025_2026/hyperspectral/2025-12-12/28S-RGB.tiff,safra_2025_2026,hyperspectral,2025-12-12,,28S,raw/safra_2025_2026/hyperspectral/2025-12-12/28S-RGB,usable,,1350140,eb861d027d840f81d7cb09290260c671f19301ecf7eeabd4e59001cd192aa649
raw-safra-2025-2026-hyperspectral-2025-12-12-28s-bil,raw/safra_2025_2026/hyperspectral/2025-12-12/28S.bil,safra_2025_2026,hyperspectral,2025-12-12,,28S,raw/safra_2025_2026/hyperspectral/2025-12-12/28S,usable,,270000000,9a80b11f9823f118e89b7c72af05f249f044754e08b27843038dd0668db6f1d0
raw-safra-2025-2026-hyperspectral-2025-12-12-28s-bil-hdr,raw/safra_2025_2026/hyperspectral/2025-12-12/28S.bil.hdr,safra_2025_2026,hyperspectral,2025-12-12,,28S,raw/safra_2025_2026/hyperspectral/2025-12-12/28S,usable,,2819,b23749d71fe1922f42a5f0802bdc399dfe456fee0bcb81f35f5aa2b994638a2c
raw-safra-2025-2026-hyperspectral-2025-12-12-29m-rgb-tiff,raw/safra_2025_2026/hyperspectral/2025-12-12/29M-RGB.tiff,safra_2025_2026,hyperspectral,2025-12-12,,29M,raw/safra_2025_2026/hyperspectral/2025-12-12/29M-RGB,usable,,1350140,7ff9155dcaa1cb120030bd381a57d6d4be253a19f0aa9438d95c460a88bacf2b
raw-safra-2025-2026-hyperspectral-2025-12-12-29m-bil,raw/safra_2025_2026/hyperspectral/2025-12-12/29M.bil,safra_2025_2026,hyperspectral,2025-12-12,,29M,raw/safra_2025_2026/hyperspectral/2025-12-12/29M,usable,,270000000,898a4ba51fb903e9631a4cdb3c7ca7ee7d1b107cbb637b17a4c1229d4959e1ee
raw-safra-2025-2026-hyperspectral-2025-12-12-29m-bil-hdr,raw/safra_2025_2026/hyperspectral/2025-12-12/29M.bil.hdr,safra_2025_2026,hyperspectral,2025-12-12,,29M,raw/safra_2025_2026/hyperspectral/2025-12-12/29M,usable,,2819,3829845a19c3e773c9f159ea891e0da76eb29300191e4fb155d159dac3e998ef
raw-safra-2025-2026-hyperspectral-2025-12-12-29s-rgb-tiff,raw/safra_2025_2026/hyperspectral/2025-12-12/29S-RGB.tiff,safra_2025_2026,hyperspectral,2025-12-12,,29S,raw/safra_2025_2026/hyperspectral/2025-12-12/29S-RGB,usable,,1350140,b51d5a9aa004650c44d243e2e061709236226d5cca12d6db6158690966eb4403
raw-safra-2025-2026-hyperspectral-2025-12-12-29s-bil,raw/safra_2025_2026/hyperspectral/2025-12-12/29S.bil,safra_2025_2026,hyperspectral,2025-12-12,,29S,raw/safra_2025_2026/hyperspectral/2025-12-12/29S,usable,,270000000,84e6a01fd32b78075da65f3aabc4fb3b990625927ae91b26477012356c1dada6
raw-safra-2025-2026-hyperspectral-2025-12-12-29s-bil-hdr,raw/safra_2025_2026/hyperspectral/2025-12-12/29S.bil.hdr,safra_2025_2026,hyperspectral,2025-12-12,,29S,raw/safra_2025_2026/hyperspectral/2025-12-12/29S,usable,,2819,5e1cfc6be99369f4d52dd6cd32cdddcff3e605aa1357f84eef4e4492c8d573f6
raw-safra-2025-2026-hyperspectral-2025-12-12-2m-rgb-tiff,raw/safra_2025_2026/hyperspectral/2025-12-12/2M-RGB.tiff,safra_2025_2026,hyperspectral,2025-12-12,,2M,raw/safra_2025_2026/hyperspectral/2025-12-12/2M-RGB,usable,,1350140,79c4a076f3307685701dbdfa02b03e3680c825b10a1aa4a07ac71b097a5d5e4d
raw-safra-2025-2026-hyperspectral-2025-12-12-2m-bil,raw/safra_2025_2026/hyperspectral/2025-12-12/2M.bil,safra_2025_2026,hyperspectral,2025-12-12,,2M,raw/safra_2025_2026/hyperspectral/2025-12-12/2M,usable,,270000000,a5cf6723e19f65a225f8943b0817a0ae18c6500910c4ae7ed5a950bbaba8ba5c
raw-safra-2025-2026-hyperspectral-2025-12-12-2m-bil-hdr,raw/safra_2025_2026/hyperspectral/2025-12-12/2M.bil.hdr,safra_2025_2026,hyperspectral,2025-12-12,,2M,raw/safra_2025_2026/hyperspectral/2025-12-12/2M,usable,,2818,4932d25556d36d8a39068df5be10645e671327e2f04e12d9dbc8ec3a29fbd2a8
raw-safra-2025-2026-hyperspectral-2025-12-12-2s-rgb-tiff,raw/safra_2025_2026/hyperspectral/2025-12-12/2S-RGB.tiff,safra_2025_2026,hyperspectral,2025-12-12,,2S,raw/safra_2025_2026/hyperspectral/2025-12-12/2S-RGB,usable,,1350140,9fcaf4b5254a52fc1fbc7c4285b99fc289c959fa59b7d5329f6602b756ed7525
raw-safra-2025-2026-hyperspectral-2025-12-12-2s-bil,raw/safra_2025_2026/hyperspectral/2025-12-12/2S.bil,safra_2025_2026,hyperspectral,2025-12-12,,2S,raw/safra_2025_2026/hyperspectral/2025-12-12/2S,usable,,270000000,1077c403a0cd60f1fe64ec13a09b66d9c0ed4b849744b06ad435b7219ec03d8f
raw-safra-2025-2026-hyperspectral-2025-12-12-2s-bil-hdr,raw/safra_2025_2026/hyperspectral/2025-12-12/2S.bil.hdr,safra_2025_2026,hyperspectral,2025-12-12,,2S,raw/safra_2025_2026/hyperspectral/2025-12-12/2S,usable,,2818,981673f087d3000418752a1594e08b264a213b7aedce606be05bfcb2770c6828
raw-safra-2025-2026-hyperspectral-2025-12-12-30m-rgb-tiff,raw/safra_2025_2026/hyperspectral/2025-12-12/30M-RGB.tiff,safra_2025_2026,hyperspectral,2025-12-12,,30M,raw/safra_2025_2026/hyperspectral/2025-12-12/30M-RGB,usable,,1350140,eb16ede3c0491096511ff991153c571048a9859960ea4be3f25cb3ee0de72077
raw-safra-2025-2026-hyperspectral-2025-12-12-30m-bil,raw/safra_2025_2026/hyperspectral/2025-12-12/30M.bil,safra_2025_2026,hyperspectral,2025-12-12,,30M,raw/safra_2025_2026/hyperspectral/2025-12-12/30M,usable,,270000000,d0ccca2cb297b5a5a524dce4d8f706d68b41ab41f859fbba795553e55290a8dd
raw-safra-2025-2026-hyperspectral-2025-12-12-30m-bil-hdr,raw/safra_2025_2026/hyperspectral/2025-12-12/30M.bil.hdr,safra_2025_2026,hyperspectral,2025-12-12,,30M,raw/safra_2025_2026/hyperspectral/2025-12-12/30M,usable,,2819,c8e927f3132a31ea444e7b8b498a6043b5e0bcb09302f7e795d5330e620ffc8c
raw-safra-2025-2026-hyperspectral-2025-12-12-30s-rgb-tiff,raw/safra_2025_2026/hyperspectral/2025-12-12/30S-RGB.tiff,safra_2025_2026,hyperspectral,2025-12-12,,30S,raw/safra_2025_2026/hyperspectral/2025-12-12/30S-RGB,usable,,1350140,c0d3dc1d56590409971303a6efbefac7017f2e263a310af8b87fb9f02d8876fc
raw-safra-2025-2026-hyperspectral-2025-12-12-30s-bil,raw/safra_2025_2026/hyperspectral/2025-12-12/30S.bil,safra_2025_2026,hyperspectral,2025-12-12,,30S,raw/safra_2025_2026/hyperspectral/2025-12-12/30S,usable,,270000000,f0cafa47e53fb7e0ae5a2280375b78212c89e4c6662691f34908d8b3b630f648
raw-safra-2025-2026-hyperspectral-2025-12-12-30s-bil-hdr,raw/safra_2025_2026/hyperspectral/2025-12-12/30S.bil.hdr,safra_2025_2026,hyperspectral,2025-12-12,,30S,raw/safra_2025_2026/hyperspectral/2025-12-12/30S,usable,,2819,9d95fac09ccf647dd9030679419a6cf583e9e9aeb808a4ad3390952cd1e4a33c
raw-safra-2025-2026-hyperspectral-2025-12-12-31m-rgb-tiff,raw/safra_2025_2026/hyperspectral/2025-12-12/31M-RGB.tiff,safra_2025_2026,hyperspectral,2025-12-12,,31M,raw/safra_2025_2026/hyperspectral/2025-12-12/31M-RGB,usable,,1350140,e2c85723d972952f67810c5785958a5c90ea1d4bff216f6fff02d0e52519a1fd
raw-safra-2025-2026-hyperspectral-2025-12-12-31m-bil,raw/safra_2025_2026/hyperspectral/2025-12-12/31M.bil,safra_2025_2026,hyperspectral,2025-12-12,,31M,raw/safra_2025_2026/hyperspectral/2025-12-12/31M,usable,,270000000,b19a3ddd21a508384de748f042fa2bd7eee475fa83418c937cbd5f1a278bb092
raw-safra-2025-2026-hyperspectral-2025-12-12-31m-bil-hdr,raw/safra_2025_2026/hyperspectral/2025-12-12/31M.bil.hdr,safra_2025_2026,hyperspectral,2025-12-12,,31M,raw/safra_2025_2026/hyperspectral/2025-12-12/31M,usable,,2819,5052f05981dfea616a5962e6b28d2295a00962bacf591663485b835e8172f793
raw-safra-2025-2026-hyperspectral-2025-12-12-32m-rgb-tiff,raw/safra_2025_2026/hyperspectral/2025-12-12/32M-RGB.tiff,safra_2025_2026,hyperspectral,2025-12-12,,32M,raw/safra_2025_2026/hyperspectral/2025-12-12/32M-RGB,usable,,1350140,300a432cbd8c990c18858b772c53440adcbbef2cec9ad5d44f3448d8eac39164
raw-safra-2025-2026-hyperspectral-2025-12-12-32m-bil,raw/safra_2025_2026/hyperspectral/2025-12-12/32M.bil,safra_2025_2026,hyperspectral,2025-12-12,,32M,raw/safra_2025_2026/hyperspectral/2025-12-12/32M,usable,,270000000,dd44a2af5c1b522de39684fd235063d26400369ea10ff79ea907a5e928d7481d
raw-safra-2025-2026-hyperspectral-2025-12-12-32m-bil-hdr,raw/safra_2025_2026/hyperspectral/2025-12-12/32M.bil.hdr,safra_2025_2026,hyperspectral,2025-12-12,,32M,raw/safra_2025_2026/hyperspectral/2025-12-12/32M,usable,,2819,a8eed0afec3adf13cea54e5d3972037b02ad7f0a7af450c25e949a83675c2368
raw-safra-2025-2026-hyperspectral-2025-12-12-32s-rgb-tiff,raw/safra_2025_2026/hyperspectral/2025-12-12/32S-RGB.tiff,safra_2025_2026,hyperspectral,2025-12-12,,32S,raw/safra_2025_2026/hyperspectral/2025-12-12/32S-RGB,usable,,1350140,d36d69a5968d638467d64acc6a72fe02d45d2661d81ef26480801e772a29885c
raw-safra-2025-2026-hyperspectral-2025-12-12-32s-bil,raw/safra_2025_2026/hyperspectral/2025-12-12/32S.bil,safra_2025_2026,hyperspectral,2025-12-12,,32S,raw/safra_2025_2026/hyperspectral/2025-12-12/32S,usable,,270000000,4f716493649d707f6743f9e6477812676fe21e1d184c6cb289557ed72bc5a023
raw-safra-2025-2026-hyperspectral-2025-12-12-32s-bil-hdr,raw/safra_2025_2026/hyperspectral/2025-12-12/32S.bil.hdr,safra_2025_2026,hyperspectral,2025-12-12,,32S,raw/safra_2025_2026/hyperspectral/2025-12-12/32S,usable,,2819,3d332db461b2e32614c8928817fa383a91d512ca16a85c8326b0ac9ad53e07c6
raw-safra-2025-2026-hyperspectral-2025-12-12-33m-rgb-tiff,raw/safra_2025_2026/hyperspectral/2025-12-12/33M-RGB.tiff,safra_2025_2026,hyperspectral,2025-12-12,,33M,raw/safra_2025_2026/hyperspectral/2025-12-12/33M-RGB,usable,,1350140,f34614a5dea5f52194ba9a4ef916a52fa0bfbd0cad0f0e13f385fc6cd00c1e87
raw-safra-2025-2026-hyperspectral-2025-12-12-33m-bil,raw/safra_2025_2026/hyperspectral/2025-12-12/33M.bil,safra_2025_2026,hyperspectral,2025-12-12,,33M,raw/safra_2025_2026/hyperspectral/2025-12-12/33M,usable,,270000000,058e9966fe2536c1fff2fa8bcbaf5183cfa9276f27ce5459caf68402a9b575a1
raw-safra-2025-2026-hyperspectral-2025-12-12-33m-bil-hdr,raw/safra_2025_2026/hyperspectral/2025-12-12/33M.bil.hdr,safra_2025_2026,hyperspectral,2025-12-12,,33M,raw/safra_2025_2026/hyperspectral/2025-12-12/33M,usable,,2819,3ef59817eafedd18e94343c41aa8bfa7e77028bd8878b2e58a50246c07419968
raw-safra-2025-2026-hyperspectral-2025-12-12-33s-rgb-tiff,raw/safra_2025_2026/hyperspectral/2025-12-12/33S-RGB.tiff,safra_2025_2026,hyperspectral,2025-12-12,,33S,raw/safra_2025_2026/hyperspectral/2025-12-12/33S-RGB,usable,,1350140,098065beb1713d44b7aff50e842d731ca3ee678d175021f1f4d3c43dbd9e4874
raw-safra-2025-2026-hyperspectral-2025-12-12-33s-bil,raw/safra_2025_2026/hyperspectral/2025-12-12/33S.bil,safra_2025_2026,hyperspectral,2025-12-12,,33S,raw/safra_2025_2026/hyperspectral/2025-12-12/33S,usable,,270000000,2d9d934a508aa288e6fca03e280713e569cf9f0df0fd3cde82831086d5edaab1
raw-safra-2025-2026-hyperspectral-2025-12-12-33s-bil-hdr,raw/safra_2025_2026/hyperspectral/2025-12-12/33S.bil.hdr,safra_2025_2026,hyperspectral,2025-12-12,,33S,raw/safra_2025_2026/hyperspectral/2025-12-12/33S,usable,,2819,7dba7a4461b214ff0698b6c5e9176b1d5b258ac34ce6953ec390d00bfc9f42ce
raw-safra-2025-2026-hyperspectral-2025-12-12-34m-rgb-tiff,raw/safra_2025_2026/hyperspectral/2025-12-12/34M-RGB.tiff,safra_2025_2026,hyperspectral,2025-12-12,,34M,raw/safra_2025_2026/hyperspectral/2025-12-12/34M-RGB,usable,,1350140,8e4ce3fa7f86c5fe85071e6bffafc9242a8d37af6b625572292a35dda56a621a
raw-safra-2025-2026-hyperspectral-2025-12-12-34m-bil,raw/safra_2025_2026/hyperspectral/2025-12-12/34M.bil,safra_2025_2026,hyperspectral,2025-12-12,,34M,raw/safra_2025_2026/hyperspectral/2025-12-12/34M,usable,,270000000,9343e3b595ab5394f48c2a98350df6f8545cc737e63a3502f64248fb68a1fa87
raw-safra-2025-2026-hyperspectral-2025-12-12-34m-bil-hdr,raw/safra_2025_2026/hyperspectral/2025-12-12/34M.bil.hdr,safra_2025_2026,hyperspectral,2025-12-12,,34M,raw/safra_2025_2026/hyperspectral/2025-12-12/34M,usable,,2819,9b138f608e9c825c879a1ce8f78cebeae18cd90d896569b7183dadbc5ac193af
raw-safra-2025-2026-hyperspectral-2025-12-12-34s-rgb-tiff,raw/safra_2025_2026/hyperspectral/2025-12-12/34S-RGB.tiff,safra_2025_2026,hyperspectral,2025-12-12,,34S,raw/safra_2025_2026/hyperspectral/2025-12-12/34S-RGB,usable,,1350140,0f8ff2c0bbc7a37a0067ea14fc6758fd8a051b489ba81a58d495be811ef81434
raw-safra-2025-2026-hyperspectral-2025-12-12-34s-bil,raw/safra_2025_2026/hyperspectral/2025-12-12/34S.bil,safra_2025_2026,hyperspectral,2025-12-12,,34S,raw/safra_2025_2026/hyperspectral/2025-12-12/34S,usable,,270000000,869c2ab06a66e8166d8d9a7c52486c365ca556f3813d49abb9ed22c74c35fd40
raw-safra-2025-2026-hyperspectral-2025-12-12-34s-bil-hdr,raw/safra_2025_2026/hyperspectral/2025-12-12/34S.bil.hdr,safra_2025_2026,hyperspectral,2025-12-12,,34S,raw/safra_2025_2026/hyperspectral/2025-12-12/34S,usable,,2819,0cb8977641c11f44fe065d247ec6e7a904984ef6b5d54f54b95ec98d23498523
raw-safra-2025-2026-hyperspectral-2025-12-12-35m-rgb-tiff,raw/safra_2025_2026/hyperspectral/2025-12-12/35M-RGB.tiff,safra_2025_2026,hyperspectral,2025-12-12,,35M,raw/safra_2025_2026/hyperspectral/2025-12-12/35M-RGB,usable,,1350140,37474135876ec39fa8152e90b1954e65f959d8b3cad8051f08769b01e6caaa53
raw-safra-2025-2026-hyperspectral-2025-12-12-35m-bil,raw/safra_2025_2026/hyperspectral/2025-12-12/35M.bil,safra_2025_2026,hyperspectral,2025-12-12,,35M,raw/safra_2025_2026/hyperspectral/2025-12-12/35M,usable,,270000000,6387da94fbba02a093001e08c78e705bd6a9e22a842dc90b982767f463ae0975
raw-safra-2025-2026-hyperspectral-2025-12-12-35m-bil-hdr,raw/safra_2025_2026/hyperspectral/2025-12-12/35M.bil.hdr,safra_2025_2026,hyperspectral,2025-12-12,,35M,raw/safra_2025_2026/hyperspectral/2025-12-12/35M,usable,,2819,d70d35b95c4280245d8795c3da9cff054be4144b9bf4dc31add2849f67a3724a
raw-safra-2025-2026-hyperspectral-2025-12-12-35s-rgb-tiff,raw/safra_2025_2026/hyperspectral/2025-12-12/35S-RGB.tiff,safra_2025_2026,hyperspectral,2025-12-12,,35S,raw/safra_2025_2026/hyperspectral/2025-12-12/35S-RGB,usable,,1350140,d557a176bf364af33ddbef68c38cee054b1112f09f142006556de49e4fc1b72c
raw-safra-2025-2026-hyperspectral-2025-12-12-35s-bil,raw/safra_2025_2026/hyperspectral/2025-12-12/35S.bil,safra_2025_2026,hyperspectral,2025-12-12,,35S,raw/safra_2025_2026/hyperspectral/2025-12-12/35S,usable,,270000000,dd4c308d4fa541dcb25c29c494e371794af550cfda5621f2e25dc429d16764db
raw-safra-2025-2026-hyperspectral-2025-12-12-35s-bil-hdr,raw/safra_2025_2026/hyperspectral/2025-12-12/35S.bil.hdr,safra_2025_2026,hyperspectral,2025-12-12,,35S,raw/safra_2025_2026/hyperspectral/2025-12-12/35S,usable,,2819,6ebc7ec8a311455d9dd539d4047fe74367afba1bb00d616cff4d4be9c8db23db
raw-safra-2025-2026-hyperspectral-2025-12-12-36m-rgb-tiff,raw/safra_2025_2026/hyperspectral/2025-12-12/36M-RGB.tiff,safra_2025_2026,hyperspectral,2025-12-12,,36M,raw/safra_2025_2026/hyperspectral/2025-12-12/36M-RGB,usable,,1350140,3a79ffc8c1ea7bb4672a9b6098f154b15acd469734d82cba6f251d4c74a151b3
raw-safra-2025-2026-hyperspectral-2025-12-12-36m-bil,raw/safra_2025_2026/hyperspectral/2025-12-12/36M.bil,safra_2025_2026,hyperspectral,2025-12-12,,36M,raw/safra_2025_2026/hyperspectral/2025-12-12/36M,usable,,270000000,dfabe27039fdcaa56eb076d939eba84487d75ce16fe98e8a622be3539e1e1b13
raw-safra-2025-2026-hyperspectral-2025-12-12-36m-bil-hdr,raw/safra_2025_2026/hyperspectral/2025-12-12/36M.bil.hdr,safra_2025_2026,hyperspectral,2025-12-12,,36M,raw/safra_2025_2026/hyperspectral/2025-12-12/36M,usable,,2819,25a7fbbb60e730b7a897f82529453e5fe0645353f33fed916066caa5612cc538
raw-safra-2025-2026-hyperspectral-2025-12-12-36s-rgb-tiff,raw/safra_2025_2026/hyperspectral/2025-12-12/36S-RGB.tiff,safra_2025_2026,hyperspectral,2025-12-12,,36S,raw/safra_2025_2026/hyperspectral/2025-12-12/36S-RGB,usable,,1350140,080123d904d075b47d6e0653613ced84e06ebc78c490b8b8eaa588d73c86dbec
raw-safra-2025-2026-hyperspectral-2025-12-12-36s-bil,raw/safra_2025_2026/hyperspectral/2025-12-12/36S.bil,safra_2025_2026,hyperspectral,2025-12-12,,36S,raw/safra_2025_2026/hyperspectral/2025-12-12/36S,usable,,270000000,c634da096255eae9d1788a4d4640c51b3fbf8ca1e50aeda2bb10e087b9fa0278
raw-safra-2025-2026-hyperspectral-2025-12-12-36s-bil-hdr,raw/safra_2025_2026/hyperspectral/2025-12-12/36S.bil.hdr,safra_2025_2026,hyperspectral,2025-12-12,,36S,raw/safra_2025_2026/hyperspectral/2025-12-12/36S,usable,,2819,f22bfbaa7d41f2022425095b66504649eebc28748d669e28105e17cf6da39d52
raw-safra-2025-2026-hyperspectral-2025-12-12-37m-rgb-tiff,raw/safra_2025_2026/hyperspectral/2025-12-12/37M-RGB.tiff,safra_2025_2026,hyperspectral,2025-12-12,,37M,raw/safra_2025_2026/hyperspectral/2025-12-12/37M-RGB,usable,,1350140,9003796e2b5015c1ee1f50481c53cf0302991f0cc7d5c355f2226e5efa0456ac
raw-safra-2025-2026-hyperspectral-2025-12-12-37m-bil,raw/safra_2025_2026/hyperspectral/2025-12-12/37M.bil,safra_2025_2026,hyperspectral,2025-12-12,,37M,raw/safra_2025_2026/hyperspectral/2025-12-12/37M,usable,,270000000,9c476c08a8448f836d6c2b043059098f1fedcebbaf90a67b5c3c8683567b12e9
raw-safra-2025-2026-hyperspectral-2025-12-12-37m-bil-hdr,raw/safra_2025_2026/hyperspectral/2025-12-12/37M.bil.hdr,safra_2025_2026,hyperspectral,2025-12-12,,37M,raw/safra_2025_2026/hyperspectral/2025-12-12/37M,usable,,2819,cfef2da59c2f6ab32c308664951b1f5b999142c41469ee337ff8e38b39a21e4f
raw-safra-2025-2026-hyperspectral-2025-12-12-37s-rgb-tiff,raw/safra_2025_2026/hyperspectral/2025-12-12/37S-RGB.tiff,safra_2025_2026,hyperspectral,2025-12-12,,37S,raw/safra_2025_2026/hyperspectral/2025-12-12/37S-RGB,usable,,1350140,79cfd357fde753bc61328e408b884984bcff8c0eb00235a796f921637e08ae92
raw-safra-2025-2026-hyperspectral-2025-12-12-37s-bil,raw/safra_2025_2026/hyperspectral/2025-12-12/37S.bil,safra_2025_2026,hyperspectral,2025-12-12,,37S,raw/safra_2025_2026/hyperspectral/2025-12-12/37S,usable,,270000000,b3965f54ddb21c918d64412b5fdea3a0ede91f21e5f47e72cd6c181fcae94ea7
raw-safra-2025-2026-hyperspectral-2025-12-12-37s-bil-hdr,raw/safra_2025_2026/hyperspectral/2025-12-12/37S.bil.hdr,safra_2025_2026,hyperspectral,2025-12-12,,37S,raw/safra_2025_2026/hyperspectral/2025-12-12/37S,usable,,2819,f74ffb2ce68b3ae73078b74b39ebbab4af8e3944196e71aa81b42db59bcaca9d
raw-safra-2025-2026-hyperspectral-2025-12-12-38m-rgb-tiff,raw/safra_2025_2026/hyperspectral/2025-12-12/38M-RGB.tiff,safra_2025_2026,hyperspectral,2025-12-12,,38M,raw/safra_2025_2026/hyperspectral/2025-12-12/38M-RGB,usable,,1350140,796bd3ce7b6007c499ccdbc0f859db15602519623ed62270dbe59d60c4e77f4d
raw-safra-2025-2026-hyperspectral-2025-12-12-38m-bil,raw/safra_2025_2026/hyperspectral/2025-12-12/38M.bil,safra_2025_2026,hyperspectral,2025-12-12,,38M,raw/safra_2025_2026/hyperspectral/2025-12-12/38M,usable,,270000000,e2409ad2dc544a6f2dfb09fc46fb9a7610880f0582713db0fdb195e2ecea5cb3
raw-safra-2025-2026-hyperspectral-2025-12-12-38m-bil-hdr,raw/safra_2025_2026/hyperspectral/2025-12-12/38M.bil.hdr,safra_2025_2026,hyperspectral,2025-12-12,,38M,raw/safra_2025_2026/hyperspectral/2025-12-12/38M,usable,,2819,abfa8c5409f11b3aea6833ca906f6d6c7ccee773df240019b3c1e9505d1804ae
raw-safra-2025-2026-hyperspectral-2025-12-12-38s-rgb-tiff,raw/safra_2025_2026/hyperspectral/2025-12-12/38S-RGB.tiff,safra_2025_2026,hyperspectral,2025-12-12,,38S,raw/safra_2025_2026/hyperspectral/2025-12-12/38S-RGB,usable,,1350140,eac062b1a5bf77bee7d7aa96ceae3358a0838a33b6623a1a7f361ec11e63dddb
raw-safra-2025-2026-hyperspectral-2025-12-12-38s-bil,raw/safra_2025_2026/hyperspectral/2025-12-12/38S.bil,safra_2025_2026,hyperspectral,2025-12-12,,38S,raw/safra_2025_2026/hyperspectral/2025-12-12/38S,usable,,270000000,5501df41f4d6ef6a0bfb4209b6ec799fd62bbf62dc8a1f1a7755c4a2aaadd4f4
raw-safra-2025-2026-hyperspectral-2025-12-12-38s-bil-hdr,raw/safra_2025_2026/hyperspectral/2025-12-12/38S.bil.hdr,safra_2025_2026,hyperspectral,2025-12-12,,38S,raw/safra_2025_2026/hyperspectral/2025-12-12/38S,usable,,2819,4eeab78ca2916807b5b2086798f943c2d20d312bf8f84231b69ab9ded00dd73d
raw-safra-2025-2026-hyperspectral-2025-12-12-39m-rgb-tiff,raw/safra_2025_2026/hyperspectral/2025-12-12/39M-RGB.tiff,safra_2025_2026,hyperspectral,2025-12-12,,39M,raw/safra_2025_2026/hyperspectral/2025-12-12/39M-RGB,usable,,1350140,42dee19100cd7cc0a180431d3627c19f5d87a52a79d4e445986b782d1e3499ba
raw-safra-2025-2026-hyperspectral-2025-12-12-39m-bil,raw/safra_2025_2026/hyperspectral/2025-12-12/39M.bil,safra_2025_2026,hyperspectral,2025-12-12,,39M,raw/safra_2025_2026/hyperspectral/2025-12-12/39M,usable,,270000000,789b9d5fcb9d09657555945290a8269359a811ea58870506d9d2ba5d54c0f910
raw-safra-2025-2026-hyperspectral-2025-12-12-39m-bil-hdr,raw/safra_2025_2026/hyperspectral/2025-12-12/39M.bil.hdr,safra_2025_2026,hyperspectral,2025-12-12,,39M,raw/safra_2025_2026/hyperspectral/2025-12-12/39M,usable,,2819,f67735e39421ab814ed2d8225905e23775692a73690f9dfcf43d805d171d08c1
raw-safra-2025-2026-hyperspectral-2025-12-12-39s-rgb-tiff,raw/safra_2025_2026/hyperspectral/2025-12-12/39S-RGB.tiff,safra_2025_2026,hyperspectral,2025-12-12,,39S,raw/safra_2025_2026/hyperspectral/2025-12-12/39S-RGB,usable,,1350140,72f2991e80b89e3a986ae6cdde5a0884b5fff51885ef3974870942d22e00bcdb
raw-safra-2025-2026-hyperspectral-2025-12-12-39s-bil,raw/safra_2025_2026/hyperspectral/2025-12-12/39S.bil,safra_2025_2026,hyperspectral,2025-12-12,,39S,raw/safra_2025_2026/hyperspectral/2025-12-12/39S,usable,,270000000,5b3a83a8b791e894f20f5e14289ce2bb8381ab8c1e34484da717c8f907e4dfd6
raw-safra-2025-2026-hyperspectral-2025-12-12-39s-bil-hdr,raw/safra_2025_2026/hyperspectral/2025-12-12/39S.bil.hdr,safra_2025_2026,hyperspectral,2025-12-12,,39S,raw/safra_2025_2026/hyperspectral/2025-12-12/39S,usable,,2819,6a26d12420dba098946a189259bec29c16aee226397ea5338d6338add59052bb
raw-safra-2025-2026-hyperspectral-2025-12-12-3m-rgb-tiff,raw/safra_2025_2026/hyperspectral/2025-12-12/3M-RGB.tiff,safra_2025_2026,hyperspectral,2025-12-12,,3M,raw/safra_2025_2026/hyperspectral/2025-12-12/3M-RGB,usable,,1350140,31726d50b74bab8dac68bf597aef24d2764bed8cb30b12525db687709f6f62a3
raw-safra-2025-2026-hyperspectral-2025-12-12-3m-bil,raw/safra_2025_2026/hyperspectral/2025-12-12/3M.bil,safra_2025_2026,hyperspectral,2025-12-12,,3M,raw/safra_2025_2026/hyperspectral/2025-12-12/3M,usable,,270000000,52b0d706ce27e45d6c3cbd4de44b6128fad55ea5786b68898481bd50ad38c733
raw-safra-2025-2026-hyperspectral-2025-12-12-3m-bil-hdr,raw/safra_2025_2026/hyperspectral/2025-12-12/3M.bil.hdr,safra_2025_2026,hyperspectral,2025-12-12,,3M,raw/safra_2025_2026/hyperspectral/2025-12-12/3M,usable,,2818,e59bc9fdeaa7d4537b56b30cb5c610ebdd959d6182086b806a4c7fc591176a38
raw-safra-2025-2026-hyperspectral-2025-12-12-3s-rgb-tiff,raw/safra_2025_2026/hyperspectral/2025-12-12/3S-RGB.tiff,safra_2025_2026,hyperspectral,2025-12-12,,3S,raw/safra_2025_2026/hyperspectral/2025-12-12/3S-RGB,usable,,1350140,a51e992d7e1553f9e99e4d13b3e56713d39479217021c5c0245caad03264d4fb
raw-safra-2025-2026-hyperspectral-2025-12-12-3s-bil,raw/safra_2025_2026/hyperspectral/2025-12-12/3S.bil,safra_2025_2026,hyperspectral,2025-12-12,,3S,raw/safra_2025_2026/hyperspectral/2025-12-12/3S,usable,,270000000,7c6b6a08df63d00d4827c61d5f02a9e6785305d8e9fc1a9d78e9dbeae8306c3d
raw-safra-2025-2026-hyperspectral-2025-12-12-3s-bil-hdr,raw/safra_2025_2026/hyperspectral/2025-12-12/3S.bil.hdr,safra_2025_2026,hyperspectral,2025-12-12,,3S,raw/safra_2025_2026/hyperspectral/2025-12-12/3S,usable,,2818,17e380ba81eb3b0d7eda1145885fedae06efd0600a91144d3d6fbb486c64a112
raw-safra-2025-2026-hyperspectral-2025-12-12-40m-rgb-tiff,raw/safra_2025_2026/hyperspectral/2025-12-12/40M-RGB.tiff,safra_2025_2026,hyperspectral,2025-12-12,,40M,raw/safra_2025_2026/hyperspectral/2025-12-12/40M-RGB,usable,,1350140,31291855d0ac99e52b150d169fd4ec50e81335251145e4fb6dc8ff24a7490255
raw-safra-2025-2026-hyperspectral-2025-12-12-40m-bil,raw/safra_2025_2026/hyperspectral/2025-12-12/40M.bil,safra_2025_2026,hyperspectral,2025-12-12,,40M,raw/safra_2025_2026/hyperspectral/2025-12-12/40M,usable,,270000000,fb5907b6b3172d9dc6b75c8d4044865a10ce7edd8efa5de0d058e250048f5335
raw-safra-2025-2026-hyperspectral-2025-12-12-40m-bil-hdr,raw/safra_2025_2026/hyperspectral/2025-12-12/40M.bil.hdr,safra_2025_2026,hyperspectral,2025-12-12,,40M,raw/safra_2025_2026/hyperspectral/2025-12-12/40M,usable,,2819,5349ba20386acb93b020cc37d510a81ad1030266dc8d05ed30f2e8a3c4b6f25b
raw-safra-2025-2026-hyperspectral-2025-12-12-40s-rgb-tiff,raw/safra_2025_2026/hyperspectral/2025-12-12/40S-RGB.tiff,safra_2025_2026,hyperspectral,2025-12-12,,40S,raw/safra_2025_2026/hyperspectral/2025-12-12/40S-RGB,usable,,1350140,1a66152e69a3c86b652970bec18fb72e0b30c0606c903003258eea90f91d6c51
raw-safra-2025-2026-hyperspectral-2025-12-12-40s-bil,raw/safra_2025_2026/hyperspectral/2025-12-12/40S.bil,safra_2025_2026,hyperspectral,2025-12-12,,40S,raw/safra_2025_2026/hyperspectral/2025-12-12/40S,usable,,270000000,c76c357acdad66c3188ae5ee1edd7e541bcaa8cd6f718c2a39e49856f2f386f0
raw-safra-2025-2026-hyperspectral-2025-12-12-40s-bil-hdr,raw/safra_2025_2026/hyperspectral/2025-12-12/40S.bil.hdr,safra_2025_2026,hyperspectral,2025-12-12,,40S,raw/safra_2025_2026/hyperspectral/2025-12-12/40S,usable,,2819,317d11b7675290ac321fcf2817f5c3214fbb043dab8d54f6292363459209823a
raw-safra-2025-2026-hyperspectral-2025-12-12-4m-rgb-tiff,raw/safra_2025_2026/hyperspectral/2025-12-12/4M-RGB.tiff,safra_2025_2026,hyperspectral,2025-12-12,,4M,raw/safra_2025_2026/hyperspectral/2025-12-12/4M-RGB,usable,,1350140,589713c919107b9c04cd4961be8ec826fa4c7ea6777d5ef04a970f54e654ef7c
raw-safra-2025-2026-hyperspectral-2025-12-12-4m-bil,raw/safra_2025_2026/hyperspectral/2025-12-12/4M.bil,safra_2025_2026,hyperspectral,2025-12-12,,4M,raw/safra_2025_2026/hyperspectral/2025-12-12/4M,usable,,270000000,d60e6e3f2e1e59cd7f1d94602bb4f9f7daa6d9e630dfcb56447ac934cdd6d433
raw-safra-2025-2026-hyperspectral-2025-12-12-4m-bil-hdr,raw/safra_2025_2026/hyperspectral/2025-12-12/4M.bil.hdr,safra_2025_2026,hyperspectral,2025-12-12,,4M,raw/safra_2025_2026/hyperspectral/2025-12-12/4M,usable,,2818,4452ff5ca899cdf80f4e51323da18aa65dbbbbafd99bac9eeacd66c84c0feecd
raw-safra-2025-2026-hyperspectral-2025-12-12-4s-rgb-tiff,raw/safra_2025_2026/hyperspectral/2025-12-12/4S-RGB.tiff,safra_2025_2026,hyperspectral,2025-12-12,,4S,raw/safra_2025_2026/hyperspectral/2025-12-12/4S-RGB,usable,,1350140,c7eb2b891b18ba3f6dd9a5d97acbe0406abc5de5610c3ac22d4cb25221c8f8a6
raw-safra-2025-2026-hyperspectral-2025-12-12-4s-bil,raw/safra_2025_2026/hyperspectral/2025-12-12/4S.bil,safra_2025_2026,hyperspectral,2025-12-12,,4S,raw/safra_2025_2026/hyperspectral/2025-12-12/4S,usable,,270000000,79c7dade35e89e75e0afd1954edd8b219e04e23e3ecc88490c9948416d9478fc
raw-safra-2025-2026-hyperspectral-2025-12-12-4s-bil-hdr,raw/safra_2025_2026/hyperspectral/2025-12-12/4S.bil.hdr,safra_2025_2026,hyperspectral,2025-12-12,,4S,raw/safra_2025_2026/hyperspectral/2025-12-12/4S,usable,,2818,3c29bd15efbf27a84406e0fc121b08896631ea22aecb1b278f06b02c4be57e1c
raw-safra-2025-2026-hyperspectral-2025-12-12-5m-rgb-tiff,raw/safra_2025_2026/hyperspectral/2025-12-12/5M-RGB.tiff,safra_2025_2026,hyperspectral,2025-12-12,,5M,raw/safra_2025_2026/hyperspectral/2025-12-12/5M-RGB,usable,,1350140,6c6496bf19e88a1d64a0f0700c4944ffeecdde7465ba61f04679d8502400d05d
raw-safra-2025-2026-hyperspectral-2025-12-12-5m-bil,raw/safra_2025_2026/hyperspectral/2025-12-12/5M.bil,safra_2025_2026,hyperspectral,2025-12-12,,5M,raw/safra_2025_2026/hyperspectral/2025-12-12/5M,usable,,270000000,add65dd7100ac291324d0e751142415acd699a5312af43739a1c83a3c08d08b4
raw-safra-2025-2026-hyperspectral-2025-12-12-5m-bil-hdr,raw/safra_2025_2026/hyperspectral/2025-12-12/5M.bil.hdr,safra_2025_2026,hyperspectral,2025-12-12,,5M,raw/safra_2025_2026/hyperspectral/2025-12-12/5M,usable,,2818,ea951524a0e8defb35bf0450c3d312fae2c2d6584aec92ebd46b4cb7e2713f7b
raw-safra-2025-2026-hyperspectral-2025-12-12-5s-rgb-tiff,raw/safra_2025_2026/hyperspectral/2025-12-12/5S-RGB.tiff,safra_2025_2026,hyperspectral,2025-12-12,,5S,raw/safra_2025_2026/hyperspectral/2025-12-12/5S-RGB,usable,,1350140,dc94c43dcb718e965fd21693a07ea27d11f2dbd7e5f4e657a7c9f2f1f6090517
raw-safra-2025-2026-hyperspectral-2025-12-12-6m-rgb-tiff,raw/safra_2025_2026/hyperspectral/2025-12-12/6M-RGB.tiff,safra_2025_2026,hyperspectral,2025-12-12,,6M,raw/safra_2025_2026/hyperspectral/2025-12-12/6M-RGB,usable,,1350140,116fb06b0f05c2f6f18c50c7c62aae27d4725edd25ab52b4a8033216167bbd0e
raw-safra-2025-2026-hyperspectral-2025-12-12-6m-bil,raw/safra_2025_2026/hyperspectral/2025-12-12/6M.bil,safra_2025_2026,hyperspectral,2025-12-12,,6M,raw/safra_2025_2026/hyperspectral/2025-12-12/6M,usable,,270000000,20c72938b9534f47c8b06dfcff23d439e1ce6600eb7f8f0eaa3d46c823ca0f77
raw-safra-2025-2026-hyperspectral-2025-12-12-6m-bil-hdr,raw/safra_2025_2026/hyperspectral/2025-12-12/6M.bil.hdr,safra_2025_2026,hyperspectral,2025-12-12,,6M,raw/safra_2025_2026/hyperspectral/2025-12-12/6M,usable,,2818,5e73c8a9868d5a44d4d75e82e7e13754558c85a9e790abcc61e60e0ab93a0f37
raw-safra-2025-2026-hyperspectral-2025-12-12-6s-rgb-tiff,raw/safra_2025_2026/hyperspectral/2025-12-12/6S-RGB.tiff,safra_2025_2026,hyperspectral,2025-12-12,,6S,raw/safra_2025_2026/hyperspectral/2025-12-12/6S-RGB,usable,,1350140,c547a4792fca09a44632bd4d40bc60ced3a211c9f5c7104de12abe3aa097f353
raw-safra-2025-2026-hyperspectral-2025-12-12-6s-bil,raw/safra_2025_2026/hyperspectral/2025-12-12/6S.bil,safra_2025_2026,hyperspectral,2025-12-12,,6S,raw/safra_2025_2026/hyperspectral/2025-12-12/6S,usable,,270000000,48de947eac7f0c7eabe8c82803cc43e5a63e0f69b4ebb5af1e999426d23bb603
raw-safra-2025-2026-hyperspectral-2025-12-12-6s-bil-hdr,raw/safra_2025_2026/hyperspectral/2025-12-12/6S.bil.hdr,safra_2025_2026,hyperspectral,2025-12-12,,6S,raw/safra_2025_2026/hyperspectral/2025-12-12/6S,usable,,2818,ac7b507010def836ef7124559d1510ce85d690ed70a3ad53b40a793d030c3b80
raw-safra-2025-2026-hyperspectral-2025-12-12-7m-rgb-tiff,raw/safra_2025_2026/hyperspectral/2025-12-12/7M-RGB.tiff,safra_2025_2026,hyperspectral,2025-12-12,,7M,raw/safra_2025_2026/hyperspectral/2025-12-12/7M-RGB,usable,,1350140,6fa8098c0fb48a98d0079fc93f895eebf574c0b8931823f099f1610c21b27769
raw-safra-2025-2026-hyperspectral-2025-12-12-7m-bil,raw/safra_2025_2026/hyperspectral/2025-12-12/7M.bil,safra_2025_2026,hyperspectral,2025-12-12,,7M,raw/safra_2025_2026/hyperspectral/2025-12-12/7M,usable,,270000000,f878493bbaf9bcda4bdc101c8215bea451269cdaf22301efeba3dfb72aa65d38
raw-safra-2025-2026-hyperspectral-2025-12-12-7m-bil-hdr,raw/safra_2025_2026/hyperspectral/2025-12-12/7M.bil.hdr,safra_2025_2026,hyperspectral,2025-12-12,,7M,raw/safra_2025_2026/hyperspectral/2025-12-12/7M,usable,,2818,6749fe9145d87aaa4d36635845176970dc733488c5c20a0e0b9908d945efb9ae
raw-safra-2025-2026-hyperspectral-2025-12-12-7s-rgb-tiff,raw/safra_2025_2026/hyperspectral/2025-12-12/7S-RGB.tiff,safra_2025_2026,hyperspectral,2025-12-12,,7S,raw/safra_2025_2026/hyperspectral/2025-12-12/7S-RGB,usable,,1350140,6d974bee69d8855bf0521ea1da9ae3c25f59b736d994d240d0680c9943dea972
raw-safra-2025-2026-hyperspectral-2025-12-12-7s-bil,raw/safra_2025_2026/hyperspectral/2025-12-12/7S.bil,safra_2025_2026,hyperspectral,2025-12-12,,7S,raw/safra_2025_2026/hyperspectral/2025-12-12/7S,usable,,270000000,2a887609125cea6f945b9c60a0da38f6aa1119a5cac836906b2425bb2f9f34c8
raw-safra-2025-2026-hyperspectral-2025-12-12-7s-bil-hdr,raw/safra_2025_2026/hyperspectral/2025-12-12/7S.bil.hdr,safra_2025_2026,hyperspectral,2025-12-12,,7S,raw/safra_2025_2026/hyperspectral/2025-12-12/7S,usable,,2818,116dd40b481e0759734ddbccc8f121ce4e2c7b927c0120d77bcb1315094b13f9
raw-safra-2025-2026-hyperspectral-2025-12-12-8m-rgb-tiff,raw/safra_2025_2026/hyperspectral/2025-12-12/8M-RGB.tiff,safra_2025_2026,hyperspectral,2025-12-12,,8M,raw/safra_2025_2026/hyperspectral/2025-12-12/8M-RGB,usable,,1350140,24118adf814bc76356827535feb4936d0565f5a16bdd80e53420403c5826956d
raw-safra-2025-2026-hyperspectral-2025-12-12-8m-bil,raw/safra_2025_2026/hyperspectral/2025-12-12/8M.bil,safra_2025_2026,hyperspectral,2025-12-12,,8M,raw/safra_2025_2026/hyperspectral/2025-12-12/8M,usable,,270000000,8e24228433d2e819e0a2b0de2470236120bc5119fdb2ca377b41a1a2c53c6330
raw-safra-2025-2026-hyperspectral-2025-12-12-8m-bil-hdr,raw/safra_2025_2026/hyperspectral/2025-12-12/8M.bil.hdr,safra_2025_2026,hyperspectral,2025-12-12,,8M,raw/safra_2025_2026/hyperspectral/2025-12-12/8M,usable,,2818,c5d560dba839bcc28f6421fce3a89b203d7c01f9c6943321e3a9600dba41b83e
raw-safra-2025-2026-hyperspectral-2025-12-12-8s-rgb-tiff,raw/safra_2025_2026/hyperspectral/2025-12-12/8S-RGB.tiff,safra_2025_2026,hyperspectral,2025-12-12,,8S,raw/safra_2025_2026/hyperspectral/2025-12-12/8S-RGB,usable,,1350140,0c472a8486d3f1008cd5ad442bb995ea19c9aeb51adb19f9e588bda2875d49f3
raw-safra-2025-2026-hyperspectral-2025-12-12-8s-bil,raw/safra_2025_2026/hyperspectral/2025-12-12/8S.bil,safra_2025_2026,hyperspectral,2025-12-12,,8S,raw/safra_2025_2026/hyperspectral/2025-12-12/8S,usable,,270000000,0f3582b1c47e6c36f1d3bd72301be5d6597cca538639c5366e391366840ef7a7
raw-safra-2025-2026-hyperspectral-2025-12-12-8s-bil-hdr,raw/safra_2025_2026/hyperspectral/2025-12-12/8S.bil.hdr,safra_2025_2026,hyperspectral,2025-12-12,,8S,raw/safra_2025_2026/hyperspectral/2025-12-12/8S,usable,,2818,25027a0bc0baa15a75d3ccce0ae01df5e52068df1e2361bbcb082070cbc7636d
raw-safra-2025-2026-hyperspectral-2025-12-12-9m-rgb-tiff,raw/safra_2025_2026/hyperspectral/2025-12-12/9M-RGB.tiff,safra_2025_2026,hyperspectral,2025-12-12,,9M,raw/safra_2025_2026/hyperspectral/2025-12-12/9M-RGB,usable,,1350140,cd5e6df6d5484951402af2e1f5f12571d277a4169a3bae028fc86d2c86869829
raw-safra-2025-2026-hyperspectral-2025-12-12-9m-bil,raw/safra_2025_2026/hyperspectral/2025-12-12/9M.bil,safra_2025_2026,hyperspectral,2025-12-12,,9M,raw/safra_2025_2026/hyperspectral/2025-12-12/9M,usable,,270000000,b29b04337ba68ac87b88b94bf5b9bcc0d71f43dc863648dd710afecd8940e1d8
raw-safra-2025-2026-hyperspectral-2025-12-12-9m-bil-hdr,raw/safra_2025_2026/hyperspectral/2025-12-12/9M.bil.hdr,safra_2025_2026,hyperspectral,2025-12-12,,9M,raw/safra_2025_2026/hyperspectral/2025-12-12/9M,usable,,2818,7658b10b2675fbe65cffb97b721e32e1eed6d3efe459ebbfaeb9dc1f935e0d9c
raw-safra-2025-2026-hyperspectral-2025-12-12-9s-rgb-tiff,raw/safra_2025_2026/hyperspectral/2025-12-12/9S-RGB.tiff,safra_2025_2026,hyperspectral,2025-12-12,,9S,raw/safra_2025_2026/hyperspectral/2025-12-12/9S-RGB,usable,,1350140,a37e50983343d88ab0e0d94dd73a71e6a2ecf385ff0537dce5f321a8a1ff4f57
raw-safra-2025-2026-hyperspectral-2025-12-12-9s-bil,raw/safra_2025_2026/hyperspectral/2025-12-12/9S.bil,safra_2025_2026,hyperspectral,2025-12-12,,9S,raw/safra_2025_2026/hyperspectral/2025-12-12/9S,usable,,270000000,128358c1dbd949707fa09cc34ad3b27605be59b2b7772b87ac8c2ddd8c133b99
raw-safra-2025-2026-hyperspectral-2025-12-12-9s-bil-hdr,raw/safra_2025_2026/hyperspectral/2025-12-12/9S.bil.hdr,safra_2025_2026,hyperspectral,2025-12-12,,9S,raw/safra_2025_2026/hyperspectral/2025-12-12/9S,usable,,2818,194b08ee2cc5b359b373c515e298465753c8bff47295a7590b73184c71dff6da
raw-safra-2025-2026-hyperspectral-2026-01-14-10m-rgb-tiff,raw/safra_2025_2026/hyperspectral/2026-01-14/10M-RGB.tiff,safra_2025_2026,hyperspectral,2026-01-14,,10M,raw/safra_2025_2026/hyperspectral/2026-01-14/10M-RGB,usable,,1350140,2e29994fac4b9166cadf6d5046873d3f0fb8d810c025cc2d86e0714fc4044e74
raw-safra-2025-2026-hyperspectral-2026-01-14-10m-bil,raw/safra_2025_2026/hyperspectral/2026-01-14/10M.bil,safra_2025_2026,hyperspectral,2026-01-14,,10M,raw/safra_2025_2026/hyperspectral/2026-01-14/10M,usable,,270000000,33c4ea55917e60233fd33b5cd6a862733425bcfc2fdbeeb907438bdbb5dc66bb
raw-safra-2025-2026-hyperspectral-2026-01-14-10m-bil-hdr,raw/safra_2025_2026/hyperspectral/2026-01-14/10M.bil.hdr,safra_2025_2026,hyperspectral,2026-01-14,,10M,raw/safra_2025_2026/hyperspectral/2026-01-14/10M,usable,,2819,93094104aa4445ba0a9479094ffaf858d8bec78530a027c781c9526e881e962d
raw-safra-2025-2026-hyperspectral-2026-01-14-10s-rgb-tiff,raw/safra_2025_2026/hyperspectral/2026-01-14/10S-RGB.tiff,safra_2025_2026,hyperspectral,2026-01-14,,10S,raw/safra_2025_2026/hyperspectral/2026-01-14/10S-RGB,usable,,1350140,e3806536495ff34851308248cdfd324d24ef700f1c6690a34a8815d3e3b42547
raw-safra-2025-2026-hyperspectral-2026-01-14-10s-bil,raw/safra_2025_2026/hyperspectral/2026-01-14/10S.bil,safra_2025_2026,hyperspectral,2026-01-14,,10S,raw/safra_2025_2026/hyperspectral/2026-01-14/10S,usable,,270000000,b0464efc9d463ba15ba1bd7da98e76b983b095ba6ea2d2db433a78cd73c407ff
raw-safra-2025-2026-hyperspectral-2026-01-14-10s-bil-hdr,raw/safra_2025_2026/hyperspectral/2026-01-14/10S.bil.hdr,safra_2025_2026,hyperspectral,2026-01-14,,10S,raw/safra_2025_2026/hyperspectral/2026-01-14/10S,usable,,2819,91305ed5a1ca9878e8c240091f59d54014329e75acc223686a2db695e30076d1
raw-safra-2025-2026-hyperspectral-2026-01-14-11m-rgb-tiff,raw/safra_2025_2026/hyperspectral/2026-01-14/11M-RGB.tiff,safra_2025_2026,hyperspectral,2026-01-14,,11M,raw/safra_2025_2026/hyperspectral/2026-01-14/11M-RGB,usable,,1350140,9110bca30d1831bc4f944f01dd6c5df792495c2bf8d3b28409a7f4d1bb8946eb
raw-safra-2025-2026-hyperspectral-2026-01-14-11m-bil,raw/safra_2025_2026/hyperspectral/2026-01-14/11M.bil,safra_2025_2026,hyperspectral,2026-01-14,,11M,raw/safra_2025_2026/hyperspectral/2026-01-14/11M,usable,,270000000,bc933afe48acc11117f125ff7423fe7770890589ccdf097959c8a8f8cd924605
raw-safra-2025-2026-hyperspectral-2026-01-14-11m-bil-hdr,raw/safra_2025_2026/hyperspectral/2026-01-14/11M.bil.hdr,safra_2025_2026,hyperspectral,2026-01-14,,11M,raw/safra_2025_2026/hyperspectral/2026-01-14/11M,usable,,2819,191bbad291b527f4851c8529aca0620d27ecde5ef50d3ef073fa0faa8ace780d
raw-safra-2025-2026-hyperspectral-2026-01-14-11s-rgb-tiff,raw/safra_2025_2026/hyperspectral/2026-01-14/11S-RGB.tiff,safra_2025_2026,hyperspectral,2026-01-14,,11S,raw/safra_2025_2026/hyperspectral/2026-01-14/11S-RGB,usable,,1350140,fe62df574ff45c9f10ef355b9112c796b677150245551e68e705364c857fbf47
raw-safra-2025-2026-hyperspectral-2026-01-14-11s-bil,raw/safra_2025_2026/hyperspectral/2026-01-14/11S.bil,safra_2025_2026,hyperspectral,2026-01-14,,11S,raw/safra_2025_2026/hyperspectral/2026-01-14/11S,usable,,270000000,0ec59c848effd164edff98b51ef5af035ce993f5212e3f6a47faa86f8ee91231
raw-safra-2025-2026-hyperspectral-2026-01-14-11s-bil-hdr,raw/safra_2025_2026/hyperspectral/2026-01-14/11S.bil.hdr,safra_2025_2026,hyperspectral,2026-01-14,,11S,raw/safra_2025_2026/hyperspectral/2026-01-14/11S,usable,,2819,922f3c74dcec3fe00211fd81e344dbcbc7b34d71febffb598be08e490a51a3e7
raw-safra-2025-2026-hyperspectral-2026-01-14-12m-rgb-tiff,raw/safra_2025_2026/hyperspectral/2026-01-14/12M-RGB.tiff,safra_2025_2026,hyperspectral,2026-01-14,,12M,raw/safra_2025_2026/hyperspectral/2026-01-14/12M-RGB,usable,,1350140,be916b392284e8f42dc3e72f45e3c4f023530557ba7e96ef76e97fcb243eac18
raw-safra-2025-2026-hyperspectral-2026-01-14-12m-bil,raw/safra_2025_2026/hyperspectral/2026-01-14/12M.bil,safra_2025_2026,hyperspectral,2026-01-14,,12M,raw/safra_2025_2026/hyperspectral/2026-01-14/12M,usable,,270000000,3ad1861e52e1d57a850ebe8b576c36c3ff1cb8579f1f4b6c6465e8b65c8bd92c
raw-safra-2025-2026-hyperspectral-2026-01-14-12m-bil-hdr,raw/safra_2025_2026/hyperspectral/2026-01-14/12M.bil.hdr,safra_2025_2026,hyperspectral,2026-01-14,,12M,raw/safra_2025_2026/hyperspectral/2026-01-14/12M,usable,,2819,e85408ea0ca953a54a7a00685ee3017dfa5c2ee60b2c396e879611cf255f7fb5
raw-safra-2025-2026-hyperspectral-2026-01-14-12s-rgb-tiff,raw/safra_2025_2026/hyperspectral/2026-01-14/12S-RGB.tiff,safra_2025_2026,hyperspectral,2026-01-14,,12S,raw/safra_2025_2026/hyperspectral/2026-01-14/12S-RGB,usable,,1350140,3411025ccbf8325c1be036f415e9e8e2913fc2273de90c840745ef61317ee409
raw-safra-2025-2026-hyperspectral-2026-01-14-12s-bil,raw/safra_2025_2026/hyperspectral/2026-01-14/12S.bil,safra_2025_2026,hyperspectral,2026-01-14,,12S,raw/safra_2025_2026/hyperspectral/2026-01-14/12S,usable,,270000000,5d77d2f5804011ecf4003007d1ebc8cfca418bdb0ab99c408f70129b7916bf2f
raw-safra-2025-2026-hyperspectral-2026-01-14-12s-bil-hdr,raw/safra_2025_2026/hyperspectral/2026-01-14/12S.bil.hdr,safra_2025_2026,hyperspectral,2026-01-14,,12S,raw/safra_2025_2026/hyperspectral/2026-01-14/12S,usable,,2819,083279efa605c9fb8db8128d7c67b2183d4e3f72f49a98ed4d5a27699277895c
raw-safra-2025-2026-hyperspectral-2026-01-14-13m-rgb-tiff,raw/safra_2025_2026/hyperspectral/2026-01-14/13M-RGB.tiff,safra_2025_2026,hyperspectral,2026-01-14,,13M,raw/safra_2025_2026/hyperspectral/2026-01-14/13M-RGB,usable,,1350140,35ae30af0823f494ff6b249abf9e416fe5387c5c87fd844c2303f259e1f714c5
raw-safra-2025-2026-hyperspectral-2026-01-14-13m-bil,raw/safra_2025_2026/hyperspectral/2026-01-14/13M.bil,safra_2025_2026,hyperspectral,2026-01-14,,13M,raw/safra_2025_2026/hyperspectral/2026-01-14/13M,usable,,270000000,5fd63a7f932750918c76e64d9622c9619c22a8cd46a555f0cba733791c713635
raw-safra-2025-2026-hyperspectral-2026-01-14-13m-bil-hdr,raw/safra_2025_2026/hyperspectral/2026-01-14/13M.bil.hdr,safra_2025_2026,hyperspectral,2026-01-14,,13M,raw/safra_2025_2026/hyperspectral/2026-01-14/13M,usable,,2819,3922c2ead183017c345928dd58420e63065afe6e7ac83ca28215f70adb147891
raw-safra-2025-2026-hyperspectral-2026-01-14-13s-rgb-tiff,raw/safra_2025_2026/hyperspectral/2026-01-14/13S-RGB.tiff,safra_2025_2026,hyperspectral,2026-01-14,,13S,raw/safra_2025_2026/hyperspectral/2026-01-14/13S-RGB,usable,,1350140,9d2ef52f28d86e191a7b2aa93552c8f40d44beb0ea8455ed60a9b7852ffdb6cd
raw-safra-2025-2026-hyperspectral-2026-01-14-13s-bil,raw/safra_2025_2026/hyperspectral/2026-01-14/13S.bil,safra_2025_2026,hyperspectral,2026-01-14,,13S,raw/safra_2025_2026/hyperspectral/2026-01-14/13S,usable,,270000000,3c13a78a8e7f0646ae1e41e11fac79091d26bcab3cf3995d4db35244985ce184
raw-safra-2025-2026-hyperspectral-2026-01-14-13s-bil-hdr,raw/safra_2025_2026/hyperspectral/2026-01-14/13S.bil.hdr,safra_2025_2026,hyperspectral,2026-01-14,,13S,raw/safra_2025_2026/hyperspectral/2026-01-14/13S,usable,,2819,655cfabb08c827b231c9c9415e36e51705e4c7188cad18a83648646f35341709
raw-safra-2025-2026-hyperspectral-2026-01-14-14m-rgb-tiff,raw/safra_2025_2026/hyperspectral/2026-01-14/14M-RGB.tiff,safra_2025_2026,hyperspectral,2026-01-14,,14M,raw/safra_2025_2026/hyperspectral/2026-01-14/14M-RGB,usable,,1350140,e33253feddc97d110a34012563b535db173117c89cd0d2337e2a3f8fec12037b
raw-safra-2025-2026-hyperspectral-2026-01-14-14m-bil,raw/safra_2025_2026/hyperspectral/2026-01-14/14M.bil,safra_2025_2026,hyperspectral,2026-01-14,,14M,raw/safra_2025_2026/hyperspectral/2026-01-14/14M,usable,,270000000,86081d939cf0e5ed0107205229204e6ee28920a61d5a8cd71697ae781b3de8a2
raw-safra-2025-2026-hyperspectral-2026-01-14-14m-bil-hdr,raw/safra_2025_2026/hyperspectral/2026-01-14/14M.bil.hdr,safra_2025_2026,hyperspectral,2026-01-14,,14M,raw/safra_2025_2026/hyperspectral/2026-01-14/14M,usable,,2819,27d82742feadbc199b98a67d58d0f6e2e20b33c33c70429fafcef2e40831cbd2
raw-safra-2025-2026-hyperspectral-2026-01-14-14s-rgb-tiff,raw/safra_2025_2026/hyperspectral/2026-01-14/14S-RGB.tiff,safra_2025_2026,hyperspectral,2026-01-14,,14S,raw/safra_2025_2026/hyperspectral/2026-01-14/14S-RGB,usable,,1350140,3b078c5497c3632bbe2f865ccb8f0825af807514126cebbb1475678136c32d55
raw-safra-2025-2026-hyperspectral-2026-01-14-14s-bil,raw/safra_2025_2026/hyperspectral/2026-01-14/14S.bil,safra_2025_2026,hyperspectral,2026-01-14,,14S,raw/safra_2025_2026/hyperspectral/2026-01-14/14S,usable,,270000000,e480b97fea98d17be872141b3410d99d93bbc6d003b12c21697a53b5c434219b
raw-safra-2025-2026-hyperspectral-2026-01-14-14s-bil-hdr,raw/safra_2025_2026/hyperspectral/2026-01-14/14S.bil.hdr,safra_2025_2026,hyperspectral,2026-01-14,,14S,raw/safra_2025_2026/hyperspectral/2026-01-14/14S,usable,,2819,294c6d70bbf8d7fe0c28b3802a2743405e13c41828ab1cd52329b3b0d15d8f32
raw-safra-2025-2026-hyperspectral-2026-01-14-15m-rgb-tiff,raw/safra_2025_2026/hyperspectral/2026-01-14/15M-RGB.tiff,safra_2025_2026,hyperspectral,2026-01-14,,15M,raw/safra_2025_2026/hyperspectral/2026-01-14/15M-RGB,usable,,1350140,0669ff055c04aa125fc90b594df51aea2d85ca31ce8a7a43d8d2aa423250f47f
raw-safra-2025-2026-hyperspectral-2026-01-14-15m-bil,raw/safra_2025_2026/hyperspectral/2026-01-14/15M.bil,safra_2025_2026,hyperspectral,2026-01-14,,15M,raw/safra_2025_2026/hyperspectral/2026-01-14/15M,usable,,270000000,6dac3622d974dc0cee04eedb54fbcd5f995bd74aa120725d6356c36db9c35408
raw-safra-2025-2026-hyperspectral-2026-01-14-15m-bil-hdr,raw/safra_2025_2026/hyperspectral/2026-01-14/15M.bil.hdr,safra_2025_2026,hyperspectral,2026-01-14,,15M,raw/safra_2025_2026/hyperspectral/2026-01-14/15M,usable,,2819,2e3ffa1d07bc0ec5b70b2d4fb2599da3ef368802b8f5db96b16ef85f0cf6ced1
raw-safra-2025-2026-hyperspectral-2026-01-14-15s-rgb-tiff,raw/safra_2025_2026/hyperspectral/2026-01-14/15S-RGB.tiff,safra_2025_2026,hyperspectral,2026-01-14,,15S,raw/safra_2025_2026/hyperspectral/2026-01-14/15S-RGB,usable,,1350140,3c268ee475fd555ca5228125c9f935d58fb3e3d8b8304b2b290371b13e5a90fd
raw-safra-2025-2026-hyperspectral-2026-01-14-15s-bil,raw/safra_2025_2026/hyperspectral/2026-01-14/15S.bil,safra_2025_2026,hyperspectral,2026-01-14,,15S,raw/safra_2025_2026/hyperspectral/2026-01-14/15S,usable,,270000000,50788b1aeaaca2ad506246a7ad2efedf2fd6f068ab15e7cc804881ad1e628b09
raw-safra-2025-2026-hyperspectral-2026-01-14-15s-bil-hdr,raw/safra_2025_2026/hyperspectral/2026-01-14/15S.bil.hdr,safra_2025_2026,hyperspectral,2026-01-14,,15S,raw/safra_2025_2026/hyperspectral/2026-01-14/15S,usable,,2819,f24c24fc3729b60fc3d1c54f45e6f372ecabc0f4d9bb8d068a976dd896174c3e
raw-safra-2025-2026-hyperspectral-2026-01-14-16m-rgb-tiff,raw/safra_2025_2026/hyperspectral/2026-01-14/16M-RGB.tiff,safra_2025_2026,hyperspectral,2026-01-14,,16M,raw/safra_2025_2026/hyperspectral/2026-01-14/16M-RGB,usable,,1350140,ef7eb79bdcbb45632a73758f3fb8e695b2d167911c27bd578bdc2d37e4cc117f
raw-safra-2025-2026-hyperspectral-2026-01-14-16m-bil,raw/safra_2025_2026/hyperspectral/2026-01-14/16M.bil,safra_2025_2026,hyperspectral,2026-01-14,,16M,raw/safra_2025_2026/hyperspectral/2026-01-14/16M,usable,,270000000,6f57a507ef16f1ddf81014bb6d9e737b1e39e10fed8f497c53fafd6488eef3eb
raw-safra-2025-2026-hyperspectral-2026-01-14-16m-bil-hdr,raw/safra_2025_2026/hyperspectral/2026-01-14/16M.bil.hdr,safra_2025_2026,hyperspectral,2026-01-14,,16M,raw/safra_2025_2026/hyperspectral/2026-01-14/16M,usable,,2819,cee6f2e4ba70bf64fc6c33dd313cc93bf608eec2c73c32117c096dd4a19a14e4
raw-safra-2025-2026-hyperspectral-2026-01-14-16s-rgb-tiff,raw/safra_2025_2026/hyperspectral/2026-01-14/16S-RGB.tiff,safra_2025_2026,hyperspectral,2026-01-14,,16S,raw/safra_2025_2026/hyperspectral/2026-01-14/16S-RGB,usable,,1350140,39c1a34b47abe7acb8edc04d69a580e0645e80892661781cad3c1e593ed456d0
raw-safra-2025-2026-hyperspectral-2026-01-14-16s-bil,raw/safra_2025_2026/hyperspectral/2026-01-14/16S.bil,safra_2025_2026,hyperspectral,2026-01-14,,16S,raw/safra_2025_2026/hyperspectral/2026-01-14/16S,usable,,270000000,3a83d7244e356db26ac41072ce4ee6a33b2a828245ff890acfaee2974127443a
raw-safra-2025-2026-hyperspectral-2026-01-14-16s-bil-hdr,raw/safra_2025_2026/hyperspectral/2026-01-14/16S.bil.hdr,safra_2025_2026,hyperspectral,2026-01-14,,16S,raw/safra_2025_2026/hyperspectral/2026-01-14/16S,usable,,2819,f09717b2d782861df7dafba85b42841e1988d7c3529bfc25c7d1cbc5edb2b37a
raw-safra-2025-2026-hyperspectral-2026-01-14-17m-rgb-tiff,raw/safra_2025_2026/hyperspectral/2026-01-14/17M-RGB.tiff,safra_2025_2026,hyperspectral,2026-01-14,,17M,raw/safra_2025_2026/hyperspectral/2026-01-14/17M-RGB,usable,,1350140,d265dd394d57f7430301fa42d3a48127df725854ae00c1217fb027df90f7d4c1
raw-safra-2025-2026-hyperspectral-2026-01-14-17m-bil,raw/safra_2025_2026/hyperspectral/2026-01-14/17M.bil,safra_2025_2026,hyperspectral,2026-01-14,,17M,raw/safra_2025_2026/hyperspectral/2026-01-14/17M,usable,,270000000,a4dd150e0e6cd92a7ddfec16cc9b28f5d9cd3b24e563065342ca744024e1b4ef
raw-safra-2025-2026-hyperspectral-2026-01-14-17m-bil-hdr,raw/safra_2025_2026/hyperspectral/2026-01-14/17M.bil.hdr,safra_2025_2026,hyperspectral,2026-01-14,,17M,raw/safra_2025_2026/hyperspectral/2026-01-14/17M,usable,,2819,dd91c7e466aefd22d316cc0b65f9fe2ed179b728e7eaecd75f1ac4e11a853101
raw-safra-2025-2026-hyperspectral-2026-01-14-17s-rgb-tiff,raw/safra_2025_2026/hyperspectral/2026-01-14/17S-RGB.tiff,safra_2025_2026,hyperspectral,2026-01-14,,17S,raw/safra_2025_2026/hyperspectral/2026-01-14/17S-RGB,usable,,1350140,c1f7adf0e73c8342336c8e24dea0dae91ee81e92c57984511f8c1f8cb9913697
raw-safra-2025-2026-hyperspectral-2026-01-14-17s-bil,raw/safra_2025_2026/hyperspectral/2026-01-14/17S.bil,safra_2025_2026,hyperspectral,2026-01-14,,17S,raw/safra_2025_2026/hyperspectral/2026-01-14/17S,usable,,270000000,1d88f233fbfaffd97f848797d038a25b4e7a6a0e77eeaca37628ae13edd14027
raw-safra-2025-2026-hyperspectral-2026-01-14-17s-bil-hdr,raw/safra_2025_2026/hyperspectral/2026-01-14/17S.bil.hdr,safra_2025_2026,hyperspectral,2026-01-14,,17S,raw/safra_2025_2026/hyperspectral/2026-01-14/17S,usable,,2819,e499fa3ec7cfcee6aff099986018661a07d093bf744635e5c072bdf1193ef0bd
raw-safra-2025-2026-hyperspectral-2026-01-14-18m-rgb-tiff,raw/safra_2025_2026/hyperspectral/2026-01-14/18M-RGB.tiff,safra_2025_2026,hyperspectral,2026-01-14,,18M,raw/safra_2025_2026/hyperspectral/2026-01-14/18M-RGB,usable,,1350140,46884580cd6f6e961a62e68eeef3833df32f0b69927bf3cffdaecb1d630ccbb2
raw-safra-2025-2026-hyperspectral-2026-01-14-18m-bil,raw/safra_2025_2026/hyperspectral/2026-01-14/18M.bil,safra_2025_2026,hyperspectral,2026-01-14,,18M,raw/safra_2025_2026/hyperspectral/2026-01-14/18M,usable,,270000000,fe6546ec80ff507a2c6f440a158d2f1fcf3f977271717554b66fe836ceef5ac7
raw-safra-2025-2026-hyperspectral-2026-01-14-18m-bil-hdr,raw/safra_2025_2026/hyperspectral/2026-01-14/18M.bil.hdr,safra_2025_2026,hyperspectral,2026-01-14,,18M,raw/safra_2025_2026/hyperspectral/2026-01-14/18M,usable,,2819,7aa5a9437c8178b3cbc68779e6282606a2090f4cb46cc5dcbba57abd665ced36
raw-safra-2025-2026-hyperspectral-2026-01-14-18s-rgb-tiff,raw/safra_2025_2026/hyperspectral/2026-01-14/18S-RGB.tiff,safra_2025_2026,hyperspectral,2026-01-14,,18S,raw/safra_2025_2026/hyperspectral/2026-01-14/18S-RGB,usable,,1350140,3c98a99185241cfb3f95b463a0554c9736c3d2a20afbb3355b9cb4f5d5939913
raw-safra-2025-2026-hyperspectral-2026-01-14-18s-bil,raw/safra_2025_2026/hyperspectral/2026-01-14/18S.bil,safra_2025_2026,hyperspectral,2026-01-14,,18S,raw/safra_2025_2026/hyperspectral/2026-01-14/18S,usable,,270000000,83ba041f3b3732b26f0578df8d40cb4f9102924be85d41a6206c65100bda4447
raw-safra-2025-2026-hyperspectral-2026-01-14-18s-bil-hdr,raw/safra_2025_2026/hyperspectral/2026-01-14/18S.bil.hdr,safra_2025_2026,hyperspectral,2026-01-14,,18S,raw/safra_2025_2026/hyperspectral/2026-01-14/18S,usable,,2819,55169fddc3fd0479612f814b1681e6a08b902e9c9fbaeab9d27d2ab728e27f8a
raw-safra-2025-2026-hyperspectral-2026-01-14-19m-rgb-tiff,raw/safra_2025_2026/hyperspectral/2026-01-14/19M-RGB.tiff,safra_2025_2026,hyperspectral,2026-01-14,,19M,raw/safra_2025_2026/hyperspectral/2026-01-14/19M-RGB,usable,,1350140,abf2193d50d3529155240cc26ef20003e7f9fce566c4700a904c63d1dfafc5e6
raw-safra-2025-2026-hyperspectral-2026-01-14-19m-bil,raw/safra_2025_2026/hyperspectral/2026-01-14/19M.bil,safra_2025_2026,hyperspectral,2026-01-14,,19M,raw/safra_2025_2026/hyperspectral/2026-01-14/19M,usable,,270000000,44d7c07029b1730ce8c58e99d264e1a3b3c88562f9b529479dae698278e9a831
raw-safra-2025-2026-hyperspectral-2026-01-14-19m-bil-hdr,raw/safra_2025_2026/hyperspectral/2026-01-14/19M.bil.hdr,safra_2025_2026,hyperspectral,2026-01-14,,19M,raw/safra_2025_2026/hyperspectral/2026-01-14/19M,usable,,2819,00c93d7d843f37c91331ac6dafdf56925ebe6898944103c8f82a66bada843356
raw-safra-2025-2026-hyperspectral-2026-01-14-19s-rgb-tiff,raw/safra_2025_2026/hyperspectral/2026-01-14/19S-RGB.tiff,safra_2025_2026,hyperspectral,2026-01-14,,19S,raw/safra_2025_2026/hyperspectral/2026-01-14/19S-RGB,usable,,1350140,57cd8c8ebb4a9206692da8e0583242fb765a4721eb2e4388b8aca5fe4d451785
raw-safra-2025-2026-hyperspectral-2026-01-14-19s-bil,raw/safra_2025_2026/hyperspectral/2026-01-14/19S.bil,safra_2025_2026,hyperspectral,2026-01-14,,19S,raw/safra_2025_2026/hyperspectral/2026-01-14/19S,usable,,270000000,684325e61c3d6b5db4307b05385e4739a053454286aecc80eceeb2e4cfd3ad81
raw-safra-2025-2026-hyperspectral-2026-01-14-19s-bil-hdr,raw/safra_2025_2026/hyperspectral/2026-01-14/19S.bil.hdr,safra_2025_2026,hyperspectral,2026-01-14,,19S,raw/safra_2025_2026/hyperspectral/2026-01-14/19S,usable,,2819,c10691059bebc4f2c3a04d9a33813cb725e758a1ec4c53a3f4e62939caf9fea9
raw-safra-2025-2026-hyperspectral-2026-01-14-1m-rgb-tiff,raw/safra_2025_2026/hyperspectral/2026-01-14/1M-RGB.tiff,safra_2025_2026,hyperspectral,2026-01-14,,1M,raw/safra_2025_2026/hyperspectral/2026-01-14/1M-RGB,usable,,1350140,fd3182fa3f12cf99a0812f5fea6d6d6234a02be2ec0b618cc9daea214605cc20
raw-safra-2025-2026-hyperspectral-2026-01-14-1m-bil,raw/safra_2025_2026/hyperspectral/2026-01-14/1M.bil,safra_2025_2026,hyperspectral,2026-01-14,,1M,raw/safra_2025_2026/hyperspectral/2026-01-14/1M,usable,,270000000,e563d7e8ddc36792e19e47f4f41ec23dc592bf730ffef2dc1de77ea98ee262cb
raw-safra-2025-2026-hyperspectral-2026-01-14-1m-bil-hdr,raw/safra_2025_2026/hyperspectral/2026-01-14/1M.bil.hdr,safra_2025_2026,hyperspectral,2026-01-14,,1M,raw/safra_2025_2026/hyperspectral/2026-01-14/1M,usable,,2818,744ec5beb0c4da6b16a4c597a625b7def14ff80e2d4d17c82c410fff27d79156
raw-safra-2025-2026-hyperspectral-2026-01-14-1s-rgb-tiff,raw/safra_2025_2026/hyperspectral/2026-01-14/1S-RGB.tiff,safra_2025_2026,hyperspectral,2026-01-14,,1S,raw/safra_2025_2026/hyperspectral/2026-01-14/1S-RGB,usable,,1350140,59bc15fd8108454a39eb91bdb857af7cc40cecb06499e7ec1df329159ee35cc2
raw-safra-2025-2026-hyperspectral-2026-01-14-1s-bil,raw/safra_2025_2026/hyperspectral/2026-01-14/1S.bil,safra_2025_2026,hyperspectral,2026-01-14,,1S,raw/safra_2025_2026/hyperspectral/2026-01-14/1S,usable,,270000000,40481598435f92efb444fc43d9be71c609992f62401cb004b0911b0acfdeac47
raw-safra-2025-2026-hyperspectral-2026-01-14-1s-bil-hdr,raw/safra_2025_2026/hyperspectral/2026-01-14/1S.bil.hdr,safra_2025_2026,hyperspectral,2026-01-14,,1S,raw/safra_2025_2026/hyperspectral/2026-01-14/1S,usable,,2818,439b5df30e55875991a5251eaefc71d82c84b6094e409eee0e01ffc44968c9fa
raw-safra-2025-2026-hyperspectral-2026-01-14-20m-rgb-tiff,raw/safra_2025_2026/hyperspectral/2026-01-14/20M-RGB.tiff,safra_2025_2026,hyperspectral,2026-01-14,,20M,raw/safra_2025_2026/hyperspectral/2026-01-14/20M-RGB,usable,,1350140,2a9b1ef022a03482c31fecfb2f645752c0cee06f57cc92996342182c0fd497ac
raw-safra-2025-2026-hyperspectral-2026-01-14-20m-bil,raw/safra_2025_2026/hyperspectral/2026-01-14/20M.bil,safra_2025_2026,hyperspectral,2026-01-14,,20M,raw/safra_2025_2026/hyperspectral/2026-01-14/20M,usable,,270000000,20e27b292a7ec398613d2f8267e4c59ecf65ef47147385f92e12c9d4a3b4b461
raw-safra-2025-2026-hyperspectral-2026-01-14-20m-bil-hdr,raw/safra_2025_2026/hyperspectral/2026-01-14/20M.bil.hdr,safra_2025_2026,hyperspectral,2026-01-14,,20M,raw/safra_2025_2026/hyperspectral/2026-01-14/20M,usable,,2819,135e831b9fdcda39d5b55c99d59405e95891dd0521e5508bb0a0fae20915f7d0
raw-safra-2025-2026-hyperspectral-2026-01-14-20s-rgb-tiff,raw/safra_2025_2026/hyperspectral/2026-01-14/20S-RGB.tiff,safra_2025_2026,hyperspectral,2026-01-14,,20S,raw/safra_2025_2026/hyperspectral/2026-01-14/20S-RGB,usable,,1350140,1c42523eb1b4efaa2a0e369b82fbd95fef0e14dd11001f182391bc7d34358053
raw-safra-2025-2026-hyperspectral-2026-01-14-20s-bil,raw/safra_2025_2026/hyperspectral/2026-01-14/20S.bil,safra_2025_2026,hyperspectral,2026-01-14,,20S,raw/safra_2025_2026/hyperspectral/2026-01-14/20S,usable,,270000000,c3628ee0fd7dbc980fa352561176c083696474f397a55767a2a9b8dca9fe128c
raw-safra-2025-2026-hyperspectral-2026-01-14-20s-bil-hdr,raw/safra_2025_2026/hyperspectral/2026-01-14/20S.bil.hdr,safra_2025_2026,hyperspectral,2026-01-14,,20S,raw/safra_2025_2026/hyperspectral/2026-01-14/20S,usable,,2819,73d82b87d16eb4b23779d360d73d7573557f66bf1fb23ce70665a74de9bcf0c2
raw-safra-2025-2026-hyperspectral-2026-01-14-21m-rgb-tiff,raw/safra_2025_2026/hyperspectral/2026-01-14/21M-RGB.tiff,safra_2025_2026,hyperspectral,2026-01-14,,21M,raw/safra_2025_2026/hyperspectral/2026-01-14/21M-RGB,usable,,1350140,174d58be23668a8911940faeb0db71be3ee7cfcceebd8b01d5ceef6eebd4700f
raw-safra-2025-2026-hyperspectral-2026-01-14-21m-bil,raw/safra_2025_2026/hyperspectral/2026-01-14/21M.bil,safra_2025_2026,hyperspectral,2026-01-14,,21M,raw/safra_2025_2026/hyperspectral/2026-01-14/21M,usable,,270000000,b354751c443d5579308b4e1b50efe74a94fb9faa89bbd6fc2b401fa855b7c5e3
raw-safra-2025-2026-hyperspectral-2026-01-14-21m-bil-hdr,raw/safra_2025_2026/hyperspectral/2026-01-14/21M.bil.hdr,safra_2025_2026,hyperspectral,2026-01-14,,21M,raw/safra_2025_2026/hyperspectral/2026-01-14/21M,usable,,2819,d3596f22a70073263d2b5d998ecc1c6382d5bf903d5aa5dfb9a99e4bfd12e732
raw-safra-2025-2026-hyperspectral-2026-01-14-21s-rgb-tiff,raw/safra_2025_2026/hyperspectral/2026-01-14/21S-RGB.tiff,safra_2025_2026,hyperspectral,2026-01-14,,21S,raw/safra_2025_2026/hyperspectral/2026-01-14/21S-RGB,usable,,1350140,548e11308a3ac7a092b07141f131549b805df13bd94fb311ff4b40191de1f6a7
raw-safra-2025-2026-hyperspectral-2026-01-14-21s-bil,raw/safra_2025_2026/hyperspectral/2026-01-14/21S.bil,safra_2025_2026,hyperspectral,2026-01-14,,21S,raw/safra_2025_2026/hyperspectral/2026-01-14/21S,usable,,270000000,eab51dee7fbf26b16b6a37b3eb99fae300e301fc5c863afc804564e23579f965
raw-safra-2025-2026-hyperspectral-2026-01-14-21s-bil-hdr,raw/safra_2025_2026/hyperspectral/2026-01-14/21S.bil.hdr,safra_2025_2026,hyperspectral,2026-01-14,,21S,raw/safra_2025_2026/hyperspectral/2026-01-14/21S,usable,,2819,63ab07ddb4172b2c28a62165854227c43ed651cc0314febc083b16ebcb312af7
raw-safra-2025-2026-hyperspectral-2026-01-14-22m-rgb-tiff,raw/safra_2025_2026/hyperspectral/2026-01-14/22M-RGB.tiff,safra_2025_2026,hyperspectral,2026-01-14,,22M,raw/safra_2025_2026/hyperspectral/2026-01-14/22M-RGB,usable,,1350140,b8d6afc703039b4d2ce8ebcac16da00af40864b7d36b82dd825f1a5e680c228c
raw-safra-2025-2026-hyperspectral-2026-01-14-22m-bil,raw/safra_2025_2026/hyperspectral/2026-01-14/22M.bil,safra_2025_2026,hyperspectral,2026-01-14,,22M,raw/safra_2025_2026/hyperspectral/2026-01-14/22M,usable,,270000000,27a7cf9249b249676e663084e5a3d7448196a5f271d541a166900528aa4ad506
raw-safra-2025-2026-hyperspectral-2026-01-14-22m-bil-hdr,raw/safra_2025_2026/hyperspectral/2026-01-14/22M.bil.hdr,safra_2025_2026,hyperspectral,2026-01-14,,22M,raw/safra_2025_2026/hyperspectral/2026-01-14/22M,usable,,2819,802501f96a8f5db3477e13c4129d44b7051950f951069b3aae4724c9adc30941
raw-safra-2025-2026-hyperspectral-2026-01-14-22s-rgb-tiff,raw/safra_2025_2026/hyperspectral/2026-01-14/22S-RGB.tiff,safra_2025_2026,hyperspectral,2026-01-14,,22S,raw/safra_2025_2026/hyperspectral/2026-01-14/22S-RGB,usable,,1350140,f96fda0478099bb8a8a5c7c00e66cc278ca1437f1b5ebfa69cfb27ad0c449846
raw-safra-2025-2026-hyperspectral-2026-01-14-22s-bil,raw/safra_2025_2026/hyperspectral/2026-01-14/22S.bil,safra_2025_2026,hyperspectral,2026-01-14,,22S,raw/safra_2025_2026/hyperspectral/2026-01-14/22S,usable,,270000000,dcb29e55bc122d2a2f9d3ae7bcfae52ecbf00d666ade64f3f0639994da074182
raw-safra-2025-2026-hyperspectral-2026-01-14-22s-bil-hdr,raw/safra_2025_2026/hyperspectral/2026-01-14/22S.bil.hdr,safra_2025_2026,hyperspectral,2026-01-14,,22S,raw/safra_2025_2026/hyperspectral/2026-01-14/22S,usable,,2819,cd0a044eec4660c7cfe7aa3b3f29ce9a7e50ab71a053e66d3b75605c600f28b6
raw-safra-2025-2026-hyperspectral-2026-01-14-23m-rgb-tiff,raw/safra_2025_2026/hyperspectral/2026-01-14/23M-RGB.tiff,safra_2025_2026,hyperspectral,2026-01-14,,23M,raw/safra_2025_2026/hyperspectral/2026-01-14/23M-RGB,usable,,1350140,51c143dcf05fd580560701e8f18cfed2fd4827652dc29e89909e91466e54c0db
raw-safra-2025-2026-hyperspectral-2026-01-14-23m-bil,raw/safra_2025_2026/hyperspectral/2026-01-14/23M.bil,safra_2025_2026,hyperspectral,2026-01-14,,23M,raw/safra_2025_2026/hyperspectral/2026-01-14/23M,usable,,270000000,2c6ad35787a1099c7431b6688639dc9b0b7d3e01067c12704a69524000e6ce6a
raw-safra-2025-2026-hyperspectral-2026-01-14-23m-bil-hdr,raw/safra_2025_2026/hyperspectral/2026-01-14/23M.bil.hdr,safra_2025_2026,hyperspectral,2026-01-14,,23M,raw/safra_2025_2026/hyperspectral/2026-01-14/23M,usable,,2819,bc8e37f0ef2fb283e9f25085bd1a7854d0048f17139d049143d37b1b7fa2714d
raw-safra-2025-2026-hyperspectral-2026-01-14-23s-rgb-tiff,raw/safra_2025_2026/hyperspectral/2026-01-14/23S-RGB.tiff,safra_2025_2026,hyperspectral,2026-01-14,,23S,raw/safra_2025_2026/hyperspectral/2026-01-14/23S-RGB,usable,,1350140,d2894669905a1d831c88bb88d8077b448b6034a00b090ac534e171d60aa92baa
raw-safra-2025-2026-hyperspectral-2026-01-14-23s-bil,raw/safra_2025_2026/hyperspectral/2026-01-14/23S.bil,safra_2025_2026,hyperspectral,2026-01-14,,23S,raw/safra_2025_2026/hyperspectral/2026-01-14/23S,usable,,270000000,8ed16403b074c0e7f3e21dcabcb5bbe9a05f5b3c1f0f103677f15996a2c142c7
raw-safra-2025-2026-hyperspectral-2026-01-14-23s-bil-hdr,raw/safra_2025_2026/hyperspectral/2026-01-14/23S.bil.hdr,safra_2025_2026,hyperspectral,2026-01-14,,23S,raw/safra_2025_2026/hyperspectral/2026-01-14/23S,usable,,2819,2155a44ebb85029091c1ba4b8b1107539a6c70be16826b86f13b3a4e9d9e1b8a
raw-safra-2025-2026-hyperspectral-2026-01-14-24m-rgb-tiff,raw/safra_2025_2026/hyperspectral/2026-01-14/24M-RGB.tiff,safra_2025_2026,hyperspectral,2026-01-14,,24M,raw/safra_2025_2026/hyperspectral/2026-01-14/24M-RGB,usable,,1350140,4bcec59b138fb326b7a56232071464c79cb5f87b4eb7f403c27e112cfe610344
raw-safra-2025-2026-hyperspectral-2026-01-14-24m-bil,raw/safra_2025_2026/hyperspectral/2026-01-14/24M.bil,safra_2025_2026,hyperspectral,2026-01-14,,24M,raw/safra_2025_2026/hyperspectral/2026-01-14/24M,usable,,270000000,4f49067ab0c44dc0cb9348c4b70349ec439adabed0d3ee10cfcdce8003305e71
raw-safra-2025-2026-hyperspectral-2026-01-14-24m-bil-hdr,raw/safra_2025_2026/hyperspectral/2026-01-14/24M.bil.hdr,safra_2025_2026,hyperspectral,2026-01-14,,24M,raw/safra_2025_2026/hyperspectral/2026-01-14/24M,usable,,2819,0f51459129fbe92698de98c038bba2c82ae99117bf02ddf0f8fb502ac12d3979
raw-safra-2025-2026-hyperspectral-2026-01-14-24s-rgb-tiff,raw/safra_2025_2026/hyperspectral/2026-01-14/24S-RGB.tiff,safra_2025_2026,hyperspectral,2026-01-14,,24S,raw/safra_2025_2026/hyperspectral/2026-01-14/24S-RGB,usable,,1350140,da994306f80d44c24e6122af54dc58f4d45896ae4029da7e67df3e6eed33cab8
raw-safra-2025-2026-hyperspectral-2026-01-14-24s-bil,raw/safra_2025_2026/hyperspectral/2026-01-14/24S.bil,safra_2025_2026,hyperspectral,2026-01-14,,24S,raw/safra_2025_2026/hyperspectral/2026-01-14/24S,usable,,270000000,370f0078f216a07ad01ea68996ee516c59eb236f0a77269e3e53a9023bb82e66
raw-safra-2025-2026-hyperspectral-2026-01-14-24s-bil-hdr,raw/safra_2025_2026/hyperspectral/2026-01-14/24S.bil.hdr,safra_2025_2026,hyperspectral,2026-01-14,,24S,raw/safra_2025_2026/hyperspectral/2026-01-14/24S,usable,,2819,5d39add07b3af102e31a6f573a84155959f1e46e076c68ac4859969fffa44697
raw-safra-2025-2026-hyperspectral-2026-01-14-25m-rgb-tiff,raw/safra_2025_2026/hyperspectral/2026-01-14/25M-RGB.tiff,safra_2025_2026,hyperspectral,2026-01-14,,25M,raw/safra_2025_2026/hyperspectral/2026-01-14/25M-RGB,usable,,1350140,50775ac6b8f1e0d2f633a3a094cc9a8ec68ae97c165657b0bb458636cdf74d8b
raw-safra-2025-2026-hyperspectral-2026-01-14-25m-bil,raw/safra_2025_2026/hyperspectral/2026-01-14/25M.bil,safra_2025_2026,hyperspectral,2026-01-14,,25M,raw/safra_2025_2026/hyperspectral/2026-01-14/25M,usable,,270000000,cf5f8e2b8141c23a90d3941c251945a2d1284f1071c2afbfea40f74f40d72c81
raw-safra-2025-2026-hyperspectral-2026-01-14-25m-bil-hdr,raw/safra_2025_2026/hyperspectral/2026-01-14/25M.bil.hdr,safra_2025_2026,hyperspectral,2026-01-14,,25M,raw/safra_2025_2026/hyperspectral/2026-01-14/25M,usable,,2819,9da7cd26092e3b72565017719ce139e37ef85a907e260888e7095e901818eec3
raw-safra-2025-2026-hyperspectral-2026-01-14-25s-rgb-tiff,raw/safra_2025_2026/hyperspectral/2026-01-14/25S-RGB.tiff,safra_2025_2026,hyperspectral,2026-01-14,,25S,raw/safra_2025_2026/hyperspectral/2026-01-14/25S-RGB,usable,,1350140,33caa969152927a8c608956c7188db57866a567aecadd46d3f192392671606b9
raw-safra-2025-2026-hyperspectral-2026-01-14-25s-bil,raw/safra_2025_2026/hyperspectral/2026-01-14/25S.bil,safra_2025_2026,hyperspectral,2026-01-14,,25S,raw/safra_2025_2026/hyperspectral/2026-01-14/25S,usable,,270000000,9985be17c5d0d7a6d1a8e8d5d741f37611d5cff89147e5e7559ff948be9f7b42
raw-safra-2025-2026-hyperspectral-2026-01-14-25s-bil-hdr,raw/safra_2025_2026/hyperspectral/2026-01-14/25S.bil.hdr,safra_2025_2026,hyperspectral,2026-01-14,,25S,raw/safra_2025_2026/hyperspectral/2026-01-14/25S,usable,,2819,2f61fc49209c840ff26866ca6251b89e971eaa9ea3c402cf3f6f326a7699bbc7
raw-safra-2025-2026-hyperspectral-2026-01-14-26m-rgb-tiff,raw/safra_2025_2026/hyperspectral/2026-01-14/26M-RGB.tiff,safra_2025_2026,hyperspectral,2026-01-14,,26M,raw/safra_2025_2026/hyperspectral/2026-01-14/26M-RGB,usable,,1350140,dc76834a9437e516f05f2818d59ed26745dc74496b3959cf3ba18d6f84e83dad
raw-safra-2025-2026-hyperspectral-2026-01-14-26m-bil,raw/safra_2025_2026/hyperspectral/2026-01-14/26M.bil,safra_2025_2026,hyperspectral,2026-01-14,,26M,raw/safra_2025_2026/hyperspectral/2026-01-14/26M,usable,,270000000,4c0d1905a100f3cfebe997a9923a6bec4be9b704b7f1dbe4291acdc621576c20
raw-safra-2025-2026-hyperspectral-2026-01-14-26m-bil-hdr,raw/safra_2025_2026/hyperspectral/2026-01-14/26M.bil.hdr,safra_2025_2026,hyperspectral,2026-01-14,,26M,raw/safra_2025_2026/hyperspectral/2026-01-14/26M,usable,,2819,0bc15a170b3fbfdc274d12c023a95a3c010ea90e9ed579f7c5b1299727b2995e
raw-safra-2025-2026-hyperspectral-2026-01-14-26s-rgb-tiff,raw/safra_2025_2026/hyperspectral/2026-01-14/26S-RGB.tiff,safra_2025_2026,hyperspectral,2026-01-14,,26S,raw/safra_2025_2026/hyperspectral/2026-01-14/26S-RGB,usable,,1350140,47ad8871969679bf0e61066e7997cdeb5bc147a9b3fdaab86161f0146cd51bec
raw-safra-2025-2026-hyperspectral-2026-01-14-26s-bil,raw/safra_2025_2026/hyperspectral/2026-01-14/26S.bil,safra_2025_2026,hyperspectral,2026-01-14,,26S,raw/safra_2025_2026/hyperspectral/2026-01-14/26S,usable,,270000000,9eb87b443f11c9a48a493e8ea86720767a402c2f466eef44d1b0b4844daa48e8
raw-safra-2025-2026-hyperspectral-2026-01-14-26s-bil-hdr,raw/safra_2025_2026/hyperspectral/2026-01-14/26S.bil.hdr,safra_2025_2026,hyperspectral,2026-01-14,,26S,raw/safra_2025_2026/hyperspectral/2026-01-14/26S,usable,,2819,07ce84db9b13edeac2bd8b4a87b3c94cf2ca20c45a26f09a9bcb50fe65f939f7
raw-safra-2025-2026-hyperspectral-2026-01-14-27m-rgb-tiff,raw/safra_2025_2026/hyperspectral/2026-01-14/27M-RGB.tiff,safra_2025_2026,hyperspectral,2026-01-14,,27M,raw/safra_2025_2026/hyperspectral/2026-01-14/27M-RGB,usable,,1350140,59228f15567c69cafbe3918d5bdc5fb49a59993f9fcb5b94ecf46ebffc0b246c
raw-safra-2025-2026-hyperspectral-2026-01-14-27m-bil,raw/safra_2025_2026/hyperspectral/2026-01-14/27M.bil,safra_2025_2026,hyperspectral,2026-01-14,,27M,raw/safra_2025_2026/hyperspectral/2026-01-14/27M,usable,,270000000,ea20ab88044f895f10e69e91bd7f6e33c06f63e6a446c5609991c86d366c4b8e
raw-safra-2025-2026-hyperspectral-2026-01-14-27m-bil-hdr,raw/safra_2025_2026/hyperspectral/2026-01-14/27M.bil.hdr,safra_2025_2026,hyperspectral,2026-01-14,,27M,raw/safra_2025_2026/hyperspectral/2026-01-14/27M,usable,,2819,c34cc1fac6c7cb36221bd551bb70920b2d399ce7b0580279f30b62c73c67f704
raw-safra-2025-2026-hyperspectral-2026-01-14-27s-rgb-tiff,raw/safra_2025_2026/hyperspectral/2026-01-14/27S-RGB.tiff,safra_2025_2026,hyperspectral,2026-01-14,,27S,raw/safra_2025_2026/hyperspectral/2026-01-14/27S-RGB,usable,,1350140,e84bc937beeef7668fb8947aa08360e307ad69aaa6776f170286a09cdd1530f0
raw-safra-2025-2026-hyperspectral-2026-01-14-27s-bil,raw/safra_2025_2026/hyperspectral/2026-01-14/27S.bil,safra_2025_2026,hyperspectral,2026-01-14,,27S,raw/safra_2025_2026/hyperspectral/2026-01-14/27S,usable,,270000000,699a189b33a839a65af97921c5866cb7ad29c1d8e401a00984ed015f9ed83696
raw-safra-2025-2026-hyperspectral-2026-01-14-27s-bil-hdr,raw/safra_2025_2026/hyperspectral/2026-01-14/27S.bil.hdr,safra_2025_2026,hyperspectral,2026-01-14,,27S,raw/safra_2025_2026/hyperspectral/2026-01-14/27S,usable,,2819,58ffbbe19ccb6d0b48167f7b80831f5527f37ca9a04c4266ec4efbb70839271b
raw-safra-2025-2026-hyperspectral-2026-01-14-28m-rgb-tiff,raw/safra_2025_2026/hyperspectral/2026-01-14/28M-RGB.tiff,safra_2025_2026,hyperspectral,2026-01-14,,28M,raw/safra_2025_2026/hyperspectral/2026-01-14/28M-RGB,usable,,1350140,bb4759567179be78a58a5c5965310c04149890f335c8da88b1c2beaf8cb99992
raw-safra-2025-2026-hyperspectral-2026-01-14-28m-bil,raw/safra_2025_2026/hyperspectral/2026-01-14/28M.bil,safra_2025_2026,hyperspectral,2026-01-14,,28M,raw/safra_2025_2026/hyperspectral/2026-01-14/28M,usable,,270000000,b7ae608fde9591130020508a85b24832ff77b61a5818beee5baa37eb08c410d6
raw-safra-2025-2026-hyperspectral-2026-01-14-28m-bil-hdr,raw/safra_2025_2026/hyperspectral/2026-01-14/28M.bil.hdr,safra_2025_2026,hyperspectral,2026-01-14,,28M,raw/safra_2025_2026/hyperspectral/2026-01-14/28M,usable,,2819,b2c4f87635957f1a86468fb9359bc93d62923e3205b5c9de1fbe12119059250b
raw-safra-2025-2026-hyperspectral-2026-01-14-28s-rgb-tiff,raw/safra_2025_2026/hyperspectral/2026-01-14/28S-RGB.tiff,safra_2025_2026,hyperspectral,2026-01-14,,28S,raw/safra_2025_2026/hyperspectral/2026-01-14/28S-RGB,usable,,1350140,95a216bf8b9c7d49e9d20951563ab1016d0699180a495d23dc6af510158409ff
raw-safra-2025-2026-hyperspectral-2026-01-14-28s-bil,raw/safra_2025_2026/hyperspectral/2026-01-14/28S.bil,safra_2025_2026,hyperspectral,2026-01-14,,28S,raw/safra_2025_2026/hyperspectral/2026-01-14/28S,usable,,270000000,6b7e63ebbdadc51806a66986bd795c6517bc9df8df967e8b383209c115b75d34
raw-safra-2025-2026-hyperspectral-2026-01-14-28s-bil-hdr,raw/safra_2025_2026/hyperspectral/2026-01-14/28S.bil.hdr,safra_2025_2026,hyperspectral,2026-01-14,,28S,raw/safra_2025_2026/hyperspectral/2026-01-14/28S,usable,,2819,3c0c40ca9b66e48be5c3ac40326a45ef78383e20c516082ad8ce9c9ba1d9d31c
raw-safra-2025-2026-hyperspectral-2026-01-14-29m-rgb-tiff,raw/safra_2025_2026/hyperspectral/2026-01-14/29M-RGB.tiff,safra_2025_2026,hyperspectral,2026-01-14,,29M,raw/safra_2025_2026/hyperspectral/2026-01-14/29M-RGB,usable,,1350140,2e199a2c444da0426bf970b006356531e0ae8185509baf7830f7f87e0ed9f113
raw-safra-2025-2026-hyperspectral-2026-01-14-29m-bil,raw/safra_2025_2026/hyperspectral/2026-01-14/29M.bil,safra_2025_2026,hyperspectral,2026-01-14,,29M,raw/safra_2025_2026/hyperspectral/2026-01-14/29M,usable,,270000000,f4c9d9f9fff566ab8d8db2272cbfae130946d3363f1f58fc0581ba8e5fc3061c
raw-safra-2025-2026-hyperspectral-2026-01-14-29m-bil-hdr,raw/safra_2025_2026/hyperspectral/2026-01-14/29M.bil.hdr,safra_2025_2026,hyperspectral,2026-01-14,,29M,raw/safra_2025_2026/hyperspectral/2026-01-14/29M,usable,,2819,3c069c0d0c9ae4b0b52357cf0f9506ee734136381690ef1b099a60862d43da31
raw-safra-2025-2026-hyperspectral-2026-01-14-29s-rgb-tiff,raw/safra_2025_2026/hyperspectral/2026-01-14/29S-RGB.tiff,safra_2025_2026,hyperspectral,2026-01-14,,29S,raw/safra_2025_2026/hyperspectral/2026-01-14/29S-RGB,usable,,1350140,8d1b4e1172c61c2bf8e4c0d3b00fca764fdd33c119a18f8c1d4b07398b48f926
raw-safra-2025-2026-hyperspectral-2026-01-14-29s-bil,raw/safra_2025_2026/hyperspectral/2026-01-14/29S.bil,safra_2025_2026,hyperspectral,2026-01-14,,29S,raw/safra_2025_2026/hyperspectral/2026-01-14/29S,usable,,270000000,3297101755717f6fa10193253d26486801221b667486026ebb3bfd831a0ccbf8
raw-safra-2025-2026-hyperspectral-2026-01-14-29s-bil-hdr,raw/safra_2025_2026/hyperspectral/2026-01-14/29S.bil.hdr,safra_2025_2026,hyperspectral,2026-01-14,,29S,raw/safra_2025_2026/hyperspectral/2026-01-14/29S,usable,,2819,1ed9c853c13583b240498725c17273614511c9b655d111d37def901f3179c1a8
raw-safra-2025-2026-hyperspectral-2026-01-14-2m-rgb-tiff,raw/safra_2025_2026/hyperspectral/2026-01-14/2M-RGB.tiff,safra_2025_2026,hyperspectral,2026-01-14,,2M,raw/safra_2025_2026/hyperspectral/2026-01-14/2M-RGB,usable,,1350140,6c8036687e26d911b0a2b5f5fc34e507ae842b36ac38405e44a73964919222f2
raw-safra-2025-2026-hyperspectral-2026-01-14-2m-bil,raw/safra_2025_2026/hyperspectral/2026-01-14/2M.bil,safra_2025_2026,hyperspectral,2026-01-14,,2M,raw/safra_2025_2026/hyperspectral/2026-01-14/2M,usable,,270000000,08751132996e6029a48bbcddce2a99e0a173f03787ed37b368839fc84c71712d
raw-safra-2025-2026-hyperspectral-2026-01-14-2m-bil-hdr,raw/safra_2025_2026/hyperspectral/2026-01-14/2M.bil.hdr,safra_2025_2026,hyperspectral,2026-01-14,,2M,raw/safra_2025_2026/hyperspectral/2026-01-14/2M,usable,,2818,e962cd4376c6895fa834efb1fbfeb1094c19febfd2275b2b824e1863500800d8
raw-safra-2025-2026-hyperspectral-2026-01-14-2s-rgb-tiff,raw/safra_2025_2026/hyperspectral/2026-01-14/2S-RGB.tiff,safra_2025_2026,hyperspectral,2026-01-14,,2S,raw/safra_2025_2026/hyperspectral/2026-01-14/2S-RGB,usable,,1350140,6957c70b4bafd6dc57b1db3ab9e129a9a5d03e1ccb6a25e22bdf0f6a70f32eec
raw-safra-2025-2026-hyperspectral-2026-01-14-2s-bil,raw/safra_2025_2026/hyperspectral/2026-01-14/2S.bil,safra_2025_2026,hyperspectral,2026-01-14,,2S,raw/safra_2025_2026/hyperspectral/2026-01-14/2S,usable,,270000000,c2acc9d0910a29836c3b6578c686710c34c77ebca1c6f894e9f69bb8cc74f4cf
raw-safra-2025-2026-hyperspectral-2026-01-14-2s-bil-hdr,raw/safra_2025_2026/hyperspectral/2026-01-14/2S.bil.hdr,safra_2025_2026,hyperspectral,2026-01-14,,2S,raw/safra_2025_2026/hyperspectral/2026-01-14/2S,usable,,2818,0c95779b6af385039c5959dace55ac024ccb544db1d33809fde6694f17799905
raw-safra-2025-2026-hyperspectral-2026-01-14-30m-rgb-tiff,raw/safra_2025_2026/hyperspectral/2026-01-14/30M-RGB.tiff,safra_2025_2026,hyperspectral,2026-01-14,,30M,raw/safra_2025_2026/hyperspectral/2026-01-14/30M-RGB,usable,,1350140,a6711f6aede531eccc27378828b9255687e8bf074450ce971a5f502677d350c4
raw-safra-2025-2026-hyperspectral-2026-01-14-30m-bil,raw/safra_2025_2026/hyperspectral/2026-01-14/30M.bil,safra_2025_2026,hyperspectral,2026-01-14,,30M,raw/safra_2025_2026/hyperspectral/2026-01-14/30M,usable,,270000000,e422fcfab5d9214eb61ac49b425c3de05d02066f35e6ca65d086dc72bbeb313c
raw-safra-2025-2026-hyperspectral-2026-01-14-30m-bil-hdr,raw/safra_2025_2026/hyperspectral/2026-01-14/30M.bil.hdr,safra_2025_2026,hyperspectral,2026-01-14,,30M,raw/safra_2025_2026/hyperspectral/2026-01-14/30M,usable,,2819,817308c858ef0b4fa510a01ad61cffd6e41941c1f5bd19a0101855e4fcbb347d
raw-safra-2025-2026-hyperspectral-2026-01-14-30s-rgb-tiff,raw/safra_2025_2026/hyperspectral/2026-01-14/30S-RGB.tiff,safra_2025_2026,hyperspectral,2026-01-14,,30S,raw/safra_2025_2026/hyperspectral/2026-01-14/30S-RGB,usable,,1350140,64897b8130502e4f3afcbf0a421743faefa161da379f44777f0a4456a2ddc404
raw-safra-2025-2026-hyperspectral-2026-01-14-30s-bil,raw/safra_2025_2026/hyperspectral/2026-01-14/30S.bil,safra_2025_2026,hyperspectral,2026-01-14,,30S,raw/safra_2025_2026/hyperspectral/2026-01-14/30S,usable,,270000000,7d36f2012b8c85d01c79b7cab2d6a5d119ca96665578b3faf887bba59cff3876
raw-safra-2025-2026-hyperspectral-2026-01-14-30s-bil-hdr,raw/safra_2025_2026/hyperspectral/2026-01-14/30S.bil.hdr,safra_2025_2026,hyperspectral,2026-01-14,,30S,raw/safra_2025_2026/hyperspectral/2026-01-14/30S,usable,,2819,9f23cd909ca47c7d5aad3303f56414ba57269620400dc1f68744c013e880ca74
raw-safra-2025-2026-hyperspectral-2026-01-14-31m-rgb-tiff,raw/safra_2025_2026/hyperspectral/2026-01-14/31M-RGB.tiff,safra_2025_2026,hyperspectral,2026-01-14,,31M,raw/safra_2025_2026/hyperspectral/2026-01-14/31M-RGB,usable,,1350140,cbb6edf6e5bd0ef0114d09575e171ea93c7c7336a748a5ddb359e6933fb8def1
raw-safra-2025-2026-hyperspectral-2026-01-14-31m-bil,raw/safra_2025_2026/hyperspectral/2026-01-14/31M.bil,safra_2025_2026,hyperspectral,2026-01-14,,31M,raw/safra_2025_2026/hyperspectral/2026-01-14/31M,usable,,270000000,c98103c4d1cdcc8aa6c1fd20b66e85fd67c70d3ab4b8dc7aaf7a22c4a1881e67
raw-safra-2025-2026-hyperspectral-2026-01-14-31m-bil-hdr,raw/safra_2025_2026/hyperspectral/2026-01-14/31M.bil.hdr,safra_2025_2026,hyperspectral,2026-01-14,,31M,raw/safra_2025_2026/hyperspectral/2026-01-14/31M,usable,,2819,7813f7f8a1d2fc986de8a243d13a2c38d4b5328c9b8c0ca5fb79e34b9f413529
raw-safra-2025-2026-hyperspectral-2026-01-14-31s-rgb-tiff,raw/safra_2025_2026/hyperspectral/2026-01-14/31S-RGB.tiff,safra_2025_2026,hyperspectral,2026-01-14,,31S,raw/safra_2025_2026/hyperspectral/2026-01-14/31S-RGB,usable,,1350140,4f30b2c3fef6c4a8f142eaf9b3008721cfd948a2180ead8627d7a71781948fa8
raw-safra-2025-2026-hyperspectral-2026-01-14-31s-bil,raw/safra_2025_2026/hyperspectral/2026-01-14/31S.bil,safra_2025_2026,hyperspectral,2026-01-14,,31S,raw/safra_2025_2026/hyperspectral/2026-01-14/31S,usable,,270000000,25912c0d6d8dab0ddbcfb48670a96007e17501b7617f0625160b45aba38ccb65
raw-safra-2025-2026-hyperspectral-2026-01-14-31s-bil-hdr,raw/safra_2025_2026/hyperspectral/2026-01-14/31S.bil.hdr,safra_2025_2026,hyperspectral,2026-01-14,,31S,raw/safra_2025_2026/hyperspectral/2026-01-14/31S,usable,,2819,d14902bdfec0d2bc6a6cfc84306417d186276c267f1ba0d0a224d5913ee3f03e
raw-safra-2025-2026-hyperspectral-2026-01-14-32s-rgb-tiff,raw/safra_2025_2026/hyperspectral/2026-01-14/32S-RGB.tiff,safra_2025_2026,hyperspectral,2026-01-14,,32S,raw/safra_2025_2026/hyperspectral/2026-01-14/32S-RGB,usable,,1350140,4f6f165f3be4b1fca8748b982a5c1119e3f9d5c5bd840dfa8b173dea4f3de719
raw-safra-2025-2026-hyperspectral-2026-01-14-32s-bil,raw/safra_2025_2026/hyperspectral/2026-01-14/32S.bil,safra_2025_2026,hyperspectral,2026-01-14,,32S,raw/safra_2025_2026/hyperspectral/2026-01-14/32S,usable,,270000000,b1d69e57a88ba54c759166c742cf3c664f1353a8cfd4e1eeec4580f47698ad20
raw-safra-2025-2026-hyperspectral-2026-01-14-32s-bil-hdr,raw/safra_2025_2026/hyperspectral/2026-01-14/32S.bil.hdr,safra_2025_2026,hyperspectral,2026-01-14,,32S,raw/safra_2025_2026/hyperspectral/2026-01-14/32S,usable,,2819,45cb602e3482d349abf5e61c515dcfa48f2ab07eea70d08b25ec7e42ac727290
raw-safra-2025-2026-hyperspectral-2026-01-14-33m-rgb-tiff,raw/safra_2025_2026/hyperspectral/2026-01-14/33M-RGB.tiff,safra_2025_2026,hyperspectral,2026-01-14,,33M,raw/safra_2025_2026/hyperspectral/2026-01-14/33M-RGB,usable,,1350140,ac04a94e4ea727983d39e5bdbc82663f47d3efc6fe075ba64445b1ea4c6133aa
raw-safra-2025-2026-hyperspectral-2026-01-14-33m-bil,raw/safra_2025_2026/hyperspectral/2026-01-14/33M.bil,safra_2025_2026,hyperspectral,2026-01-14,,33M,raw/safra_2025_2026/hyperspectral/2026-01-14/33M,usable,,270000000,dc9b215f36021c1442e07b326beb37395dd2bf37f53d89d3eac17482d8ac520a
raw-safra-2025-2026-hyperspectral-2026-01-14-33m-bil-hdr,raw/safra_2025_2026/hyperspectral/2026-01-14/33M.bil.hdr,safra_2025_2026,hyperspectral,2026-01-14,,33M,raw/safra_2025_2026/hyperspectral/2026-01-14/33M,usable,,2819,dedf43468ab2dd5f5679e9b8abfecebfff31c3af27b8dac261a7888ccda8595e
raw-safra-2025-2026-hyperspectral-2026-01-14-33s-rgb-tiff,raw/safra_2025_2026/hyperspectral/2026-01-14/33S-RGB.tiff,safra_2025_2026,hyperspectral,2026-01-14,,33S,raw/safra_2025_2026/hyperspectral/2026-01-14/33S-RGB,usable,,1350140,a4db3351ec281fdf138bede877dc1023b343650ba640c4f924985645f74c0915
raw-safra-2025-2026-hyperspectral-2026-01-14-33s-bil,raw/safra_2025_2026/hyperspectral/2026-01-14/33S.bil,safra_2025_2026,hyperspectral,2026-01-14,,33S,raw/safra_2025_2026/hyperspectral/2026-01-14/33S,usable,,270000000,e1b3292f6e3a7bb2f14bdb00c17fe13509c8736e196ca02130c0a314f97af1ea
raw-safra-2025-2026-hyperspectral-2026-01-14-33s-bil-hdr,raw/safra_2025_2026/hyperspectral/2026-01-14/33S.bil.hdr,safra_2025_2026,hyperspectral,2026-01-14,,33S,raw/safra_2025_2026/hyperspectral/2026-01-14/33S,usable,,2819,36fe5e7bcd06f3b6e901c75b82216688c5a2f3912d4a1003c5785d8e5cc1d420
raw-safra-2025-2026-hyperspectral-2026-01-14-34m-rgb-tiff,raw/safra_2025_2026/hyperspectral/2026-01-14/34M-RGB.tiff,safra_2025_2026,hyperspectral,2026-01-14,,34M,raw/safra_2025_2026/hyperspectral/2026-01-14/34M-RGB,usable,,1350140,813c7eb6a0c402ad2d5b708b8b5f47e78acda5cced3b673a67b6f3a3cbca53dc
raw-safra-2025-2026-hyperspectral-2026-01-14-34m-bil,raw/safra_2025_2026/hyperspectral/2026-01-14/34M.bil,safra_2025_2026,hyperspectral,2026-01-14,,34M,raw/safra_2025_2026/hyperspectral/2026-01-14/34M,usable,,270000000,6d87b02ddebcbbbe4412b92cd6ad87ff5cc838ae90d0bca3270e39e93b79caa7
raw-safra-2025-2026-hyperspectral-2026-01-14-34m-bil-hdr,raw/safra_2025_2026/hyperspectral/2026-01-14/34M.bil.hdr,safra_2025_2026,hyperspectral,2026-01-14,,34M,raw/safra_2025_2026/hyperspectral/2026-01-14/34M,usable,,2819,815310e7ec6bfe059733179cdceb155455b9f842d2fd5025cb2618e1d6918f19
raw-safra-2025-2026-hyperspectral-2026-01-14-34s-rgb-tiff,raw/safra_2025_2026/hyperspectral/2026-01-14/34S-RGB.tiff,safra_2025_2026,hyperspectral,2026-01-14,,34S,raw/safra_2025_2026/hyperspectral/2026-01-14/34S-RGB,usable,,1350140,de2912fbe7916418b4f1ce6fc42d7b36a537a8667673a9f38d09201c0c4f3412
raw-safra-2025-2026-hyperspectral-2026-01-14-34s-bil,raw/safra_2025_2026/hyperspectral/2026-01-14/34S.bil,safra_2025_2026,hyperspectral,2026-01-14,,34S,raw/safra_2025_2026/hyperspectral/2026-01-14/34S,usable,,270000000,b83b979c3dba73b38d349da9a6082d94358df8c1a3228e74389248d6643d8c4f
raw-safra-2025-2026-hyperspectral-2026-01-14-34s-bil-hdr,raw/safra_2025_2026/hyperspectral/2026-01-14/34S.bil.hdr,safra_2025_2026,hyperspectral,2026-01-14,,34S,raw/safra_2025_2026/hyperspectral/2026-01-14/34S,usable,,2819,c5032c4da6671d1bc05c54dde62089c1d04ab296431883ebc0c3fba3507d8537
raw-safra-2025-2026-hyperspectral-2026-01-14-35m-rgb-tiff,raw/safra_2025_2026/hyperspectral/2026-01-14/35M-RGB.tiff,safra_2025_2026,hyperspectral,2026-01-14,,35M,raw/safra_2025_2026/hyperspectral/2026-01-14/35M-RGB,usable,,1350140,2b67f45a553607a3c4ee3dd45bef3651aeb2945d4eb21d1e7e4719aee56e8c5b
raw-safra-2025-2026-hyperspectral-2026-01-14-35m-bil,raw/safra_2025_2026/hyperspectral/2026-01-14/35M.bil,safra_2025_2026,hyperspectral,2026-01-14,,35M,raw/safra_2025_2026/hyperspectral/2026-01-14/35M,usable,,270000000,c00f638d44b8535f6e255cc32596a21f9c191d34e458bbc291305c387979f3de
raw-safra-2025-2026-hyperspectral-2026-01-14-35m-bil-hdr,raw/safra_2025_2026/hyperspectral/2026-01-14/35M.bil.hdr,safra_2025_2026,hyperspectral,2026-01-14,,35M,raw/safra_2025_2026/hyperspectral/2026-01-14/35M,usable,,2819,a6f396724ceedc5843577a3caaa5fb869420798445408e0d5762f6ff9969908e
raw-safra-2025-2026-hyperspectral-2026-01-14-35s-rgb-tiff,raw/safra_2025_2026/hyperspectral/2026-01-14/35S-RGB.tiff,safra_2025_2026,hyperspectral,2026-01-14,,35S,raw/safra_2025_2026/hyperspectral/2026-01-14/35S-RGB,usable,,1350140,259ca15b7d487830014c9649dd2c3fc4c500dcdb4fccab19a90d857c01937816
raw-safra-2025-2026-hyperspectral-2026-01-14-35s-bil,raw/safra_2025_2026/hyperspectral/2026-01-14/35S.bil,safra_2025_2026,hyperspectral,2026-01-14,,35S,raw/safra_2025_2026/hyperspectral/2026-01-14/35S,usable,,270000000,84fbb10cfe8090852a7b45c420d426ae98971c1f1432b04330dc1a84a6037897
raw-safra-2025-2026-hyperspectral-2026-01-14-35s-bil-hdr,raw/safra_2025_2026/hyperspectral/2026-01-14/35S.bil.hdr,safra_2025_2026,hyperspectral,2026-01-14,,35S,raw/safra_2025_2026/hyperspectral/2026-01-14/35S,usable,,2819,551321fc5500ebe289ea46c28d929916a51ee637aea2a4b66c38b86d5839e646
raw-safra-2025-2026-hyperspectral-2026-01-14-36m-rgb-tiff,raw/safra_2025_2026/hyperspectral/2026-01-14/36M-RGB.tiff,safra_2025_2026,hyperspectral,2026-01-14,,36M,raw/safra_2025_2026/hyperspectral/2026-01-14/36M-RGB,usable,,1350140,ae242381dc27105a581190b95e8917ff95333d02948e7b728c735d8e383409bc
raw-safra-2025-2026-hyperspectral-2026-01-14-36m-bil,raw/safra_2025_2026/hyperspectral/2026-01-14/36M.bil,safra_2025_2026,hyperspectral,2026-01-14,,36M,raw/safra_2025_2026/hyperspectral/2026-01-14/36M,usable,,270000000,f7fcbb9c956900af2758b42e073ad1d8bdd92dcfa912abdd7ae890fd05a71c41
raw-safra-2025-2026-hyperspectral-2026-01-14-36m-bil-hdr,raw/safra_2025_2026/hyperspectral/2026-01-14/36M.bil.hdr,safra_2025_2026,hyperspectral,2026-01-14,,36M,raw/safra_2025_2026/hyperspectral/2026-01-14/36M,usable,,2819,6cd7f3d6efb40e64aa87531ad0327b9c4f4261d378463e7c98f6d854a362dede
raw-safra-2025-2026-hyperspectral-2026-01-14-36s-rgb-tiff,raw/safra_2025_2026/hyperspectral/2026-01-14/36S-RGB.tiff,safra_2025_2026,hyperspectral,2026-01-14,,36S,raw/safra_2025_2026/hyperspectral/2026-01-14/36S-RGB,usable,,1350140,621eced6af4136e8f4e6bbc5856a3f6aa00ee5534def2085eb1d688d0f9851f1
raw-safra-2025-2026-hyperspectral-2026-01-14-36s-bil,raw/safra_2025_2026/hyperspectral/2026-01-14/36S.bil,safra_2025_2026,hyperspectral,2026-01-14,,36S,raw/safra_2025_2026/hyperspectral/2026-01-14/36S,usable,,270000000,cbfa80269d7ef7337ddee4f3c1b0a199725117b835798b9bdd8c600559c5b528
raw-safra-2025-2026-hyperspectral-2026-01-14-36s-bil-hdr,raw/safra_2025_2026/hyperspectral/2026-01-14/36S.bil.hdr,safra_2025_2026,hyperspectral,2026-01-14,,36S,raw/safra_2025_2026/hyperspectral/2026-01-14/36S,usable,,2819,08ef3197c42b76abcb4a35711fb584cb194199f9a003a65cf827c43ee05f21ca
raw-safra-2025-2026-hyperspectral-2026-01-14-37m-rgb-tiff,raw/safra_2025_2026/hyperspectral/2026-01-14/37M-RGB.tiff,safra_2025_2026,hyperspectral,2026-01-14,,37M,raw/safra_2025_2026/hyperspectral/2026-01-14/37M-RGB,usable,,1350140,887be3911e62ffe76563760fe5adb43c92e3099709a596c272f462569c83b91c
raw-safra-2025-2026-hyperspectral-2026-01-14-37m-bil,raw/safra_2025_2026/hyperspectral/2026-01-14/37M.bil,safra_2025_2026,hyperspectral,2026-01-14,,37M,raw/safra_2025_2026/hyperspectral/2026-01-14/37M,usable,,270000000,9cbf93077ccb1b02095bb7054d469f1f241d7e1d67080eba5f5e1ec431ffdeb0
raw-safra-2025-2026-hyperspectral-2026-01-14-37m-bil-hdr,raw/safra_2025_2026/hyperspectral/2026-01-14/37M.bil.hdr,safra_2025_2026,hyperspectral,2026-01-14,,37M,raw/safra_2025_2026/hyperspectral/2026-01-14/37M,usable,,2819,534a4637268a5383ab041bf4aab1f056ab880690f1a03c2485c4612d3cd7c3e0
raw-safra-2025-2026-hyperspectral-2026-01-14-37s-rgb-tiff,raw/safra_2025_2026/hyperspectral/2026-01-14/37S-RGB.tiff,safra_2025_2026,hyperspectral,2026-01-14,,37S,raw/safra_2025_2026/hyperspectral/2026-01-14/37S-RGB,usable,,1350140,f6362cd69acadff9b2926464f6e25622d9b96c6a8b7e2214d63ba9ca6eb51223
raw-safra-2025-2026-hyperspectral-2026-01-14-37s-bil,raw/safra_2025_2026/hyperspectral/2026-01-14/37S.bil,safra_2025_2026,hyperspectral,2026-01-14,,37S,raw/safra_2025_2026/hyperspectral/2026-01-14/37S,usable,,270000000,77840ade33bbafc1038d1a8f26fe86a56aee2375fa20e554dffe89cf21ae66b6
raw-safra-2025-2026-hyperspectral-2026-01-14-37s-bil-hdr,raw/safra_2025_2026/hyperspectral/2026-01-14/37S.bil.hdr,safra_2025_2026,hyperspectral,2026-01-14,,37S,raw/safra_2025_2026/hyperspectral/2026-01-14/37S,usable,,2819,c12831945cd47d40c8ec3615dc0b073d3a2a7e3521c0d9830005bb1f8f0068fb
raw-safra-2025-2026-hyperspectral-2026-01-14-38m-rgb-tiff,raw/safra_2025_2026/hyperspectral/2026-01-14/38M-RGB.tiff,safra_2025_2026,hyperspectral,2026-01-14,,38M,raw/safra_2025_2026/hyperspectral/2026-01-14/38M-RGB,usable,,1350140,88d31de4f3a6601fcc3b8d46a668bcdd75b96bca3f85219ceb06c63f14e793a4
raw-safra-2025-2026-hyperspectral-2026-01-14-38m-bil,raw/safra_2025_2026/hyperspectral/2026-01-14/38M.bil,safra_2025_2026,hyperspectral,2026-01-14,,38M,raw/safra_2025_2026/hyperspectral/2026-01-14/38M,usable,,270000000,e1f2f11de66d7fa0a99b59ea1fa44eb9f87fe24073c02786b2614d9cac241381
raw-safra-2025-2026-hyperspectral-2026-01-14-38m-bil-hdr,raw/safra_2025_2026/hyperspectral/2026-01-14/38M.bil.hdr,safra_2025_2026,hyperspectral,2026-01-14,,38M,raw/safra_2025_2026/hyperspectral/2026-01-14/38M,usable,,2819,ef68858543c2f8f8a362c9a5c0acc431a7f2b780f141b87ae2be640b42d31054
raw-safra-2025-2026-hyperspectral-2026-01-14-38s-rgb-tiff,raw/safra_2025_2026/hyperspectral/2026-01-14/38S-RGB.tiff,safra_2025_2026,hyperspectral,2026-01-14,,38S,raw/safra_2025_2026/hyperspectral/2026-01-14/38S-RGB,usable,,1350140,19fe59a88643d4b19324b6a2d1689fd1fc838f9ef9b699f61707bbabff04b14f
raw-safra-2025-2026-hyperspectral-2026-01-14-38s-bil,raw/safra_2025_2026/hyperspectral/2026-01-14/38S.bil,safra_2025_2026,hyperspectral,2026-01-14,,38S,raw/safra_2025_2026/hyperspectral/2026-01-14/38S,usable,,270000000,b67111de294eb56833b39a21ab2d9ccc8c89f8c456620692b41787efbfb85a8f
raw-safra-2025-2026-hyperspectral-2026-01-14-38s-bil-hdr,raw/safra_2025_2026/hyperspectral/2026-01-14/38S.bil.hdr,safra_2025_2026,hyperspectral,2026-01-14,,38S,raw/safra_2025_2026/hyperspectral/2026-01-14/38S,usable,,2819,41d95fc47470c46bca5a235625b13a79e4b44394cffd7e457800087d7426bed5
raw-safra-2025-2026-hyperspectral-2026-01-14-39m-rgb-tiff,raw/safra_2025_2026/hyperspectral/2026-01-14/39M-RGB.tiff,safra_2025_2026,hyperspectral,2026-01-14,,39M,raw/safra_2025_2026/hyperspectral/2026-01-14/39M-RGB,usable,,1350140,5b0108cba4c0e3be81f5363b0003d6c15ddc9f812cfb79b1b54f26781788dbdf
raw-safra-2025-2026-hyperspectral-2026-01-14-39m-bil,raw/safra_2025_2026/hyperspectral/2026-01-14/39M.bil,safra_2025_2026,hyperspectral,2026-01-14,,39M,raw/safra_2025_2026/hyperspectral/2026-01-14/39M,usable,,0,e3b0c44298fc1c149afbf4c8996fb92427ae41e4649b934ca495991b7852b855
raw-safra-2025-2026-hyperspectral-2026-01-14-39m-bil-hdr,raw/safra_2025_2026/hyperspectral/2026-01-14/39M.bil.hdr,safra_2025_2026,hyperspectral,2026-01-14,,39M,raw/safra_2025_2026/hyperspectral/2026-01-14/39M,usable,,2819,8db742611d89c559c6b1ec2de96332f06b878294c96e6385892a343e77f61569
raw-safra-2025-2026-hyperspectral-2026-01-14-39s-rgb-tiff,raw/safra_2025_2026/hyperspectral/2026-01-14/39S-RGB.tiff,safra_2025_2026,hyperspectral,2026-01-14,,39S,raw/safra_2025_2026/hyperspectral/2026-01-14/39S-RGB,usable,,1350140,2e036804dc0be9578de3f0865031a0e282333761a25a76516485aa37b432591f
raw-safra-2025-2026-hyperspectral-2026-01-14-39s-bil,raw/safra_2025_2026/hyperspectral/2026-01-14/39S.bil,safra_2025_2026,hyperspectral,2026-01-14,,39S,raw/safra_2025_2026/hyperspectral/2026-01-14/39S,usable,,0,e3b0c44298fc1c149afbf4c8996fb92427ae41e4649b934ca495991b7852b855
raw-safra-2025-2026-hyperspectral-2026-01-14-39s-bil-hdr,raw/safra_2025_2026/hyperspectral/2026-01-14/39S.bil.hdr,safra_2025_2026,hyperspectral,2026-01-14,,39S,raw/safra_2025_2026/hyperspectral/2026-01-14/39S,usable,,2819,b8fa3518f5d30f12ce5cd320e2dd7035a5dd48beb9e2a3f789fe99f2669f72bc
raw-safra-2025-2026-hyperspectral-2026-01-14-3m-rgb-tiff,raw/safra_2025_2026/hyperspectral/2026-01-14/3M-RGB.tiff,safra_2025_2026,hyperspectral,2026-01-14,,3M,raw/safra_2025_2026/hyperspectral/2026-01-14/3M-RGB,usable,,1350140,1d3732d54cd0dd44eba6b59942377278c0acbd120600fcaccf9cab994fff7b24
raw-safra-2025-2026-hyperspectral-2026-01-14-3m-bil,raw/safra_2025_2026/hyperspectral/2026-01-14/3M.bil,safra_2025_2026,hyperspectral,2026-01-14,,3M,raw/safra_2025_2026/hyperspectral/2026-01-14/3M,usable,,270000000,834041ea698dded7edc2e92f717942c5d746f35dc9fdc6fd327319bff0332c0b
raw-safra-2025-2026-hyperspectral-2026-01-14-3m-bil-hdr,raw/safra_2025_2026/hyperspectral/2026-01-14/3M.bil.hdr,safra_2025_2026,hyperspectral,2026-01-14,,3M,raw/safra_2025_2026/hyperspectral/2026-01-14/3M,usable,,2818,51ae54f3d7ae7bf3bbcfd1a96fb8a375357d8c56769944f722b7d6fbcbdee118
raw-safra-2025-2026-hyperspectral-2026-01-14-3s-rgb-tiff,raw/safra_2025_2026/hyperspectral/2026-01-14/3S-RGB.tiff,safra_2025_2026,hyperspectral,2026-01-14,,3S,raw/safra_2025_2026/hyperspectral/2026-01-14/3S-RGB,usable,,1350140,ee2b2efc7830d4a06873f14d6d7ebab0c893f8659da5ace56f847e1afb507311
raw-safra-2025-2026-hyperspectral-2026-01-14-3s-bil,raw/safra_2025_2026/hyperspectral/2026-01-14/3S.bil,safra_2025_2026,hyperspectral,2026-01-14,,3S,raw/safra_2025_2026/hyperspectral/2026-01-14/3S,usable,,270000000,6318fa8f58949a0f15eaf6f5b16bab74a9eab1e55ad48ef122990b8c4a4659a2
raw-safra-2025-2026-hyperspectral-2026-01-14-3s-bil-hdr,raw/safra_2025_2026/hyperspectral/2026-01-14/3S.bil.hdr,safra_2025_2026,hyperspectral,2026-01-14,,3S,raw/safra_2025_2026/hyperspectral/2026-01-14/3S,usable,,2818,b68585d803e41771a888447f84f2cfa27fc8eac3d90f64997049341092add0fc
raw-safra-2025-2026-hyperspectral-2026-01-14-40m-rgb-tiff,raw/safra_2025_2026/hyperspectral/2026-01-14/40M-RGB.tiff,safra_2025_2026,hyperspectral,2026-01-14,,40M,raw/safra_2025_2026/hyperspectral/2026-01-14/40M-RGB,usable,,1350140,ed224e4617901bb458795dbc356c3fb314b75623c17244a1c0b20b6092075c07
raw-safra-2025-2026-hyperspectral-2026-01-14-40m-bil,raw/safra_2025_2026/hyperspectral/2026-01-14/40M.bil,safra_2025_2026,hyperspectral,2026-01-14,,40M,raw/safra_2025_2026/hyperspectral/2026-01-14/40M,usable,,0,e3b0c44298fc1c149afbf4c8996fb92427ae41e4649b934ca495991b7852b855
raw-safra-2025-2026-hyperspectral-2026-01-14-40m-bil-hdr,raw/safra_2025_2026/hyperspectral/2026-01-14/40M.bil.hdr,safra_2025_2026,hyperspectral,2026-01-14,,40M,raw/safra_2025_2026/hyperspectral/2026-01-14/40M,usable,,2819,e7d787fa1d81e2ec6767568e24f825b23132a869e112d16c2c740bddd96fed70
raw-safra-2025-2026-hyperspectral-2026-01-14-40s-rgb-tiff,raw/safra_2025_2026/hyperspectral/2026-01-14/40S-RGB.tiff,safra_2025_2026,hyperspectral,2026-01-14,,40S,raw/safra_2025_2026/hyperspectral/2026-01-14/40S-RGB,usable,,1350140,b44cc99c3d6245eb419653f5114159b0487704624162ceb49d77f8b0d9f002c5
raw-safra-2025-2026-hyperspectral-2026-01-14-40s-bil,raw/safra_2025_2026/hyperspectral/2026-01-14/40S.bil,safra_2025_2026,hyperspectral,2026-01-14,,40S,raw/safra_2025_2026/hyperspectral/2026-01-14/40S,usable,,0,e3b0c44298fc1c149afbf4c8996fb92427ae41e4649b934ca495991b7852b855
raw-safra-2025-2026-hyperspectral-2026-01-14-40s-bil-hdr,raw/safra_2025_2026/hyperspectral/2026-01-14/40S.bil.hdr,safra_2025_2026,hyperspectral,2026-01-14,,40S,raw/safra_2025_2026/hyperspectral/2026-01-14/40S,usable,,2819,5adaba72a222fb75c83ab3e7e096a9266d81ebdd2a5ba49017c0dd0390f82fd0
raw-safra-2025-2026-hyperspectral-2026-01-14-4m-rgb-tiff,raw/safra_2025_2026/hyperspectral/2026-01-14/4M-RGB.tiff,safra_2025_2026,hyperspectral,2026-01-14,,4M,raw/safra_2025_2026/hyperspectral/2026-01-14/4M-RGB,usable,,1350140,4133045681a9efcdbe1bcf8abf21ac6f0ac059f5b5f145013a2b5508d8729abd
raw-safra-2025-2026-hyperspectral-2026-01-14-4m-bil,raw/safra_2025_2026/hyperspectral/2026-01-14/4M.bil,safra_2025_2026,hyperspectral,2026-01-14,,4M,raw/safra_2025_2026/hyperspectral/2026-01-14/4M,usable,,270000000,92472dfac5f3739c07970f3b8836b5634df8914406192f0df3bbbaaa2471ae91
raw-safra-2025-2026-hyperspectral-2026-01-14-4m-bil-hdr,raw/safra_2025_2026/hyperspectral/2026-01-14/4M.bil.hdr,safra_2025_2026,hyperspectral,2026-01-14,,4M,raw/safra_2025_2026/hyperspectral/2026-01-14/4M,usable,,2818,f764f83fc820d001c71bbc84489e5a982bd587f98e7b6a3e436ec4c584afb6b6
raw-safra-2025-2026-hyperspectral-2026-01-14-4s-rgb-tiff,raw/safra_2025_2026/hyperspectral/2026-01-14/4S-RGB.tiff,safra_2025_2026,hyperspectral,2026-01-14,,4S,raw/safra_2025_2026/hyperspectral/2026-01-14/4S-RGB,usable,,1350140,b3004ded32f8091f60969c7892220c5052942473e66a792fc5985f1fc141564a
raw-safra-2025-2026-hyperspectral-2026-01-14-4s-bil,raw/safra_2025_2026/hyperspectral/2026-01-14/4S.bil,safra_2025_2026,hyperspectral,2026-01-14,,4S,raw/safra_2025_2026/hyperspectral/2026-01-14/4S,usable,,270000000,1656593404ca886b5ed65bb1c018f871a5b16bed5664f0a16f3b5fc5c3134c88
raw-safra-2025-2026-hyperspectral-2026-01-14-4s-bil-hdr,raw/safra_2025_2026/hyperspectral/2026-01-14/4S.bil.hdr,safra_2025_2026,hyperspectral,2026-01-14,,4S,raw/safra_2025_2026/hyperspectral/2026-01-14/4S,usable,,2818,49a67c9b5fa33bd16bc3db342b53a6aec0d3c477f2c14180ea3632de8ae847c3
raw-safra-2025-2026-hyperspectral-2026-01-14-5m-rgb-tiff,raw/safra_2025_2026/hyperspectral/2026-01-14/5M-RGB.tiff,safra_2025_2026,hyperspectral,2026-01-14,,5M,raw/safra_2025_2026/hyperspectral/2026-01-14/5M-RGB,usable,,1350140,7746ac3a222e94473683e48793bbe108ad540bcb7d1172c0adac81a4604b54aa
raw-safra-2025-2026-hyperspectral-2026-01-14-5m-bil,raw/safra_2025_2026/hyperspectral/2026-01-14/5M.bil,safra_2025_2026,hyperspectral,2026-01-14,,5M,raw/safra_2025_2026/hyperspectral/2026-01-14/5M,usable,,270000000,15e1c0db0ecec43ee7da83116b62e3dfe16b3d188ed63e2fd239bdb956590c2c
raw-safra-2025-2026-hyperspectral-2026-01-14-5m-bil-hdr,raw/safra_2025_2026/hyperspectral/2026-01-14/5M.bil.hdr,safra_2025_2026,hyperspectral,2026-01-14,,5M,raw/safra_2025_2026/hyperspectral/2026-01-14/5M,usable,,2818,ad1ee8c6de283f8e78c7d3175a716980bb1ee597b61d1c59e25bef005d90b56d
raw-safra-2025-2026-hyperspectral-2026-01-14-5s-rgb-tiff,raw/safra_2025_2026/hyperspectral/2026-01-14/5S-RGB.tiff,safra_2025_2026,hyperspectral,2026-01-14,,5S,raw/safra_2025_2026/hyperspectral/2026-01-14/5S-RGB,usable,,1350140,40a36b15f4666e8839eaac614076b7a7564c4800e0e5044edd194ed747d88661
raw-safra-2025-2026-hyperspectral-2026-01-14-5s-bil,raw/safra_2025_2026/hyperspectral/2026-01-14/5S.bil,safra_2025_2026,hyperspectral,2026-01-14,,5S,raw/safra_2025_2026/hyperspectral/2026-01-14/5S,usable,,270000000,d910b970e9abb489d159deca16dd540b9b480f6978250a7cb96581f05a10272d
raw-safra-2025-2026-hyperspectral-2026-01-14-5s-bil-hdr,raw/safra_2025_2026/hyperspectral/2026-01-14/5S.bil.hdr,safra_2025_2026,hyperspectral,2026-01-14,,5S,raw/safra_2025_2026/hyperspectral/2026-01-14/5S,usable,,2818,42efb319cb7dac21efc49852ad78c7ed39191f88fd870aca2d204ddc4af7e738
raw-safra-2025-2026-hyperspectral-2026-01-14-6m-rgb-tiff,raw/safra_2025_2026/hyperspectral/2026-01-14/6M-RGB.tiff,safra_2025_2026,hyperspectral,2026-01-14,,6M,raw/safra_2025_2026/hyperspectral/2026-01-14/6M-RGB,usable,,1350140,9c0926cea6bdf10f4ad8d6517be2d1d47171ede183fb075687ebe44c57dedad6
raw-safra-2025-2026-hyperspectral-2026-01-14-6m-bil,raw/safra_2025_2026/hyperspectral/2026-01-14/6M.bil,safra_2025_2026,hyperspectral,2026-01-14,,6M,raw/safra_2025_2026/hyperspectral/2026-01-14/6M,usable,,270000000,bc2a7e5de3e2ccaaa75af1b1f433e5239c63da5dfe5a2ca26020831e98a7937f
raw-safra-2025-2026-hyperspectral-2026-01-14-6m-bil-hdr,raw/safra_2025_2026/hyperspectral/2026-01-14/6M.bil.hdr,safra_2025_2026,hyperspectral,2026-01-14,,6M,raw/safra_2025_2026/hyperspectral/2026-01-14/6M,usable,,2818,3525a61e8f2fe994fb8eaa1b54580326cfef5cc79078e13f6dd2d4beee09c29c
raw-safra-2025-2026-hyperspectral-2026-01-14-6s-rgb-tiff,raw/safra_2025_2026/hyperspectral/2026-01-14/6S-RGB.tiff,safra_2025_2026,hyperspectral,2026-01-14,,6S,raw/safra_2025_2026/hyperspectral/2026-01-14/6S-RGB,usable,,1350140,21f52e8a625e905e66917ab962fa623caeac5c06b03c242e36acd20b28c66b4f
raw-safra-2025-2026-hyperspectral-2026-01-14-6s-bil,raw/safra_2025_2026/hyperspectral/2026-01-14/6S.bil,safra_2025_2026,hyperspectral,2026-01-14,,6S,raw/safra_2025_2026/hyperspectral/2026-01-14/6S,usable,,270000000,86d1b318a0d989541eb29990b719ac5a6cc150d59d48b44f6156ffa5c8ae0f0b
raw-safra-2025-2026-hyperspectral-2026-01-14-6s-bil-hdr,raw/safra_2025_2026/hyperspectral/2026-01-14/6S.bil.hdr,safra_2025_2026,hyperspectral,2026-01-14,,6S,raw/safra_2025_2026/hyperspectral/2026-01-14/6S,usable,,2818,2323c5e313f7700c242939c696332ee2ac9f72f5ca50f2dc8cf372ec37538e21
raw-safra-2025-2026-hyperspectral-2026-01-14-7m-rgb-tiff,raw/safra_2025_2026/hyperspectral/2026-01-14/7M-RGB.tiff,safra_2025_2026,hyperspectral,2026-01-14,,7M,raw/safra_2025_2026/hyperspectral/2026-01-14/7M-RGB,usable,,1350140,6bb06155f817b2c64b5ae922b2d96291f5f1a798aa507739f8a2b6dbd09bc242
raw-safra-2025-2026-hyperspectral-2026-01-14-7m-bil,raw/safra_2025_2026/hyperspectral/2026-01-14/7M.bil,safra_2025_2026,hyperspectral,2026-01-14,,7M,raw/safra_2025_2026/hyperspectral/2026-01-14/7M,usable,,270000000,3a8688e9b8f13fa82208a421eb3cee847f23d4b95bf82024bc5c44aca3b470ca
raw-safra-2025-2026-hyperspectral-2026-01-14-7m-bil-hdr,raw/safra_2025_2026/hyperspectral/2026-01-14/7M.bil.hdr,safra_2025_2026,hyperspectral,2026-01-14,,7M,raw/safra_2025_2026/hyperspectral/2026-01-14/7M,usable,,2818,4b38c0b816a8be63930de49239046f182cfe049d04cdb41811a8c792d0af86f3
raw-safra-2025-2026-hyperspectral-2026-01-14-7s-rgb-tiff,raw/safra_2025_2026/hyperspectral/2026-01-14/7S-RGB.tiff,safra_2025_2026,hyperspectral,2026-01-14,,7S,raw/safra_2025_2026/hyperspectral/2026-01-14/7S-RGB,usable,,1350140,ba4db7288456ecbe7ecaedfd4978eaeb77d74b651de3d2b002e41c67c27325b9
raw-safra-2025-2026-hyperspectral-2026-01-14-7s-bil,raw/safra_2025_2026/hyperspectral/2026-01-14/7S.bil,safra_2025_2026,hyperspectral,2026-01-14,,7S,raw/safra_2025_2026/hyperspectral/2026-01-14/7S,usable,,270000000,b56a5ee2bae0b919bb495b6f511e2c53f4acc1ab64bf4bf70ffec907b79bb78f
raw-safra-2025-2026-hyperspectral-2026-01-14-7s-bil-hdr,raw/safra_2025_2026/hyperspectral/2026-01-14/7S.bil.hdr,safra_2025_2026,hyperspectral,2026-01-14,,7S,raw/safra_2025_2026/hyperspectral/2026-01-14/7S,usable,,2818,202de44cc097206e17a9bc8d9eea3eb595f5f39db9b3d08f77570af714c47a38
raw-safra-2025-2026-hyperspectral-2026-01-14-8m-rgb-tiff,raw/safra_2025_2026/hyperspectral/2026-01-14/8M-RGB.tiff,safra_2025_2026,hyperspectral,2026-01-14,,8M,raw/safra_2025_2026/hyperspectral/2026-01-14/8M-RGB,usable,,1350140,2417e07b32b065e3f3919f6486cedb04f2c7c95d2cf3256ddfa68cdbef8f42a4
raw-safra-2025-2026-hyperspectral-2026-01-14-8m-bil,raw/safra_2025_2026/hyperspectral/2026-01-14/8M.bil,safra_2025_2026,hyperspectral,2026-01-14,,8M,raw/safra_2025_2026/hyperspectral/2026-01-14/8M,usable,,270000000,866f20a00437990b7ad62ae3cf7e991950fb4f0a56668385b5cf9b372d72e519
raw-safra-2025-2026-hyperspectral-2026-01-14-8m-bil-hdr,raw/safra_2025_2026/hyperspectral/2026-01-14/8M.bil.hdr,safra_2025_2026,hyperspectral,2026-01-14,,8M,raw/safra_2025_2026/hyperspectral/2026-01-14/8M,usable,,2818,ed8838b31d8152f922ec8d5ee093dfa4c7a1c35229efc6ff0edb1c168e77cbf5
raw-safra-2025-2026-hyperspectral-2026-01-14-8s-rgb-tiff,raw/safra_2025_2026/hyperspectral/2026-01-14/8S-RGB.tiff,safra_2025_2026,hyperspectral,2026-01-14,,8S,raw/safra_2025_2026/hyperspectral/2026-01-14/8S-RGB,usable,,1350140,32306001ee413de7cd65a6174f54ded24948a45d77ea71c76e4f39c9d08222a4
raw-safra-2025-2026-hyperspectral-2026-01-14-8s-bil,raw/safra_2025_2026/hyperspectral/2026-01-14/8S.bil,safra_2025_2026,hyperspectral,2026-01-14,,8S,raw/safra_2025_2026/hyperspectral/2026-01-14/8S,usable,,270000000,6ad0c131cfd1419cc1acee17b18a184062f2cc55e4c59a911acf9ae70c772c4a
raw-safra-2025-2026-hyperspectral-2026-01-14-8s-bil-hdr,raw/safra_2025_2026/hyperspectral/2026-01-14/8S.bil.hdr,safra_2025_2026,hyperspectral,2026-01-14,,8S,raw/safra_2025_2026/hyperspectral/2026-01-14/8S,usable,,2818,cdc739b042ee38546cd590187ef33be8fa8fb0d03a68a9ec802f4c680bdca5a9
raw-safra-2025-2026-hyperspectral-2026-01-14-9m-rgb-tiff,raw/safra_2025_2026/hyperspectral/2026-01-14/9M-RGB.tiff,safra_2025_2026,hyperspectral,2026-01-14,,9M,raw/safra_2025_2026/hyperspectral/2026-01-14/9M-RGB,usable,,1350140,c6a3bfe2b1a43e2eddbc2e8c53aea202d9e0138e56d6421ae43a33d9c8550bed
raw-safra-2025-2026-hyperspectral-2026-01-14-9m-bil,raw/safra_2025_2026/hyperspectral/2026-01-14/9M.bil,safra_2025_2026,hyperspectral,2026-01-14,,9M,raw/safra_2025_2026/hyperspectral/2026-01-14/9M,usable,,270000000,dfe808c19929f64327d70fa7ab3f168b9fe397b37906dc279fc550e53ffe5ce0
raw-safra-2025-2026-hyperspectral-2026-01-14-9m-bil-hdr,raw/safra_2025_2026/hyperspectral/2026-01-14/9M.bil.hdr,safra_2025_2026,hyperspectral,2026-01-14,,9M,raw/safra_2025_2026/hyperspectral/2026-01-14/9M,usable,,2818,5e5313280919e8ab37de44778faae752c9c85ebcf19d1ec7f0b5f46a591fd76a
raw-safra-2025-2026-hyperspectral-2026-01-14-9s-rgb-tiff,raw/safra_2025_2026/hyperspectral/2026-01-14/9S-RGB.tiff,safra_2025_2026,hyperspectral,2026-01-14,,9S,raw/safra_2025_2026/hyperspectral/2026-01-14/9S-RGB,usable,,1350140,c72d1519a77036de5a8cb69b372e6e69a57aa69067f85f9a21cec25012e1a017
raw-safra-2025-2026-hyperspectral-2026-01-14-9s-bil,raw/safra_2025_2026/hyperspectral/2026-01-14/9S.bil,safra_2025_2026,hyperspectral,2026-01-14,,9S,raw/safra_2025_2026/hyperspectral/2026-01-14/9S,usable,,270000000,a76ee9d5b417f732f1a09b320f6d651fc59078b07566ba716815805ae5a1064b
raw-safra-2025-2026-hyperspectral-2026-01-14-9s-bil-hdr,raw/safra_2025_2026/hyperspectral/2026-01-14/9S.bil.hdr,safra_2025_2026,hyperspectral,2026-01-14,,9S,raw/safra_2025_2026/hyperspectral/2026-01-14/9S,usable,,2818,4037eaa21326de364d246a77d81f45a918b3ae97b08e84e20b3b075372d78e9f
raw-safra-2025-2026-metadata-texts-relat-rio-de-coleta-de-dados-17-12-25-docx,raw/safra_2025_2026/metadata/texts/RELATÓRIO DE COLETA DE DADOS 17.12.25.docx,safra_2025_2026,metadata,,,,raw/safra_2025_2026/metadata/texts/RELATÓRIO DE COLETA DE DADOS 17.12.25,usable,,3709794,4923b1b157ff8d37884510d0b1457577d141141b948eaf997cf91302d22355d2
raw-safra-2025-2026-metadata-rea-11-eea-kmz,raw/safra_2025_2026/metadata/Área 11 EEA.kmz,safra_2025_2026,metadata,,,,raw/safra_2025_2026/metadata/Área 11 EEA,usable,,898,06c9489c487b648dc58df804535b0f74dafd40fb7b7264b9dcce30c70c480415
raw-safra-2025-2026-orthomosaics-12-12-2025-milho-12-12-2025-comsensor-mosaico-tif,raw/safra_2025_2026/orthomosaics/12.12.2025/Milho_12.12.2025_comsensor_mosaico.tif,safra_2025_2026,orthomosaics,,,,raw/safra_2025_2026/orthomosaics/12.12.2025/Milho_12.12.2025_comsensor_mosaico,usable,,360719908,5deb9b987d5d021bea960db5e271036acd3218b5ae1dcd310047ac7fc37a5195
raw-safra-2025-2026-orthomosaics-12-12-2025-milho-12-12-2025-comsensor-mosaico-tif-aux-xml,raw/safra_2025_2026/orthomosaics/12.12.2025/Milho_12.12.2025_comsensor_mosaico.tif.aux.xml,safra_2025_2026,orthomosaics,,,,raw/safra_2025_2026/orthomosaics/12.12.2025/Milho_12.12.2025_comsensor_mosaico,usable,,395383,6f8322b9ceb1edeb4e484fd92506cf45973a68e9e20ef6bcf030a1cdd3fc1653
raw-safra-2025-2026-orthomosaics-14-01-2026-milho-14-01-2026-com-sensor-mosaico-modificado-tif,raw/safra_2025_2026/orthomosaics/14.01.2026/milho_14_01_2026_com_sensor_mosaico_modificado.tif,safra_2025_2026,orthomosaics,,,,raw/safra_2025_2026/orthomosaics/14.01.2026/milho_14_01_2026_com_sensor_mosaico_modificado,usable,,309278778,1a74f4cde361b3dd183dbfe73e34adc19d96af93b6fd1c6c549fb9d7f041c1e5
raw-safra-2025-2026-orthomosaics-14-01-2026-milho-14-01-2026-com-sensor-mosaico-modificado-tif-aux-xml,raw/safra_2025_2026/orthomosaics/14.01.2026/milho_14_01_2026_com_sensor_mosaico_modificado.tif.aux.xml,safra_2025_2026,orthomosaics,,,,raw/safra_2025_2026/orthomosaics/14.01.2026/milho_14_01_2026_com_sensor_mosaico_modificado,usable,,407700,19c772df3331ce7ade470dbb881b346fa8ac8407315ec132ed195fb954903d5d
raw-safra-2025-2026-orthomosaics-23-12-2025-voo-regular-30m-milho-23-12-2025-comsensor-vooregular-mosaico-modificado-tif,raw/safra_2025_2026/orthomosaics/23.12.2025_voo regular (30m)/Milho_23.12.2025_comsensor_vooregular_mosaico_modificado.tif,safra_2025_2026,orthomosaics,,,,raw/safra_2025_2026/orthomosaics/23.12.2025_voo regular (30m)/Milho_23.12.2025_comsensor_vooregular_mosaico_modificado,usable,,306045070,7718d9f8596d91d6dd7bb8e7c1c597691081a9ed469c5c54628e462fe7fb0954
raw-safra-2025-2026-orthomosaics-23-12-2025-voo-regular-30m-milho-23-12-2025-comsensor-vooregular-mosaico-modificado-tif-aux-xml,raw/safra_2025_2026/orthomosaics/23.12.2025_voo regular (30m)/Milho_23.12.2025_comsensor_vooregular_mosaico_modificado.tif.aux.xml,safra_2025_2026,orthomosaics,,,,raw/safra_2025_2026/orthomosaics/23.12.2025_voo regular (30m)/Milho_23.12.2025_comsensor_vooregular_mosaico_modificado,usable,,404997,b551a889f68623bf8f6e903f1b619e64f2a4199c873dac46216f5b5a2c52876b
raw-safra-2025-2026-satellite-multiespectral-planetscope-area11-13dez2025-rgb-psscene-visual-13dez2025-rgb-tif,raw/safra_2025_2026/satellite/Multiespectral/PlanetScope/area11_13dez2025_RGB_psscene_visual/13dez2025_RGB.tif,safra_2025_2026,satellite,,,,raw/safra_2025_2026/satellite/Multiespectral/PlanetScope/area11_13dez2025_RGB_psscene_visual/13dez2025_RGB,usable,,25473,9f80154861fdcf7cbfcf35d11fe1d9df9607a68b60ae62ecc392c88791491986
raw-safra-2025-2026-satellite-multiespectral-planetscope-area11-13dez2025-rgb-psscene-visual-13dez2025-rgb-tif-aux-xml,raw/safra_2025_2026/satellite/Multiespectral/PlanetScope/area11_13dez2025_RGB_psscene_visual/13dez2025_RGB.tif.aux.xml,safra_2025_2026,satellite,,,,raw/safra_2025_2026/satellite/Multiespectral/PlanetScope/area11_13dez2025_RGB_psscene_visual/13dez2025_RGB,usable,,1354,013fef34210979b5ce9dbe5732e5d360b5a2aa972b4f977457f4594bdb255bb6
raw-safra-2025-2026-satellite-multiespectral-planetscope-area11-13dez2025-rgb-psscene-visual-20251213-142026-01-24dd-metadata-json,raw/safra_2025_2026/satellite/Multiespectral/PlanetScope/area11_13dez2025_RGB_psscene_visual/20251213_142026_01_24dd_metadata.json,safra_2025_2026,satellite,,,,raw/safra_2025_2026/satellite/Multiespectral/PlanetScope/area11_13dez2025_RGB_psscene_visual/20251213_142026_01_24dd_metadata,usable,,2076,29ce339993c18dc3fe52d800a1c8cdaadaa91557438dc79d0c20c007bf81baa6
raw-safra-2025-2026-satellite-multiespectral-planetscope-area11-13dez2025-rgb-psscene-visual-catalog-json,raw/safra_2025_2026/satellite/Multiespectral/PlanetScope/area11_13dez2025_RGB_psscene_visual/catalog.json,safra_2025_2026,satellite,,,,raw/safra_2025_2026/satellite/Multiespectral/PlanetScope/area11_13dez2025_RGB_psscene_visual/catalog,usable,,255,0b2528f230c45e0953b90cf1a50689457404061f41e862cf632920cf9b842bb7
raw-safra-2025-2026-satellite-multiespectral-planetscope-area11-13dez2025-rgb-psscene-visual-composite-tif-aux-xml,raw/safra_2025_2026/satellite/Multiespectral/PlanetScope/area11_13dez2025_RGB_psscene_visual/composite.tif.aux.xml,safra_2025_2026,satellite,,,,raw/safra_2025_2026/satellite/Multiespectral/PlanetScope/area11_13dez2025_RGB_psscene_visual/composite,usable,,1354,013fef34210979b5ce9dbe5732e5d360b5a2aa972b4f977457f4594bdb255bb6
raw-safra-2025-2026-satellite-multiespectral-planetscope-area11-13dez2025-rgb-psscene-visual-composite-metadata-json,raw/safra_2025_2026/satellite/Multiespectral/PlanetScope/area11_13dez2025_RGB_psscene_visual/composite_metadata.json,safra_2025_2026,satellite,,,,raw/safra_2025_2026/satellite/Multiespectral/PlanetScope/area11_13dez2025_RGB_psscene_visual/composite_metadata,usable,,1963,3ab46971a2c17a1a55aad7b0d80349cd236459c90be7340edc38408980be97ce
raw-safra-2025-2026-satellite-multiespectral-planetscope-area11-13dez2025-rgb-psscene-visual-manifest-json,raw/safra_2025_2026/satellite/Multiespectral/PlanetScope/area11_13dez2025_RGB_psscene_visual/manifest.json,safra_2025_2026,satellite,,,,raw/safra_2025_2026/satellite/Multiespectral/PlanetScope/area11_13dez2025_RGB_psscene_visual/manifest,usable,,897,cf99476c31e24a817ae1c4e44b4d2e500fc9c98e60d9c9343fe158ed414bcca3
raw-safra-2025-2026-satellite-multiespectral-planetscope-area11-13dez2025-psscene-analytic-8b-sr-udm2-13dez2025-8bands-tif,raw/safra_2025_2026/satellite/Multiespectral/PlanetScope/area11_13dez2025_psscene_analytic_8b_sr_udm2/13dez2025_8bands.tif,safra_2025_2026,satellite,,,,raw/safra_2025_2026/satellite/Multiespectral/PlanetScope/area11_13dez2025_psscene_analytic_8b_sr_udm2/13dez2025_8bands,usable,,99190,ac4f59d88bed32a37eb3f2d3ea9bf4a935b3576424cf4a5dfed9356c1ab2dec3
raw-safra-2025-2026-satellite-multiespectral-planetscope-area11-13dez2025-psscene-analytic-8b-sr-udm2-13dez2025-8bands-tif-aux-xml,raw/safra_2025_2026/satellite/Multiespectral/PlanetScope/area11_13dez2025_psscene_analytic_8b_sr_udm2/13dez2025_8bands.tif.aux.xml,safra_2025_2026,satellite,,,,raw/safra_2025_2026/satellite/Multiespectral/PlanetScope/area11_13dez2025_psscene_analytic_8b_sr_udm2/13dez2025_8bands,usable,,7573,f6df7b564734d06c50c30d781c56c8e2ccde51aec9bbdce6ccefd0de3f98af9b
raw-safra-2025-2026-satellite-multiespectral-planetscope-area11-13dez2025-psscene-analytic-8b-sr-udm2-20251213-142026-01-24dd-3b-analyticms-8b-metadata-clip-xml,raw/safra_2025_2026/satellite/Multiespectral/PlanetScope/area11_13dez2025_psscene_analytic_8b_sr_udm2/20251213_142026_01_24dd_3B_AnalyticMS_8b_metadata_clip.xml,safra_2025_2026,satellite,,,,raw/safra_2025_2026/satellite/Multiespectral/PlanetScope/area11_13dez2025_psscene_analytic_8b_sr_udm2/20251213_142026_01_24dd_3B_AnalyticMS_8b_metadata_clip,usable,,11129,e678c87ff2e45f7384e0bc3383a2e1114761f7ce5c75f9167be34f2728eabb95
raw-safra-2025-2026-satellite-multiespectral-planetscope-area11-13dez2025-psscene-analytic-8b-sr-udm2-20251213-142026-01-24dd-metadata-json,raw/safra_2025_2026/satellite/Multiespectral/PlanetScope/area11_13dez2025_psscene_analytic_8b_sr_udm2/20251213_142026_01_24dd_metadata.json,safra_2025_2026,satellite,,,,raw/safra_2025_2026/satellite/Multiespectral/PlanetScope/area11_13dez2025_psscene_analytic_8b_sr_udm2/20251213_142026_01_24dd_metadata,usable,,2077,3b7892e1e2eb8d37e54b8bfc518c21f3d3ab0ad176fba74abb9cd53a38506608
raw-safra-2025-2026-satellite-multiespectral-planetscope-area11-13dez2025-psscene-analytic-8b-sr-udm2-catalog-json,raw/safra_2025_2026/satellite/Multiespectral/PlanetScope/area11_13dez2025_psscene_analytic_8b_sr_udm2/catalog.json,safra_2025_2026,satellite,,,,raw/safra_2025_2026/satellite/Multiespectral/PlanetScope/area11_13dez2025_psscene_analytic_8b_sr_udm2/catalog,usable,,251,7e09a2ed6c095df01a87ce9719e62b019776e0c16b5cf24ae08af7b7052c3500
raw-safra-2025-2026-satellite-multiespectral-planetscope-area11-13dez2025-psscene-analytic-8b-sr-udm2-composite-tif-aux-xml,raw/safra_2025_2026/satellite/Multiespectral/PlanetScope/area11_13dez2025_psscene_analytic_8b_sr_udm2/composite.tif.aux.xml,safra_2025_2026,satellite,,,,raw/safra_2025_2026/satellite/Multiespectral/PlanetScope/area11_13dez2025_psscene_analytic_8b_sr_udm2/composite,usable,,7573,f6df7b564734d06c50c30d781c56c8e2ccde51aec9bbdce6ccefd0de3f98af9b
raw-safra-2025-2026-satellite-multiespectral-planetscope-area11-13dez2025-psscene-analytic-8b-sr-udm2-composite-metadata-json,raw/safra_2025_2026/satellite/Multiespectral/PlanetScope/area11_13dez2025_psscene_analytic_8b_sr_udm2/composite_metadata.json,safra_2025_2026,satellite,,,,raw/safra_2025_2026/satellite/Multiespectral/PlanetScope/area11_13dez2025_psscene_analytic_8b_sr_udm2/composite_metadata,usable,,1964,f06828a885aa42ca96f430c87fa979683c2774d471574b2cc5c0f5b65972e7b6
raw-safra-2025-2026-satellite-multiespectral-planetscope-area11-13dez2025-psscene-analytic-8b-sr-udm2-composite-udm2-tif,raw/safra_2025_2026/satellite/Multiespectral/PlanetScope/area11_13dez2025_psscene_analytic_8b_sr_udm2/composite_udm2.tif,safra_2025_2026,satellite,,,,raw/safra_2025_2026/satellite/Multiespectral/PlanetScope/area11_13dez2025_psscene_analytic_8b_sr_udm2/composite_udm2,usable,,4512,6080e1c19a7993b68181c24859baf07d7ab506fa8b0e1ceef20be890ccb83880
raw-safra-2025-2026-satellite-multiespectral-planetscope-area11-13dez2025-psscene-analytic-8b-sr-udm2-composite-udm2-tif-aux-xml,raw/safra_2025_2026/satellite/Multiespectral/PlanetScope/area11_13dez2025_psscene_analytic_8b_sr_udm2/composite_udm2.tif.aux.xml,safra_2025_2026,satellite,,,,raw/safra_2025_2026/satellite/Multiespectral/PlanetScope/area11_13dez2025_psscene_analytic_8b_sr_udm2/composite_udm2,usable,,1500,a5efef3a3d9226f83e9a8b839919732c05fbd6cae085b74b3c606e10b9061a73
raw-safra-2025-2026-satellite-multiespectral-planetscope-area11-13dez2025-psscene-analytic-8b-sr-udm2-manifest-json,raw/safra_2025_2026/satellite/Multiespectral/PlanetScope/area11_13dez2025_psscene_analytic_8b_sr_udm2/manifest.json,safra_2025_2026,satellite,,,,raw/safra_2025_2026/satellite/Multiespectral/PlanetScope/area11_13dez2025_psscene_analytic_8b_sr_udm2/manifest,usable,,1364,ea11a8fa509620cf74870ccb69e72af3f855985fcfbc6d20a8d3e4f0dec7f695
raw-safra-2025-2026-satellite-multiespectral-planetscope-area11-14jan2026-8bands-psscene-analytic-8b-sr-udm2-14jan2026-8bands-tif-aux-xml,raw/safra_2025_2026/satellite/Multiespectral/PlanetScope/area11_14jan2026_8bands_psscene_analytic_8b_sr_udm2/14jan2026_8bands.tif.aux.xml,safra_2025_2026,satellite,,,,raw/safra_2025_2026/satellite/Multiespectral/PlanetScope/area11_14jan2026_8bands_psscene_analytic_8b_sr_udm2/14jan2026_8bands,usable,,5978,c55fa941f52b43649baa8a091f4697ccff809a2bf8157ef725ef5074e1c76647
raw-safra-2025-2026-satellite-multiespectral-planetscope-area11-14jan2026-8bands-psscene-analytic-8b-sr-udm2-20260114-140353-75-2540-3b-analyticms-8b-metadata-clip-xml,raw/safra_2025_2026/satellite/Multiespectral/PlanetScope/area11_14jan2026_8bands_psscene_analytic_8b_sr_udm2/20260114_140353_75_2540_3B_AnalyticMS_8b_metadata_clip.xml,safra_2025_2026,satellite,,,,raw/safra_2025_2026/satellite/Multiespectral/PlanetScope/area11_14jan2026_8bands_psscene_analytic_8b_sr_udm2/20260114_140353_75_2540_3B_AnalyticMS_8b_metadata_clip,usable,,11131,2f42726a2964dae58aeed69f8abe1398e94bbaa42c88f95b78f3207d6630f107
raw-safra-2025-2026-satellite-multiespectral-planetscope-area11-14jan2026-8bands-psscene-analytic-8b-sr-udm2-20260114-140353-75-2540-metadata-json,raw/safra_2025_2026/satellite/Multiespectral/PlanetScope/area11_14jan2026_8bands_psscene_analytic_8b_sr_udm2/20260114_140353_75_2540_metadata.json,safra_2025_2026,satellite,,,,raw/safra_2025_2026/satellite/Multiespectral/PlanetScope/area11_14jan2026_8bands_psscene_analytic_8b_sr_udm2/20260114_140353_75_2540_metadata,usable,,2076,06e2e41087630504b6f7870b93d577b3be04d0a6f6bf11216c0e1e53881aebd8
raw-safra-2025-2026-satellite-multiespectral-planetscope-area11-14jan2026-8bands-psscene-analytic-8b-sr-udm2-catalog-json,raw/safra_2025_2026/satellite/Multiespectral/PlanetScope/area11_14jan2026_8bands_psscene_analytic_8b_sr_udm2/catalog.json,safra_2025_2026,satellite,,,,raw/safra_2025_2026/satellite/Multiespectral/PlanetScope/area11_14jan2026_8bands_psscene_analytic_8b_sr_udm2/catalog,usable,,258,a416c7f619269f4b49c0e9734c1cfb787c3e3a968f40938327e3bd454a22aa29
raw-safra-2025-2026-satellite-multiespectral-planetscope-area11-14jan2026-8bands-psscene-analytic-8b-sr-udm2-composite-tif,raw/safra_2025_2026/satellite/Multiespectral/PlanetScope/area11_14jan2026_8bands_psscene_analytic_8b_sr_udm2/composite.tif,safra_2025_2026,satellite,,,,raw/safra_2025_2026/satellite/Multiespectral/PlanetScope/area11_14jan2026_8bands_psscene_analytic_8b_sr_udm2/composite,usable,,92438,bffc4be3fa8479b920684fe15e62e533f024049fe58762097ae7bfeed60bebac
raw-safra-2025-2026-satellite-multiespectral-planetscope-area11-14jan2026-8bands-psscene-analytic-8b-sr-udm2-composite-metadata-json,raw/safra_2025_2026/satellite/Multiespectral/PlanetScope/area11_14jan2026_8bands_psscene_analytic_8b_sr_udm2/composite_metadata.json,safra_2025_2026,satellite,,,,raw/safra_2025_2026/satellite/Multiespectral/PlanetScope/area11_14jan2026_8bands_psscene_analytic_8b_sr_udm2/composite_metadata,usable,,1963,7debba26a4f933b5c9d82d88bec2158e7a8a5f1e5bbc4d3aa134b59e978f6a2c
raw-safra-2025-2026-satellite-multiespectral-planetscope-area11-14jan2026-8bands-psscene-analytic-8b-sr-udm2-composite-udm2-tif,raw/safra_2025_2026/satellite/Multiespectral/PlanetScope/area11_14jan2026_8bands_psscene_analytic_8b_sr_udm2/composite_udm2.tif,safra_2025_2026,satellite,,,,raw/safra_2025_2026/satellite/Multiespectral/PlanetScope/area11_14jan2026_8bands_psscene_analytic_8b_sr_udm2/composite_udm2,usable,,4704,89c1fed208c0cce094ef3c42f26cc9c811b64596ee548163e5a6e38ed99ac06d
raw-safra-2025-2026-satellite-multiespectral-planetscope-area11-14jan2026-8bands-psscene-analytic-8b-sr-udm2-manifest-json,raw/safra_2025_2026/satellite/Multiespectral/PlanetScope/area11_14jan2026_8bands_psscene_analytic_8b_sr_udm2/manifest.json,safra_2025_2026,satellite,,,,raw/safra_2025_2026/satellite/Multiespectral/PlanetScope/area11_14jan2026_8bands_psscene_analytic_8b_sr_udm2/manifest,usable,,1364,6e6b082525992eaaaac45d0b777120d0ceb6138dc4d77c3f07b7ccd52ad344be
raw-safra-2025-2026-satellite-multiespectral-planetscope-area11-14jan2026-rgb-psscene-visual-14jan2026-rgb-tif-aux-xml,raw/safra_2025_2026/satellite/Multiespectral/PlanetScope/area11_14jan2026_RGB_psscene_visual/14jan2026_RGB.tif.aux.xml,safra_2025_2026,satellite,,,,raw/safra_2025_2026/satellite/Multiespectral/PlanetScope/area11_14jan2026_RGB_psscene_visual/14jan2026_RGB,usable,,1355,0805f45a065754644546fa69b0067f854260fe81640d0c988d5d95d0570be2a2
raw-safra-2025-2026-satellite-multiespectral-planetscope-area11-14jan2026-rgb-psscene-visual-20260114-140353-75-2540-metadata-json,raw/safra_2025_2026/satellite/Multiespectral/PlanetScope/area11_14jan2026_RGB_psscene_visual/20260114_140353_75_2540_metadata.json,safra_2025_2026,satellite,,,,raw/safra_2025_2026/satellite/Multiespectral/PlanetScope/area11_14jan2026_RGB_psscene_visual/20260114_140353_75_2540_metadata,usable,,2075,6c6a975e125ecda81f6c3c3fa0da055b523416448c760d67ecf469858b0d74cd
raw-safra-2025-2026-satellite-multiespectral-planetscope-area11-14jan2026-rgb-psscene-visual-catalog-json,raw/safra_2025_2026/satellite/Multiespectral/PlanetScope/area11_14jan2026_RGB_psscene_visual/catalog.json,safra_2025_2026,satellite,,,,raw/safra_2025_2026/satellite/Multiespectral/PlanetScope/area11_14jan2026_RGB_psscene_visual/catalog,usable,,255,ac9d2dfeac4c7b6845137c71f235fee05804574bdbe3babb9fcf06597bf3fe4e
raw-safra-2025-2026-satellite-multiespectral-planetscope-area11-14jan2026-rgb-psscene-visual-composite-tif,raw/safra_2025_2026/satellite/Multiespectral/PlanetScope/area11_14jan2026_RGB_psscene_visual/composite.tif,safra_2025_2026,satellite,,,,raw/safra_2025_2026/satellite/Multiespectral/PlanetScope/area11_14jan2026_RGB_psscene_visual/composite,usable,,24145,c23fe3b895eea7cc92a58d6727cb582e234ae4e1c7a00c09b790bc8357db7ada
raw-safra-2025-2026-satellite-multiespectral-planetscope-area11-14jan2026-rgb-psscene-visual-composite-metadata-json,raw/safra_2025_2026/satellite/Multiespectral/PlanetScope/area11_14jan2026_RGB_psscene_visual/composite_metadata.json,safra_2025_2026,satellite,,,,raw/safra_2025_2026/satellite/Multiespectral/PlanetScope/area11_14jan2026_RGB_psscene_visual/composite_metadata,usable,,1962,4143369cbda029492dd2ec92cc173e0e7bd92d3f6c0c2ce34b83eff5056cf0f5
raw-safra-2025-2026-satellite-multiespectral-planetscope-area11-14jan2026-rgb-psscene-visual-manifest-json,raw/safra_2025_2026/satellite/Multiespectral/PlanetScope/area11_14jan2026_RGB_psscene_visual/manifest.json,safra_2025_2026,satellite,,,,raw/safra_2025_2026/satellite/Multiespectral/PlanetScope/area11_14jan2026_RGB_psscene_visual/manifest,usable,,897,7018730ae4f17e7b228fc1d7970116ad86b793d264a2632e9a50b3f5e4debe9c
raw-safra-2025-2026-satellite-multiespectral-planetscope-area11-20dez2025-8bands-psscene-analytic-8b-sr-udm2-20251220-140321-73-2547-3b-analyticms-8b-metadata-clip-xml,raw/safra_2025_2026/satellite/Multiespectral/PlanetScope/area11_20dez2025_8bands_psscene_analytic_8b_sr_udm2/20251220_140321_73_2547_3B_AnalyticMS_8b_metadata_clip.xml,safra_2025_2026,satellite,,,,raw/safra_2025_2026/satellite/Multiespectral/PlanetScope/area11_20dez2025_8bands_psscene_analytic_8b_sr_udm2/20251220_140321_73_2547_3B_AnalyticMS_8b_metadata_clip,usable,,11126,478fddc3f1574fe1a3b5bbe9d1fda0b52ac38db14aadbe4c64fb0d6652edf5ba
raw-safra-2025-2026-satellite-multiespectral-planetscope-area11-20dez2025-8bands-psscene-analytic-8b-sr-udm2-20251220-140321-73-2547-metadata-json,raw/safra_2025_2026/satellite/Multiespectral/PlanetScope/area11_20dez2025_8bands_psscene_analytic_8b_sr_udm2/20251220_140321_73_2547_metadata.json,safra_2025_2026,satellite,,,,raw/safra_2025_2026/satellite/Multiespectral/PlanetScope/area11_20dez2025_8bands_psscene_analytic_8b_sr_udm2/20251220_140321_73_2547_metadata,usable,,2077,d6520e8adefdd98554ea58b1d082051906b0d72be61e0b359352a7da87ce30ce
raw-safra-2025-2026-satellite-multiespectral-planetscope-area11-20dez2025-8bands-psscene-analytic-8b-sr-udm2-20dez2025-8bands-tif-aux-xml,raw/safra_2025_2026/satellite/Multiespectral/PlanetScope/area11_20dez2025_8bands_psscene_analytic_8b_sr_udm2/20dez2025_8bands.tif.aux.xml,safra_2025_2026,satellite,,,,raw/safra_2025_2026/satellite/Multiespectral/PlanetScope/area11_20dez2025_8bands_psscene_analytic_8b_sr_udm2/20dez2025_8bands,usable,,7011,f50e719e1e733edb3443aac27ecca36576d71f19ee81fa304c4dd4a9e1db0100
raw-safra-2025-2026-satellite-multiespectral-planetscope-area11-20dez2025-8bands-psscene-analytic-8b-sr-udm2-catalog-json,raw/safra_2025_2026/satellite/Multiespectral/PlanetScope/area11_20dez2025_8bands_psscene_analytic_8b_sr_udm2/catalog.json,safra_2025_2026,satellite,,,,raw/safra_2025_2026/satellite/Multiespectral/PlanetScope/area11_20dez2025_8bands_psscene_analytic_8b_sr_udm2/catalog,usable,,258,18b22943295b6d7b6c365724ecd00f3217204840f0dd333c620633f9980c1575
raw-safra-2025-2026-satellite-multiespectral-planetscope-area11-20dez2025-8bands-psscene-analytic-8b-sr-udm2-composite-tif,raw/safra_2025_2026/satellite/Multiespectral/PlanetScope/area11_20dez2025_8bands_psscene_analytic_8b_sr_udm2/composite.tif,safra_2025_2026,satellite,,,,raw/safra_2025_2026/satellite/Multiespectral/PlanetScope/area11_20dez2025_8bands_psscene_analytic_8b_sr_udm2/composite,usable,,98549,32e465329f9211f50bc85ff823506f17dea0368e828ba4a1c4d34d90e7a2a421
raw-safra-2025-2026-satellite-multiespectral-planetscope-area11-20dez2025-8bands-psscene-analytic-8b-sr-udm2-composite-metadata-json,raw/safra_2025_2026/satellite/Multiespectral/PlanetScope/area11_20dez2025_8bands_psscene_analytic_8b_sr_udm2/composite_metadata.json,safra_2025_2026,satellite,,,,raw/safra_2025_2026/satellite/Multiespectral/PlanetScope/area11_20dez2025_8bands_psscene_analytic_8b_sr_udm2/composite_metadata,usable,,1964,9fd3611d364a52d3a62a6991e103794b4d8210af6fd1f0e28650934da47c78ec
raw-safra-2025-2026-satellite-multiespectral-planetscope-area11-20dez2025-8bands-psscene-analytic-8b-sr-udm2-composite-udm2-tif,raw/safra_2025_2026/satellite/Multiespectral/PlanetScope/area11_20dez2025_8bands_psscene_analytic_8b_sr_udm2/composite_udm2.tif,safra_2025_2026,satellite,,,,raw/safra_2025_2026/satellite/Multiespectral/PlanetScope/area11_20dez2025_8bands_psscene_analytic_8b_sr_udm2/composite_udm2,usable,,4514,416680d1fcac58fabd51c5715d2239f88a76fe78e8ce898a01ece50935409383
raw-safra-2025-2026-satellite-multiespectral-planetscope-area11-20dez2025-8bands-psscene-analytic-8b-sr-udm2-manifest-json,raw/safra_2025_2026/satellite/Multiespectral/PlanetScope/area11_20dez2025_8bands_psscene_analytic_8b_sr_udm2/manifest.json,safra_2025_2026,satellite,,,,raw/safra_2025_2026/satellite/Multiespectral/PlanetScope/area11_20dez2025_8bands_psscene_analytic_8b_sr_udm2/manifest,usable,,1364,e517c85db1a2a85166902e12dedf3629721d865388aa300662228343d16dead0
raw-safra-2025-2026-satellite-multiespectral-planetscope-area11-20dez2025-rgb-psscene-visual-20251220-140321-73-2547-metadata-json,raw/safra_2025_2026/satellite/Multiespectral/PlanetScope/area11_20dez2025_RGB_psscene_visual/20251220_140321_73_2547_metadata.json,safra_2025_2026,satellite,,,,raw/safra_2025_2026/satellite/Multiespectral/PlanetScope/area11_20dez2025_RGB_psscene_visual/20251220_140321_73_2547_metadata,usable,,2075,d7e56b207b6aab583602b65ddbfe9d8c3ad2c767b3690065122b902c774a3081
raw-safra-2025-2026-satellite-multiespectral-planetscope-area11-20dez2025-rgb-psscene-visual-20dez2025-rgb-tif-aux-xml,raw/safra_2025_2026/satellite/Multiespectral/PlanetScope/area11_20dez2025_RGB_psscene_visual/20dez2025_RGB.tif.aux.xml,safra_2025_2026,satellite,,,,raw/safra_2025_2026/satellite/Multiespectral/PlanetScope/area11_20dez2025_RGB_psscene_visual/20dez2025_RGB,usable,,1354,ed98adee72c45ead8ecd36cc1b2beffaccfb6f5ee69027165ab2f31e5e798452
raw-safra-2025-2026-satellite-multiespectral-planetscope-area11-20dez2025-rgb-psscene-visual-catalog-json,raw/safra_2025_2026/satellite/Multiespectral/PlanetScope/area11_20dez2025_RGB_psscene_visual/catalog.json,safra_2025_2026,satellite,,,,raw/safra_2025_2026/satellite/Multiespectral/PlanetScope/area11_20dez2025_RGB_psscene_visual/catalog,usable,,255,326ec4397239d6a0d4faab5b63bba5fe092cfedd874e459e5ba3bb32e2efbc14
raw-safra-2025-2026-satellite-multiespectral-planetscope-area11-20dez2025-rgb-psscene-visual-composite-tif,raw/safra_2025_2026/satellite/Multiespectral/PlanetScope/area11_20dez2025_RGB_psscene_visual/composite.tif,safra_2025_2026,satellite,,,,raw/safra_2025_2026/satellite/Multiespectral/PlanetScope/area11_20dez2025_RGB_psscene_visual/composite,usable,,25663,ddb17f32d1cc6e7dc3f3cacba83ce228aa68ed5eec305a7eabb67b0181b57b19
raw-safra-2025-2026-satellite-multiespectral-planetscope-area11-20dez2025-rgb-psscene-visual-composite-metadata-json,raw/safra_2025_2026/satellite/Multiespectral/PlanetScope/area11_20dez2025_RGB_psscene_visual/composite_metadata.json,safra_2025_2026,satellite,,,,raw/safra_2025_2026/satellite/Multiespectral/PlanetScope/area11_20dez2025_RGB_psscene_visual/composite_metadata,usable,,1964,2462cae7a21bd4247058db4afa906f47aea4eb4c61ff3ba49bdbb9cc68aa2b46
raw-safra-2025-2026-satellite-multiespectral-planetscope-area11-20dez2025-rgb-psscene-visual-manifest-json,raw/safra_2025_2026/satellite/Multiespectral/PlanetScope/area11_20dez2025_RGB_psscene_visual/manifest.json,safra_2025_2026,satellite,,,,raw/safra_2025_2026/satellite/Multiespectral/PlanetScope/area11_20dez2025_RGB_psscene_visual/manifest,usable,,897,6aed341cb4f45f5d6dfd576e7b761be9e995f210992829e74e8f67f5538bd113
